   11981.142   11938.221   11895.411   11852.490   11809.680   11766.758   11723.948   11681.138   11638.217   11595.296   11552.486   11509.676   11466.754   11423.944   11381.023   11338.213   11295.292   11252.482   11209.561   11166.751   11123.829   11081.019   11038.098   10995.288   10952.367   10909.445   10866.635   10823.714   10780.904   10737.983   10695.173   10652.252   10609.442   10566.520   10523.710   10480.789   10437.979   10395.169   10352.248   10309.326   10266.516   10223.706   10180.785   10137.864   10094.943   10052.021   10009.211    9966.290    9923.480    9880.559    9837.749    9794.827    9752.018    9709.097    9666.286    9623.477    9580.555    9537.634    9494.823    9452.014    9409.093    9366.282    9323.361    9280.551    9237.630    9194.598    9151.676    9108.755    9065.723    9022.801    8979.769    8936.736    8893.815    8850.894    8807.861    8764.829    8721.797    8678.764    8635.843    8592.811    8549.889    8506.968    8463.936    8421.015    8377.981    8334.949    8292.028    8249.106    8206.074    8163.042    8120.009    8077.088    8034.056    7991.135    7948.102    7905.181    7862.148    7819.227    7776.195    7733.273    7690.241    7647.208    7604.288    7561.255    7518.334    7475.301    7432.269    7389.236    7346.315    7303.283    7260.361    7217.440    7174.408    7131.375    7088.454    7045.422    7002.500    6959.579    6916.547    6873.514    6830.482    6787.450    6744.528    6701.607    6658.575    6615.653    6572.621    6529.588    6486.667    6440.077    6393.486    6347.006    6300.416    6253.825    6207.234    6160.644    6114.164    6067.574    6020.983    5974.392    5927.801    5881.322    5834.731    5788.141    5741.550    5695.071    5648.480    5601.889    5555.298    5508.819    5462.229    5415.638    5369.047    5322.457    5275.866    5229.386    5182.795    5136.205    5089.614    5043.135    4996.544    4949.954    4903.363    4856.883    4810.292    4763.702    4717.111    4670.521    4623.930    4577.339    4530.860    4484.269    4437.678    4391.088    4344.608    4298.018    4251.427    4204.836    4158.357    4111.766    4065.175    4018.585    3971.994    3925.403    3878.924    3832.333    3785.742    3739.152    3692.672    3646.082    3599.491    3553.011    3506.421    3451.602    3396.783    3342.075    3287.256    3232.437    3177.617    3122.909    3068.090    3013.271    2958.452    2903.744    2848.925    2794.217    2739.398    2684.579    2629.760    2575.052    2520.233    2465.414    2410.595    2355.887    2301.068    2246.249    2191.430    2136.611    2081.903    2027.083    1972.376    1917.557    1862.737    1807.918    1753.210    1698.391    1643.572    1588.864    1534.045    1479.226    1424.407    1369.588    1314.880    1260.061    1205.353    1150.534    1095.715    1040.896     986.188     931.369     876.550     821.842     767.023     712.203     657.384     602.677     547.857     493.150     438.330     383.511     328.692     273.984     219.165     164.346     109.527      54.819
   12167.171   12122.582   12078.104   12034.405   11990.594   11947.005   11903.417   11859.717   11816.018   11772.096   11728.062   11683.807   11639.440   11595.073   11550.595   11506.117   11461.528   11417.161   11372.795   11328.650   11284.395   11240.473   11196.440   11152.629   11108.929   11065.341   11021.752   10978.275   10934.909   10891.543   10848.288   10805.145   10761.890   10718.857   10675.714   10632.681   10589.649   10546.616   10503.695   10460.663   10417.741   10374.820   10331.788   10288.867   10245.945   10203.024   10160.103   10117.182   10074.372   10031.450    9988.529    9945.719    9902.798    9859.987    9817.066    9774.257    9731.446    9688.637    9645.826    9603.127    9560.429    9517.841    9475.253    9432.888    9390.522    9348.046    9305.569    9262.760    9220.061    9177.251    9134.440    9091.520    9048.710    9005.788    8962.979    8920.057    8877.136    8834.326    8791.404    8748.595    8705.784    8662.975    8620.164    8577.243    8534.433    8491.623    8448.812    8406.003    8363.304    8320.383    8277.572    8234.874    8192.063    8149.254    8106.555    8063.745    8020.935    7978.236    7935.426    7892.727    7849.917    7807.218    7764.408    7721.709    7679.010    7636.200    7593.501    7550.691    7507.993    7465.294    7422.595    7379.896    7337.197    7294.499    7251.799    7209.101    7166.291    7123.592    7080.782    7037.972    6995.050    6952.129    6909.208    6866.175    6823.143    6779.777    6736.522    6692.934    6649.234    6603.311    6557.387    6511.353    6465.318    6419.172    6373.026    6326.769    6280.512    6234.255    6187.887    6141.518    6095.150    6048.782    6002.302    5955.823    5909.343    5862.864    5816.273    5769.683    5723.092    5676.501    5629.799    5583.208    5536.507    5489.693    5442.992    5396.290    5349.588    5302.775    5255.962    5209.260    5162.447    5115.634    5068.821    5022.008    4975.306    4928.493    4881.568    4834.755    4787.942    4741.129    4694.427    4647.614    4600.801    4553.988    4507.175    4460.473    4413.660    4366.847    4320.034    4273.221    4226.408    4179.484    4132.560    4085.524    4038.489    3991.231    3943.973    3896.381    3848.679    3800.420    3752.162    3702.902    3653.643    3599.269    3544.783    3490.298    3435.923    3381.438    3326.952    3272.467    3217.981    3163.496    3108.899    3054.413    2999.928    2945.331    2890.735    2836.138    2781.541    2726.944    2672.237    2617.640    2562.932    2508.224    2453.516    2398.808    2343.989    2289.281    2234.573    2179.754    2125.046    2070.227    2015.408    1960.700    1905.881    1851.062    1796.243    1741.424    1686.605    1631.674    1576.855    1522.036    1467.217    1412.398    1357.579    1302.760    1247.829    1192.899    1137.969    1082.927    1027.886     972.733     917.692     862.539     807.275     752.345     697.415     642.818     588.332     534.736     481.140     429.212     377.173     327.691     278.099     232.064
   12353.089   12306.943   12260.909   12216.208   12171.508   12127.141   12082.886   12038.408   11993.818   11948.784   11903.639   11857.938   11812.237   11766.202   11720.056   11674.022   11627.876   11581.952   11536.029   11490.550   11444.960   11399.926   11354.781   11310.081   11265.380   11221.125   11176.758   11132.836   11088.803   11045.103   11001.404   10957.926   10914.449   10871.083   10827.828   10784.574   10741.319   10698.175   10655.031   10611.999   10568.967   10525.934   10482.902   10439.869   10396.948   10354.027   10310.994   10268.073   10225.152   10182.231   10139.421   10096.499   10053.578   10010.768    9967.958    9925.148    9882.338    9839.639    9796.940    9754.353    9711.765    9669.511    9627.146    9585.336    9543.416    9501.384    9459.353    9416.876    9374.399    9331.700    9289.002    9246.303    9203.604    9160.794    9117.984    9075.285    9032.476    8989.776    8947.077    8904.379    8861.680    8818.980    8776.282    8733.583    8690.995    8648.297    8605.709    8563.010    8520.423    8477.835    8435.247    8392.659    8350.072    8307.484    8264.896    8222.420    8179.833    8137.245    8094.768    8052.181    8009.704    7967.117    7924.640    7882.164    7839.576    7797.100    7754.623    7712.146    7669.781    7627.305    7584.828    7542.463    7499.987    7457.510    7415.145    7372.668    7330.192    7287.604    7245.017    7202.429    7159.730    7116.809    7073.999    7030.855    6987.601    6944.012    6900.424    6856.168    6811.801    6766.656    6721.400    6675.810    6630.220    6584.519    6538.707    6492.783    6446.971    6400.825    6354.790    6308.644    6262.499    6216.241    6169.984    6123.504    6077.136    6030.657    5984.177    5937.476    5890.885    5844.183    5797.481    5750.668    5703.855    5657.042    5610.118    5563.305    5516.380    5469.345    5422.420    5375.385    5328.461    5281.425    5234.390    5187.243    5140.208    5093.172    5046.137    4999.102    4951.955    4904.919    4857.884    4810.849    4763.813    4716.889    4669.854    4622.818    4575.894    4528.858    4481.823    4434.676    4387.641    4340.383    4293.125    4245.645    4198.165    4150.128    4102.203    4053.500    4004.685    3954.759    3904.832    3852.793    3800.865    3746.824    3692.783    3638.632    3584.591    3530.328    3476.176    3422.024    3367.872    3313.609    3259.457    3205.194    3150.819    3096.556    3042.182    2987.697    2933.322    2878.837    2824.351    2769.754    2715.158    2660.561    2605.964    2551.256    2496.660    2441.952    2387.244    2332.425    2277.717    2222.898    2168.079    2113.371    2058.552    2003.621    1948.802    1893.983    1839.053    1784.234    1729.303    1674.484    1619.554    1564.735    1509.805    1454.874    1399.944    1344.903    1289.861    1234.597    1179.222    1123.736    1068.250    1012.763     957.277     902.013     846.861     792.597     738.334     685.961     633.589     584.441     535.292     491.037     446.781     409.309
   12539.007   12492.194   12445.270   12398.679   12352.088   12305.053   12258.129   12210.426   12162.835   12114.687   12066.429   12018.059   11969.689   11921.542   11873.283   11825.692   11778.100   11731.176   11684.252   11638.106   11591.960   11546.592   11501.114   11456.302   11411.379   11367.013   11322.646   11278.724   11234.691   11190.991   11147.291   11103.925   11060.448   11017.082   10973.827   10930.684   10887.429   10844.396   10801.253   10758.220   10715.188   10672.155   10629.234   10586.202   10543.281   10500.359   10457.438   10414.517   10371.707   10328.786   10285.975   10243.165   10200.355   10157.545   10114.847   10072.148   10029.449    9986.861    9944.273    9901.797    9859.432    9817.178    9774.924    9733.114    9691.193    9649.273    9607.242    9564.987    9522.733    9480.257    9437.892    9395.304    9352.828    9310.240    9267.764    9225.176    9182.699    9140.111    9097.636    9055.048    9012.571    8970.095    8927.618    8885.142    8842.665    8800.188    8757.823    8715.348    8672.981    8630.506    8588.141    8545.774    8503.409    8461.044    8418.679    8376.313    8333.948    8291.583    8249.218    8206.964    8164.599    8122.345    8079.979    8037.725    7995.471    7953.217    7910.963    7868.709    7826.566    7784.312    7742.169    7700.026    7657.772    7615.629    7573.375    7531.121    7488.867    7446.502    7404.025    7361.438    7318.850    7276.040    7233.119    7189.864    7146.609    7102.910    7059.210    7014.843    6970.587    6925.665    6880.742    6835.486    6790.229    6744.750    6699.272    6653.459    6607.758    6561.835    6515.800    6469.654    6423.508    6377.140    6330.772    6284.181    6237.702    6191.000    6144.298    6097.485    6050.672    6003.748    5956.712    5909.677    5862.641    5815.495    5768.459    5721.201    5674.055    5626.797    5579.539    5532.281    5485.023    5437.766    5390.508    5343.139    5295.881    5248.512    5201.254    5153.885    5106.627    5059.369    5012.111    4964.854    4917.596    4870.338    4823.080    4775.822    4728.564    4681.195    4633.938    4586.457    4538.977    4491.163    4443.460    4395.202    4347.055    4298.240    4249.425    4199.721    4149.906    4099.090    4048.163    3995.790    3943.417    3889.821    3836.225    3782.518    3728.811    3674.992    3621.174    3567.356    3513.426    3459.385    3405.344    3351.304    3297.152    3242.889    3188.626    3134.251    3079.877    3025.392    2970.906    2916.309    2861.713    2807.116    2752.519    2697.811    2643.104    2588.396    2533.688    2478.868    2424.161    2369.342    2314.522    2259.703    2204.884    2149.954    2095.135    2040.204    1985.385    1930.455    1875.525    1820.706    1765.775    1710.734    1655.693    1600.540    1545.387    1489.901    1434.526    1378.817    1323.220    1267.511    1211.913    1156.650    1101.386    1047.234     992.971     940.820     888.559     839.522     790.485     745.784     701.084     662.055     623.025     590.445
   12725.036   12677.445   12629.742   12581.150   12532.669   12482.965   12433.261   12382.556   12331.851   12280.590   12229.329   12178.180   12127.141   12076.881   12026.510   11977.362   11928.325   11880.400   11832.475   11785.773   11738.960   11693.258   11647.446   11602.412   11557.378   11513.012   11468.534   11424.500   11380.578   11336.879   11293.290   11249.813   11206.336   11163.081   11119.826   11076.683   11033.539   10990.507   10947.474   10904.442   10861.409   10818.488   10775.456   10732.534   10689.613   10646.692   10603.882   10560.961   10518.151   10475.340   10432.530   10389.720   10347.022   10304.323   10261.624   10219.036   10176.560   10134.083   10091.607   10049.353   10006.987    9964.956    9922.812    9880.893    9838.972    9797.052    9755.131    9713.100    9671.067    9628.813    9586.671    9544.416    9502.162    9459.797    9417.432    9375.178    9332.812    9290.447    9248.193    9205.828    9163.574    9121.209    9078.955    9036.700    8994.335    8952.081    8909.827    8867.685    8825.430    8783.176    8741.033    8698.779    8656.636    8614.493    8572.351    8530.208    8488.064    8445.922    8403.779    8361.636    8319.493    8277.462    8235.318    8193.287    8151.255    8109.224    8067.303    8025.271    7983.351    7941.431    7899.510    7857.589    7815.669    7773.637    7731.717    7689.685    7647.542    7605.288    7563.034    7520.558    7478.081    7435.160    7392.239    7348.984    7305.618    7261.807    7217.996    7173.629    7129.374    7084.785    7040.196    6995.162    6950.239    6904.982    6859.726    6814.136    6768.546    6722.734    6676.811    6630.665    6584.408    6538.039    6491.560    6444.969    6398.267    6351.343    6304.530    6257.495    6210.459    6163.201    6116.055    6068.797    6021.428    5974.059    5926.689    5879.209    5831.729    5784.249    5736.769    5689.177    5641.697    5594.105    5546.514    5499.034    5451.442    5403.851    5356.260    5308.779    5261.188    5213.708    5166.228    5118.747    5071.267    5023.787    4976.307    4928.715    4881.235    4833.644    4785.941    4738.127    4690.202    4641.943    4593.685    4544.870    4495.944    4446.240    4396.536    4345.832    4295.126    4243.310    4191.493    4138.787    4085.969    4032.818    3979.667    3926.404    3873.031    3819.657    3766.172    3712.576    3658.980    3605.162    3551.344    3497.414    3443.373    3389.221    3335.069    3280.695    3226.321    3171.947    3117.461    3062.864    3008.268    2953.671    2898.963    2844.255    2789.547    2734.839    2680.131    2625.312    2570.493    2515.674    2460.855    2406.036    2351.217    2296.286    2241.467    2186.537    2131.607    2076.788    2021.857    1966.927    1911.886    1856.733    1801.691    1746.205    1690.830    1635.010    1579.190    1523.148    1467.106    1411.286    1355.466    1300.425    1245.494    1192.343    1139.192    1089.043    1038.894     993.082     947.270     907.128     866.987     833.184     799.380     771.582
   12911.065   12858.693   12806.431   12752.835   12699.239   12644.531   12589.934   12534.893   12479.740   12425.143   12370.547   12317.284   12264.022   12212.428   12160.944   12111.240   12061.536   12013.500   11965.575   11918.984   11872.282   11826.804   11781.214   11736.513   11691.702   11647.557   11603.413   11559.602   11515.903   11472.425   11428.948   11385.693   11342.438   11299.184   11256.040   11213.008   11169.975   11126.943   11084.021   11040.989   10998.068   10955.147   10912.225   10869.415   10826.494   10783.684   10740.874   10698.064   10655.254   10612.555   10569.745   10527.157   10484.458   10441.871   10399.283   10356.807   10314.330   10271.965   10229.600   10187.346   10145.092   10103.060   10060.917   10018.996    9976.965    9935.044    9893.124    9851.092    9809.172    9767.140    9725.108    9682.966    9640.934    9598.791    9556.648    9514.505    9472.362    9430.220    9388.076    9346.045    9303.902    9261.759    9219.616    9177.585    9135.441    9093.410    9051.378    9009.235    8967.204    8925.172    8883.141    8841.108    8799.188    8757.156    8715.125    8673.204    8631.173    8589.252    8547.221    8505.300    8463.380    8421.459    8379.538    8337.729    8295.809    8253.999    8212.190    8170.381    8128.571    8086.874    8045.064    8003.366    7961.557    7919.748    7877.938    7836.018    7794.097    7751.954    7709.812    7667.335    7624.970    7582.160    7539.350    7496.095    7452.729    7409.029    7365.330    7321.074    7276.930    7232.340    7187.862    7142.940    7098.017    7052.761    7007.504    6961.803    6916.213    6870.179    6824.144    6777.887    6731.519    6684.816    6638.226    6591.302    6544.377    6497.231    6450.084    6402.826    6355.457    6308.088    6260.608    6213.017    6165.425    6117.833    6070.131    6022.428    5974.726    5926.912    5879.209    5831.396    5783.582    5735.879    5688.065    5640.251    5592.438    5544.624    5496.921    5449.107    5401.405    5353.591    5305.888    5258.186    5210.483    5162.780    5114.967    5067.153    5019.339    4971.414    4923.378    4875.119    4826.861    4778.046    4729.343    4679.972    4630.602    4580.453    4530.304    4479.265    4428.227    4376.299    4324.371    4271.775    4219.180    4166.251    4113.323    4060.283    4007.243    3953.980    3900.718    3847.122    3793.637    3739.930    3686.112    3632.182    3578.253    3523.990    3469.838    3415.463    3361.089    3306.604    3252.118    3197.521    3142.925    3088.217    3033.620    2978.912    2924.204    2869.385    2814.677    2759.858    2705.039    2650.220    2595.401    2540.582    2485.763    2430.832    2376.013    2321.194    2266.264    2211.333    2156.514    2101.473    2046.431    1991.056    1935.792    1880.084    1824.264    1768.222    1712.068    1655.915    1599.873    1544.275    1488.789    1434.748    1380.707    1329.224    1277.741    1229.816    1182.002    1138.970    1095.937    1058.798    1021.770     991.303     960.724     936.595
   13096.983   13040.051   12983.008   12924.409   12865.809   12806.209   12746.608   12687.119   12627.741   12569.808   12511.876   12456.389   12400.792   12348.085   12295.268   12245.008   12194.859   12146.711   12098.564   12052.085   12005.605   11960.349   11915.092   11870.614   11826.136   11782.214   11738.292   11694.815   11651.227   11607.972   11564.606   11521.462   11478.430   11435.397   11392.365   11349.333   11306.411   11263.490   11220.569   11177.648   11134.726   11091.916   11049.106   11006.185   10963.375   10920.676   10877.866   10835.056   10792.357   10749.658   10707.071   10664.483   10621.895   10579.419   10536.942   10494.577   10452.101   10409.847   10367.593   10325.450   10283.307   10241.164   10199.132   10157.101   10115.069   10073.148   10031.117    9989.196    9947.275    9905.355    9863.435    9821.515    9779.594    9737.673    9695.753    9653.832    9611.912    9569.991    9528.071    9486.150    9444.229    9402.310    9360.389    9318.469    9276.548    9234.628    9192.818    9150.897    9108.978    9067.168    9025.358    8983.438    8941.629    8899.819    8858.010    8816.201    8774.280    8732.582    8690.773    8648.964    8607.154    8565.456    8523.758    8482.061    8440.362    8398.664    8357.077    8315.490    8273.792    8232.316    8190.729    8149.143    8107.556    8065.857    8024.160    7982.350    7940.652    7898.621    7856.589    7814.224    7771.858    7729.048    7686.349    7643.095    7599.951    7556.251    7512.552    7468.519    7424.485    7380.007    7335.529    7290.606    7245.795    7200.539    7155.282    7109.470    7063.769    7017.734    6971.588    6924.998    6878.518    6831.705    6784.781    6737.634    6690.487    6643.119    6595.750    6548.158    6500.566    6452.864    6405.162    6357.236    6309.422    6261.498    6213.572    6165.647    6117.611    6069.575    6021.650    5973.614    5925.578    5877.542    5829.505    5781.469    5733.433    5685.508    5637.472    5589.436    5541.510    5493.585    5445.549    5397.624    5349.699    5301.663    5253.738    5205.590    5157.443    5109.185    5060.815    5012.111    4963.408    4914.148    4865.000    4815.074    4765.259    4714.665    4663.960    4612.588    4561.216    4509.177    4457.137    4404.653    4352.281    4299.574    4246.979    4194.162    4141.344    4088.193    4035.153    3981.779    3928.294    3874.587    3820.991    3766.950    3713.021    3658.869    3604.606    3550.232    3495.857    3441.372    3386.775    3332.178    3277.582    3222.874    3168.166    3113.458    3058.750    3003.931    2949.112    2894.404    2839.585    2784.766    2729.947    2675.127    2620.308    2565.489    2510.670    2455.740    2400.921    2345.990    2291.171    2236.019    2180.866    2125.380    2069.894    2013.851    1957.809    1901.433    1845.057    1788.793    1732.528    1677.264    1622.112    1568.960    1515.920    1466.105    1416.179    1370.589    1324.999    1284.746    1244.494    1210.579    1176.665    1149.422    1122.179    1101.608
   13250.543   13188.719   13126.895   13063.514   13000.132   12936.751   12873.370   12811.435   12749.388   12690.121   12630.743   12574.701   12518.658   12465.841   12413.134   12363.319   12313.393   12265.801   12218.099   12172.175   12126.140   12081.329   12036.517   11992.373   11948.228   11904.640   11861.052   11817.797   11774.431   11731.398   11688.255   11645.222   11602.301   11559.380   11516.459   11473.537   11430.616   11387.806   11344.996   11302.186   11259.265   11216.455   11173.756   11130.946   11088.136   11045.437   11002.738   10960.039   10917.340   10874.753   10832.165   10789.689   10747.101   10704.736   10662.259   10620.005   10577.640   10535.386   10493.243   10451.100   10408.957   10366.814   10324.783   10282.751   10240.719   10198.799   10156.878   10114.958   10073.037   10031.228    9989.308    9947.498    9905.688    9863.880    9822.070    9780.372    9738.562    9696.754    9654.944    9613.135    9571.437    9529.628    9487.818    9446.120    9404.311    9362.613    9320.915    9279.105    9237.407    9195.709    9153.899    9112.202    9070.504    9028.806    8987.107    8945.409    8903.711    8862.014    8820.427    8778.729    8737.142    8695.443    8653.856    8612.270    8570.794    8529.207    8487.731    8446.256    8404.669    8363.192    8321.828    8280.241    8238.766    8197.290    8155.703    8114.005    8072.307    8030.275    7988.354    7946.101    7903.847    7861.147    7818.449    7775.305    7732.273    7688.685    7645.096    7601.063    7556.918    7512.440    7467.962    7423.040    7378.117    7332.638    7287.271    7241.347    7195.424    7149.055    7102.687    7055.985    7009.172    6962.137    6914.990    6867.621    6820.141    6772.549    6724.847    6677.033    6629.219    6581.183    6533.258    6485.222    6437.074    6388.927    6340.779    6292.632    6244.485    6196.226    6147.967    6099.820    6051.562    6003.303    5955.155    5906.897    5858.750    5810.491    5762.343    5714.196    5665.938    5617.790    5569.643    5521.495    5473.348    5425.089    5376.831    5328.461    5280.091    5231.388    5182.795    5133.759    5084.833    5035.240    4985.758    4935.720    4885.571    4834.867    4784.050    4732.679    4681.307    4629.378    4577.450    4525.188    4472.927    4420.443    4367.848    4315.142    4262.324    4209.284    4156.133    4102.759    4049.385    3995.567    3941.860    3887.931    3833.890    3779.627    3725.364    3670.989    3616.615    3562.018    3507.533    3452.825    3398.228    3343.520    3288.812    3234.104    3179.396    3124.689    3069.869    3015.050    2960.343    2905.523    2850.704    2795.996    2741.177    2686.358    2631.539    2576.720    2521.901    2466.971    2412.040    2356.888    2301.735    2246.026    2190.429    2134.275    2078.122    2021.746    1965.259    1909.328    1853.397    1798.800    1744.204    1692.053    1639.903    1591.199    1542.496    1498.240    1454.096    1415.400    1376.816    1344.458    1312.100    1286.414    1260.617    1241.603
   13404.104   13337.387   13270.670   13202.618   13134.567   13067.405   13000.244   12935.751   12871.146   12810.323   12749.499   12693.012   12636.414   12583.707   12531.001   12481.519   12432.038   12384.891   12337.744   12292.154   12246.676   12202.309   12157.831   12114.131   12070.432   12027.066   11983.811   11940.778   11897.746   11854.714   11811.792   11768.982   11726.172   11683.362   11640.552   11597.742   11554.932   11512.122   11469.312   11426.613   11383.803   11341.104   11298.405   11255.595   11212.896   11170.309   11127.610   11085.022   11042.435   10999.847   10957.259   10914.894   10872.418   10830.052   10787.687   10745.433   10703.179   10660.925   10618.782   10576.639   10534.496   10492.464   10450.433   10408.401   10366.369   10324.449   10282.528   10240.608   10198.799   10156.989   10115.180   10073.482   10031.784    9990.086    9948.388    9906.801    9865.103    9823.516    9781.817    9740.230    9698.644    9656.945    9615.359    9573.772    9532.186    9490.599    9448.900    9407.313    9365.727    9324.140    9282.553    9240.966    9199.379    9157.903    9116.316    9074.729    9033.143    8991.556    8950.080    8908.493    8867.017    8825.541    8784.065    8742.590    8701.114    8659.750    8618.385    8576.909    8535.545    8494.181    8452.815    8411.451    8370.087    8328.611    8287.136    8245.549    8203.962    8162.041    8120.232    8077.978    8035.835    7993.247    7950.660    7907.627    7864.595    7821.006    7777.529    7733.496    7689.463    7644.985    7600.396    7555.362    7510.328    7464.738    7419.148    7373.113    7327.079    7280.488    7233.897    7186.862    7139.938    7092.568    7045.199    6997.497    6949.905    6901.980    6854.055    6805.908    6757.872    6709.613    6661.354    6613.096    6564.726    6516.356    6467.986    6419.617    6371.247    6322.766    6274.396    6226.026    6177.545    6129.176    6080.695    6032.325    5983.955    5935.585    5887.215    5838.846    5790.476    5742.106    5693.736    5645.366    5596.997    5548.516    5500.035    5451.332    5402.628    5353.702    5304.776    5255.517    5206.146    5156.331    5106.627    5056.256    5005.884    4955.068    4904.141    4852.769    4801.397    4749.580    4697.763    4645.724    4593.574    4541.201    4488.828    4436.122    4383.415    4330.264    4277.224    4223.739    4170.366    4116.547    4062.840    4008.800    3954.759    3900.496    3846.232    3791.747    3737.261    3682.776    3628.179    3573.583    3518.875    3464.167    3409.570    3354.751    3300.043    3245.335    3190.627    3135.808    3081.100    3026.281    2971.573    2916.865    2862.046    2807.338    2752.519    2697.700    2642.881    2587.951    2533.021    2477.757    2422.493    2366.673    2310.853    2254.588    2198.324    2141.948    2085.572    2029.975    1974.266    1920.225    1866.296    1815.035    1763.774    1716.294    1668.702    1625.892    1583.082    1546.166    1509.249    1478.448    1447.647    1423.406    1399.166    1381.486
   13529.532   13457.366   13385.200   13314.036   13242.871   13173.708   13104.433   13038.939   12973.334   12912.511   12851.687   12795.756   12739.714   12687.786   12635.858   12587.043   12538.340   12491.749   12445.270   12400.347   12355.313   12311.280   12267.247   12223.881   12180.403   12137.371   12094.227   12051.417   12008.496   11965.686   11922.876   11880.066   11837.367   11794.668   11751.858   11709.159   11666.461   11623.762   11580.952   11538.253   11495.554   11452.855   11410.156   11367.569   11324.870   11282.282   11239.694   11197.107   11154.519   11112.043   11069.566   11027.090   10984.724   10942.359   10899.994   10857.851   10815.597   10773.343   10731.200   10689.168   10647.025   10604.994   10562.962   10520.930   10479.010   10437.089   10395.169   10353.360   10311.550   10269.852   10228.043   10186.456   10144.758   10103.171   10061.584   10019.997    9978.410    9936.935    9895.348    9853.872    9812.285    9770.810    9729.334    9687.747    9646.271    9604.795    9563.319    9521.844    9480.368    9438.781    9397.306    9355.830    9314.354    9272.879    9231.402    9189.927    9148.451    9106.976    9065.611    9024.136    8982.660    8941.295    8899.931    8858.566    8817.202    8775.837    8734.473    8693.220    8651.966    8610.602    8569.349    8527.983    8486.730    8445.255    8403.891    8362.304    8320.717    8278.907    8237.098    8194.955    8152.812    8110.335    8067.748    8024.827    7981.794    7938.317    7894.840    7850.695    7806.662    7762.073    7717.484    7672.228    7627.083    7581.270    7535.569    7489.201    7442.943    7396.130    7349.317    7302.171    7254.913    7207.322    7159.730    7111.805    7063.880    7015.733    6967.585    6919.327    6870.957    6822.587    6774.106    6725.625    6677.144    6628.552    6580.071    6531.479    6482.887    6434.294    6385.702    6337.221    6288.629    6240.037    6191.445    6142.964    6094.372    6045.779    5997.298    5948.817    5900.225    5851.744    5803.152    5754.560    5705.968    5657.264    5608.672    5559.746    5510.932    5461.784    5412.635    5363.154    5313.672    5263.746    5213.819    5163.336    5112.965    5062.149    5011.222    4959.961    4908.589    4856.883    4805.178    4753.138    4701.099    4648.726    4596.465    4543.647    4490.941    4437.790    4384.638    4331.154    4277.669    4223.851    4170.032    4115.991    4061.840    4007.576    3953.313    3898.828    3844.342    3789.857    3735.260    3680.663    3625.955    3571.359    3516.651    3461.943    3407.235    3352.527    3297.819    3243.111    3188.403    3133.695    3078.988    3024.280    2969.572    2914.864    2860.045    2805.337    2750.518    2695.587    2640.657    2585.282    2529.907    2474.087    2418.267    2362.114    2305.960    2249.918    2193.876    2138.723    2083.459    2030.086    1976.601    1925.896    1875.080    1827.822    1780.564    1738.310    1696.056    1660.140    1624.224    1594.313    1564.290    1541.051    1517.700    1502.688
   13654.959   13577.345   13499.842   13425.564   13351.286   13279.899   13208.623   13142.128   13075.523   13014.699   12953.875   12898.389   12843.014   12791.864   12740.715   12692.678   12644.642   12598.719   12552.906   12508.428   12463.951   12420.251   12376.663   12333.519   12290.375   12247.565   12204.755   12161.945   12119.246   12076.547   12033.960   11991.261   11948.562   11905.974   11863.276   11820.577   11777.989   11735.290   11692.591   11650.004   11607.305   11564.606   11522.018   11479.431   11436.843   11394.255   11351.668   11309.191   11266.715   11224.238   11181.762   11139.397   11097.031   11054.666   11012.412   10970.158   10928.015   10885.872   10843.729   10801.586   10759.555   10717.523   10675.491   10633.571   10591.539   10549.730   10507.809   10466.111   10424.302   10382.604   10340.906   10299.319   10257.732   10216.145   10174.669   10133.194   10091.718   10050.242   10008.878    9967.402    9926.037    9884.562    9843.197    9801.833    9760.469    9718.992    9677.628    9636.264    9594.899    9553.534    9512.059    9470.694    9429.330    9387.965    9346.601    9305.236    9263.761    9222.396    9181.031    9139.778    9098.414    9057.049    9015.796    8974.432    8933.178    8891.925    8850.672    8809.529    8768.276    8727.022    8685.770    8644.516    8603.263    8561.898    8520.645    8479.058    8437.582    8395.884    8354.075    8312.043    8269.900    8227.424    8184.947    8142.026    8099.105    8055.517    8012.039    7968.006    7923.862    7879.161    7834.461    7789.093    7743.837    7697.802    7651.879    7605.399    7558.920    7511.884    7464.849    7417.369    7369.889    7321.963    7274.150    7226.002    7177.855    7129.485    7081.115    7032.634    6984.153    6935.450    6886.858    6838.154    6789.451    6740.748    6692.044    6643.341    6594.526    6545.823    6497.120    6448.416    6399.602    6350.898    6302.195    6253.492    6204.788    6156.084    6107.381    6058.678    6009.975    5961.271    5912.568    5863.864    5815.050    5766.124    5717.310    5668.162    5619.125    5569.754    5520.383    5470.791    5421.086    5371.048    5321.011    5270.528    5220.046    5169.229    5118.303    5067.042    5015.892    4964.297    4912.703    4860.664    4808.736    4756.363    4703.990    4651.284    4598.466    4545.315    4492.164    4438.568    4384.972    4331.154    4277.224    4223.183    4169.031    4114.657    4060.394    4005.908    3951.423    3896.938    3842.341    3787.744    3733.147    3678.439    3623.843    3569.135    3514.427    3459.830    3405.122    3350.414    3295.818    3241.110    3186.402    3131.694    3077.097    3022.389    2967.681    2912.862    2858.154    2803.113    2748.183    2692.808    2637.433    2581.613    2525.682    2469.639    2413.597    2357.888    2302.069    2247.472    2192.764    2139.835    2087.018    2036.646    1986.275    1939.351    1892.427    1850.728    1809.030    1774.226    1739.311    1710.178    1681.045    1658.583    1636.122    1624.002
   13748.030   13671.083   13594.136   13518.078   13441.910   13369.300   13296.578   13229.972   13163.367   13103.321   13043.387   12989.124   12934.750   12884.712   12834.563   12787.417   12740.159   12694.902   12649.646   12605.502   12561.468   12518.102   12474.736   12431.815   12388.783   12346.084   12303.385   12260.686   12218.099   12175.511   12132.923   12090.336   12047.637   12005.049   11962.461   11919.874   11877.175   11834.587   11792.000   11749.301   11706.713   11664.125   11621.538   11578.950   11536.362   11493.886   11451.410   11408.933   11366.457   11323.980   11281.615   11239.250   11196.884   11154.630   11112.265   11070.122   11027.868   10985.725   10943.582   10901.551   10859.408   10817.487   10775.456   10733.535   10691.615   10649.805   10607.996   10566.187   10524.489   10482.902   10441.204   10399.728   10358.141   10316.665   10275.190   10233.825   10192.349   10150.985   10109.620   10068.256   10026.891    9985.638    9944.273    9903.021    9861.655    9820.402    9779.038    9737.673    9696.420    9655.056    9613.802    9572.438    9531.185    9489.819    9448.566    9407.202    9365.948    9324.584    9283.331    9242.077    9200.713    9159.460    9118.206    9077.064    9035.811    8994.558    8953.415    8912.273    8871.021    8829.878    8788.735    8747.482    8706.341    8664.976    8623.723    8582.247    8540.771    8499.073    8457.375    8415.343    8373.200    8330.835    8288.358    8245.326    8202.405    8158.816    8115.339    8071.195    8026.939    7982.128    7937.316    7891.837    7846.359    7800.213    7754.067    7707.365    7660.663    7613.405    7566.147    7518.445    7470.742    7422.706    7374.670    7326.300    7277.930    7229.449    7180.857    7132.154    7083.450    7034.747    6985.933    6937.118    6888.192    6839.377    6790.563    6741.637    6692.823    6643.897    6595.083    6546.268    6497.342    6448.527    6399.713    6350.898    6301.973    6253.158    6204.343    6155.529    6106.714    6057.899    6008.974    5960.048    5911.122    5862.085    5813.048    5763.900    5714.641    5665.159    5615.677    5565.973    5516.269    5466.120    5415.971    5365.600    5315.118    5264.301    5213.485    5162.225    5111.075    5059.480    5007.886    4955.958    4904.030    4851.657    4799.173    4746.355    4693.538    4640.387    4587.125    4533.528    4479.933    4426.003    4372.073    4317.921    4263.770    4209.395    4155.132    4100.646    4046.161    3991.676    3937.079    3882.482    3827.885    3773.289    3718.692    3664.095    3609.499    3554.791    3500.194    3445.486    3390.889    3336.292    3281.585    3226.988    3172.391    3117.683    3062.975    3008.268    2953.560    2898.518    2843.588    2788.213    2732.838    2677.129    2621.420    2565.601    2509.781    2454.406    2399.031    2344.879    2290.615    2238.020    2185.536    2135.276    2085.127    2038.203    1991.168    1949.358    1907.660    1872.634    1837.719    1808.808    1779.786    1756.546    1733.307    1717.962
   13840.988   13764.709   13688.540   13610.593   13532.645   13458.589   13384.533   13317.816   13251.099   13191.944   13132.899   13079.748   13026.597   12977.449   12928.412   12882.043   12835.675   12790.975   12746.274   12702.575   12658.986   12615.843   12572.810   12530.000   12487.190   12444.603   12402.015   12359.427   12316.951   12274.363   12231.887   12189.299   12146.823   12104.235   12061.647   12019.060   11976.472   11933.884   11891.297   11848.709   11806.233   11763.645   11721.057   11678.581   11635.993   11593.517   11551.040   11508.564   11466.198   11423.722   11381.357   11338.991   11296.737   11254.483   11212.118   11169.975   11127.721   11085.578   11043.547   11001.404   10959.372   10917.451   10875.420   10833.499   10791.690   10749.881   10708.071   10666.373   10624.675   10583.088   10541.501   10500.026   10458.550   10417.186   10375.710   10334.345   10292.981   10251.727   10210.363   10169.110   10127.856   10086.603   10045.350   10004.096    9962.843    9921.701    9880.447    9839.194    9797.941    9756.688    9715.435    9674.181    9633.039    9591.785    9550.532    9509.279    9468.025    9426.772    9385.519    9344.377    9303.123    9261.981    9220.729    9179.586    9138.444    9097.302    9056.159    9015.018    8973.875    8932.733    8891.591    8850.449    8809.307    8768.054    8726.800    8685.324    8643.960    8602.262    8560.563    8518.532    8476.611    8434.135    8391.659    8348.737    8305.705    8262.116    8218.528    8174.384    8130.128    8085.094    8040.171    7994.582    7948.880    7902.624    7856.255    7809.331    7762.407    7715.038    7667.558    7619.632    7571.708    7523.449    7475.190    7426.598    7378.006    7329.302    7280.599    7231.673    7182.859    7133.933    7085.007    7035.970    6987.044    6938.007    6889.082    6840.045    6791.008    6742.082    6693.045    6644.119    6595.083    6546.157    6497.120    6448.194    6399.268    6350.342    6301.305    6252.379    6203.454    6154.417    6105.380    6056.343    6007.306    5958.046    5908.898    5859.528    5810.157    5760.564    5711.083    5661.156    5611.341    5561.192    5511.043    5460.561    5410.189    5359.373    5308.557    5257.407    5206.258    5154.663    5103.180    5051.252    4999.213    4946.840    4894.467    4841.538    4788.721    4735.347    4682.085    4628.489    4574.782    4520.852    4466.922    4412.660    4358.507    4304.133    4249.870    4195.385    4140.899    4086.414    4031.928    3977.331    3922.735    3868.249    3813.652    3759.056    3704.459    3649.862    3595.266    3540.669    3486.072    3431.475    3376.879    3322.282    3267.685    3212.977    3158.381    3103.673    3048.965    2993.923    2938.993    2883.618    2828.243    2772.646    2717.048    2661.451    2605.853    2550.923    2495.992    2442.174    2388.467    2336.205    2284.055    2234.017    2183.868    2136.944    2089.909    2047.988    2006.179    1971.152    1936.126    1907.327    1878.416    1854.398    1830.380    1812.032
   13933.947   13851.886   13769.713   13689.096   13608.369   13533.757   13459.034   13393.318   13327.602   13270.003   13212.404   13160.698   13108.881   13060.845   13012.920   12967.219   12921.518   12877.262   12833.006   12789.529   12746.052   12703.131   12660.210   12617.511   12574.812   12532.335   12489.748   12447.271   12404.795   12362.207   12319.731   12277.254   12234.667   12192.190   12149.602   12107.126   12064.538   12021.951   11979.474   11936.887   11894.299   11851.822   11809.235   11766.758   11724.282   11681.805   11639.329   11596.964   11554.487   11512.122   11469.757   11427.391   11385.137   11342.883   11300.518   11258.375   11216.121   11174.089   11131.946   11089.915   11047.772   11005.851   10963.931   10922.010   10880.201   10838.503   10796.694   10754.996   10713.409   10671.822   10630.346   10588.870   10547.395   10506.030   10464.666   10423.412   10382.048   10340.795   10299.541   10258.399   10217.146   10175.893   10134.750   10093.608   10052.355   10011.213    9970.070    9928.817    9887.676    9846.422    9805.280    9764.138    9722.885    9681.742    9640.489    9599.347    9558.205    9516.951    9475.810    9434.667    9393.414    9352.271    9311.130    9269.987    9228.956    9187.814    9146.672    9105.642    9064.499    9023.357    8982.326    8941.185    8900.042    8858.789    8817.646    8776.171    8734.807    8693.220    8651.521    8609.601    8567.569    8525.093    8482.616    8439.695    8396.662    8353.074    8309.374    8265.119    8220.752    8175.718    8130.573    8084.761    8039.060    7992.580    7946.101    7898.954    7851.808    7804.216    7756.513    7708.477    7660.330    7611.849    7563.368    7514.664    7465.961    7417.146    7368.221    7319.184    7270.258    7221.110    7172.073    7123.036    7073.888    7024.851    6975.703    6926.666    6877.518    6828.480    6779.333    6730.295    6681.258    6632.110    6583.073    6534.036    6485.000    6435.851    6386.814    6337.777    6288.740    6239.592    6190.444    6141.296    6092.147    6042.777    5993.518    5944.036    5894.666    5844.961    5795.368    5745.442    5695.626    5645.478    5595.329    5544.846    5494.364    5443.659    5392.843    5341.693    5290.543    5239.060    5187.466    5135.426    5083.499    5031.015    4978.530    4925.602    4872.673    4819.411    4766.037    4712.330    4658.623    4604.693    4550.764    4496.500    4442.349    4387.974    4333.711    4279.226    4224.851    4170.366    4115.769    4061.283    4006.798    3952.201    3897.716    3843.119    3788.634    3734.037    3679.440    3624.955    3570.358    3515.761    3461.276    3406.679    3352.082    3297.486    3242.889    3188.181    3133.473    3078.543    3023.612    2968.349    2913.196    2857.710    2802.223    2746.959    2691.696    2637.099    2582.391    2528.906    2475.421    2423.382    2371.232    2321.194    2271.156    2224.121    2176.974    2134.720    2092.577    2056.773    2020.968    1991.390    1961.923    1938.461    1915.110    1899.876
   14026.906   13938.951   13850.996   13767.600   13684.092   13608.813   13533.535   13468.819   13404.104   13348.061   13292.019   13241.648   13191.277   13144.241   13097.317   13052.283   13007.249   12963.438   12919.627   12876.373   12833.229   12790.419   12747.609   12705.021   12662.433   12619.957   12577.481   12535.004   12492.528   12450.051   12407.575   12365.098   12322.622   12280.145   12237.669   12195.081   12152.605   12110.017   12067.541   12024.953   11982.476   11940.000   11897.524   11855.047   11812.571   11770.094   11727.618   11685.252   11642.776   11600.522   11558.157   11515.791   11473.537   11431.172   11388.918   11346.775   11304.632   11262.489   11220.346   11178.315   11136.283   11094.363   11052.442   11010.522   10968.712   10927.014   10885.316   10843.729   10802.031   10760.555   10719.080   10677.715   10636.240   10594.986   10553.622   10512.368   10471.115   10429.973   10388.720   10347.577   10306.435   10265.293   10224.151   10183.009   10141.867   10100.725   10059.583   10018.441    9977.409    9936.268    9895.125    9853.983    9812.841    9771.699    9730.557    9689.415    9648.272    9607.131    9565.988    9524.957    9483.815    9442.673    9401.531    9360.500    9319.358    9278.327    9237.296    9196.154    9155.123    9114.092    9073.062    9031.919    8990.777    8949.635    8908.382    8867.128    8825.764    8784.065    8742.479    8700.559    8658.526    8616.161    8573.685    8530.652    8487.620    8443.920    8400.221    8355.743    8311.376    8266.230    8220.975    8175.051    8129.127    8082.426    8035.835    7988.577    7941.208    7893.395    7845.581    7797.210    7748.952    7700.360    7651.657    7602.842    7553.916    7504.879    7455.842    7406.694    7357.546    7308.397    7259.250    7209.990    7160.842    7111.694    7062.435    7013.287    6964.027    6914.879    6865.730    6816.471    6767.323    6718.175    6669.027    6619.879    6570.620    6521.471    6472.323    6423.175    6374.027    6324.768    6275.508    6226.249    6176.989    6127.508    6078.137    6028.655    5979.062    5929.358    5879.654    5829.728    5779.801    5729.652    5679.503    5629.021    5578.649    5527.833    5477.128    5425.979    5374.829    5323.346    5271.751    5219.712    5167.673    5115.189    5062.705    5009.776    4956.736    4903.363    4849.989    4796.282    4742.575    4688.534    4634.604    4580.341    4526.189    4471.815    4417.552    4363.066    4308.692    4254.207    4199.721    4145.236    4090.750    4036.265    3981.779    3927.294    3872.697    3818.211    3763.726    3709.240    3654.644    3600.158    3545.673    3491.076    3436.590    3381.994    3327.508    3272.800    3218.092    3163.162    3108.343    3053.190    2998.038    2942.774    2887.510    2832.469    2777.427    2723.164    2668.789    2615.638    2562.376    2510.448    2458.520    2408.482    2358.444    2311.187    2264.040    2221.452    2178.865    2142.281    2105.698    2075.564    2045.431    2022.636    1999.841    1987.609
   14088.953   14001.888   13914.822   13830.647   13746.473   13672.195   13597.916   13535.091   13472.377   13418.114   13363.851   13314.703   13265.555   13219.298   13173.152   13128.563   13084.085   13040.496   12996.908   12953.764   12910.732   12868.033   12825.334   12782.746   12740.270   12697.793   12655.317   12612.841   12570.364   12527.888   12485.411   12442.935   12400.458   12357.982   12315.505   12273.029   12230.441   12187.965   12145.488   12103.012   12060.424   12017.948   11975.471   11932.995   11890.518   11848.153   11805.677   11763.311   11720.946   11678.581   11636.215   11593.850   11551.596   11509.342   11467.088   11424.834   11382.691   11340.548   11298.405   11256.374   11214.342   11172.421   11130.501   11088.692   11046.882   11005.184   10963.486   10921.899   10880.312   10838.948   10797.472   10756.108   10714.743   10673.379   10632.125   10590.983   10549.730   10508.588   10467.446   10426.303   10385.161   10344.130   10302.988   10261.846   10220.815   10179.784   10138.642   10097.611   10056.469   10015.438    9974.296    9933.154    9892.123    9850.980    9809.950    9768.808    9727.777    9686.635    9645.493    9604.462    9563.431    9522.289    9481.258    9440.115    9399.085    9358.054    9317.022    9275.992    9234.961    9193.930    9152.899    9111.757    9070.727    9029.584    8988.442    8947.077    8905.713    8864.126    8822.539    8780.618    8738.587    8696.222    8653.745    8610.713    8567.569    8523.869    8480.059    8435.581    8391.103    8345.735    8300.479    8254.444    8208.298    8161.485    8114.672    8067.303    8019.823    7971.787    7923.750    7875.270    7826.900    7778.085    7729.271    7680.233    7631.308    7582.160    7533.012    7483.752    7434.493    7385.233    7335.974    7286.715    7237.456    7188.085    7138.826    7089.566    7040.307    6991.047    6941.788    6892.529    6843.270    6794.010    6744.750    6695.491    6646.232    6596.973    6547.825    6498.454    6449.195    6399.935    6350.676    6301.305    6251.935    6202.453    6152.971    6103.378    6053.785    6004.082    5954.266    5904.339    5854.413    5804.264    5754.115    5703.633    5653.261    5602.445    5551.740    5500.591    5449.441    5397.847    5346.252    5294.213    5242.174    5189.689    5137.094    5084.054    5031.125    4977.641    4924.267    4870.560    4816.742    4762.812    4708.771    4654.620    4600.356    4546.093    4491.830    4437.345    4382.970    4328.596    4274.111    4219.625    4165.251    4110.765    4056.280    4001.794    3947.309    3892.823    3838.338    3783.963    3729.478    3674.992    3620.507    3566.021    3511.536    3457.050    3402.454    3347.857    3293.149    3238.330    3183.511    3128.469    3073.428    3018.386    2963.345    2908.526    2853.707    2799.666    2745.514    2692.363    2639.212    2587.284    2535.467    2485.318    2435.280    2387.911    2340.542    2297.510    2254.477    2217.115    2179.754    2148.620    2117.485    2094.023    2070.672    2059.775
   14150.889   14064.713   13978.648   13893.695   13808.742   13735.465   13662.298   13601.475   13540.762   13488.167   13435.683   13387.758   13339.833   13294.465   13248.987   13204.954   13160.809   13117.443   13074.077   13031.267   12988.346   12945.647   12903.059   12860.472   12817.995   12775.519   12733.042   12690.677   12648.201   12605.724   12563.248   12520.771   12478.295   12435.818   12393.342   12350.865   12308.389   12265.912   12223.436   12180.959   12138.483   12096.007   12053.530   12011.054   11968.577   11926.212   11883.735   11841.370   11799.005   11756.640   11714.274   11671.909   11629.655   11587.401   11545.147   11502.893   11460.750   11418.607   11376.464   11334.432   11292.401   11250.591   11208.671   11166.862   11125.052   11083.354   11041.767   11000.181   10958.594   10917.229   10875.753   10834.500   10793.136   10751.882   10710.629   10669.487   10628.345   10587.203   10546.060   10505.029   10463.999   10422.856   10381.826   10340.795   10299.764   10258.733   10217.702   10176.671   10135.640   10094.498   10053.467   10012.436    9971.405    9930.374    9889.232    9848.201    9807.170    9766.140    9724.997    9683.966    9642.936    9601.904    9560.873    9519.843    9478.812    9437.780    9396.750    9355.719    9314.799    9273.769    9232.737    9191.706    9150.676    9109.533    9068.391    9027.026    8985.773    8944.187    8902.600    8860.679    8818.759    8776.282    8733.806    8690.662    8647.630    8603.818    8560.008    8515.419    8470.829    8425.351    8379.983    8333.727    8287.580    8240.545    8193.620    8146.029    8098.327    8050.179    8002.032    7953.328    7904.736    7855.811    7806.885    7757.736    7708.588    7659.329    7610.070    7560.699    7511.440    7462.069    7412.699    7363.328    7313.958    7264.587    7215.216    7165.957    7116.586    7067.216    7017.845    6968.475    6919.215    6869.845    6820.475    6771.215    6721.845    6672.585    6623.215    6573.844    6524.474    6475.103    6425.732    6376.250    6326.880    6277.287    6227.806    6178.101    6128.508    6078.693    6028.878    5978.951    5929.025    5878.876    5828.727    5778.245    5727.873    5677.057    5626.352    5575.203    5524.053    5472.458    5420.864    5368.713    5316.674    5264.079    5211.484    5158.444    5105.404    5052.030    4998.545    4944.727    4891.020    4836.979    4783.050    4728.787    4674.635    4620.372    4565.997    4511.623    4457.360    4402.875    4348.500    4294.125    4239.640    4185.266    4130.780    4076.406    4021.920    3967.546    3913.061    3858.686    3804.201    3749.826    3695.341    3640.855    3586.481    3531.996    3477.510    3422.913    3368.317    3313.498    3258.790    3203.859    3148.929    3093.999    3039.180    2984.583    2930.097    2876.168    2822.238    2769.198    2716.158    2664.230    2612.302    2562.265    2512.116    2464.635    2417.155    2373.567    2330.090    2291.950    2253.921    2221.675    2189.539    2165.521    2141.503    2131.940
   14212.936   14122.979   14033.022   13947.736   13862.449   13791.284   13720.120   13661.631   13603.031   13552.104   13501.066   13453.919   13406.884   13361.850   13316.816   13273.005   13229.083   13185.939   13142.684   13099.874   13057.064   13014.477   12971.778   12929.301   12886.825   12844.348   12801.872   12759.507   12717.030   12674.554   12632.077   12589.601   12547.124   12504.648   12462.171   12419.695   12377.218   12334.742   12292.266   12249.789   12207.313   12164.836   12122.360   12079.883   12037.518   11995.042   11952.676   11910.200   11867.835   11825.469   11783.104   11740.850   11698.485   11656.231   11613.977   11571.722   11529.580   11487.437   11445.294   11403.262   11361.342   11319.421   11277.501   11235.691   11193.993   11152.295   11110.708   11069.121   11027.646   10986.281   10944.805   10903.552   10862.299   10821.045   10779.903   10738.761   10697.619   10656.477   10615.446   10574.415   10533.384   10492.353   10451.322   10410.291   10369.260   10328.230   10287.310   10246.279   10205.248   10164.217   10123.186   10082.155   10041.124   10000.093    9959.174    9918.143    9877.111    9836.081    9795.050    9754.019    9712.988    9671.957    9630.926    9589.896    9548.976    9507.944    9466.914    9425.994    9384.963    9343.932    9303.013    9261.981    9220.950    9179.809    9138.666    9097.413    9056.159    9014.572    8972.985    8931.065    8889.145    8846.668    8804.192    8761.048    8718.016    8674.094    8630.283    8585.583    8540.882    8495.403    8449.813    8403.557    8357.188    8310.042    8263.006    8215.192    8167.378    8119.120    8070.750    8022.047    7973.232    7924.195    7875.158    7825.899    7776.640    7727.380    7678.010    7628.528    7579.157    7529.787    7480.305    7430.935    7381.453    7332.083    7282.601    7233.230    7183.748    7134.378    7085.007    7035.525    6986.155    6936.784    6887.414    6837.932    6788.562    6739.191    6689.820    6640.338    6590.968    6541.486    6492.116    6442.523    6393.041    6343.448    6293.966    6244.262    6194.558    6144.743    6094.928    6045.001    5994.963    5944.814    5894.666    5844.183    5793.812    5742.996    5692.291    5641.141    5589.991    5538.397    5486.691    5434.652    5382.501    5329.906    5277.311    5224.271    5171.231    5117.747    5064.262    5010.443    4956.736    4902.695    4848.766    4794.503    4740.351    4686.088    4631.825    4577.450    4523.187    4468.813    4414.438    4360.064    4305.690    4251.315    4196.830    4142.456    4088.082    4033.707    3979.333    3924.958    3870.473    3816.099    3761.724    3707.350    3652.865    3598.490    3544.005    3489.408    3434.923    3380.215    3325.507    3270.799    3215.980    3161.272    3106.564    3052.189    2997.704    2943.886    2890.067    2837.027    2783.876    2731.948    2680.020    2629.871    2579.611    2531.908    2484.206    2440.173    2396.028    2357.110    2318.081    2285.056    2252.031    2226.567    2201.104    2188.316
   14274.871   14181.134   14087.396   14001.776   13916.045   13846.993   13778.052   13721.788   13665.412   13615.930   13566.337   13520.080   13473.823   13429.234   13384.645   13341.056   13297.356   13254.324   13211.292   13168.482   13125.783   13083.195   13040.607   12998.131   12955.654   12913.178   12870.702   12828.336   12785.860   12743.383   12700.907   12658.430   12615.954   12573.478   12531.001   12488.525   12446.048   12403.572   12361.095   12318.619   12276.142   12233.666   12191.301   12148.824   12106.348   12063.982   12021.506   11979.141   11936.664   11894.299   11851.934   11809.680   11767.314   11725.060   11682.806   11640.552   11598.409   11556.266   11514.123   11472.092   11430.171   11388.251   11346.330   11304.632   11262.823   11221.236   11179.538   11138.062   11096.587   11055.222   11013.857   10972.604   10931.351   10890.209   10849.067   10807.924   10766.894   10725.863   10684.832   10643.801   10602.770   10561.739   10520.819   10479.788   10438.869   10397.838   10356.918   10315.887   10274.856   10233.936   10192.905   10151.986   10110.955   10069.924   10029.004    9987.973    9946.942    9906.022    9864.991    9823.961    9783.041    9742.010    9700.979    9660.060    9619.028    9578.108    9537.078    9496.158    9455.127    9414.207    9373.177    9332.257    9291.226    9250.084    9208.941    9167.688    9126.435    9084.959    9043.372    9001.452    8959.531    8917.055    8874.578    8831.435    8788.291    8744.369    8700.447    8655.747    8610.936    8565.345    8519.755    8473.275    8426.796    8379.538    8332.280    8284.355    8236.431    8187.950    8139.580    8090.654    8041.729    7992.580    7943.432    7894.062    7844.691    7795.320    7745.838    7696.357    7646.875    7597.394    7547.912    7498.430    7448.948    7399.466    7349.985    7300.503    7251.021    7201.540    7152.058    7102.576    7053.094    7003.724    6954.242    6904.760    6855.278    6805.797    6756.426    6706.944    6657.462    6607.870    6558.388    6508.795    6459.313    6409.609    6360.016    6310.312    6260.608    6210.792    6160.978    6110.939    6061.013    6010.864    5960.604    5910.233    5859.750    5809.045    5758.229    5707.080    5655.930    5604.224    5552.630    5500.479    5448.329    5395.734    5343.139    5289.987    5236.947    5183.463    5129.978    5076.160    5022.453    4968.412    4914.482    4860.330    4806.067    4751.915    4697.652    4643.278    4589.015    4534.640    4480.377    4426.003    4371.628    4317.254    4262.991    4208.617    4154.243    4099.868    4045.494    3991.119    3936.856    3882.482    3828.108    3773.733    3719.359    3664.985    3610.499    3556.014    3501.528    3446.931    3392.335    3337.738    3283.030    3228.545    3173.948    3119.685    3065.422    3011.604    2957.896    2904.745    2851.705    2799.777    2747.738    2697.478    2647.218    2599.292    2551.368    2506.667    2461.967    2422.159    2382.240    2348.437    2314.522    2287.613    2260.815    2244.692
   14313.567   14222.721   14131.874   14047.811   13963.859   13897.587   13831.426   13777.051   13722.677   13674.085   13625.493   13579.680   13533.757   13489.390   13444.912   13401.435   13357.847   13314.814   13271.893   13229.194   13186.495   13143.907   13101.431   13058.955   13016.478   12974.002   12931.525   12889.049   12846.572   12804.096   12761.731   12719.254   12676.778   12634.301   12591.825   12549.348   12506.761   12464.284   12421.808   12379.331   12336.855   12294.378   12252.013   12209.537   12167.060   12124.584   12082.218   12039.853   11997.377   11955.011   11912.646   11870.281   11828.027   11785.661   11743.407   11701.153   11659.010   11616.868   11574.725   11532.693   11490.661   11448.852   11406.932   11365.233   11323.424   11281.837   11240.250   11198.775   11157.299   11115.934   11074.681   11033.428   10992.174   10951.032   10909.890   10868.859   10827.828   10786.797   10745.767   10704.847   10663.816   10622.896   10581.865   10540.945   10500.026   10458.995   10418.075   10377.155   10336.124   10295.205   10254.174   10213.254   10172.334   10131.303   10090.384   10049.353   10008.433    9967.402    9926.482    9885.451    9844.531    9803.501    9762.581    9721.661    9680.630    9639.711    9598.791    9557.760    9516.840    9475.921    9434.890    9393.970    9352.938    9311.797    9270.766    9229.513    9188.259    9146.783    9105.196    9063.276    9021.355    8978.879    8936.402    8893.259    8850.115    8806.193    8762.271    8717.460    8672.648    8626.836    8581.135    8534.544    8488.064    8440.695    8393.326    8345.180    8297.143    8248.551    8199.959    8151.033    8101.996    8052.737    8003.477    7954.107    7904.625    7855.143    7805.662    7756.068    7706.587    7656.994    7607.512    7557.919    7508.438    7458.845    7409.363    7359.770    7310.288    7260.695    7211.213    7161.731    7112.250    7062.657    7013.175    6963.693    6914.101    6864.619    6815.137    6765.544    6716.062    6666.469    6616.988    6567.395    6517.802    6468.098    6418.394    6368.689    6318.985    6269.059    6219.243    6169.317    6119.279    6069.130    6018.870    5968.499    5918.017    5867.312    5816.496    5765.346    5714.196    5662.490    5610.896    5558.746    5506.595    5453.889    5401.293    5348.143    5295.103    5241.618    5188.133    5134.314    5080.607    5026.567    4972.637    4918.485    4864.333    4810.070    4755.918    4701.544    4647.281    4593.018    4538.754    4484.380    4430.117    4375.854    4321.479    4267.216    4212.842    4158.579    4104.205    4049.942    3995.567    3941.304    3886.930    3832.667    3778.292    3723.918    3669.544    3615.058    3560.684    3506.198    3451.602    3397.116    3342.520    3288.145    3233.660    3179.508    3125.245    3071.538    3017.719    2964.568    2911.528    2859.377    2807.338    2756.967    2706.485    2658.337    2610.190    2564.822    2519.566    2478.646    2437.838    2403.145    2368.452    2340.653    2312.854    2297.398
   14352.374   14264.308   14176.352   14093.957   14011.673   13948.180   13884.799   13832.315   13779.942   13732.240   13684.648   13639.170   13593.691   13549.435   13505.180   13461.703   13418.337   13375.415   13332.494   13289.906   13247.208   13204.731   13162.255   13119.778   13077.302   13034.825   12992.349   12949.872   12907.396   12864.919   12822.443   12779.967   12737.490   12695.014   12652.537   12610.061   12567.584   12525.108   12482.631   12440.155   12397.567   12355.202   12312.725   12270.249   12227.772   12185.296   12142.931   12100.454   12058.089   12015.724   11973.359   11930.993   11888.628   11846.374   11804.009   11761.866   11719.612   11677.469   11635.326   11593.294   11551.263   11509.453   11467.533   11425.835   11384.025   11342.438   11300.852   11259.487   11218.011   11176.647   11135.394   11094.140   11052.998   11011.856   10970.825   10929.794   10888.763   10847.732   10806.813   10765.782   10724.862   10683.942   10643.022   10602.103   10561.183   10520.152   10479.232   10438.313   10397.393   10356.473   10315.553   10274.634   10233.603   10192.683   10151.763   10110.843   10069.813   10028.893    9987.973    9946.942    9906.022    9865.103    9824.183    9783.152    9742.232    9701.312    9660.393    9619.473    9578.554    9537.522    9496.603    9455.683    9414.652    9373.621    9332.479    9291.337    9250.084    9208.607    9167.021    9125.101    9083.291    9040.814    8998.338    8955.083    8911.939    8868.018    8823.984    8779.062    8734.250    8688.438    8642.626    8595.924    8549.222    8501.742    8454.262    8406.003    8357.855    8309.152    8260.448    8211.301    8162.264    8112.893    8063.522    8014.041    7964.559    7914.966    7865.373    7815.780    7766.188    7716.594    7667.001    7617.408    7567.815    7518.223    7468.629    7419.148    7369.555    7319.962    7270.369    7220.776    7171.294    7121.702    7072.108    7022.516    6973.034    6923.441    6873.848    6824.255    6774.662    6725.069    6675.476    6625.883    6576.179    6526.475    6476.771    6427.067    6377.251    6327.436    6277.510    6227.583    6177.545    6127.396    6077.248    6026.765    5976.394    5925.578    5874.762    5823.612    5772.462    5720.757    5669.051    5616.900    5564.750    5512.155    5459.449    5406.297    5353.257    5299.772    5246.288    5192.470    5138.762    5084.722    5030.792    4976.640    4922.488    4868.336    4814.073    4759.921    4705.658    4651.395    4597.132    4542.869    4488.605    4434.342    4380.080    4325.705    4271.442    4217.179    4162.916    4108.652    4054.389    4000.126    3945.752    3891.489    3837.226    3782.851    3728.588    3674.214    3619.840    3565.354    3510.980    3456.494    3402.009    3347.746    3293.371    3239.219    3185.179    3131.360    3077.653    3024.391    2971.240    2919.089    2866.939    2816.345    2765.863    2717.382    2669.012    2623.088    2577.165    2535.244    2493.435    2457.853    2422.270    2393.582    2365.005    2349.994
   14391.070   14304.115   14217.161   14136.656   14056.039   13995.216   13934.392   13883.243   13831.982   13784.724   13737.466   13692.098   13646.731   13602.475   13558.331   13514.965   13471.710   13428.789   13385.979   13343.391   13300.804   13258.327   13215.851   13173.374   13130.898   13088.421   13045.945   13003.468   12960.881   12918.404   12875.928   12833.451   12790.975   12748.498   12706.022   12663.545   12621.069   12578.592   12536.005   12493.528   12451.052   12408.575   12366.099   12323.623   12281.146   12238.781   12196.304   12153.828   12111.463   12069.097   12026.621   11984.256   11942.002   11899.636   11857.382   11815.128   11772.874   11730.731   11688.588   11646.557   11604.525   11562.716   11520.795   11479.097   11437.288   11395.701   11354.114   11312.749   11271.274   11230.020   11188.767   11147.625   11106.372   11065.341   11024.310   10983.279   10942.248   10901.328   10860.408   10819.378   10778.458   10737.538   10696.618   10655.699   10614.779   10573.859   10533.051   10492.131   10451.211   10410.291   10369.372   10328.341   10287.421   10246.501   10205.582   10164.662   10123.742   10082.822   10041.903   10000.983    9959.952    9919.032    9878.112    9837.192    9796.273    9755.354    9714.434    9673.514    9632.594    9591.675    9550.755    9509.724    9468.804    9427.773    9386.631    9345.489    9304.235    9262.760    9221.284    9179.363    9137.555    9095.078    9052.602    9009.458    8966.203    8922.170    8878.137    8833.214    8788.291    8742.367    8696.556    8649.742    8602.929    8555.338    8507.746    8459.487    8411.229    8362.414    8313.488    8264.341    8215.192    8165.710    8116.340    8066.747    8017.266    7967.562    7917.968    7868.375    7818.671    7769.078    7719.485    7669.781    7620.188    7570.595    7520.891    7471.298    7421.706    7372.112    7322.520    7272.815    7223.222    7173.629    7124.037    7074.443    7024.851    6975.258    6925.554    6875.961    6826.368    6776.775    6727.071    6677.367    6627.773    6578.069    6528.365    6478.550    6428.735    6378.919    6328.993    6278.955    6229.029    6178.769    6128.620    6078.137    6027.766    5976.950    5926.245    5874.984    5823.834    5772.128    5720.534    5668.384    5616.122    5563.527    5510.821    5457.669    5404.629    5351.145    5297.660    5243.841    5190.134    5136.094    5082.164    5028.124    4973.972    4919.819    4865.667    4811.404    4757.252    4702.989    4648.837    4594.574    4540.311    4486.048    4431.896    4377.633    4323.370    4269.107    4214.844    4160.581    4106.429    4052.166    3997.902    3943.639    3889.376    3835.113    3780.850    3726.476    3672.212    3617.838    3563.464    3509.090    3454.715    3400.452    3346.189    3292.148    3237.996    3184.289    3130.471    3077.208    3023.946    2971.684    2919.312    2868.718    2818.013    2769.310    2720.606    2674.127    2627.647    2584.837    2542.027    2505.555    2469.083    2439.728    2410.261    2392.359
   14429.877   14343.923   14257.969   14179.243   14100.517   14042.251   13984.096   13934.059   13884.132   13837.208   13790.284   13745.027   13699.771   13655.627   13611.593   13568.339   13525.084   13482.274   13439.464   13396.876   13354.399   13311.923   13269.447   13226.970   13184.494   13141.906   13099.430   13056.953   13014.477   12972.000   12929.524   12887.047   12844.460   12801.983   12759.507   12717.030   12674.554   12631.966   12589.490   12547.013   12504.537   12462.060   12419.584   12377.107   12334.631   12292.154   12249.678   12207.313   12164.836   12122.471   12079.994   12037.629   11995.264   11953.010   11910.645   11868.390   11826.136   11783.994   11741.851   11699.819   11657.787   11615.867   11574.058   11532.359   11490.550   11448.963   11407.488   11366.012   11324.647   11283.394   11242.141   11200.999   11159.856   11118.825   11077.795   11036.764   10995.844   10954.924   10913.893   10872.974   10832.165   10791.245   10750.326   10709.406   10668.486   10627.566   10586.758   10545.838   10504.918   10463.999   10423.079   10382.159   10341.351   10300.431   10259.511   10218.591   10177.672   10136.752   10095.832   10054.912   10013.993    9973.073    9932.153    9891.233    9850.313    9809.394    9768.475    9727.555    9686.635    9645.715    9604.795    9563.876    9522.956    9481.925    9440.895    9399.641    9358.499    9317.022    9275.547    9233.627    9191.817    9149.341    9106.864    9063.721    9020.466    8976.433    8932.399    8887.365    8842.443    8796.408    8750.484    8703.561    8656.747    8609.045    8561.231    8512.861    8464.491    8415.565    8366.640    8317.381    8268.121    8218.640    8169.158    8119.454    8069.861    8020.268    7970.563    7920.859    7871.267    7821.562    7771.858    7722.154    7672.561    7622.857    7573.153    7523.560    7473.856    7424.263    7374.559    7324.854    7275.262    7225.558    7175.965    7126.261    7076.667    7026.963    6977.371    6927.667    6878.073    6828.369    6778.665    6728.961    6679.257    6629.553    6579.849    6530.033    6480.218    6430.292    6380.365    6330.438    6280.401    6230.251    6179.992    6129.620    6079.138    6028.433    5977.617    5926.467    5875.207    5823.612    5771.906    5719.756    5667.605    5614.899    5562.192    5509.042    5456.001    5402.517    5349.032    5295.213    5241.506    5187.577    5133.536    5079.496    5025.455    4971.303    4917.151    4862.999    4808.847    4754.584    4700.432    4646.280    4592.017    4537.865    4483.602    4429.450    4375.187    4321.035    4266.771    4212.620    4158.357    4104.205    4049.942    3995.790    3941.527    3887.263    3833.112    3778.848    3724.474    3670.211    3615.948    3561.685    3507.422    3453.158    3399.007    3344.966    3290.925    3237.107    3183.288    3129.915    3076.652    3024.168    2971.796    2920.979    2870.163    2821.126    2772.201    2725.165    2678.130    2634.430    2590.619    2553.258    2515.785    2485.763    2455.629    2434.724
   14468.684   14380.729   14292.885   14217.606   14142.327   14086.062   14029.797   13980.205   13930.612   13883.799   13836.874   13791.618   13746.362   13702.440   13658.406   13615.263   13572.119   13529.309   13486.610   13444.134   13401.546   13359.070   13316.593   13274.117   13231.640   13189.164   13146.576   13104.100   13061.623   13019.147   12976.559   12934.083   12891.606   12849.130   12806.542   12764.066   12721.589   12679.113   12636.525   12594.049   12551.572   12509.096   12466.508   12424.032   12381.555   12339.079   12296.602   12254.237   12211.760   12169.284   12126.919   12084.553   12042.077   11999.823   11957.458   11915.204   11872.949   11830.807   11788.664   11746.521   11704.489   11662.680   11620.759   11579.061   11537.363   11495.776   11454.189   11412.825   11371.460   11330.207   11288.954   11247.812   11206.669   11165.750   11124.719   11083.688   11042.768   11001.848   10960.929   10920.009   10879.089   10838.281   10797.361   10756.441   10715.633   10674.713   10633.793   10592.985   10552.065   10511.145   10470.225   10429.417   10388.497   10347.577   10306.658   10265.738   10224.929   10184.010   10143.090   10102.170   10061.251   10020.331    9979.411    9938.603    9897.683    9856.763    9815.844    9774.924    9734.004    9693.195    9652.275    9611.245    9570.325    9529.294    9488.263    9447.121    9405.979    9364.503    9323.027    9281.218    9239.298    9196.933    9154.456    9111.312    9068.058    9024.024    8979.880    8934.846    8889.812    8843.777    8797.854    8750.818    8703.895    8656.080    8608.267    8559.785    8511.305    8462.268    8413.230    8363.972    8314.601    8265.008    8215.526    8165.822    8116.229    8066.525    8016.821    7967.117    7917.413    7867.708    7817.893    7768.189    7718.484    7668.892    7619.188    7569.483    7519.779    7470.075    7420.371    7370.667    7321.074    7271.370    7221.666    7171.961    7122.257    7072.553    7022.960    6973.256    6923.552    6873.848    6824.144    6774.440    6724.736    6674.920    6625.105    6575.290    6525.474    6475.659    6425.732    6375.695    6325.657    6275.508    6225.359    6174.876    6124.505    6073.689    6022.984    5971.724    5920.574    5868.868    5817.274    5765.012    5712.862    5660.155    5607.560    5554.409    5501.258    5447.884    5394.399    5340.581    5286.874    5232.944    5179.015    5124.974    5070.934    5016.782    4962.741    4908.589    4854.437    4800.285    4746.133    4691.981    4637.829    4583.566    4529.414    4475.262    4421.110    4366.958    4312.807    4258.543    4204.392    4150.239    4096.087    4041.936    3987.673    3933.521    3879.257    3825.105    3770.842    3716.579    3662.427    3608.164    3553.901    3499.749    3445.597    3391.556    3337.516    3283.698    3229.879    3176.506    3123.132    3070.648    3018.053    2967.014    2915.976    2866.716    2817.457    2769.977    2722.497    2678.019    2633.541    2595.178    2556.705    2526.238    2495.659    2474.421
   14507.380   14417.534   14327.689   14255.857   14184.136   14129.762   14075.499   14026.350   13977.202   13930.389   13883.465   13838.320   13793.063   13749.141   13705.331   13662.187   13619.155   13576.456   13533.757   13491.280   13448.804   13406.328   13363.740   13321.263   13278.787   13236.310   13193.723   13151.246   13108.770   13066.182   13023.706   12981.229   12938.642   12896.165   12853.689   12811.101   12768.625   12726.148   12683.561   12641.084   12598.608   12556.020   12513.543   12471.067   12428.591   12386.114   12343.638   12301.161   12258.685   12216.208   12173.732   12131.366   12089.001   12046.636   12004.271   11962.017   11919.763   11877.508   11835.366   11793.334   11751.302   11709.382   11667.461   11625.763   11584.065   11542.478   11501.002   11459.638   11418.273   11377.020   11335.767   11294.736   11253.594   11212.563   11171.643   11130.612   11089.692   11048.773   11007.964   10967.044   10926.125   10885.316   10844.396   10803.588   10762.668   10721.748   10680.940   10640.020   10599.212   10558.292   10517.483   10476.564   10435.644   10394.835   10353.916   10312.996   10272.076   10231.268   10190.348   10149.428   10108.508   10067.700   10026.780    9985.860    9944.940    9904.132    9863.212    9822.293    9781.484    9740.564    9699.645    9658.725    9617.806    9576.774    9535.743    9494.602    9453.459    9411.983    9370.619    9328.698    9286.889    9244.413    9202.047    9158.793    9115.648    9071.615    9027.472    8982.438    8937.292    8891.258    8845.111    8798.076    8751.041    8703.115    8655.190    8606.599    8558.117    8508.970    8459.933    8410.451    8361.080    8311.487    8261.895    8212.190    8162.486    8112.782    8062.966    8013.262    7963.558    7913.743    7864.039    7814.334    7764.520    7714.815    7665.111    7615.407    7565.703    7515.888    7466.183    7416.479    7366.775    7317.071    7267.367    7217.663    7167.958    7118.254    7068.439    7018.735    6969.031    6919.327    6869.623    6819.807    6770.103    6720.288    6670.473    6620.657    6570.842    6520.916    6470.989    6420.951    6371.024    6320.764    6270.616    6220.244    6169.762    6119.057    6068.241    6017.091    5965.941    5914.236    5862.530    5810.380    5758.229    5705.523    5652.816    5599.776    5546.625    5493.141    5439.656    5385.949    5332.242    5278.312    5224.382    5170.453    5116.412    5062.260    5008.220    4954.067    4900.027    4845.875    4791.723    4737.682    4683.530    4629.378    4575.227    4521.075    4466.922    4412.882    4358.730    4304.578    4250.426    4196.274    4142.122    4087.970    4033.818    3979.667    3925.514    3871.363    3817.211    3762.948    3708.796    3654.644    3600.492    3546.340    3492.299    3438.258    3384.218    3330.399    3276.470    3222.985    3169.611    3117.016    3064.310    3013.160    2961.899    2912.306    2862.825    2814.900    2766.975    2721.718    2676.462    2637.099    2597.736    2566.601    2535.578    2514.117
   14538.403   14449.225   14360.046   14291.884   14223.721   14170.125   14116.530   14067.270   14018.122   13971.198   13924.273   13879.240   13834.206   13790.395   13746.584   13703.552   13660.630   13617.931   13575.344   13532.867   13490.280   13447.803   13405.327   13362.850   13320.263   13277.786   13235.310   13192.722   13150.246   13107.658   13065.181   13022.594   12980.117   12937.530   12895.053   12852.466   12809.989   12767.513   12724.925   12682.449   12639.861   12597.384   12554.797   12512.320   12469.844   12427.367   12384.780   12342.303   12299.827   12257.462   12214.985   12172.509   12130.143   12087.778   12045.413   12003.048   11960.793   11918.651   11876.397   11834.365   11792.333   11750.413   11708.492   11666.794   11625.096   11583.509   11542.033   11500.669   11459.304   11418.051   11376.909   11335.767   11294.736   11253.705   11212.785   11171.865   11130.946   11090.026   11049.106   11008.298   10967.378   10926.569   10885.650   10844.841   10803.921   10763.113   10722.193   10681.385   10640.465   10599.656   10558.737   10517.928   10477.008   10436.089   10395.280   10354.360   10313.441   10272.632   10231.712   10190.793   10149.984   10109.064   10068.145   10027.336    9986.416    9945.607    9904.688    9863.769    9822.960    9782.040    9741.120    9700.200    9659.281    9618.250    9577.219    9536.077    9495.046    9453.570    9412.206    9370.396    9328.587    9286.110    9243.745    9200.602    9157.347    9113.313    9069.169    9024.024    8978.990    8932.845    8886.698    8839.552    8792.405    8744.480    8696.444    8647.852    8599.148    8550.000    8500.853    8451.370    8401.889    8352.296    8302.592    8252.888    8203.184    8153.368    8103.664    8053.849    8004.145    7954.329    7904.514    7854.810    7804.994    7755.290    7705.586    7655.771    7606.066    7556.251    7506.547    7456.843    7407.028    7357.324    7307.508    7257.804    7208.100    7158.285    7108.581    7058.876    7009.061    6959.357    6909.542    6859.837    6810.022    6760.207    6710.392    6660.576    6610.761    6560.834    6510.908    6460.870    6410.833    6360.684    6310.535    6260.052    6209.681    6158.976    6108.160    6057.010    6005.860    5954.155    5902.560    5850.410    5798.148    5745.553    5692.847    5639.807    5586.655    5533.171    5479.686    5425.979    5372.271    5318.453    5264.524    5210.483    5156.554    5102.513    5048.472    4994.320    4940.279    4886.239    4832.087    4778.046    4723.894    4669.854    4615.701    4561.661    4507.509    4453.357    4399.316    4345.164    4291.124    4236.972    4182.931    4128.779    4074.627    4020.586    3966.434    3912.282    3858.130    3803.979    3749.826    3695.786    3641.634    3587.593    3533.441    3479.400    3425.471    3371.542    3317.723    3264.127    3210.642    3157.936    3105.229    3053.857    3002.485    2952.559    2902.744    2854.374    2806.115    2760.303    2714.490    2674.127    2633.874    2602.628    2571.383    2551.701
   14569.426   14480.915   14392.404   14327.911   14263.307   14210.489   14157.560   14108.301   14059.042   14012.117   13965.193   13920.159   13875.237   13831.537   13787.949   13745.027   13702.106   13659.518   13616.931   13574.343   13531.867   13489.390   13446.802   13404.326   13361.850   13319.262   13276.785   13234.198   13191.610   13149.134   13106.546   13064.070   13021.482   12979.005   12936.418   12893.941   12851.354   12808.877   12766.290   12723.702   12681.225   12638.638   12596.161   12553.685   12511.097   12468.621   12426.033   12383.557   12341.080   12298.604   12256.127   12213.762   12171.285   12128.920   12086.555   12044.190   12001.936   11959.682   11917.539   11875.396   11833.364   11791.444   11749.523   11707.825   11666.127   11624.540   11583.064   11541.700   11500.335   11459.193   11417.940   11376.909   11335.878   11294.847   11253.927   11213.008   11172.088   11131.279   11090.360   11049.551   11008.631   10967.823   10926.903   10886.095   10845.175   10804.366   10763.558   10722.638   10681.829   10640.910   10600.101   10559.181   10518.373   10477.453   10436.645   10395.725   10354.916   10313.997   10273.077   10232.268   10191.349   10150.540   10109.620   10068.812   10027.892    9986.973    9946.164    9905.244    9864.436    9823.516    9782.596    9741.677    9700.757    9659.837    9618.806    9577.664    9536.521    9495.157    9453.793    9411.983    9370.285    9327.809    9285.443    9242.300    9199.156    9155.012    9110.867    9065.723    9020.577    8974.432    8928.174    8881.027    8833.770    8785.733    8737.697    8688.994    8640.291    8591.031    8541.771    8492.290    8442.809    8393.104    8343.400    8293.585    8243.881    8194.065    8144.250    8094.435    8044.730    7994.915    7945.100    7895.285    7845.581    7795.765    7745.950    7696.246    7646.430    7596.615    7546.911    7497.096    7447.280    7397.576    7347.761    7298.057    7248.241    7198.426    7148.722    7098.907    7049.203    6999.387    6949.572    6899.756    6850.052    6800.237    6750.421    6700.495    6650.680    6600.753    6550.827    6500.789    6450.751    6400.603    6350.454    6299.971    6249.600    6198.895    6148.079    6096.929    6045.779    5994.185    5942.479    5890.329    5838.178    5785.472    5732.877    5679.726    5626.686    5573.201    5519.828    5466.120    5412.413    5358.483    5304.665    5250.625    5196.695    5142.654    5088.613    5034.573    4980.532    4926.491    4872.451    4818.410    4764.369    4710.328    4656.176    4602.136    4548.095    4493.943    4439.902    4385.861    4331.821    4277.669    4223.628    4169.587    4115.436    4061.395    4007.243    3953.202    3899.161    3845.010    3790.969    3736.817    3682.776    3628.735    3574.695    3520.654    3466.613    3412.795    3358.865    3305.269    3251.673    3198.967    3146.149    3094.555    3042.960    2992.812    2942.663    2893.959    2845.256    2798.887    2752.519    2711.266    2670.013    2638.656    2607.188    2589.285
   14600.339   14512.495   14424.539   14361.937   14299.445   14246.516   14193.588   14144.106   14094.735   14047.922   14001.109   13956.298   13911.486   13868.009   13824.420   13781.610   13738.689   13696.102   13653.514   13611.037   13568.561   13525.973   13483.497   13440.909   13398.433   13355.845   13313.257   13270.781   13228.193   13185.606   13143.129   13100.541   13058.065   13015.477   12972.890   12930.413   12887.826   12845.238   12802.761   12760.174   12717.586   12675.110   12632.522   12590.046   12547.458   12504.981   12462.394   12419.917   12377.330   12334.853   12292.377   12249.900   12207.535   12165.059   12122.693   12080.328   12038.074   11995.820   11953.566   11911.534   11869.502   11827.582   11785.661   11743.963   11702.154   11660.678   11619.091   11577.838   11536.474   11495.332   11454.078   11413.047   11372.016   11331.097   11290.066   11249.257   11208.337   11167.418   11126.609   11085.689   11044.881   11004.072   10963.153   10922.344   10881.424   10840.616   10799.807   10758.888   10718.079   10677.270   10636.351   10595.542   10554.622   10513.814   10472.894   10432.086   10391.166   10350.357   10309.438   10268.629   10227.709   10186.901   10145.981   10105.173   10064.253   10023.444    9982.524    9941.716    9900.796    9859.877    9819.068    9778.148    9737.229    9696.197    9655.278    9614.136    9573.104    9531.740    9490.376    9448.566    9406.868    9364.503    9322.138    9278.883    9235.739    9191.595    9147.562    9102.417    9057.160    9011.015    8964.758    8917.499    8870.242    8822.095    8774.058    8725.243    8676.429    8627.170    8577.910    8528.317    8478.725    8429.021    8379.316    8329.501    8279.686    8229.870    8180.055    8130.239    8080.424    8030.609    7980.793    7930.978    7881.274    7831.458    7781.644    7731.828    7682.013    7632.197    7582.493    7532.678    7482.863    7433.047    7383.232    7333.417    7283.712    7233.897    7184.082    7134.267    7084.451    7034.747    6984.932    6935.116    6885.301    6835.486    6785.559    6735.744    6685.817    6635.891    6585.964    6536.038    6486.000    6435.851    6385.591    6335.220    6284.849    6234.144    6183.328    6132.178    6081.139    6029.434    5977.839    5925.689    5873.539    5820.832    5768.237    5715.085    5662.046    5608.672    5555.188    5501.480    5447.773    5393.955    5340.136    5286.207    5232.277    5178.236    5124.307    5070.266    5016.226    4962.185    4908.255    4854.214    4800.174    4746.133    4692.092    4638.052    4584.011    4529.970    4475.929    4421.889    4367.848    4313.807    4259.767    4205.614    4151.574    4097.533    4043.492    3989.452    3935.411    3881.370    3827.329    3773.289    3719.248    3665.207    3611.167    3557.126    3503.196    3449.267    3395.337    3341.741    3288.145    3235.216    3182.399    3130.693    3078.988    3028.505    2978.022    2928.986    2879.948    2833.135    2786.323    2744.402    2702.481    2671.013    2639.434    2625.090
   14631.362   14544.074   14456.675   14396.074   14335.472   14282.544   14229.615   14180.022   14130.429   14083.727   14036.914   13992.325   13947.736   13904.370   13861.004   13818.194   13775.383   13732.796   13690.208   13647.732   13605.144   13562.668   13520.080   13477.492   13435.016   13392.428   13349.841   13307.364   13264.776   13222.189   13179.601   13137.125   13094.537   13051.949   13009.362   12966.885   12924.298   12881.710   12839.122   12796.535   12754.058   12711.470   12668.883   12626.406   12583.819   12541.231   12498.755   12456.167   12413.690   12371.214   12328.626   12286.150   12243.785   12201.308   12158.943   12116.578   12074.212   12031.958   11989.704   11947.672   11905.530   11863.609   11821.689   11779.991   11738.292   11696.706   11655.230   11613.865   11572.612   11531.359   11490.217   11449.186   11408.155   11367.235   11326.315   11285.395   11244.476   11203.667   11162.747   11121.939   11081.130   11040.211   10999.402   10958.594   10917.674   10876.865   10836.057   10795.248   10754.329   10713.520   10672.711   10631.792   10590.983   10550.063   10509.255   10468.335   10427.527   10386.607   10345.798   10304.879   10264.070   10223.262   10182.342   10141.533   10100.614   10059.805   10018.885    9978.077    9937.157    9896.349    9855.429    9814.509    9773.589    9732.670    9691.750    9650.607    9609.577    9568.212    9526.848    9485.149    9443.451    9401.086    9358.721    9315.577    9272.434    9228.289    9184.145    9139.000    9093.854    9047.598    9001.229    8953.972    8906.714    8858.455    8810.308    8761.493    8712.567    8663.308    8613.938    8564.345    8514.752    8464.937    8415.232    8365.417    8315.602    8265.786    8215.859    8166.044    8116.229    8066.414    8016.598    7966.783    7916.968    7867.152    7817.226    7767.410    7717.595    7667.780    7617.964    7568.149    7518.334    7468.519    7418.703    7368.888    7319.072    7269.257    7219.442    7169.626    7119.811    7069.996    7020.181    6970.365    6920.550    6870.734    6820.808    6770.993    6721.066    6671.140    6621.213    6571.175    6521.138    6470.989    6420.840    6370.468    6320.097    6269.393    6218.576    6167.538    6116.388    6064.793    6013.199    5961.049    5908.898    5856.192    5803.597    5750.557    5697.406    5644.032    5590.547    5536.951    5483.244    5429.426    5375.607    5321.678    5267.749    5213.819    5159.889    5105.849    5051.919    4997.878    4943.949    4889.908    4835.867    4781.938    4727.897    4673.856    4619.815    4565.886    4511.845    4457.805    4403.875    4349.834    4295.793    4241.753    4187.823    4133.783    4079.742    4025.701    3971.660    3917.731    3863.690    3809.649    3755.609    3701.679    3647.638    3593.598    3539.668    3485.739    3431.809    3378.213    3324.506    3271.577    3218.648    3166.720    3114.904    3064.198    3013.494    2964.012    2914.530    2867.272    2820.014    2777.538    2735.062    2703.371    2671.569    2660.895
   14654.602   14570.761   14486.809   14427.097   14367.274   14314.123   14260.861   14211.379   14161.786   14115.306   14068.716   14024.349   13979.982   13936.616   13893.361   13850.662   13807.852   13765.265   13722.677   13680.201   13637.613   13595.025   13552.549   13509.961   13467.374   13424.786   13382.309   13339.722   13297.134   13254.546   13211.959   13169.371   13126.783   13084.307   13041.719   12999.132   12956.544   12913.956   12871.369   12828.781   12786.305   12743.717   12701.129   12658.542   12615.954   12573.478   12530.890   12488.302   12445.826   12403.238   12360.762   12318.285   12275.809   12233.332   12190.856   12148.491   12106.236   12063.982   12021.728   11979.585   11937.443   11895.522   11853.602   11811.903   11770.205   11728.618   11687.143   11645.778   11604.414   11563.272   11522.129   11481.099   11440.068   11399.148   11358.228   11317.308   11276.500   11235.580   11194.772   11153.963   11113.043   11072.235   11031.426   10990.618   10949.698   10908.889   10868.081   10827.161   10786.353   10745.544   10704.736   10663.816   10623.007   10582.088   10541.279   10500.359   10459.551   10418.742   10377.823   10337.014   10296.094   10255.286   10214.366   10173.557   10132.749   10091.829   10051.021   10010.101    9969.292    9928.373    9887.564    9846.645    9805.725    9764.805    9723.885    9682.743    9641.712    9600.348    9559.095    9517.396    9475.698    9433.333    9391.079    9347.936    9304.791    9260.647    9216.614    9171.357    9126.212    9079.844    9033.587    8986.218    8938.849    8890.701    8842.443    8793.518    8744.592    8695.221    8645.851    8596.258    8546.554    8496.849    8447.034    8397.219    8347.403    8297.477    8247.661    8197.846    8147.919    8098.104    8048.289    7998.362    7948.547    7898.731    7848.917    7798.990    7749.174    7699.359    7649.544    7599.729    7549.802    7499.987    7450.171    7400.356    7350.541    7300.725    7250.799    7200.983    7151.168    7101.353    7051.538    7001.611    6951.795    6901.980    6852.054    6802.238    6752.312    6702.385    6652.459    6602.421    6552.383    6502.234    6452.085    6401.714    6351.343    6300.638    6249.933    6198.784    6147.745    6096.151    6044.445    5992.406    5940.255    5887.660    5834.954    5781.914    5728.874    5675.500    5622.016    5568.419    5514.824    5461.005    5407.187    5353.257    5299.439    5245.509    5191.580    5137.539    5083.610    5029.680    4975.750    4921.710    4867.780    4813.740    4759.810    4705.770    4651.840    4597.799    4543.870    4489.829    4435.899    4381.858    4327.929    4273.888    4219.958    4165.918    4111.988    4057.948    4004.018    3949.977    3896.048    3842.007    3788.078    3734.037    3680.107    3626.178    3572.137    3518.208    3464.278    3410.682    3356.975    3304.046    3251.006    3198.967    3146.927    3096.000    3045.073    2995.258    2945.442    2897.740    2850.148    2807.338    2764.528    2732.282    2699.924    2686.692
   14677.842   14597.448   14516.942   14458.120   14399.187   14345.702   14292.218   14242.625   14193.143   14146.886   14100.517   14056.373   14012.117   13968.974   13925.830   13883.131   13840.433   13797.845   13755.146   13712.670   13670.082   13627.494   13584.907   13542.319   13499.842   13457.255   13414.667   13372.079   13329.492   13286.904   13244.317   13201.729   13159.141   13116.554   13073.966   13031.378   12988.791   12946.203   12903.615   12861.028   12818.440   12775.852   12733.376   12690.788   12648.201   12605.613   12563.025   12520.438   12477.961   12435.373   12392.786   12350.309   12307.833   12265.356   12222.880   12180.515   12138.149   12095.895   12053.641   12011.498   11969.355   11927.435   11885.515   11843.816   11802.007   11760.531   11719.056   11677.691   11636.327   11595.185   11554.042   11513.123   11472.092   11431.172   11390.252   11349.333   11308.413   11267.604   11226.796   11185.876   11145.067   11104.259   11063.450   11022.531   10981.722   10940.914   10900.105   10859.185   10818.377   10777.568   10736.649   10695.840   10655.031   10614.112   10573.303   10532.495   10491.575   10450.766   10409.847   10369.038   10328.230   10287.310   10246.501   10205.582   10164.773   10123.964   10083.045   10042.236   10001.316    9960.508    9919.588    9878.779    9837.860    9796.940    9756.021    9714.878    9673.848    9632.594    9591.341    9549.643    9507.944    9465.690    9423.325    9380.293    9337.149    9293.116    9248.972    9203.826    9158.570    9112.202    9065.944    9018.465    8971.096    8922.837    8874.578    8825.541    8776.615    8727.245    8677.764    8628.060    8578.466    8528.651    8478.836    8429.021    8379.094    8329.278    8279.352    8229.536    8179.610    8129.795    8079.868    8030.053    7980.126    7930.311    7880.496    7830.569    7780.754    7730.938    7681.012    7631.197    7581.270    7531.455    7481.639    7431.713    7381.897    7332.083    7282.267    7232.340    7182.525    7132.710    7082.783    7032.968    6983.042    6933.226    6883.299    6833.484    6783.558    6733.631    6683.705    6633.667    6583.629    6533.480    6483.332    6432.960    6382.589    6331.884    6281.179    6230.141    6178.991    6127.396    6075.802    6023.763    5971.612    5919.017    5866.422    5813.382    5760.342    5706.968    5653.595    5599.888    5546.292    5492.474    5438.766    5384.837    5331.019    5277.089    5223.159    5169.229    5115.300    5061.371    5007.441    4953.512    4899.582    4845.652    4791.612    4737.682    4683.753    4629.823    4575.894    4521.964    4467.923    4413.994    4360.064    4306.135    4252.094    4198.165    4144.235    4090.305    4036.265    3982.335    3928.406    3874.476    3820.435    3766.506    3712.576    3658.647    3604.606    3550.788    3496.858    3443.151    3389.444    3336.404    3283.364    3231.102    3178.952    3127.802    3076.652    3026.392    2976.243    2928.207    2880.171    2837.027    2793.995    2761.192    2728.390    2712.489
   14701.081   14623.022   14544.964   14485.919   14426.875   14373.279   14319.794   14270.423   14221.053   14175.018   14128.983   14084.950   14040.917   13997.885   13954.852   13912.153   13869.454   13826.867   13784.168   13741.691   13699.104   13656.516   13613.928   13571.341   13528.753   13486.165   13443.578   13400.990   13358.403   13315.815   13273.227   13230.640   13187.941   13145.353   13102.765   13060.178   13017.590   12975.002   12932.415   12889.827   12847.239   12804.652   12762.064   12719.476   12676.889   12634.301   12591.713   12549.126   12506.538   12464.062   12421.474   12378.886   12336.410   12293.933   12251.457   12209.092   12166.726   12124.361   12082.107   12039.964   11997.821   11955.901   11913.980   11872.171   11830.473   11788.997   11747.410   11706.157   11664.793   11623.650   11582.508   11541.477   11500.558   11459.638   11418.718   11377.798   11336.879   11296.070   11255.262   11214.342   11173.533   11132.725   11091.916   11051.108   11010.188   10969.380   10928.571   10887.762   10846.843   10806.034   10765.226   10724.306   10683.497   10642.689   10601.769   10560.961   10520.152   10479.232   10438.424   10397.504   10356.695   10315.887   10274.967   10234.159   10193.350   10152.430   10111.622   10070.702   10029.894    9989.085    9948.165    9907.245    9866.437    9825.518    9784.486    9743.455    9702.425    9661.171    9619.918    9578.331    9536.633    9494.379    9452.125    9409.093    9365.948    9321.915    9277.771    9232.626    9187.369    9141.112    9094.744    9047.264    8999.895    8951.525    8903.155    8854.229    8805.192    8755.711    8706.229    8656.525    8606.821    8557.006    8507.190    8457.375    8407.448    8357.633    8307.707    8257.780    8207.965    8158.038    8108.223    8058.296    8008.481    7958.555    7908.739    7858.812    7808.997    7759.071    7709.145    7659.329    7609.402    7559.587    7509.661    7459.845    7410.030    7360.104    7310.288    7260.361    7210.546    7160.620    7110.804    7060.878    7011.062    6961.136    6911.209    6861.394    6811.468    6761.541    6711.503    6661.577    6611.539    6561.390    6511.241    6460.870    6410.499    6359.794    6309.200    6258.050    6207.012    6155.417    6103.934    6051.784    5999.745    5947.149    5894.554    5841.514    5788.474    5735.101    5681.727    5628.131    5574.535    5520.717    5467.010    5413.191    5359.262    5305.443    5251.514    5197.696    5143.766    5089.836    5035.907    4981.978    4928.048    4874.118    4820.189    4766.259    4712.330    4658.512    4604.582    4550.652    4496.723    4442.793    4388.864    4334.934    4281.005    4227.075    4173.146    4119.216    4065.287    4011.357    3957.427    3903.498    3849.568    3795.639    3741.709    3687.780    3633.850    3579.921    3525.991    3472.284    3418.688    3365.537    3312.386    3260.124    3207.862    3156.379    3105.007    3054.525    3003.931    2955.561    2907.080    2863.825    2820.459    2787.101    2753.854    2736.841
   14724.321   14648.708   14572.985   14513.829   14454.673   14400.966   14347.259   14298.111   14248.963   14203.150   14157.449   14113.638   14069.828   14026.795   13983.874   13941.175   13898.476   13855.889   13813.190   13770.602   13728.014   13685.427   13642.839   13600.251   13557.664   13515.076   13472.489   13429.901   13387.202   13344.614   13302.027   13259.439   13216.851   13174.264   13131.676   13088.977   13046.390   13003.802   12961.214   12918.627   12876.039   12833.340   12790.752   12748.165   12705.577   12662.989   12620.402   12577.814   12535.226   12492.639   12450.051   12407.575   12364.987   12322.511   12280.034   12237.558   12195.192   12152.938   12110.573   12068.430   12026.287   11984.367   11942.335   11900.637   11858.939   11817.352   11775.876   11734.512   11693.258   11652.116   11610.974   11569.943   11528.912   11488.104   11447.184   11406.264   11365.345   11324.536   11283.728   11242.919   11201.999   11161.191   11120.382   11079.574   11038.765   10997.845   10957.037   10916.228   10875.420   10834.500   10793.692   10752.883   10711.963   10671.155   10630.346   10589.426   10548.618   10507.698   10466.890   10426.081   10385.161   10344.353   10303.544   10262.625   10221.816   10181.007   10140.088   10099.279   10058.471   10017.551    9976.742    9935.822    9894.903    9853.983    9813.063    9772.032    9731.002    9689.859    9648.606    9606.908    9565.321    9523.067    9480.924    9437.892    9394.748    9350.715    9306.682    9261.426    9216.280    9169.912    9123.544    9076.063    9028.583    8980.214    8931.844    8882.807    8833.770    8784.288    8734.807    8684.991    8635.287    8585.472    8535.656    8485.729    8435.803    8385.988    8336.062    8286.135    8236.208    8186.393    8136.466    8086.540    8036.725    7986.798    7936.872    7887.056    7837.129    7787.203    7737.388    7687.461    7637.535    7587.719    7537.793    7487.866    7438.051    7388.125    7338.309    7288.383    7238.567    7188.641    7138.714    7088.899    7038.972    6989.046    6939.120    6889.193    6839.377    6789.340    6739.413    6689.375    6639.338    6589.189    6539.151    6488.780    6438.409    6387.704    6337.110    6286.072    6235.033    6183.438    6131.956    6079.805    6027.766    5975.170    5922.687    5869.646    5816.606    5763.233    5709.859    5656.264    5602.667    5548.960    5495.253    5441.435    5387.617    5333.798    5279.869    5226.050    5172.121    5118.303    5064.373    5010.555    4956.625    4902.695    4848.766    4794.948    4741.018    4687.088    4633.270    4579.341    4525.411    4471.481    4417.663    4363.734    4309.804    4255.875    4202.056    4148.126    4094.197    4040.379    3986.449    3932.520    3878.590    3824.772    3770.842    3716.913    3662.983    3609.054    3555.235    3501.528    3447.821    3394.670    3341.407    3289.035    3236.662    3185.067    3133.362    3082.546    3031.730    2982.915    2934.101    2890.512    2846.924    2813.120    2779.206    2761.192
   14747.561   14672.393   14597.225   14538.181   14479.136   14425.540   14371.944   14323.019   14274.093   14228.614   14183.135   14139.547   14095.847   14052.926   14010.116   13967.417   13924.718   13882.019   13839.432   13796.844   13754.145   13711.558   13668.970   13626.382   13583.795   13541.096   13498.508   13455.920   13413.333   13370.745   13328.046   13285.459   13242.871   13200.283   13157.584   13114.997   13072.409   13029.710   12987.123   12944.535   12901.947   12859.248   12816.661   12774.073   12731.486   12688.898   12646.199   12603.611   12561.024   12518.436   12475.848   12433.372   12390.784   12348.308   12305.720   12263.355   12220.878   12178.624   12136.259   12094.116   12051.973   12009.942   11968.021   11926.212   11884.514   11842.927   11801.451   11760.087   11718.833   11677.691   11636.549   11595.629   11554.598   11513.679   11472.759   11431.950   11391.031   11350.222   11309.302   11268.494   11227.685   11186.877   11146.068   11105.149   11064.340   11023.531   10982.723   10941.803   10900.995   10860.186   10819.378   10778.458   10737.649   10696.841   10655.921   10615.112   10574.193   10533.384   10492.576   10451.656   10410.847   10370.039   10329.119   10288.311   10247.502   10206.582   10165.774   10124.965   10084.046   10043.237   10002.317    9961.509    9920.589    9879.669    9838.749    9797.719    9756.799    9715.546    9674.292    9632.705    9591.118    9548.976    9506.722    9463.689    9420.768    9376.734    9332.590    9287.445    9242.300    9195.820    9149.452    9101.972    9054.492    9006.122    8957.641    8908.604    8859.456    8809.974    8760.492    8710.677    8660.973    8611.046    8561.231    8511.305    8461.378    8411.562    8361.636    8311.710    8261.783    8211.856    8161.930    8112.003    8062.188    8012.262    7962.335    7912.409    7862.593    7812.667    7762.740    7712.813    7662.887    7613.072    7563.146    7513.219    7463.403    7413.477    7363.550    7313.624    7263.809    7213.882    7163.956    7114.029    7064.214    7014.287    6964.361    6914.434    6864.508    6814.581    6764.543    6714.617    6664.579    6614.430    6564.281    6513.910    6463.539    6412.945    6362.351    6311.313    6260.274    6208.791    6157.197    6105.157    6053.118    6000.523    5948.039    5894.999    5842.070    5788.697    5735.323    5681.727    5628.242    5574.535    5520.828    5467.010    5413.191    5359.373    5305.555    5251.736    5197.807    5143.988    5090.170    5036.241    4982.422    4928.493    4874.674    4820.745    4766.926    4712.997    4659.179    4605.249    4551.431    4497.501    4443.683    4389.753    4335.935    4282.005    4228.187    4174.257    4120.439    4066.510    4012.691    3958.762    3904.943    3851.014    3797.196    3743.266    3689.336    3635.518    3581.589    3527.993    3474.285    3421.023    3367.872    3315.388    3262.793    3210.976    3159.159    3108.010    3056.860    3007.712    2958.675    2914.864    2871.053    2836.916    2802.779    2784.543
   14770.800   14696.077   14621.466   14562.532   14503.488   14450.114   14396.630   14347.926   14299.334   14254.078   14208.821   14165.455   14121.978   14079.168   14036.247   13993.659   13950.960   13908.261   13865.674   13822.975   13780.387   13737.688   13695.101   13652.513   13609.814   13567.227   13524.639   13481.940   13439.352   13396.765   13354.177   13311.478   13268.891   13226.192   13183.604   13141.016   13098.318   13055.730   13013.142   12970.443   12927.856   12885.268   12842.569   12799.982   12757.394   12714.695   12672.107   12629.520   12586.821   12544.233   12501.646   12459.169   12416.581   12373.994   12331.517   12289.041   12246.564   12204.310   12161.945   12119.802   12077.548   12035.628   11993.596   11951.898   11910.089   11868.613   11827.026   11785.773   11744.408   11703.266   11662.235   11621.204   11580.173   11539.365   11498.445   11457.525   11416.717   11375.797   11334.988   11294.180   11253.371   11212.452   11171.643   11130.835   11090.026   11049.106   11008.298   10967.489   10926.681   10885.761   10844.952   10804.144   10763.224   10722.416   10681.607   10640.687   10599.879   10559.070   10518.151   10477.342   10436.533   10395.614   10354.805   10313.997   10273.077   10232.268   10191.460   10150.540   10109.732   10068.812   10028.003    9987.084    9946.275    9905.355    9864.436    9823.404    9782.485    9741.231    9700.090    9658.503    9616.916    9574.772    9532.630    9489.598    9446.676    9402.643    9358.609    9313.465    9268.208    9221.840    9175.472    9127.880    9080.400    9031.919    8983.438    8934.401    8885.253    8835.660    8786.179    8736.363    8686.548    8636.732    8586.806    8536.879    8486.953    8437.026    8387.100    8337.173    8287.247    8237.432    8187.505    8137.578    8087.652    8037.725    7987.799    7937.872    7887.946    7838.019    7788.093    7738.166    7688.351    7638.424    7588.498    7538.571    7488.645    7438.718    7388.903    7338.977    7289.050    7239.124    7189.197    7139.271    7089.344    7039.417    6989.491    6939.564    6889.638    6839.711    6789.785    6739.747    6689.709    6639.560    6589.412    6539.040    6488.780    6438.187    6387.593    6336.554    6285.516    6234.032    6182.549    6130.510    6078.471    6025.987    5973.392    5920.463    5867.423    5814.160    5760.787    5707.302    5653.706    5599.999    5546.292    5492.584    5438.766    5384.948    5331.129    5277.311    5223.493    5169.674    5115.856    5062.038    5008.220    4954.290    4900.472    4846.653    4792.835    4738.905    4685.087    4631.269    4577.450    4523.521    4469.703    4415.884    4361.955    4308.136    4254.318    4200.500    4146.570    4092.752    4038.933    3985.115    3931.185    3877.367    3823.549    3769.619    3715.801    3661.871    3608.053    3554.346    3500.750    3447.488    3394.225    3341.630    3289.035    3236.996    3184.845    3133.473    3081.990    3032.619    2983.137    2939.216    2895.182    2860.712    2826.241    2807.894
   14788.258   14715.648   14643.037   14584.327   14525.727   14472.464   14419.091   14370.721   14322.351   14277.429   14232.395   14189.140   14145.774   14103.075   14060.265   14017.566   13974.867   13932.168   13889.581   13846.882   13804.183   13761.595   13719.008   13676.309   13633.721   13591.022   13548.435   13505.847   13463.148   13420.560   13377.862   13335.274   13292.575   13249.987   13207.400   13164.701   13122.113   13079.414   13036.827   12994.128   12951.540   12908.841   12866.254   12823.555   12780.967   12738.380   12695.681   12653.093   12610.505   12567.807   12525.219   12482.631   12440.044   12397.567   12354.979   12312.503   12270.027   12227.661   12185.407   12143.153   12101.010   12058.979   12016.947   11975.249   11933.440   11891.964   11850.377   11809.124   11767.759   11726.728   11685.586   11644.555   11603.635   11562.716   11521.796   11480.876   11440.068   11399.259   11358.339   11317.531   11276.722   11235.914   11194.994   11154.185   11113.377   11072.568   11031.649   10990.840   10950.032   10909.223   10868.303   10827.495   10786.686   10745.767   10704.958   10664.038   10623.230   10582.421   10541.501   10500.693   10459.884   10418.965   10378.156   10337.348   10296.428   10255.619   10214.811   10173.891   10133.082   10092.163   10051.354   10010.434    9969.626    9928.706    9887.786    9846.867    9805.836    9764.693    9723.440    9681.965    9640.378    9598.235    9556.203    9513.171    9470.249    9426.216    9382.294    9337.038    9291.893    9245.413    9199.045    9151.454    9103.974    9055.492    9007.012    8957.863    8908.715    8859.122    8809.529    8759.714    8709.898    8660.083    8610.157    8560.230    8510.304    8460.377    8410.451    8360.524    8310.598    8260.671    8210.744    8160.818    8110.892    8060.965    8011.039    7961.112    7911.186    7861.259    7811.333    7761.406    7711.368    7661.553    7611.626    7561.700    7511.773    7461.847    7411.920    7361.994    7312.067    7262.141    7212.214    7162.288    7112.361    7062.435    7012.508    6962.582    6912.655    6862.617    6812.691    6762.653    6712.615    6662.466    6612.317    6562.058    6511.686    6461.092    6410.499    6359.571    6308.533    6257.050    6205.566    6153.638    6101.599    6049.115    5996.520    5943.591    5890.663    5837.289    5784.026    5730.542    5676.946    5623.350    5569.643    5515.936    5462.117    5408.299    5354.592    5300.773    5246.955    5193.137    5139.318    5085.500    5031.682    4977.863    4924.045    4870.227    4816.408    4762.590    4708.771    4654.953    4601.135    4547.316    4493.498    4439.680    4385.861    4332.043    4278.225    4224.407    4170.588    4116.770    4062.951    4009.133    3955.315    3901.385    3847.567    3793.749    3739.930    3686.112    3632.293    3578.586    3524.879    3471.617    3418.354    3365.648    3312.942    3260.791    3208.530    3156.824    3105.229    3055.525    3005.821    2961.788    2917.644    2882.840    2848.147    2827.909
   14805.716   14735.107   14664.609   14606.232   14547.855   14494.703   14441.663   14393.516   14345.369   14300.668   14255.968   14212.824   14169.681   14126.982   14084.283   14041.584   13998.885   13956.186   13913.488   13870.789   13828.090   13785.502   13742.803   13700.216   13657.517   13614.929   13572.230   13529.643   13486.944   13444.356   13401.657   13359.070   13316.371   13273.672   13231.084   13188.385   13145.798   13103.099   13060.511   13017.812   12975.225   12932.526   12889.938   12847.239   12804.541   12761.953   12719.254   12676.666   12634.079   12591.380   12548.792   12506.205   12463.617   12421.029   12378.442   12335.965   12293.489   12251.123   12208.758   12166.615   12124.361   12082.330   12040.409   11998.600   11956.790   11915.315   11873.728   11832.475   11791.110   11750.079   11708.937   11667.906   11626.986   11586.067   11545.147   11504.338   11463.419   11422.610   11381.801   11340.882   11300.073   11259.265   11218.456   11177.536   11136.728   11095.919   11055.111   11014.191   10973.383   10932.574   10891.654   10850.846   10810.037   10769.117   10728.309   10687.389   10646.581   10605.772   10564.852   10524.044   10483.235   10442.316   10401.507   10360.698   10319.779   10278.970   10238.162   10197.242   10156.433   10115.514   10074.705   10033.785    9992.977    9952.057    9911.138    9870.218    9829.187    9788.045    9746.902    9705.427    9663.840    9621.809    9579.665    9536.744    9493.823    9449.900    9405.867    9360.723    9315.577    9269.098    9222.729    9175.139    9127.547    9078.955    9030.474    8981.325    8932.066    8882.473    8832.880    8783.064    8733.249    8683.435    8633.508    8583.581    8533.654    8483.617    8433.690    8383.764    8333.837    8283.911    8233.984    8183.947    8134.020    8084.094    8034.167    7984.241    7934.314    7884.388    7834.461    7784.534    7734.497    7684.570    7634.644    7584.717    7534.791    7484.864    7434.938    7385.011    7335.084    7285.158    7235.231    7185.305    7135.267    7085.341    7035.414    6985.488    6935.561    6885.523    6835.597    6785.559    6735.521    6685.373    6635.224    6584.963    6534.704    6484.110    6433.516    6382.589    6331.550    6280.067    6228.695    6176.656    6124.728    6072.244    6019.648    5966.720    5913.791    5860.529    5807.266    5753.782    5700.186    5646.590    5592.882    5539.175    5485.468    5431.761    5377.942    5324.235    5270.417    5216.599    5162.892    5109.073    5055.255    5001.437    4947.618    4893.911    4840.093    4786.274    4732.456    4678.638    4624.931    4571.112    4517.294    4463.476    4409.657    4355.839    4302.132    4248.313    4194.495    4140.677    4086.858    4033.151    3979.333    3925.514    3871.696    3817.878    3764.060    3710.241    3656.423    3602.827    3549.120    3495.857    3442.595    3389.777    3336.960    3284.587    3232.103    3180.286    3128.358    3078.431    3028.616    2984.250    2939.994    2904.968    2870.052    2847.925
   14823.173   14754.010   14684.958   14626.692   14568.315   14515.386   14462.346   14414.532   14366.718   14322.240   14277.873   14234.841   14191.808   14149.110   14106.411   14063.712   14021.013   13978.314   13935.615   13892.917   13850.218   13807.519   13764.820   13722.232   13679.533   13636.946   13594.247   13551.659   13508.960   13466.262   13423.674   13380.975   13338.387   13295.689   13252.990   13210.402   13167.703   13125.004   13082.417   13039.718   12997.019   12954.431   12911.732   12869.034   12826.446   12783.747   12741.159   12698.461   12655.762   12613.174   12570.586   12527.888   12485.300   12442.712   12400.236   12357.648   12315.172   12272.806   12230.441   12188.187   12145.933   12104.013   12061.981   12020.172   11978.362   11936.887   11895.300   11854.046   11812.682   11771.651   11730.509   11689.589   11648.558   11607.638   11566.719   11525.910   11484.990   11444.182   11403.373   11362.454   11321.645   11280.837   11240.028   11199.108   11158.300   11117.491   11076.683   11035.763   10994.954   10954.146   10913.226   10872.418   10831.609   10790.689   10749.881   10708.961   10668.152   10627.344   10586.424   10545.616   10504.696   10463.887   10423.079   10382.159   10341.351   10300.542   10259.622   10218.814   10177.894   10137.085   10096.277   10055.357   10014.549    9973.629    9932.709    9891.789    9850.759    9809.616    9768.475    9726.999    9685.522    9643.380    9601.349    9558.427    9515.617    9471.584    9427.662    9382.517    9337.261    9290.893    9244.413    9196.821    9149.229    9100.638    9052.156    9002.897    8953.749    8904.045    8854.452    8804.637    8754.821    8704.895    8654.969    8605.042    8555.115    8505.077    8455.151    8405.225    8355.298    8305.261    8255.334    8205.407    8155.480    8105.554    8055.517    8005.590    7955.664    7905.737    7855.699    7805.772    7755.846    7705.919    7655.993    7605.956    7556.029    7506.103    7456.176    7406.250    7356.323    7306.285    7256.358    7206.432    7156.505    7106.579    7056.541    7006.615    6956.688    6906.650    6856.724    6806.686    6756.648    6706.500    6656.351    6606.091    6555.831    6505.237    6454.643    6403.716    6352.789    6301.305    6249.933    6197.894    6145.966    6093.482    6040.998    5988.069    5935.141    5881.878    5828.616    5775.131    5721.646    5668.050    5614.343    5560.747    5507.040    5453.222    5399.514    5345.807    5291.989    5238.282    5184.463    5130.756    5076.938    5023.120    4969.413    4915.594    4861.887    4808.068    4754.361    4700.543    4646.725    4593.018    4539.199    4485.492    4431.674    4377.855    4324.148    4270.330    4216.623    4162.805    4109.097    4055.279    4001.461    3947.753    3893.935    3840.117    3786.298    3732.591    3678.773    3625.177    3571.470    3518.208    3464.945    3412.016    3359.199    3306.604    3254.008    3201.969    3149.819    3099.892    3049.854    3005.488    2961.010    2925.761    2890.512    2867.161
   14840.631   14772.913   14705.307   14647.041   14588.774   14535.957   14483.139   14435.659   14388.068   14343.923   14299.779   14256.858   14213.936   14171.237   14128.539   14085.840   14043.141   14000.442   13957.743   13915.044   13872.345   13829.647   13786.948   13744.249   13701.550   13658.962   13616.264   13573.565   13530.977   13488.278   13445.579   13402.992   13360.293   13317.594   13274.895   13232.307   13189.609   13146.910   13104.211   13061.623   13018.924   12976.226   12933.638   12890.939   12848.240   12805.541   12762.954   12720.255   12677.556   12634.968   12592.269   12549.682   12507.094   12464.506   12421.919   12379.331   12336.855   12294.489   12252.124   12209.870   12167.616   12125.584   12083.553   12041.743   11999.934   11958.458   11916.871   11875.618   11834.365   11793.223   11752.081   11711.161   11670.130   11629.210   11588.290   11547.482   11506.562   11465.754   11424.945   11384.137   11343.217   11302.408   11261.600   11220.680   11179.872   11139.063   11098.143   11057.335   11016.526   10975.718   10934.798   10893.989   10853.070   10812.261   10771.453   10730.533   10689.724   10648.805   10607.996   10567.187   10526.268   10485.459   10444.539   10403.731   10362.922   10322.003   10281.194   10240.274   10199.466   10158.657   10117.738   10076.929   10036.009    9995.090    9954.281    9913.250    9872.330    9831.188    9790.046    9748.570    9707.095    9665.063    9623.031    9580.222    9537.300    9493.378    9449.456    9404.311    9359.055    9312.687    9266.207    9218.615    9170.913    9122.320    9073.729    9024.469    8975.321    8925.617    8876.023    8826.098    8776.282    8726.355    8676.429    8626.502    8576.576    8526.538    8476.611    8426.686    8376.647    8326.721    8276.684    8226.757    8176.830    8126.904    8076.866    8026.939    7977.013    7926.975    7877.049    7827.122    7777.084    7727.158    7677.231    7627.305    7577.267    7527.341    7477.414    7427.487    7377.450    7327.523    7277.597    7227.559    7177.632    7127.706    7077.668    7027.742    6977.815    6927.777    6877.851    6827.813    6777.775    6727.626    6677.478    6627.218    6576.958    6526.364    6475.770    6424.843    6373.916    6322.543    6271.171    6219.132    6167.204    6114.832    6062.347    6009.418    5956.490    5903.228    5850.076    5796.591    5743.107    5689.511    5635.915    5582.208    5528.500    5474.793    5421.086    5367.379    5313.672    5259.854    5206.146    5152.439    5098.621    5044.914    4991.207    4937.388    4883.681    4829.974    4776.156    4722.449    4668.630    4614.923    4561.104    4507.397    4453.690    4399.872    4346.165    4292.458    4238.639    4184.932    4131.225    4077.407    4023.700    3969.881    3916.174    3862.356    3808.649    3754.830    3701.123    3647.527    3593.820    3540.558    3487.295    3434.255    3381.326    3328.620    3275.914    3223.652    3171.390    3121.242    3071.093    3026.615    2982.025    2946.443    2910.861    2886.398
   14858.088   14791.260   14724.543   14666.166   14607.900   14555.194   14502.598   14455.340   14408.194   14364.272   14320.350   14277.540   14234.730   14192.031   14149.332   14106.633   14063.934   14021.124   13978.425   13935.727   13893.028   13850.329   13807.630   13764.931   13722.232   13679.533   13636.946   13594.247   13551.548   13508.849   13466.150   13423.563   13380.864   13338.165   13295.466   13252.767   13210.068   13167.481   13124.782   13082.083   13039.384   12996.685   12954.098   12911.399   12868.700   12826.001   12783.302   12740.715   12698.016   12655.317   12612.618   12570.030   12527.443   12484.744   12442.156   12399.680   12357.203   12314.727   12272.362   12230.108   12187.854   12145.822   12103.790   12061.981   12020.172   11978.585   11937.109   11895.744   11854.491   11813.349   11772.318   11731.287   11690.367   11649.448   11608.528   11567.719   11526.800   11485.991   11445.071   11404.263   11363.454   11322.646   11281.726   11240.918   11200.109   11159.189   11118.381   11077.572   11036.652   10995.844   10954.924   10914.116   10873.307   10832.387   10791.579   10750.659   10709.851   10669.042   10628.122   10587.314   10546.394   10505.585   10464.777   10423.857   10383.049   10342.129   10301.320   10260.401   10219.592   10178.784   10137.864   10097.055   10056.136   10015.216    9974.407    9933.376    9892.457    9851.314    9810.173    9768.696    9727.332    9685.301    9643.269    9600.459    9557.648    9513.615    9469.693    9424.549    9379.403    9332.924    9286.444    9238.742    9191.150    9142.558    9093.854    9044.596    8995.336    8945.743    8896.039    8846.224    8796.297    8746.370    8696.444    8646.518    8596.479    8546.554    8496.516    8446.589    8396.552    8346.625    8296.698    8246.660    8196.734    8146.808    8096.770    8046.843    7996.806    7946.879    7896.841    7846.915    7796.988    7746.951    7697.024    7647.098    7597.060    7547.133    7497.207    7447.169    7397.243    7347.205    7297.278    7247.352    7197.314    7147.388    7097.461    7047.423    6997.497    6947.459    6897.533    6847.495    6797.457    6747.308    6697.159    6646.899    6596.528    6546.045    6495.563    6444.636    6393.708    6342.336    6290.853    6238.925    6186.997    6134.624    6082.140    6029.322    5976.394    5923.131    5869.980    5816.496    5763.011    5709.415    5655.819    5602.223    5548.516    5494.809    5441.212    5387.505    5333.798    5279.980    5226.272    5172.565    5118.858    5065.151    5011.444    4957.737    4904.030    4850.323    4796.504    4742.797    4689.090    4635.383    4581.564    4527.857    4474.150    4420.443    4366.736    4313.029    4259.322    4205.614    4151.796    4098.089    4044.382    3990.675    3936.856    3883.149    3829.442    3775.624    3721.917    3668.321    3614.725    3561.462    3508.089    3455.049    3402.120    3349.191    3296.374    3244.001    3191.628    3141.479    3091.330    3046.741    3002.041    2966.125    2930.097    2904.968
   14875.435   14809.608   14743.780   14685.403   14626.914   14574.430   14522.057   14475.133   14428.320   14384.620   14340.921   14298.111   14255.412   14212.824   14170.125   14127.427   14084.617   14041.918   13999.108   13956.409   13913.710   13871.011   13828.312   13785.613   13742.915   13700.216   13657.517   13614.818   13572.119   13529.420   13486.833   13444.134   13401.435   13358.736   13316.037   13273.338   13230.640   13187.941   13145.242   13102.543   13059.844   13017.145   12974.446   12931.859   12889.160   12846.461   12803.762   12761.063   12718.365   12675.666   12633.078   12590.379   12547.680   12505.093   12462.505   12420.029   12377.441   12334.964   12292.599   12250.345   12208.091   12165.948   12123.916   12082.107   12040.298   11998.822   11957.235   11915.982   11874.729   11833.586   11792.556   11751.525   11710.605   11669.685   11628.765   11587.846   11547.037   11506.117   11465.309   11424.500   11383.581   11342.772   11301.964   11261.044   11220.235   11179.427   11138.507   11097.698   11056.890   11015.970   10975.162   10934.242   10893.433   10852.514   10811.705   10770.897   10729.977   10689.168   10648.249   10607.440   10566.520   10525.712   10484.903   10443.983   10403.175   10362.255   10321.447   10280.527   10239.718   10198.799   10157.990   10117.070   10076.262   10035.342    9994.423    9953.503    9912.583    9871.440    9830.299    9788.935    9747.459    9705.427    9663.506    9620.696    9577.886    9533.964    9490.042    9444.897    9399.641    9353.161    9306.682    9258.979    9211.388    9162.685    9114.092    9064.722    9015.462    8965.758    8916.054    8866.238    8816.312    8766.386    8716.459    8666.422    8616.495    8566.457    8516.530    8466.493    8416.566    8366.528    8316.603    8266.564    8216.638    8166.600    8116.674    8066.636    8016.709    7966.672    7916.745    7866.708    7816.781    7766.854    7716.817    7666.890    7616.853    7566.926    7516.888    7466.962    7416.924    7366.998    7316.960    7267.033    7216.996    7167.069    7117.143    7067.105    7017.178    6967.141    6917.103    6867.065    6817.027    6766.878    6716.841    6666.469    6616.209    6565.727    6515.244    6464.317    6413.390    6362.018    6310.646    6258.718    6206.901    6154.417    6102.044    6049.115    5996.297    5943.035    5889.884    5836.399    5783.026    5729.430    5675.834    5622.238    5568.531    5514.935    5461.228    5407.521    5353.924    5300.217    5246.510    5192.803    5139.096    5085.389    5031.682    4977.975    4924.267    4870.560    4816.853    4763.146    4709.438    4655.731    4602.024    4548.317    4494.721    4441.014    4387.307    4333.600    4279.893    4226.186    4172.479    4118.771    4065.064    4011.357    3957.650    3903.943    3850.236    3796.528    3742.821    3689.225    3635.629    3582.367    3528.993    3475.953    3422.802    3369.873    3316.833    3264.350    3211.865    3161.717    3111.456    3066.756    3022.056    2985.695    2949.445    2923.648
   14892.893   14827.399   14761.905   14703.305   14644.817   14592.666   14540.405   14493.925   14447.446   14403.968   14360.491   14317.792   14275.093   14232.506   14189.807   14147.108   14104.298   14061.599   14018.789   13975.979   13933.280   13890.581   13847.883   13805.184   13762.485   13719.786   13677.087   13634.388   13591.689   13548.991   13506.292   13463.593   13420.894   13378.195   13335.496   13292.798   13250.099   13207.400   13164.701   13122.002   13079.303   13036.604   12993.906   12951.207   12908.508   12865.809   12823.110   12780.411   12737.712   12695.014   12652.315   12609.616   12567.028   12524.329   12481.742   12439.154   12396.678   12354.201   12311.725   12269.471   12227.217   12185.185   12143.042   12101.233   12059.423   12017.948   11976.361   11935.107   11893.854   11852.712   11811.681   11770.650   11729.730   11688.811   11647.891   11606.971   11566.163   11525.243   11484.434   11443.626   11402.706   11361.898   11321.089   11280.169   11239.361   11198.441   11157.633   11116.824   11075.904   11035.096   10994.176   10953.367   10912.448   10871.639   10830.719   10789.911   10748.991   10708.183   10667.374   10626.454   10585.646   10544.726   10503.918   10462.998   10422.189   10381.270   10340.461   10299.541   10258.733   10217.813   10177.004   10136.085   10095.276   10054.356   10013.437    9972.517    9931.598    9890.455    9849.313    9807.948    9766.473    9724.553    9682.521    9639.822    9597.012    9553.090    9509.168    9464.022    9418.767    9372.287    9325.808    9278.104    9230.291    9181.698    9132.995    9083.625    9034.365    8984.661    8934.957    8885.030    8835.104    8785.178    8735.251    8685.213    8635.287    8585.249    8535.322    8485.285    8435.247    8385.320    8335.283    8285.356    8235.318    8185.392    8135.354    8085.317    8035.390    7985.353    7935.426    7885.388    7835.462    7785.424    7735.498    7685.459    7635.422    7585.496    7535.458    7485.531    7435.494    7385.567    7335.529    7285.603    7235.565    7185.639    7135.601    7085.563    7035.637    6985.599    6935.561    6885.523    6835.486    6785.337    6735.299    6685.039    6634.779    6584.185    6533.703    6482.775    6431.959    6380.587    6329.215    6277.287    6225.470    6173.098    6120.613    6067.796    6014.979    5961.716    5908.565    5855.080    5801.707    5748.110    5694.626    5641.030    5587.434    5533.727    5480.131    5426.424    5372.828    5319.121    5265.414    5211.817    5158.110    5104.403    5050.696    4997.100    4943.393    4889.686    4836.090    4782.383    4728.675    4674.968    4621.261    4567.665    4513.958    4460.251    4406.655    4352.948    4299.241    4245.645    4191.938    4138.230    4084.523    4030.816    3977.220    3923.513    3869.806    3816.099    3762.392    3708.907    3655.311    3602.049    3548.675    3495.524    3442.373    3389.221    3336.181    3283.586    3231.102    3180.953    3130.804    3085.993    3041.292    3004.598    2967.792    2941.773
   14910.350   14845.190   14780.030   14721.319   14662.719   14610.791   14558.863   14512.717   14466.571   14423.316   14380.061   14337.363   14294.775   14252.187   14209.488   14166.790   14123.980   14081.170   14038.359   13995.661   13952.851   13910.152   13867.453   13824.754   13781.944   13739.245   13696.546   13653.847   13611.149   13568.450   13525.751   13483.052   13440.353   13397.654   13354.955   13312.257   13269.447   13226.748   13184.049   13141.350   13098.651   13055.952   13013.253   12970.555   12927.856   12885.157   12842.347   12799.648   12756.949   12714.250   12671.551   12628.964   12586.265   12543.566   12500.978   12458.391   12415.803   12373.438   12330.961   12288.596   12246.342   12204.310   12162.167   12120.358   12078.549   12037.073   11995.486   11954.233   11912.980   11871.838   11830.807   11789.776   11748.856   11707.936   11667.016   11626.097   11585.288   11544.368   11503.560   11462.751   11421.832   11381.023   11340.103   11299.295   11258.486   11217.567   11176.758   11135.838   11095.030   11054.110   11013.302   10972.382   10931.573   10890.654   10849.845   10808.925   10768.117   10727.197   10686.388   10645.469   10604.660   10563.740   10522.932   10482.012   10441.204   10400.284   10359.475   10318.556   10277.747   10236.827   10196.019   10155.099   10114.291   10073.371   10032.451    9991.531    9950.500    9909.470    9868.327    9826.963    9785.599    9743.566    9701.646    9658.836    9616.138    9572.215    9528.293    9483.148    9437.892    9391.412    9344.821    9297.119    9249.306    9200.602    9151.898    9102.528    9053.157    9003.453    8953.749    8903.822    8853.896    8803.970    8754.043    8704.005    8654.079    8604.041    8554.003    8503.966    8454.039    8404.001    8353.964    8304.037    8253.999    8204.073    8154.035    8103.998    8054.071    8004.033    7953.996    7904.069    7854.031    7803.994    7754.067    7704.029    7654.103    7604.065    7554.027    7504.101    7454.063    7404.025    7354.099    7304.061    7254.135    7204.097    7154.059    7104.133    7054.095    7004.057    6954.131    6903.982    6853.944    6803.906    6753.757    6703.497    6653.237    6602.755    6552.161    6501.345    6450.417    6399.157    6347.785    6295.857    6244.040    6191.667    6139.294    6086.477    6033.548    5980.396    5927.246    5873.872    5820.387    5766.902    5713.417    5659.822    5606.226    5552.630    5498.923    5445.327    5391.731    5338.023    5284.428    5230.721    5177.125    5123.417    5069.821    5016.114    4962.519    4908.811    4855.215    4801.508    4747.912    4694.205    4640.609    4586.902    4533.306    4479.599    4426.003    4372.296    4318.700    4264.993    4211.396    4157.689    4103.982    4050.386    3996.679    3942.972    3889.376    3835.669    3782.073    3728.588    3674.992    3621.619    3568.356    3515.094    3461.943    3408.680    3355.529    3302.934    3250.228    3200.190    3150.041    3105.341    3060.529    3023.390    2986.140    2960.009
   14927.808   14862.536   14797.376   14738.554   14679.732   14628.249   14576.765   14531.064   14485.252   14442.108   14398.965   14356.377   14313.901   14271.202   14228.503   14185.804   14142.994   14100.184   14057.374   14014.564   13971.865   13929.055   13886.356   13843.657   13800.958   13758.148   13715.449   13672.751   13630.052   13587.353   13544.654   13501.844   13459.145   13416.446   13373.747   13331.049   13288.239   13245.540   13202.841   13160.142   13117.443   13074.633   13031.934   12989.235   12946.537   12903.838   12861.139   12818.329   12775.630   12732.931   12690.232   12647.533   12604.834   12562.247   12519.548   12476.960   12434.373   12391.896   12349.420   12307.166   12264.912   12222.769   12180.737   12138.928   12097.118   12055.532   12014.056   11972.691   11931.438   11890.296   11849.265   11808.234   11767.314   11726.395   11685.475   11644.666   11603.747   11562.938   11522.018   11481.210   11440.290   11399.481   11358.562   11317.753   11276.833   11236.025   11195.105   11154.297   11113.377   11072.568   11031.649   10990.840   10949.920   10909.112   10868.192   10827.384   10786.464   10745.655   10704.736   10663.927   10623.007   10582.199   10541.279   10500.471   10459.551   10418.631   10377.823   10336.903   10296.094   10255.174   10214.366   10173.446   10132.638   10091.718   10050.798   10009.878    9968.848    9927.816    9886.675    9845.310    9803.945    9762.025    9719.993    9677.295    9634.484    9590.674    9546.752    9501.606    9456.351    9409.760    9363.280    9315.466    9267.652    9218.949    9170.135    9120.764    9071.394    9021.689    8971.874    8921.947    8872.132    8822.095    8772.168    8722.130    8672.093    8622.166    8572.128    8522.091    8472.053    8422.126    8372.089    8322.051    8272.124    8222.087    8172.049    8122.011    8072.084    8022.047    7972.009    7922.083    7872.045    7822.007    7772.081    7722.043    7672.005    7621.967    7572.041    7522.003    7471.965    7422.039    7372.001    7321.963    7272.037    7222.000    7171.961    7122.035    7071.997    7021.959    6971.922    6921.884    6871.847    6821.698    6771.549    6721.289    6671.028    6620.546    6570.063    6519.248    6468.320    6417.059    6365.687    6313.870    6262.054    6209.681    6157.308    6104.490    6051.673    5998.521    5945.370    5891.886    5838.512    5785.027    5731.542    5677.946    5624.351    5570.754    5517.159    5463.562    5409.967    5356.371    5302.775    5249.068    5195.472    5141.876    5088.280    5034.573    4980.977    4927.381    4873.674    4820.078    4766.482    4712.774    4659.179    4605.583    4551.875    4498.280    4444.684    4391.088    4337.380    4283.785    4230.188    4176.481    4122.886    4069.178    4015.583    3961.986    3908.279    3854.683    3801.087    3747.603    3694.007    3640.744    3587.371    3534.108    3480.846    3427.583    3374.321    3321.615    3269.020    3218.982    3168.944    3124.133    3079.321    3041.626    3003.820    2975.243
   14945.154   14879.994   14814.722   14755.789   14696.856   14645.817   14594.668   14549.300   14503.933   14461.011   14417.979   14375.503   14332.915   14290.216   14247.517   14204.818   14162.008   14119.198   14076.388   14033.578   13990.768   13948.069   13905.259   13862.560   13819.861   13777.051   13734.353   13691.654   13648.955   13606.145   13563.446   13520.747   13478.048   13435.238   13392.539   13349.841   13307.030   13264.332   13221.633   13178.934   13136.124   13093.425   13050.726   13007.916   12965.217   12922.518   12879.820   12837.010   12794.311   12751.612   12708.913   12666.214   12623.515   12580.816   12538.229   12495.530   12452.942   12410.466   12367.989   12325.735   12283.370   12241.338   12199.195   12157.386   12115.577   12073.990   12032.514   11991.261   11949.896   11908.865   11867.723   11826.804   11785.773   11744.853   11703.933   11663.125   11622.205   11581.396   11540.477   11499.668   11458.748   11417.940   11377.020   11336.212   11295.292   11254.483   11213.564   11172.755   11131.835   11091.027   11050.107   11009.298   10968.379   10927.459   10886.650   10845.731   10804.922   10764.002   10723.083   10682.274   10641.354   10600.546   10559.626   10518.818   10477.898   10436.978   10396.170   10355.250   10314.441   10273.522   10232.602   10191.793   10150.874   10109.954   10069.145   10028.114    9987.194    9946.053    9905.021    9863.657    9822.293    9780.372    9738.452    9695.642    9652.942    9609.021    9565.210    9519.953    9474.809    9428.218    9381.627    9333.813    9285.999    9237.185    9188.370    9139.000    9089.629    9039.814    8990.109    8940.184    8890.257    8840.219    8790.293    8740.255    8690.217    8640.291    8590.253    8540.215    8490.178    8440.140    8390.213    8340.176    8290.138    8240.100    8190.062    8140.136    8090.098    8040.061    7990.022    7939.985    7890.059    7840.021    7789.983    7739.945    7690.019    7639.981    7589.943    7539.906    7489.979    7439.941    7389.904    7339.866    7289.939    7239.902    7189.864    7139.826    7089.900    7039.862    6989.824    6939.787    6889.638    6839.600    6789.451    6739.191    6688.931    6638.448    6587.966    6537.150    6486.223    6434.961    6383.701    6331.884    6280.067    6227.694    6175.321    6122.504    6069.687    6016.535    5963.384    5910.010    5856.637    5803.152    5749.667    5696.183    5642.586    5588.991    5535.506    5481.910    5428.314    5374.718    5321.122    5267.415    5213.819    5160.223    5106.627    5053.031    4999.435    4945.839    4892.243    4838.647    4785.051    4731.344    4677.748    4624.152    4570.556    4516.960    4463.364    4409.769    4356.172    4302.577    4248.980    4195.385    4141.677    4088.082    4034.486    3980.890    3927.294    3873.698    3820.102    3766.617    3713.132    3659.759    3606.385    3553.011    3499.749    3446.375    3393.113    3340.407    3287.700    3237.774    3187.736    3142.925    3098.113    3059.751    3021.388    2990.476
   14962.612   14896.896   14831.068   14772.135   14713.313   14662.719   14612.237   14567.203   14522.169   14479.359   14436.437   14393.850   14351.373   14308.674   14265.976   14223.165   14180.355   14137.545   14094.735   14051.925   14009.115   13966.416   13923.606   13880.907   13838.097   13795.399   13752.700   13709.890   13667.191   13624.492   13581.682   13538.983   13496.173   13453.474   13410.775   13367.965   13325.266   13282.568   13239.758   13197.059   13154.249   13111.550   13068.851   13026.041   12983.342   12940.643   12897.833   12855.134   12812.435   12769.625   12726.927   12684.228   12641.529   12598.830   12556.131   12513.543   12470.956   12428.479   12385.892   12343.638   12301.272   12259.129   12217.098   12175.288   12133.479   12091.892   12050.305   12009.052   11967.799   11926.768   11885.626   11844.706   11803.675   11762.755   11721.836   11681.027   11640.107   11599.188   11558.379   11517.459   11476.651   11435.731   11394.922   11354.003   11313.194   11272.274   11231.355   11190.546   11149.626   11108.818   11067.898   11026.978   10986.170   10945.250   10904.330   10863.522   10822.602   10781.794   10740.874   10699.954   10659.146   10618.226   10577.417   10536.498   10495.578   10454.769   10413.850   10372.930   10332.121   10291.202   10250.393   10209.473   10168.554   10127.634   10086.825   10045.794   10004.875    9963.732    9922.702    9881.337    9839.973    9798.052    9756.132    9713.433    9670.734    9626.812    9583.001    9537.745    9492.600    9445.897    9399.307    9351.493    9303.680    9254.865    9206.051    9156.568    9107.198    9057.383    9007.567    8957.641    8907.715    8857.788    8807.750    8757.712    8707.786    8657.748    8607.711    8557.673    8507.635    8457.598    8407.560    8357.633    8307.596    8257.558    8207.520    8157.482    8107.444    8057.407    8007.480    7957.442    7907.405    7857.367    7807.330    7757.292    7707.365    7657.328    7607.290    7557.252    7507.214    7457.177    7407.250    7357.212    7307.175    7257.137    7207.099    7157.172    7107.135    7057.097    7007.060    6957.022    6906.873    6856.835    6806.686    6756.426    6706.166    6655.684    6605.201    6554.385    6503.569    6452.308    6401.047    6349.230    6297.414    6245.041    6192.779    6139.961    6087.144    6033.993    5980.841    5927.579    5874.206    5820.721    5767.236    5713.751    5660.155    5606.670    5553.075    5499.479    5445.994    5392.398    5338.802    5285.206    5231.610    5178.014    5124.529    5070.934    5017.337    4963.742    4910.146    4856.550    4802.954    4749.358    4695.762    4642.166    4588.681    4535.085    4481.489    4427.893    4374.297    4320.701    4267.105    4213.509    4159.914    4106.317    4052.721    3999.125    3945.530    3892.045    3838.449    3784.964    3731.479    3678.106    3624.732    3571.359    3518.096    3464.723    3411.238    3358.643    3305.936    3256.010    3206.195    3161.272    3116.460    3077.320    3038.179    3005.265
   14980.069   14913.797   14847.414   14788.592   14729.770   14679.732   14629.805   14585.105   14540.516   14497.706   14454.896   14412.308   14369.720   14327.022   14284.323   14241.513   14198.703   14155.893   14113.082   14070.272   14027.462   13984.764   13941.953   13899.143   13856.445   13813.635   13770.936   13728.237   13685.427   13642.728   13599.918   13557.219   13514.409   13471.710   13428.900   13386.201   13343.391   13300.692   13257.993   13215.183   13172.485   13129.675   13086.976   13044.166   13001.467   12958.657   12915.958   12873.148   12830.449   12787.750   12744.940   12702.241   12659.542   12616.844   12574.145   12531.557   12488.858   12446.382   12403.905   12361.540   12319.175   12277.032   12235.000   12193.191   12151.270   12109.795   12068.208   12026.954   11985.701   11944.559   11903.528   11862.497   11821.577   11780.658   11739.738   11698.818   11658.010   11617.090   11576.170   11535.362   11494.442   11453.633   11412.714   11371.794   11330.985   11290.066   11249.146   11208.337   11167.418   11126.609   11085.689   11044.770   11003.961   10963.041   10922.122   10881.313   10840.393   10799.474   10758.665   10717.745   10676.826   10636.017   10595.097   10554.178   10513.369   10472.449   10431.530   10390.721   10349.801   10308.882   10268.073   10227.153   10186.234   10145.314   10104.394   10063.474   10022.555    9981.413    9940.382    9899.018    9857.652    9815.732    9773.923    9731.224    9688.525    9644.604    9600.792    9555.536    9510.279    9463.689    9417.099    9369.173    9321.359    9272.434    9223.619    9174.138    9124.655    9074.951    9025.136    8975.210    8925.283    8875.245    8825.208    8775.281    8725.243    8675.206    8625.168    8575.131    8525.093    8475.055    8425.018    8374.979    8324.941    8274.904    8224.978    8174.940    8124.902    8074.864    8024.827    7974.789    7924.751    7874.713    7824.676    7774.750    7724.711    7674.674    7624.636    7574.599    7524.561    7474.523    7424.485    7374.447    7324.521    7274.483    7224.446    7174.408    7124.370    7074.333    7024.295    6974.257    6924.108    6874.070    6823.921    6773.661    6723.401    6672.918    6622.547    6571.731    6520.916    6469.654    6418.394    6366.577    6314.760    6262.499    6210.125    6157.419    6104.602    6051.450    5998.410    5945.037    5891.663    5838.290    5784.805    5731.320    5677.835    5624.239    5570.754    5517.159    5463.674    5410.078    5356.482    5302.997    5249.401    5195.917    5142.321    5088.725    5035.240    4981.644    4928.048    4874.452    4820.967    4767.371    4713.775    4660.291    4606.695    4553.099    4499.614    4446.018    4392.422    4338.937    4285.341    4231.745    4178.149    4124.665    4071.069    4017.473    3963.877    3910.392    3856.796    3803.423    3749.938    3696.564    3643.191    3589.817    3536.332    3482.959    3429.474    3376.879    3324.172    3274.357    3224.542    3179.619    3134.696    3094.777    3054.969    3020.054
   14997.527   14930.143   14862.647   14804.159   14745.670   14696.300   14647.041   14602.674   14558.307   14515.497   14472.798   14430.210   14387.623   14344.924   14302.225   14259.415   14216.605   14173.684   14130.874   14088.064   14045.254   14002.444   13959.745   13916.935   13874.125   13831.426   13788.616   13745.917   13703.107   13660.408   13617.598   13574.899   13532.089   13489.390   13446.580   13403.770   13361.071   13318.261   13275.562   13232.752   13190.053   13147.243   13104.544   13061.734   13018.924   12976.226   12933.416   12890.717   12847.907   12805.208   12762.398   12719.699   12677.000   12634.301   12591.602   12548.903   12506.316   12463.839   12421.252   12378.886   12336.521   12294.378   12252.347   12210.426   12168.617   12127.141   12085.554   12044.301   12003.048   11961.905   11920.875   11879.844   11838.924   11798.004   11757.084   11716.165   11675.245   11634.325   11593.517   11552.597   11511.788   11470.869   11429.949   11389.140   11348.221   11307.301   11266.381   11225.573   11184.653   11143.733   11102.925   11062.005   11021.085   10980.277   10939.357   10898.437   10857.517   10816.709   10775.789   10734.869   10694.061   10653.141   10612.221   10571.302   10530.493   10489.573   10448.654   10407.734   10366.925   10326.006   10285.086   10244.277   10203.358   10162.438   10121.518   10080.598   10039.568    9998.536    9957.395    9916.142    9874.776    9832.856    9791.047    9748.348    9705.649    9661.839    9617.916    9572.771    9527.515    9480.813    9434.223    9386.297    9338.372    9289.446    9240.632    9191.150    9141.669    9091.854    9042.038    8992.111    8942.185    8892.147    8842.221    8792.183    8742.146    8692.107    8642.069    8592.032    8541.994    8491.956    8441.919    8391.881    8341.844    8291.806    8241.768    8191.730    8141.692    8091.655    8041.617    7991.580    7941.542    7891.504    7841.466    7791.540    7741.502    7691.464    7641.427    7591.389    7541.351    7491.313    7441.276    7391.238    7341.200    7291.163    7241.125    7191.087    7141.049    7091.012    7040.974    6990.936    6940.898    6890.750    6840.601    6790.341    6740.192    6689.709    6639.227    6588.411    6537.595    6486.445    6435.184    6383.367    6331.662    6279.289    6227.027    6174.321    6121.503    6068.463    6015.312    5962.050    5908.676    5855.302    5801.818    5748.333    5694.848    5641.363    5587.878    5534.283    5480.798    5427.202    5373.717    5320.232    5266.637    5213.152    5159.556    5106.071    5052.475    4998.990    4945.395    4891.910    4838.313    4784.829    4731.233    4677.748    4624.152    4570.667    4517.071    4463.587    4409.991    4356.506    4302.910    4249.425    4195.830    4142.345    4088.749    4035.264    3981.668    3928.183    3874.698    3821.214    3767.729    3714.355    3660.982    3607.608    3554.123    3500.750    3447.265    3394.670    3341.963    3292.260    3242.555    3197.410    3152.376    3111.679    3071.093    3034.398
   15014.873   14946.488   14877.992   14819.726   14761.571   14712.868   14664.276   14620.131   14576.098   14533.399   14490.700   14448.002   14405.414   14362.715   14320.016   14277.206   14234.396   14191.475   14148.665   14105.855   14063.045   14020.235   13977.425   13934.726   13891.916   13849.106   13806.407   13763.597   13720.898   13678.088   13635.278   13592.579   13549.769   13506.959   13464.260   13421.450   13378.640   13335.941   13293.131   13250.321   13207.622   13164.812   13122.002   13079.303   13036.493   12993.794   12950.984   12908.174   12865.475   12822.665   12779.967   12737.156   12694.458   12651.759   12609.060   12566.361   12523.773   12481.186   12438.598   12396.233   12353.868   12311.725   12269.693   12227.772   12185.963   12144.376   12102.901   12061.647   12020.283   11979.252   11938.110   11897.190   11856.159   11815.239   11774.320   11733.400   11692.591   11651.672   11610.752   11569.943   11529.024   11488.104   11447.184   11406.376   11365.456   11324.536   11283.616   11242.808   11201.888   11160.968   11120.160   11079.240   11038.320   10997.401   10956.481   10915.672   10874.753   10833.833   10792.913   10752.105   10711.185   10670.265   10629.345   10588.537   10547.617   10506.697   10465.778   10424.858   10383.938   10343.130   10302.210   10261.290   10220.482   10179.451   10138.531   10097.611   10056.692   10015.549    9974.519    9933.154    9891.900    9849.980    9808.171    9765.472    9722.773    9678.962    9635.151    9589.896    9544.639    9498.048    9451.347    9403.422    9355.496    9306.570    9257.645    9208.163    9158.682    9108.866    9059.051    9009.013    8959.086    8909.049    8859.122    8809.085    8759.047    8709.009    8658.972    8608.934    8558.896    8508.858    8458.820    8408.782    8358.745    8308.707    8258.670    8208.632    8158.594    8108.445    8058.408    8008.481    7958.443    7908.406    7858.368    7808.330    7758.292    7708.255    7658.217    7608.179    7558.142    7508.104    7458.066    7408.028    7357.991    7307.953    7257.916    7207.877    7157.840    7107.802    7057.653    7007.616    6957.578    6907.429    6857.280    6807.131    6756.871    6706.388    6656.017    6605.201    6554.385    6503.235    6451.975    6400.269    6348.452    6296.190    6243.929    6191.111    6138.405    6085.365    6032.213    5978.951    5925.689    5872.204    5818.831    5765.346    5711.972    5658.376    5604.892    5551.407    5497.922    5444.437    5390.953    5337.356    5283.872    5230.387    5176.902    5123.306    5069.821    5016.337    4962.741    4909.256    4855.771    4802.175    4748.690    4695.206    4641.721    4588.125    4534.640    4481.155    4427.671    4374.075    4320.590    4267.105    4213.509    4160.024    4106.540    4052.944    3999.459    3945.974    3892.490    3839.005    3785.631    3732.258    3678.884    3625.399    3571.915    3518.430    3464.945    3412.461    3359.866    3310.162    3260.458    3215.201    3170.056    3128.581    3087.105    3048.854
   15032.331   14962.167   14892.003   14834.626   14777.250   14729.214   14681.289   14637.367   14593.556   14550.746   14508.047   14465.348   14422.760   14380.061   14337.251   14294.441   14251.631   14208.821   14165.900   14123.090   14080.280   14037.470   13994.660   13951.961   13909.151   13866.341   13823.531   13780.832   13738.022   13695.212   13652.402   13609.703   13566.893   13524.083   13481.384   13438.574   13395.764   13352.954   13310.255   13267.445   13224.635   13181.825   13139.126   13096.316   13053.506   13010.696   12967.997   12925.187   12882.377   12839.678   12796.868   12754.169   12711.359   12668.660   12625.962   12583.263   12540.564   12498.087   12455.500   12413.134   12370.769   12328.626   12286.483   12244.563   12202.754   12161.167   12119.691   12078.438   12037.073   11996.042   11954.900   11913.980   11872.949   11832.030   11791.110   11750.190   11709.271   11668.462   11627.542   11586.623   11545.703   11504.894   11463.975   11423.055   11382.135   11341.215   11300.407   11259.487   11218.567   11177.648   11136.728   11095.919   11055.000   11014.080   10973.160   10932.240   10891.321   10850.401   10809.592   10768.673   10727.753   10686.833   10645.913   10605.105   10564.185   10523.265   10482.346   10441.426   10400.506   10359.587   10318.778   10277.858   10236.939   10196.019   10155.099   10114.068   10073.148   10032.117    9990.976    9949.722    9908.357    9866.548    9824.739    9782.040    9739.341    9695.530    9651.720    9606.463    9561.207    9514.616    9467.914    9419.878    9371.953    9323.027    9274.102    9224.509    9175.027    9125.212    9075.396    9025.470    8975.432    8925.395    8875.468    8825.430    8775.393    8725.354    8675.317    8625.279    8575.131    8525.093    8475.055    8425.018    8374.979    8324.941    8274.904    8224.866    8174.829    8124.791    8074.753    8024.715    7974.678    7924.640    7874.603    7824.564    7774.527    7724.489    7674.451    7624.414    7574.265    7524.227    7474.189    7424.152    7374.114    7324.076    7274.039    7224.001    7173.963    7123.925    7073.888    7023.850    6973.701    6923.663    6873.514    6823.254    6772.994    6722.623    6672.141    6621.436    6570.620    6519.470    6468.209    6416.503    6364.797    6312.536    6260.274    6207.568    6154.750    6101.710    6048.670    5995.408    5942.146    5888.772    5835.288    5781.914    5728.429    5674.944    5621.459    5568.086    5514.601    5461.005    5407.521    5354.036    5300.551    5247.066    5193.582    5140.097    5086.612    5033.127    4979.643    4926.158    4872.673    4819.077    4765.592    4712.107    4658.623    4605.138    4551.653    4498.168    4444.684    4391.199    4337.714    4284.229    4230.633    4177.148    4123.664    4070.179    4016.694    3963.210    3909.725    3856.351    3802.866    3749.493    3696.119    3642.635    3589.261    3535.776    3482.292    3429.696    3377.212    3327.619    3278.026    3232.548    3187.069    3144.815    3102.561    3062.975
   15049.789   14977.845   14906.014   14849.415   14792.928   14745.559   14698.190   14654.602   14610.902   14568.203   14525.393   14482.694   14440.107   14397.297   14354.598   14311.677   14268.867   14226.057   14183.246   14140.325   14097.515   14054.705   14011.895   13969.085   13926.275   13883.576   13840.766   13797.956   13755.146   13712.336   13669.637   13626.827   13584.017   13541.207   13498.397   13455.698   13412.888   13370.078   13327.268   13284.458   13241.648   13198.949   13156.139   13113.329   13070.519   13027.709   12985.010   12942.200   12899.390   12856.580   12813.881   12771.071   12728.261   12685.562   12642.863   12600.164   12557.465   12514.878   12472.290   12429.925   12387.560   12345.417   12303.274   12261.353   12219.544   12177.957   12136.481   12095.228   12053.864   12012.833   11971.691   11930.771   11889.740   11848.820   11807.900   11766.981   11726.061   11685.141   11644.222   11603.413   11562.493   11521.574   11480.654   11439.734   11398.814   11357.895   11317.086   11276.166   11235.247   11194.327   11153.407   11112.487   11071.568   11030.648   10989.839   10948.920   10908.000   10867.080   10826.160   10785.241   10744.321   10703.401   10662.482   10621.673   10580.753   10539.834   10498.914   10457.994   10417.074   10376.155   10335.235   10294.315   10253.395   10212.476   10171.556   10130.636   10089.605   10048.574   10007.543    9966.179    9924.926    9883.005    9841.195    9798.608    9755.909    9712.099    9668.288    9623.143    9577.886    9531.185    9484.371    9436.446    9388.410    9339.484    9290.447    9240.966    9191.373    9141.558    9091.742    9041.815    8991.777    8941.852    8891.813    8841.775    8791.738    8741.700    8691.663    8641.514    8591.476    8541.438    8491.400    8441.363    8391.325    8341.287    8291.250    8241.212    8191.063    8141.025    8090.988    8040.950    7990.912    7940.875    7890.837    7840.799    7790.761    7740.724    7690.686    7640.537    7590.500    7540.461    7490.424    7440.386    7390.349    7340.311    7290.273    7240.235    7190.197    7140.160    7090.011    7039.973    6989.936    6939.787    6889.638    6839.489    6789.229    6738.857    6688.375    6637.670    6586.854    6535.704    6484.555    6432.849    6381.143    6328.882    6276.620    6223.914    6171.207    6118.167    6065.127    6011.865    5958.603    5905.229    5851.855    5798.371    5744.997    5691.512    5638.028    5584.654    5531.169    5477.685    5424.200    5370.715    5317.341    5263.856    5210.372    5156.887    5103.402    5049.917    4996.433    4942.948    4889.463    4835.979    4782.494    4729.120    4675.636    4622.151    4568.666    4515.181    4461.696    4408.212    4354.727    4301.242    4247.869    4194.384    4140.899    4087.414    4033.929    3980.445    3927.071    3873.586    3820.213    3766.839    3713.466    3659.981    3606.496    3553.011    3499.527    3447.043    3394.559    3345.077    3295.484    3249.783    3204.082    3161.049    3117.906    3077.097
   15061.464   14990.410   14919.468   14864.093   14808.607   14761.794   14714.981   14671.392   14627.915   14585.105   14542.295   14499.596   14456.897   14414.087   14371.277   14328.467   14285.657   14242.847   14199.926   14157.116   14114.306   14071.496   14028.686   13985.875   13943.065   13900.255   13857.445   13814.635   13771.825   13729.015   13686.205   13643.506   13600.696   13557.886   13515.076   13472.266   13429.456   13386.646   13343.836   13301.026   13258.216   13215.406   13172.707   13129.897   13087.087   13044.277   13001.467   12958.657   12915.847   12873.148   12830.338   12787.528   12744.718   12702.019   12659.209   12616.621   12573.922   12531.335   12488.747   12446.271   12403.905   12361.762   12319.620   12277.699   12235.890   12194.303   12152.716   12111.463   12070.209   12029.067   11988.036   11947.005   11906.086   11865.055   11824.135   11783.215   11742.295   11701.376   11660.567   11619.647   11578.728   11537.808   11496.888   11455.969   11415.049   11374.129   11333.209   11292.290   11251.370   11210.450   11169.530   11128.611   11087.802   11046.882   11005.963   10965.043   10924.123   10883.203   10842.284   10801.364   10760.444   10719.525   10678.605   10637.685   10596.765   10555.846   10514.926   10474.006   10433.086   10392.167   10351.247   10310.327   10269.407   10228.488   10187.568   10146.537   10105.617   10064.586   10023.444    9982.191    9940.826    9899.018    9857.208    9814.620    9772.032    9728.222    9684.411    9639.154    9593.898    9547.196    9500.383    9452.458    9404.422    9355.385    9306.459    9256.866    9207.273    9157.458    9107.643    9057.605    9007.679    8957.641    8907.604    8857.565    8807.527    8757.490    8707.452    8657.415    8607.377    8557.228    8507.190    8457.152    8407.115    8357.077    8307.039    8257.002    8206.853    8156.815    8106.777    8056.740    8006.702    7956.664    7906.626    7856.589    7806.440    7756.402    7706.364    7656.327    7606.289    7556.251    7506.213    7456.176    7406.138    7355.989    7305.952    7255.914    7205.876    7155.838    7105.801    7055.652    7005.614    6955.465    6905.427    6855.167    6804.907    6754.536    6704.165    6653.349    6602.644    6551.494    6500.344    6448.639    6396.933    6344.783    6292.521    6239.814    6187.108    6134.068    6081.028    6027.766    5974.503    5921.241    5867.868    5814.383    5761.009    5707.636    5654.151    5600.777    5547.292    5493.808    5440.434    5386.949    5333.465    5280.091    5226.606    5173.122    5119.748    5066.263    5012.778    4959.293    4905.920    4852.436    4798.951    4745.577    4692.092    4638.607    4585.234    4531.749    4478.265    4424.891    4371.406    4317.921    4264.437    4211.063    4157.578    4104.093    4050.720    3997.235    3943.862    3890.377    3837.003    3783.630    3730.256    3676.771    3623.287    3569.802    3516.428    3463.944    3411.572    3361.979    3312.497    3266.462    3220.539    3176.728    3132.917    3090.885
   15073.028   15002.975   14933.034   14878.660   14824.285   14778.028   14731.771   14688.294   14644.817   14602.007   14559.197   14516.386   14473.688   14430.878   14388.068   14345.257   14302.447   14259.637   14216.716   14173.906   14131.096   14088.175   14045.365   14002.555   13959.745   13916.935   13874.125   13831.315   13788.504   13745.694   13702.884   13660.074   13617.264   13574.454   13531.644   13488.834   13446.024   13403.214   13360.404   13317.594   13274.784   13231.974   13189.164   13146.354   13103.544   13060.734   13018.035   12975.225   12932.415   12889.605   12846.795   12803.985   12761.175   12718.476   12675.666   12632.967   12590.268   12547.680   12505.093   12462.616   12420.251   12378.108   12335.854   12294.045   12252.124   12210.648   12169.062   12127.808   12086.555   12045.413   12004.271   11963.351   11922.320   11881.400   11840.481   11799.561   11758.641   11717.721   11676.802   11635.882   11594.962   11554.042   11513.123   11472.203   11431.283   11390.364   11349.444   11308.524   11267.604   11226.685   11185.765   11144.845   11103.925   11063.006   11022.086   10981.055   10940.135   10899.216   10858.296   10817.376   10776.456   10735.537   10694.617   10653.697   10612.777   10571.858   10530.938   10490.018   10449.098   10408.179   10367.259   10326.339   10285.420   10244.500   10203.580   10162.549   10121.629   10080.487   10039.456    9998.203    9956.839    9915.029    9873.220    9830.632    9788.045    9744.233    9700.423    9655.167    9609.910    9563.209    9516.507    9468.359    9420.323    9371.286    9322.360    9272.768    9223.175    9173.359    9123.433    9073.506    9023.579    8973.542    8923.504    8873.466    8823.429    8773.279    8723.242    8673.204    8623.167    8573.129    8522.979    8472.942    8422.904    8372.867    8322.829    8272.791    8222.643    8172.604    8122.567    8072.529    8022.492    7972.454    7922.416    7872.267    7822.229    7772.192    7722.154    7672.116    7622.079    7571.930    7521.892    7471.854    7421.816    7371.779    7321.741    7271.592    7221.555    7171.517    7121.479    7071.330    7021.292    6971.144    6921.106    6870.846    6820.697    6770.214    6719.843    6669.138    6618.433    6567.284    6516.134    6464.540    6412.834    6360.572    6308.422    6255.715    6203.009    6149.969    6096.929    6043.778    5990.516    5937.142    5883.879    5830.506    5777.132    5723.647    5670.274    5616.900    5563.416    5510.042    5456.558    5403.184    5349.699    5296.326    5242.841    5189.467    5135.982    5082.609    5029.124    4975.750    4922.266    4868.892    4815.408    4762.034    4708.549    4655.176    4601.691    4548.317    4494.833    4441.459    4387.974    4334.601    4281.116    4227.742    4174.257    4120.884    4067.399    4014.026    3960.541    3907.167    3853.794    3800.420    3747.047    3693.562    3640.077    3586.704    3533.219    3480.846    3428.584    3378.991    3329.510    3283.253    3236.996    3192.406    3147.817    3104.785
   15084.704   15015.763   14946.822   14893.337   14839.964   14794.040   14748.228   14704.751   14661.385   14618.463   14575.542   14532.843   14490.033   14447.223   14404.413   14361.603   14318.682   14275.872   14233.062   14190.141   14147.331   14104.520   14061.599   14018.789   13975.979   13933.169   13890.359   13847.549   13804.739   13761.929   13719.119   13676.309   13633.499   13590.689   13547.879   13505.069   13462.147   13419.337   13376.527   13333.717   13290.907   13248.097   13205.287   13162.477   13119.667   13076.857   13034.047   12991.237   12948.427   12905.617   12862.807   12819.997   12777.187   12734.377   12691.678   12648.979   12606.169   12563.581   12520.994   12478.517   12436.152   12393.898   12351.755   12309.834   12268.025   12226.438   12184.851   12143.598   12102.345   12061.202   12020.172   11979.141   11938.110   11897.190   11856.270   11815.351   11774.431   11733.400   11692.480   11651.560   11610.641   11569.721   11528.801   11487.881   11446.962   11406.042   11365.122   11324.203   11283.283   11242.363   11201.443   11160.524   11119.493   11078.573   11037.653   10996.733   10955.814   10914.894   10873.974   10833.055   10792.135   10751.215   10710.184   10669.264   10628.345   10587.425   10546.505   10505.585   10464.666   10423.746   10382.826   10341.907   10300.876   10259.956   10219.036   10178.005   10137.085   10095.943   10054.912   10013.659    9972.295    9930.597    9888.787    9846.199    9803.612    9759.801    9715.990    9670.734    9625.478    9578.775    9531.963    9483.815    9435.779    9386.742    9337.705    9288.112    9238.520    9188.704    9138.889    9088.851    9038.925    8988.887    8938.849    8888.812    8838.773    8788.625    8738.587    8688.549    8638.512    8588.474    8538.325    8488.287    8438.249    8388.212    8338.174    8288.025    8237.987    8187.950    8137.912    8087.874    8037.725    7987.688    7937.650    7887.612    7837.574    7787.425    7737.388    7687.350    7637.312    7587.274    7537.237    7487.088    7437.050    7387.013    7336.975    7286.937    7236.788    7186.750    7136.713    7086.564    7036.526    6986.377    6936.339    6886.080    6835.931    6785.559    6735.077    6684.483    6633.778    6582.628    6531.479    6479.884    6428.179    6376.028    6323.767    6271.171    6218.465    6165.425    6112.496    6059.234    6006.083    5952.709    5899.447    5846.073    5792.700    5739.326    5685.953    5632.468    5579.094    5525.721    5472.347    5418.862    5365.489    5312.115    5258.630    5205.257    5151.883    5098.398    5045.025    4991.651    4938.167    4884.793    4831.419    4777.935    4724.561    4671.188    4617.814    4564.329    4510.956    4457.582    4404.098    4350.724    4297.350    4243.866    4190.492    4137.118    4083.634    4030.260    3976.887    3923.513    3870.139    3816.766    3763.392    3709.907    3656.423    3603.049    3549.676    3497.414    3445.041    3395.560    3345.967    3299.376    3252.896    3207.529    3162.272    3118.351
   15096.268   15028.439   14960.610   14908.126   14855.642   14810.163   14764.685   14721.319   14677.842   14634.920   14591.999   14549.189   14506.379   14463.569   14420.759   14377.838   14335.028   14292.218   14249.296   14206.486   14163.565   14120.755   14077.945   14035.135   13992.214   13949.404   13906.594   13863.783   13820.973   13778.052   13735.242   13692.432   13649.622   13606.812   13564.002   13521.192   13478.382   13435.461   13392.651   13349.841   13307.030   13264.220   13221.410   13178.489   13135.679   13092.869   13050.059   13007.249   12964.439   12921.629   12878.819   12836.009   12793.199   12750.389   12707.579   12664.880   12622.181   12579.482   12536.894   12494.418   12452.053   12409.799   12367.656   12325.735   12283.815   12242.339   12200.752   12159.499   12118.134   12077.103   12035.961   11994.930   11953.899   11912.980   11872.060   11831.140   11790.220   11749.190   11708.270   11667.350   11626.430   11585.511   11544.591   11503.671   11462.640   11421.720   11380.801   11339.881   11298.961   11258.042   11217.122   11176.091   11135.171   11094.251   11053.332   11012.412   10971.381   10930.461   10889.542   10848.622   10807.702   10766.782   10725.863   10684.832   10643.912   10602.992   10562.072   10521.042   10480.122   10439.202   10398.282   10357.363   10316.443   10275.412   10234.492   10193.461   10152.542   10111.511   10070.369   10029.115    9987.751    9946.053    9904.243    9861.655    9819.068    9775.368    9731.558    9686.302    9641.045    9594.231    9547.419    9499.383    9451.235    9402.198    9353.161    9303.568    9253.976    9204.049    9154.233    9104.195    9054.270    9004.231    8954.194    8904.156    8854.118    8803.970    8753.932    8703.895    8653.856    8603.707    8553.670    8503.632    8453.595    8403.445    8353.407    8303.370    8253.332    8203.295    8153.146    8103.108    8053.070    8003.033    7952.995    7902.846    7852.808    7802.771    7752.733    7702.584    7652.546    7602.508    7552.471    7502.433    7452.284    7402.246    7352.208    7302.171    7252.022    7201.984    7151.946    7101.797    7051.760    7001.722    6951.573    6901.313    6851.164    6800.793    6750.421    6699.717    6649.012    6597.974    6546.824    6495.229    6443.635    6391.373    6339.223    6286.517    6233.921    6180.881    6127.953    6074.690    6021.539    5968.276    5914.903    5861.641    5808.267    5754.894    5701.520    5648.146    5594.772    5541.399    5488.025    5434.652    5381.278    5327.905    5274.531    5221.046    5167.673    5114.299    5060.926    5007.552    4954.179    4900.694    4847.320    4793.947    4740.573    4687.200    4633.826    4580.453    4527.079    4473.594    4420.221    4366.847    4313.474    4260.100    4206.727    4153.353    4099.979    4046.606    3993.232    3939.859    3886.485    3833.112    3779.738    3726.253    3672.768    3619.395    3566.021    3513.871    3461.609    3412.016    3362.423    3315.610    3268.797    3222.763    3176.728    3132.028
   15107.943   15041.227   14974.510   14922.915   14871.209   14826.064   14780.808   14737.442   14693.965   14651.044   14608.011   14565.090   14522.280   14479.470   14436.549   14393.738   14350.928   14308.007   14265.197   14222.276   14179.466   14136.656   14093.735   14050.925   14008.114   13965.193   13922.383   13879.573   13836.763   13793.842   13751.032   13708.222   13665.412   13622.602   13579.680   13536.870   13494.060   13451.250   13408.329   13365.519   13322.709   13279.899   13236.978   13194.168   13151.358   13108.548   13065.737   13022.816   12980.006   12937.196   12894.386   12851.576   12808.766   12765.956   12723.146   12680.447   12637.637   12595.049   12552.350   12509.874   12467.509   12425.255   12383.001   12341.191   12299.271   12257.684   12216.208   12174.844   12133.590   12092.448   12051.417   12010.386   11969.355   11928.325   11887.405   11846.485   11805.565   11764.534   11723.615   11682.695   11641.775   11600.856   11559.825   11518.905   11477.985   11437.065   11396.034   11355.115   11314.195   11273.275   11232.244   11191.325   11150.405   11109.485   11068.454   11027.534   10986.615   10945.695   10904.664   10863.744   10822.825   10781.905   10740.985   10699.954   10659.034   10618.115   10577.084   10536.164   10495.244   10454.325   10413.294   10372.374   10331.454   10290.534   10249.504   10208.473   10167.553   10126.522   10085.380   10044.127   10002.762    9961.063    9919.255    9876.778    9834.190    9790.380    9746.680    9701.424    9656.167    9609.354    9562.541    9514.394    9466.246    9417.099    9368.062    9318.469    9268.876    9218.949    9169.134    9119.096    9069.169    9019.132    8969.094    8919.057    8869.019    8818.869    8768.832    8718.794    8668.757    8618.607    8568.570    8518.532    8468.494    8418.346    8368.308    8318.271    8268.232    8218.083    8168.046    8118.008    8067.970    8017.821    7967.784    7917.746    7867.708    7817.559    7767.521    7717.484    7667.446    7617.408    7567.259    7517.222    7467.184    7417.146    7366.998    7316.960    7266.922    7216.773    7166.735    7116.698    7066.660    7016.511    6966.362    6916.213    6866.064    6815.582    6765.210    6714.617    6663.912    6612.874    6561.835    6510.129    6458.535    6406.384    6354.234    6301.639    6248.933    6196.004    6142.964    6089.812    6036.662    5983.399    5930.137    5876.763    5823.500    5770.127    5716.753    5663.380    5610.006    5556.633    5503.259    5449.997    5396.624    5343.250    5289.876    5236.503    5183.129    5129.755    5076.382    5023.008    4969.635    4916.261    4862.888    4809.514    4756.141    4702.767    4649.394    4596.020    4542.757    4489.384    4436.010    4382.637    4329.263    4275.890    4222.516    4169.143    4115.769    4062.396    4009.022    3955.760    3902.386    3849.012    3795.639    3742.154    3688.669    3635.407    3582.145    3529.994    3477.732    3428.140    3378.547    3331.289    3284.142    3237.440    3190.850    3145.482
   15119.619   15054.014   14988.520   14937.704   14886.777   14841.854   14796.931   14753.565   14710.088   14667.056   14624.023   14581.102   14538.181   14495.371   14452.449   14409.639   14366.718   14323.908   14281.098   14238.177   14195.367   14152.445   14109.635   14066.714   14023.904   13981.094   13938.173   13895.363   13852.442   13809.632   13766.821   13724.011   13681.090   13638.280   13595.470   13552.549   13509.739   13466.929   13424.008   13381.197   13338.387   13295.466   13252.656   13209.846   13167.036   13124.115   13081.305   13038.495   12995.573   12952.763   12909.953   12867.143   12824.333   12781.523   12738.713   12695.903   12653.204   12610.505   12567.918   12525.441   12482.965   12440.711   12398.457   12356.647   12314.727   12273.140   12231.553   12190.300   12149.046   12107.904   12066.762   12025.731   11984.700   11943.781   11902.750   11861.830   11820.910   11779.879   11738.960   11698.040   11657.120   11616.089   11575.169   11534.250   11493.219   11452.299   11411.379   11370.348   11329.429   11288.509   11247.478   11206.558   11165.639   11124.608   11083.688   11042.768   11001.737   10960.818   10919.898   10878.867   10837.947   10797.027   10756.108   10715.077   10674.157   10633.126   10592.206   10551.287   10510.256   10469.336   10428.416   10387.496   10346.466   10305.546   10264.515   10223.595   10182.564   10141.422   10100.391   10059.138   10017.773    9976.075    9934.377    9891.789    9849.202    9805.502    9761.803    9716.436    9671.179    9624.365    9577.553    9529.405    9481.258    9432.109    9383.072    9333.368    9283.775    9233.960    9184.034    9134.107    9084.069    9034.032    8983.994    8933.956    8883.919    8833.770    8783.732    8733.694    8683.545    8633.508    8583.470    8533.433    8483.283    8433.245    8383.208    8333.170    8283.021    8232.983    8182.946    8132.908    8082.759    8032.722    7982.684    7932.646    7882.497    7832.459    7782.422    7732.384    7682.235    7632.197    7582.160    7532.122    7481.973    7431.935    7381.897    7331.749    7281.711    7231.673    7181.524    7131.487    7081.449    7031.300    6981.262    6931.002    6880.854    6830.482    6780.111    6729.517    6678.812    6627.773    6576.735    6525.141    6473.546    6421.396    6369.246    6316.650    6263.944    6211.015    6158.086    6104.935    6051.784    5998.521    5945.259    5891.886    5838.623    5785.250    5731.987    5678.614    5625.351    5571.978    5518.604    5465.230    5411.968    5358.595    5305.221    5251.848    5198.585    5145.211    5091.838    5038.464    4985.091    4931.829    4878.455    4825.082    4771.819    4718.445    4665.072    4611.698    4558.325    4505.062    4451.689    4398.315    4344.942    4291.679    4238.306    4184.932    4131.559    4078.296    4024.923    3971.660    3918.287    3864.913    3811.540    3758.055    3704.681    3651.419    3598.156    3546.006    3493.967    3444.263    3394.559    3346.967    3299.487    3252.229    3204.860    3158.937
   15131.183   15066.913   15002.531   14952.382   14902.233   14857.533   14812.721   14769.244   14725.767   14682.623   14639.590   14596.558   14553.637   14510.827   14467.905   14425.095   14382.285   14339.364   14296.443   14253.633   14210.712   14167.902   14124.980   14082.170   14039.249   13996.439   13953.629   13910.708   13867.898   13824.976   13782.166   13739.356   13696.435   13653.625   13610.815   13567.894   13525.084   13482.162   13439.352   13396.431   13353.621   13310.811   13267.890   13225.080   13182.159   13139.349   13096.538   13053.617   13010.807   12967.997   12925.076   12882.266   12839.456   12796.646   12753.836   12711.026   12668.327   12625.628   12582.929   12540.453   12497.976   12455.722   12413.468   12371.659   12329.738   12288.151   12246.564   12205.311   12163.947   12122.916   12081.774   12040.743   11999.712   11958.681   11917.761   11876.730   11835.810   11794.891   11753.860   11712.940   11672.020   11630.989   11590.070   11549.039   11508.119   11467.199   11426.168   11385.249   11344.218   11303.298   11262.378   11221.347   11180.427   11139.397   11098.477   11057.446   11016.526   10975.606   10934.576   10893.656   10852.625   10811.705   10770.785   10729.754   10688.835   10647.804   10606.884   10565.853   10524.933   10484.014   10442.983   10402.063   10361.032   10320.112   10279.081   10238.162   10197.131   10155.989   10114.958   10073.704   10032.340    9990.642    9948.943    9906.356    9863.880    9820.180    9776.369    9731.113    9685.856    9638.933    9592.119    9543.972    9495.713    9446.676    9397.528    9347.936    9298.231    9248.416    9198.489    9148.562    9098.524    9048.487    8998.449    8948.412    8898.374    8848.336    8798.188    8748.149    8698.112    8647.963    8597.926    8547.888    8497.738    8447.701    8397.663    8347.626    8297.477    8247.438    8197.401    8147.363    8097.215    8047.177    7997.139    7947.102    7896.953    7846.915    7796.877    7746.728    7696.690    7646.653    7596.615    7546.466    7496.428    7446.391    7396.242    7346.204    7296.167    7246.018    7195.979    7145.942    7095.904    7045.755    6995.606    6945.458    6895.309    6844.938    6794.566    6743.972    6693.378    6642.340    6591.302    6539.707    6488.113    6435.962    6383.812    6331.217    6278.622    6225.693    6172.764    6119.613    6066.461    6013.199    5959.937    5906.674    5853.412    5800.039    5746.776    5693.514    5640.140    5586.767    5533.504    5480.131    5426.868    5373.495    5320.232    5266.859    5213.597    5160.223    5106.850    5053.587    5000.213    4946.951    4893.578    4840.204    4786.941    4733.568    4680.306    4626.932    4573.670    4520.296    4466.922    4413.660    4360.287    4307.024    4253.651    4200.388    4147.015    4093.752    4040.379    3987.116    3933.743    3880.369    3827.107    3773.622    3720.249    3666.986    3613.835    3561.685    3509.646    3459.830    3410.015    3362.201    3314.276    3266.462    3218.648    3172.169
   15142.859   15079.700   15016.541   14967.060   14917.689   14873.100   14828.511   14785.033   14741.445   14698.301   14655.158   14612.125   14569.204   14526.283   14483.362   14440.552   14397.741   14354.820   14311.899   14269.089   14226.168   14183.358   14140.436   14097.515   14054.705   14011.784   13968.974   13926.053   13883.243   13840.321   13797.511   13754.701   13711.780   13668.970   13626.049   13583.239   13540.317   13497.507   13454.586   13411.776   13368.855   13326.045   13283.124   13240.314   13197.392   13154.582   13111.772   13068.851   13026.041   12983.120   12940.310   12897.388   12854.578   12811.768   12768.958   12726.148   12683.338   12640.750   12598.052   12555.575   12512.987   12470.845   12428.591   12386.670   12344.750   12303.163   12261.576   12220.322   12178.958   12137.927   12096.785   12055.754   12014.723   11973.692   11932.661   11891.741   11850.711   11809.791   11768.760   11727.840   11686.920   11645.889   11604.970   11563.939   11523.019   11481.988   11441.068   11400.037   11359.118   11318.087   11277.167   11236.136   11195.216   11154.185   11113.266   11072.235   11031.315   10990.284   10949.364   10908.333   10867.414   10826.383   10785.463   10744.432   10703.512   10662.482   10621.562   10580.531   10539.611   10498.580   10457.660   10416.630   10375.710   10334.679   10293.648   10252.728   10211.697   10170.555   10129.524   10088.271   10046.906   10005.208    9963.510    9921.034    9878.446    9834.746    9791.047    9745.790    9700.423    9653.610    9606.686    9558.538    9510.279    9461.132    9411.983    9362.391    9312.798    9262.871    9213.056    9163.018    9112.980    9062.942    9012.905    8962.867    8912.829    8862.792    8812.643    8762.605    8712.567    8662.418    8612.381    8562.343    8512.194    8462.156    8412.118    8362.081    8311.932    8261.895    8211.856    8161.708    8111.670    8061.632    8011.595    7961.446    7911.408    7861.370    7811.221    7761.184    7711.146    7661.108    7610.959    7560.921    7510.884    7460.735    7410.697    7360.659    7310.511    7260.473    7210.435    7160.397    7110.249    7060.211    7010.062    6959.913    6909.764    6859.393    6809.021    6758.428    6707.834    6656.795    6605.757    6554.274    6502.679    6450.529    6398.490    6345.895    6293.188    6240.259    6187.331    6134.291    6081.139    6027.877    5974.726    5921.463    5868.201    5814.828    5761.565    5708.303    5655.041    5601.667    5548.404    5495.031    5441.769    5388.506    5335.133    5281.870    5228.497    5175.234    5121.972    5068.598    5015.336    4961.962    4908.700    4855.438    4802.064    4748.802    4695.428    4642.166    4588.903    4535.530    4482.268    4428.894    4375.632    4322.369    4268.996    4215.733    4162.471    4109.097    4055.835    4002.573    3949.199    3895.937    3842.563    3789.189    3735.816    3682.554    3629.402    3577.363    3525.324    3475.509    3425.582    3377.435    3329.176    3280.806    3232.437    3185.512
   15154.423   15092.487   15030.441   14981.626   14932.811   14888.334   14843.856   14800.378   14756.790   14713.535   14670.280   14627.359   14584.327   14541.405   14498.484   14455.674   14412.753   14369.943   14327.022   14284.100   14241.290   14198.369   14155.448   14112.638   14069.716   14026.906   13983.985   13941.064   13898.254   13855.333   13812.523   13769.601   13726.791   13683.870   13641.060   13598.139   13555.329   13512.407   13469.486   13426.676   13383.755   13340.945   13298.024   13255.214   13212.292   13169.482   13126.561   13083.751   13040.830   12997.909   12955.099   12912.288   12869.367   12826.557   12783.747   12740.937   12698.127   12655.428   12612.729   12570.253   12527.776   12485.522   12443.268   12401.348   12359.427   12317.840   12276.253   12234.889   12193.636   12152.494   12111.351   12070.320   12029.290   11988.259   11947.339   11906.308   11865.277   11824.357   11783.326   11742.407   11701.376   11660.456   11619.425   11578.505   11537.474   11496.443   11455.524   11414.493   11373.573   11332.542   11291.511   11250.591   11209.561   11168.641   11127.610   11086.579   11045.659   11004.628   10963.709   10922.678   10881.758   10840.727   10799.696   10758.776   10717.745   10676.826   10635.795   10594.764   10553.844   10512.813   10471.893   10430.862   10389.832   10348.912   10307.881   10266.850   10225.819   10184.788   10143.646   10102.393   10061.139   10019.441    9977.632    9935.155    9892.679    9848.979    9805.280    9760.023    9714.656    9667.843    9620.919    9572.660    9524.401    9475.253    9426.105    9376.512    9326.919    9276.993    9227.066    9177.140    9127.102    9077.064    9027.026    8976.989    8926.951    8876.802    8826.765    8776.727    8726.578    8676.540    8626.502    8576.354    8526.315    8476.278    8426.240    8376.092    8326.054    8276.016    8225.867    8175.830    8125.792    8075.754    8025.605    7975.567    7925.530    7875.381    7825.343    7775.305    7725.156    7675.119    7625.081    7575.043    7524.895    7474.856    7424.819    7374.670    7324.632    7274.595    7224.446    7174.408    7124.370    7074.221    7024.184    6973.923    6923.774    6873.514    6823.143    6772.549    6721.956    6670.917    6619.990    6568.396    6516.912    6464.762    6412.723    6360.127    6307.532    6254.604    6201.675    6148.523    6095.483    6042.221    5989.070    5935.808    5882.545    5829.283    5776.021    5722.758    5669.496    5616.233    5562.860    5509.597    5456.335    5403.073    5349.810    5296.437    5243.174    5189.912    5136.649    5083.276    5030.014    4976.751    4923.489    4870.227    4816.853    4763.591    4710.328    4657.066    4603.804    4550.430    4497.167    4443.905    4390.643    4337.270    4284.007    4230.745    4177.482    4124.220    4070.958    4017.584    3964.322    3911.059    3857.686    3804.312    3750.938    3697.787    3644.747    3592.708    3540.669    3490.742    3440.705    3392.112    3343.631    3294.817    3246.002    3198.633
   15166.098   15105.275   15044.451   14996.193   14947.934   14903.678   14859.312   14815.723   14772.024   14728.769   14685.514   14642.482   14599.449   14556.528   14513.607   14470.797   14427.875   14384.954   14342.144   14299.223   14256.302   14213.380   14170.570   14127.649   14084.728   14041.918   13998.996   13956.075   13913.265   13870.344   13827.534   13784.613   13741.691   13698.881   13655.960   13613.150   13570.229   13527.308   13484.498   13441.576   13398.655   13355.845   13312.924   13270.003   13227.192   13184.271   13141.461   13098.540   13055.619   13012.809   12969.887   12927.077   12884.156   12841.346   12798.425   12755.726   12712.916   12670.217   12627.518   12584.931   12542.454   12500.200   12457.946   12415.914   12373.994   12332.407   12290.931   12249.567   12208.313   12167.171   12126.029   12084.887   12043.856   12002.936   11961.905   11920.875   11879.844   11838.924   11797.893   11756.862   11715.942   11674.911   11633.992   11592.961   11551.930   11511.010   11469.979   11428.948   11388.028   11346.997   11305.967   11264.936   11224.016   11182.985   11141.954   11101.034   11060.003   11018.972   10978.053   10937.022   10895.991   10855.071   10814.040   10773.009   10732.090   10691.059   10650.028   10609.108   10568.077   10527.046   10486.126   10445.095   10404.065   10363.034   10322.114   10281.083   10240.052   10198.910   10157.879   10116.514   10075.261   10033.563    9991.865    9949.389    9906.912    9863.212    9819.513    9774.146    9728.889    9681.965    9635.151    9586.893    9538.635    9489.486    9440.227    9390.634    9340.930    9291.114    9241.188    9191.262    9141.224    9091.186    9041.148    8991.110    8940.962    8890.924    8840.886    8790.737    8740.699    8690.662    8640.513    8590.476    8540.438    8490.399    8440.251    8390.213    8340.176    8290.026    8239.989    8189.951    8139.802    8089.765    8039.727    7989.689    7939.540    7889.502    7839.465    7789.316    7739.278    7689.240    7639.203    7589.054    7539.016    7488.867    7438.830    7388.792    7338.643    7288.605    7238.567    7188.530    7138.381    7088.343    7038.194    6988.045    6937.896    6887.525    6837.265    6786.671    6736.078    6685.150    6634.112    6582.628    6531.145    6478.995    6426.956    6374.360    6321.765    6268.836    6216.019    6162.868    6109.828    6056.565    6003.414    5950.152    5897.000    5843.738    5790.476    5737.213    5683.951    5630.688    5577.426    5524.164    5470.901    5417.639    5364.377    5311.114    5257.852    5204.590    5151.328    5098.065    5044.803    4991.541    4938.278    4885.016    4831.753    4778.379    4725.117    4671.855    4618.592    4565.330    4512.068    4458.805    4405.543    4352.281    4299.018    4245.756    4192.494    4139.231    4085.969    4032.706    3979.444    3926.182    3872.808    3819.546    3766.172    3713.132    3659.981    3608.053    3556.014    3505.976    3455.827    3406.901    3358.087    3308.716    3259.457    3211.754
   15177.663   15117.951   15058.239   15010.537   14962.834   14918.579   14874.212   14830.623   14787.035   14743.669   14700.303   14657.270   14614.238   14571.317   14528.396   14485.474   14442.664   14399.743   14356.822   14313.901   14271.090   14228.169   14185.248   14142.327   14099.406   14056.595   14013.674   13970.753   13927.943   13885.022   13842.100   13799.179   13756.369   13713.448   13670.527   13627.717   13584.795   13541.874   13498.953   13456.143   13413.222   13370.300   13327.490   13284.569   13241.648   13198.838   13155.917   13112.995   13070.074   13027.264   12984.343   12941.533   12898.611   12855.690   12812.880   12770.070   12727.260   12684.561   12641.862   12599.275   12556.798   12514.433   12472.179   12430.258   12388.338   12346.751   12305.164   12263.911   12222.546   12181.404   12140.262   12099.231   12058.089   12017.169   11976.138   11935.107   11894.077   11853.046   11812.126   11771.095   11730.064   11689.144   11648.113   11607.082   11566.051   11525.021   11484.101   11443.070   11402.039   11361.008   11320.088   11279.057   11238.026   11196.996   11155.965   11115.045   11074.014   11032.983   10991.952   10951.032   10910.001   10868.970   10827.940   10787.020   10745.989   10704.958   10663.927   10622.896   10581.976   10540.945   10499.915   10458.884   10417.964   10376.933   10335.902   10294.871   10253.840   10212.698   10171.667   10130.303   10089.049   10047.351   10005.653    9963.177    9920.700    9877.001    9833.301    9788.045    9742.788    9695.864    9648.939    9600.682    9552.312    9503.163    9454.015    9404.311    9354.718    9304.791    9254.977    9204.938    9154.900    9104.863    9054.825    9004.787    8954.750    8904.601    8854.563    8804.525    8754.377    8704.339    8654.301    8604.264    8554.114    8504.077    8454.039    8403.891    8353.853    8303.814    8253.666    8203.628    8153.590    8103.553    8053.404    8003.366    7953.328    7903.179    7853.142    7803.104    7752.955    7702.917    7652.879    7602.730    7552.693    7502.655    7452.506    7402.469    7352.431    7302.282    7252.244    7202.207    7152.169    7102.020    7051.982    7001.722    6951.573    6901.313    6851.053    6800.459    6749.866    6698.938    6648.011    6596.528    6544.934    6492.894    6440.855    6388.260    6335.665    6282.847    6229.918    6176.878    6123.727    6070.576    6017.425    5964.273    5911.011    5857.860    5804.598    5751.335    5698.073    5644.811    5591.548    5538.397    5485.134    5431.872    5378.610    5325.347    5272.085    5218.823    5165.671    5112.409    5059.147    5005.884    4952.622    4899.360    4846.097    4792.946    4739.684    4686.421    4633.159    4579.896    4526.634    4473.372    4420.109    4366.958    4313.696    4260.434    4207.171    4153.909    4100.758    4047.495    3994.233    3940.859    3887.597    3834.335    3780.961    3727.921    3674.881    3622.953    3571.025    3520.765    3470.505    3421.246    3372.097    3322.393    3272.689    3224.764
   15189.338   15130.738   15072.028   15024.881   14977.623   14933.479   14889.223   14845.635   14801.935   14758.569   14715.203   14672.059   14629.027   14586.106   14543.184   14500.263   14457.342   14414.421   14371.611   14328.689   14285.768   14242.847   14199.926   14157.004   14114.083   14071.273   14028.352   13985.431   13942.509   13899.588   13856.778   13813.857   13770.936   13728.014   13685.204   13642.283   13599.362   13556.441   13513.519   13470.709   13427.788   13384.867   13341.946   13299.024   13256.214   13213.293   13170.372   13127.451   13084.641   13041.719   12998.798   12955.877   12913.067   12870.146   12827.336   12784.525   12741.715   12698.905   12656.207   12613.619   12571.142   12528.777   12486.523   12444.603   12402.682   12361.095   12319.508   12278.144   12236.779   12195.637   12154.495   12113.464   12072.433   12031.402   11990.371   11949.340   11908.309   11867.279   11826.248   11785.217   11744.297   11703.266   11662.235   11621.204   11580.173   11539.142   11498.111   11457.192   11416.161   11375.130   11334.099   11293.068   11252.037   11211.006   11170.086   11129.055   11088.025   11046.994   11005.963   10964.932   10923.901   10882.981   10841.950   10800.919   10759.888   10718.857   10677.826   10636.795   10595.765   10554.845   10513.814   10472.783   10431.752   10390.721   10349.690   10308.659   10267.628   10226.486   10185.455   10144.091   10102.837   10061.139   10019.441    9976.965    9934.600    9890.899    9847.200    9801.833    9756.576    9709.652    9662.728    9614.358    9566.100    9516.951    9467.803    9418.099    9368.395    9318.580    9268.653    9218.615    9168.688    9118.651    9068.613    9018.465    8968.427    8918.389    8868.240    8818.202    8768.165    8718.127    8667.979    8617.940    8567.902    8517.754    8467.716    8417.679    8367.529    8317.492    8267.454    8217.305    8167.268    8117.229    8067.192    8017.043    7967.005    7916.968    7866.819    7816.781    7766.743    7716.594    7666.557    7616.519    7566.370    7516.333    7466.294    7416.146    7366.108    7316.070    7266.033    7215.884    7165.846    7115.697    7065.659    7015.510    6965.361    6915.101    6864.730    6814.248    6763.654    6712.727    6661.799    6610.316    6558.833    6506.793    6454.754    6402.159    6349.564    6296.746    6243.817    6190.777    6137.738    6084.586    6031.435    5978.284    5925.133    5871.871    5818.719    5765.457    5712.195    5659.043    5605.781    5552.519    5499.368    5446.105    5392.843    5339.691    5286.429    5233.167    5179.904    5126.753    5073.491    5020.229    4967.078    4913.815    4860.553    4807.401    4754.139    4700.876    4647.726    4594.463    4541.201    4487.938    4434.787    4381.525    4328.263    4275.111    4221.849    4168.586    4115.436    4062.173    4008.911    3955.648    3902.386    3849.124    3795.861    3742.821    3689.892    3637.853    3585.925    3535.554    3485.183    3435.590    3386.108    3336.070    3286.032    3237.774
   15200.902   15143.303   15085.705   15039.003   14992.190   14948.045   14903.901   14860.201   14816.502   14773.136   14729.658   14686.626   14643.482   14600.561   14557.529   14514.719   14471.797   14428.876   14385.955   14343.034   14300.112   14257.191   14214.270   14171.460   14128.539   14085.617   14042.696   13999.775   13956.854   13913.932   13871.011   13828.201   13785.280   13742.359   13699.437   13656.516   13613.595   13570.674   13527.864   13484.942   13442.021   13399.100   13356.179   13313.257   13270.336   13227.526   13184.605   13141.684   13098.762   13055.841   13012.920   12970.110   12927.189   12884.267   12841.346   12798.536   12755.726   12713.027   12670.217   12627.741   12585.153   12542.788   12500.534   12458.613   12416.581   12374.995   12333.408   12292.154   12250.790   12209.648   12168.506   12127.363   12086.333   12045.302   12004.271   11963.240   11922.209   11881.178   11840.147   11799.116   11758.085   11717.054   11676.023   11634.992   11593.961   11552.930   11511.900   11470.869   11429.838   11388.807   11347.776   11306.745   11265.825   11224.794   11183.763   11142.732   11101.701   11060.671   11019.640   10978.609   10937.578   10896.547   10855.516   10814.485   10773.454   10732.423   10691.392   10650.361   10609.330   10568.299   10527.268   10486.238   10445.207   10404.176   10363.145   10322.114   10281.083   10239.941   10198.799   10157.545   10116.292   10074.594   10032.896    9990.419    9948.054    9904.354    9860.655    9815.398    9770.031    9723.106    9676.183    9627.812    9579.554    9530.295    9481.146    9431.442    9381.850    9331.923    9281.996    9232.070    9182.032    9131.994    9081.957    9031.919    8981.882    8931.732    8881.694    8831.657    8781.508    8731.471    8681.433    8631.284    8581.246    8531.208    8481.171    8431.021    8380.984    8330.835    8280.798    8230.760    8180.722    8130.573    8080.535    8030.498    7980.349    7930.311    7880.273    7830.125    7780.086    7730.049    7680.011    7629.862    7579.825    7529.787    7479.638    7429.600    7379.562    7329.414    7279.376    7229.338    7179.300    7129.151    7079.114    7028.965    6978.816    6928.445    6878.185    6827.702    6777.220    6726.292    6675.365    6623.882    6572.398    6520.359    6468.320    6415.725    6363.241    6310.312    6257.495    6204.455    6151.415    6098.263    6045.224    5991.961    5938.810    5885.659    5832.396    5779.245    5726.094    5672.832    5619.569    5566.418    5513.156    5460.004    5406.854    5353.591    5300.329    5247.177    5193.915    5140.764    5087.501    5034.350    4981.088    4927.937    4874.674    4821.523    4768.261    4715.110    4661.847    4608.696    4555.434    4502.283    4449.020    4395.869    4342.607    4289.456    4236.193    4183.042    4129.780    4076.628    4023.366    3970.104    3916.841    3863.579    3810.317    3757.388    3704.459    3652.531    3600.492    3550.009    3499.527    3449.711    3399.785    3349.414    3299.042    3250.673
   15212.578   15155.980   15099.381   15053.013   15006.645   14962.612   14918.467   14874.768   14831.068   14787.591   14744.225   14701.081   14657.938   14615.016   14571.984   14529.063   14486.141   14443.331   14400.410   14357.489   14314.568   14271.646   14228.725   14185.804   14142.883   14099.961   14057.040   14014.119   13971.198   13928.277   13885.355   13842.434   13799.513   13756.592   13713.670   13670.749   13627.939   13585.018   13542.097   13499.175   13456.254   13413.333   13370.412   13327.490   13284.569   13241.648   13198.727   13155.805   13112.884   13069.963   13027.042   12984.232   12941.310   12898.389   12855.468   12812.658   12769.848   12727.038   12684.339   12641.751   12599.164   12556.798   12514.544   12472.624   12430.592   12389.005   12347.418   12306.054   12264.800   12223.547   12182.405   12141.374   12100.232   12059.201   12018.170   11977.139   11936.108   11895.077   11853.935   11812.904   11771.873   11730.954   11689.923   11648.781   11607.750   11566.719   11525.688   11484.657   11443.626   11402.595   11361.564   11320.533   11279.502   11238.471   11197.440   11156.409   11115.267   11074.236   11033.205   10992.174   10951.144   10910.113   10869.082   10828.051   10787.020   10745.989   10704.958   10663.927   10622.896   10581.865   10540.834   10499.803   10458.772   10417.630   10376.599   10335.568   10294.538   10253.395   10212.253   10171.000   10129.747   10088.049   10046.350   10003.874    9961.509    9917.810    9874.109    9828.854    9783.597    9736.562    9689.637    9641.268    9593.009    9543.749    9494.602    9444.897    9395.193    9345.267    9295.451    9245.413    9195.486    9145.449    9095.411    9045.263    8995.225    8945.188    8895.038    8845.000    8794.963    8744.813    8694.776    8644.738    8594.701    8544.552    8494.514    8444.477    8394.327    8344.290    8294.252    8244.104    8194.065    8144.028    8093.990    8043.841    7993.803    7943.766    7893.617    7843.579    7793.541    7743.392    7693.354    7643.317    7593.279    7543.130    7493.092    7443.055    7392.906    7342.868    7292.831    7242.682    7192.644    7142.606    7092.457    7042.308    6992.159    6941.899    6891.639    6841.157    6790.674    6739.747    6688.820    6637.448    6585.964    6533.925    6481.886    6429.402    6376.807    6323.989    6271.171    6218.131    6165.091    6111.940    6058.900    6005.749    5952.598    5899.447    5846.185    5793.033    5739.882    5686.620    5633.469    5580.317    5527.055    5473.904    5420.753    5367.490    5314.339    5261.188    5207.926    5154.774    5101.623    5048.361    4995.209    4942.059    4888.796    4835.645    4782.494    4729.231    4676.080    4622.929    4569.667    4516.516    4463.364    4410.102    4356.951    4303.800    4250.537    4197.386    4144.235    4090.972    4037.821    3984.559    3931.297    3878.146    3824.883    3771.954    3719.025    3667.097    3615.058    3564.465    3513.760    3463.722    3413.573    3362.868    3312.163    3263.682
   15224.253   15168.545   15112.836   15066.913   15020.878   14976.845   14932.811   14889.001   14845.301   14801.824   14758.347   14715.203   14672.059   14629.138   14586.106   14543.184   14500.263   14457.342   14414.532   14371.499   14328.578   14285.657   14242.736   14199.815   14156.893   14113.972   14071.051   14028.130   13985.208   13942.287   13899.366   13856.445   13813.523   13770.602   13727.681   13684.760   13641.838   13598.917   13555.996   13513.075   13470.153   13427.232   13384.311   13341.390   13298.468   13255.547   13212.626   13169.705   13126.783   13083.862   13040.941   12998.020   12955.099   12912.177   12869.256   12826.446   12783.636   12740.826   12698.127   12655.428   12612.841   12570.586   12528.221   12486.301   12444.269   12402.682   12361.095   12319.731   12278.366   12237.224   12196.082   12154.940   12113.909   12072.767   12031.736   11990.705   11949.674   11908.532   11867.501   11826.470   11785.439   11744.408   11703.377   11662.346   11621.315   11580.173   11539.142   11498.111   11457.080   11416.050   11375.019   11333.876   11292.846   11251.815   11210.784   11169.753   11128.611   11087.580   11046.549   11005.518   10964.487   10923.456   10882.425   10841.394   10800.252   10759.221   10718.190   10677.159   10636.128   10595.097   10553.955   10512.924   10471.893   10430.862   10389.832   10348.689   10307.659   10266.516   10225.374   10184.121   10142.756   10101.170   10059.471   10017.106    9974.630    9930.930    9887.342    9841.975    9796.718    9749.683    9702.758    9654.389    9606.019    9556.870    9507.611    9457.907    9408.313    9358.388    9308.461    9258.534    9208.497    9158.459    9108.421    9058.384    9008.346    8958.197    8908.159    8858.121    8807.973    8757.935    8707.897    8657.748    8607.711    8557.673    8507.635    8457.486    8407.448    8357.411    8307.262    8257.224    8207.187    8157.148    8107.000    8056.962    8006.924    7956.775    7906.738    7856.700    7806.662    7756.513    7706.476    7656.438    7606.289    7556.251    7506.213    7456.064    7406.027    7355.989    7305.952    7255.803    7205.765    7155.727    7105.578    7055.429    7005.280    6955.021    6904.760    6854.278    6803.795    6752.979    6702.052    6650.680    6599.196    6547.157    6495.118    6442.634    6390.150    6337.333    6284.515    6231.475    6178.435    6125.395    6072.244    6019.093    5966.053    5912.901    5859.750    5806.488    5753.337    5700.186    5647.034    5593.883    5540.732    5487.470    5434.318    5381.167    5328.016    5274.865    5221.714    5168.451    5115.300    5062.149    5008.998    4955.847    4902.695    4849.433    4796.282    4743.131    4689.979    4636.829    4583.677    4530.415    4477.264    4424.112    4370.961    4317.810    4264.659    4211.396    4158.246    4105.094    4051.943    3998.681    3945.530    3892.267    3839.116    3786.187    3733.259    3681.330    3629.291    3578.586    3527.770    3477.399    3427.028    3376.100    3325.062    3276.470
   15235.818   15181.110   15126.402   15080.701   15035.000   14991.078   14947.044   14903.345   14859.534   14816.057   14772.580   14729.436   14686.292   14643.260   14600.227   14557.306   14514.385   14471.464   14428.542   14385.621   14342.700   14299.779   14256.858   14213.936   14171.015   14128.094   14085.061   14042.140   13999.219   13956.298   13913.376   13870.455   13827.534   13784.613   13741.691   13698.770   13655.849   13612.817   13569.895   13526.974   13484.053   13441.132   13398.210   13355.289   13312.368   13269.447   13226.525   13183.604   13140.572   13097.650   13054.729   13011.808   12968.887   12925.965   12883.155   12840.234   12797.424   12754.614   12711.804   12669.216   12626.629   12584.263   12541.898   12499.978   12457.946   12416.359   12374.772   12333.408   12292.043   12250.901   12209.648   12168.617   12127.475   12086.444   12045.302   12004.271   11963.240   11922.098   11881.067   11840.036   11799.005   11757.974   11716.832   11675.801   11634.770   11593.739   11552.597   11511.566   11470.535   11429.393   11388.362   11347.331   11306.300   11265.158   11224.127   11183.096   11142.065   11100.923   11059.892   11018.861   10977.830   10936.688   10895.657   10854.626   10813.595   10772.453   10731.422   10690.391   10649.361   10608.218   10567.187   10526.157   10485.014   10443.983   10402.953   10361.810   10320.780   10279.637   10238.495   10197.242   10155.877   10114.291   10072.592   10030.227    9987.751    9944.162    9900.463    9855.206    9809.839    9762.915    9715.879    9667.510    9619.140    9569.880    9520.732    9471.028    9421.323    9371.509    9321.582    9271.544    9221.618    9171.580    9121.542    9071.394    9021.355    8971.318    8921.169    8871.131    8821.094    8771.056    8720.907    8670.869    8620.831    8570.794    8520.645    8470.607    8420.569    8370.421    8320.383    8270.345    8220.308    8170.158    8120.121    8070.083    8019.934    7969.896    7919.859    7869.821    7819.672    7769.634    7719.597    7669.448    7619.410    7569.372    7519.334    7469.186    7419.148    7369.110    7318.961    7268.923    7218.886    7168.737    7118.699    7068.550    7018.401    6968.252    6917.992    6867.510    6817.027    6766.211    6715.284    6663.912    6612.429    6560.500    6508.461    6455.978    6403.493    6350.676    6297.858    6244.818    6191.778    6138.738    6085.698    6032.547    5979.507    5926.356    5873.205    5820.054    5766.902    5713.751    5660.600    5607.449    5554.298    5501.146    5447.996    5394.844    5341.693    5288.542    5235.391    5182.240    5129.088    5075.937    5022.786    4969.635    4916.484    4863.333    4810.181    4757.030    4703.879    4650.728    4597.577    4544.425    4491.274    4438.123    4384.972    4331.821    4278.669    4225.519    4172.367    4119.216    4066.065    4012.802    3959.651    3906.500    3853.349    3800.420    3747.603    3695.563    3643.524    3592.597    3541.670    3491.076    3440.371    3389.221    3338.072    3289.368
   15247.382   15193.564   15139.634   15094.267   15048.899   15004.977   14960.944   14917.244   14873.545   14829.956   14786.479   14743.335   14700.192   14657.159   14614.127   14571.206   14528.284   14485.363   14442.442   14399.521   14356.488   14313.567   14270.646   14227.724   14184.803   14141.771   14098.850   14055.928   14013.007   13970.086   13927.165   13884.132   13841.211   13798.290   13755.368   13712.447   13669.526   13626.493   13583.572   13540.651   13497.730   13454.809   13411.887   13368.855   13325.934   13283.012   13240.091   13197.170   13154.249   13111.327   13068.295   13025.374   12982.452   12939.531   12896.610   12853.800   12810.879   12768.069   12725.259   12682.671   12640.083   12597.718   12555.353   12513.432   12471.401   12429.814   12388.116   12346.862   12305.498   12264.244   12223.102   12181.960   12140.818   12099.787   12058.645   12017.614   11976.472   11935.441   11894.410   11853.268   11812.237   11771.206   11730.064   11689.033   11648.002   11606.860   11565.829   11524.798   11483.656   11442.625   11401.483   11360.452   11319.421   11278.279   11237.248   11196.217   11155.075   11114.044   11072.902   11031.871   10990.840   10949.698   10908.667   10867.636   10826.494   10785.463   10744.432   10703.290   10662.259   10621.228   10580.086   10539.055   10497.913   10456.882   10415.740   10374.709   10333.678   10292.536   10251.283   10210.029   10168.776   10127.078   10085.380   10043.015   10000.649    9956.949    9913.361    9867.994    9822.737    9775.702    9728.666    9680.297    9631.927    9582.778    9533.520    9483.815    9434.111    9384.296    9334.369    9284.332    9234.405    9184.367    9134.330    9084.292    9034.143    8984.105    8934.067    8883.919    8833.881    8783.843    8733.806    8683.656    8633.619    8583.581    8533.544    8483.395    8433.356    8383.319    8333.170    8283.133    8233.095    8183.057    8132.908    8082.871    8032.833    7982.684    7932.646    7882.608    7832.571    7782.422    7732.384    7682.346    7632.309    7582.160    7532.122    7482.084    7431.935    7381.897    7331.860    7281.822    7231.673    7181.636    7131.598    7081.449    7031.300    6981.040    6930.891    6880.409    6829.926    6779.110    6728.294    6676.811    6625.438    6573.511    6521.471    6468.987    6416.503    6363.686    6310.868    6257.939    6204.899    6151.859    6098.819    6045.668    5992.628    5939.477    5886.437    5833.286    5780.135    5726.983    5673.833    5620.681    5567.641    5514.490    5461.339    5408.188    5355.037    5301.885    5248.845    5195.694    5142.543    5089.392    5036.241    4983.089    4930.049    4876.898    4823.747    4770.596    4717.445    4664.405    4611.253    4558.103    4504.951    4451.800    4398.649    4345.609    4292.458    4239.307    4186.155    4133.004    4079.853    4026.702    3973.551    3920.399    3867.248    3814.431    3761.613    3709.574    3657.535    3606.385    3555.347    3504.531    3453.603    3402.231    3350.859    3302.156
   15259.057   15206.017   15152.977   15107.832   15062.798   15018.876   14974.954   14931.144   14887.444   14843.967   14800.490   14757.235   14714.091   14671.059   14628.026   14585.105   14542.073   14499.151   14456.230   14413.309   14370.388   14327.355   14284.434   14241.513   14198.591   14155.559   14112.638   14069.716   14026.795   13983.763   13940.842   13897.920   13854.999   13811.967   13769.045   13726.124   13683.203   13640.170   13597.249   13554.328   13511.407   13468.485   13425.453   13382.532   13339.611   13296.689   13253.657   13210.736   13167.814   13124.893   13081.861   13038.939   12996.018   12953.097   12910.176   12867.255   12824.444   12781.634   12738.824   12696.126   12653.538   12611.173   12568.807   12526.776   12484.855   12443.157   12401.570   12360.206   12318.841   12277.588   12236.446   12195.304   12154.161   12113.131   12071.988   12030.846   11989.815   11948.673   11907.642   11866.611   11825.469   11784.438   11743.296   11702.265   11661.123   11620.092   11579.061   11537.919   11496.888   11455.746   11414.604   11373.573   11332.542   11291.400   11250.369   11209.227   11168.196   11127.054   11086.023   11044.881   11003.850   10962.708   10921.677   10880.646   10839.504   10798.473   10757.331   10716.300   10675.158   10634.127   10592.985   10551.954   10510.812   10469.781   10428.639   10387.608   10346.466   10305.323   10264.181   10222.817   10181.563   10139.865   10098.278   10055.913   10013.437    9969.849    9926.260    9880.893    9835.636    9788.601    9741.565    9693.195    9644.825    9595.566    9546.307    9496.603    9446.898    9397.083    9347.156    9297.119    9247.192    9197.155    9147.117    9097.079    9046.931    8996.893    8946.855    8896.817    8846.668    8796.631    8746.593    8696.556    8646.406    8596.368    8546.331    8496.182    8446.145    8396.106    8346.068    8296.031    8245.882    8195.845    8145.807    8095.658    8045.620    7995.583    7945.434    7895.396    7845.358    7795.320    7745.283    7695.134    7645.096    7595.058    7545.021    7494.872    7444.834    7394.796    7344.758    7294.609    7244.572    7194.534    7144.385    7094.348    7044.199    6993.938    6943.790    6893.307    6842.825    6792.008    6741.192    6689.820    6638.448    6586.409    6534.481    6481.997    6429.513    6376.695    6323.989    6270.949    6218.021    6164.980    6111.940    6058.900    6005.749    5952.709    5899.558    5846.518    5793.367    5740.216    5687.176    5634.024    5580.874    5527.833    5474.682    5421.531    5368.491    5315.340    5262.188    5209.149    5155.998    5102.846    5049.807    4996.655    4943.504    4890.464    4837.313    4784.162    4731.122    4677.971    4624.931    4571.779    4518.628    4465.588    4412.437    4359.286    4306.135    4253.095    4199.943    4146.792    4093.752    4040.601    3987.450    3934.299    3881.148    3828.330    3775.512    3723.473    3671.434    3620.173    3569.024    3517.874    3466.835    3415.241    3363.758    3314.943
   15270.622   15218.360   15166.098   15121.176   15076.364   15032.442   14988.631   14944.821   14901.121   14857.644   14814.055   14770.912   14727.657   14684.624   14641.592   14598.671   14555.749   14512.717   14469.796   14426.875   14383.842   14340.921   14298.000   14255.078   14212.046   14169.125   14126.203   14083.171   14040.250   13997.329   13954.296   13911.375   13868.454   13825.421   13782.500   13739.579   13696.546   13653.625   13610.704   13567.783   13524.750   13481.829   13438.908   13395.875   13352.954   13310.033   13267.000   13224.079   13181.158   13138.125   13095.204   13052.283   13009.362   12966.329   12923.408   12880.598   12837.677   12794.867   12752.057   12709.358   12666.770   12624.405   12582.040   12540.008   12497.976   12456.389   12414.691   12373.327   12331.962   12290.709   12249.567   12208.425   12167.282   12126.140   12085.109   12043.967   12002.825   11961.794   11920.652   11879.621   11838.479   11797.448   11756.306   11715.164   11674.133   11632.991   11591.960   11550.818   11509.676   11468.645   11427.503   11386.472   11345.330   11304.299   11263.157   11222.014   11180.983   11139.841   11098.810   11057.668   11016.637   10975.495   10934.353   10893.322   10852.180   10811.149   10770.007   10728.976   10687.834   10646.692   10605.661   10564.519   10523.488   10482.346   10441.204   10400.173   10359.031   10317.888   10276.746   10235.382   10194.128   10152.430   10110.843   10068.478   10026.002    9982.413    9938.825    9893.457    9848.201    9801.166    9754.130    9705.761    9657.279    9608.020    9558.872    9509.168    9459.464    9409.537    9359.722    9309.684    9259.758    9209.720    9159.682    9109.533    9059.495    9009.458    8959.309    8909.271    8859.233    8809.195    8759.158    8709.009    8658.972    8608.934    8558.896    8508.747    8458.709    8408.672    8358.634    8308.485    8258.447    8208.409    8158.372    8108.223    8058.185    8008.147    7958.110    7907.961    7857.923    7807.885    7757.848    7707.699    7657.661    7607.624    7557.585    7507.437    7457.399    7407.361    7357.324    7307.286    7257.137    7207.099    7157.062    7106.913    7056.764    7006.615    6956.354    6905.983    6855.501    6804.685    6753.869    6702.497    6651.125    6599.196    6547.269    6494.785    6442.300    6389.483    6336.776    6283.848    6230.919    6177.879    6124.839    6071.799    6018.759    5965.608    5912.568    5859.417    5806.376    5753.226    5700.186    5647.034    5593.995    5540.843    5487.803    5434.652    5381.612    5328.461    5275.421    5222.270    5169.229    5116.079    5063.039    5009.887    4956.847    4903.696    4850.656    4797.505    4744.465    4691.314    4638.274    4585.123    4532.083    4478.932    4425.892    4372.741    4319.701    4266.549    4213.509    4160.358    4107.318    4054.167    4001.016    3947.976    3894.825    3842.007    3789.301    3737.150    3685.000    3633.739    3582.367    3531.106    3479.845    3428.140    3376.434    3327.731
   15282.297   15230.814   15179.219   15134.519   15089.930   15046.008   15002.197   14958.498   14914.798   14871.209   14827.732   14784.589   14741.334   14698.301   14655.269   14612.237   14569.315   14526.394   14483.362   14440.440   14397.408   14354.487   14311.565   14268.533   14225.612   14182.579   14139.658   14096.737   14053.704   14010.783   13967.862   13924.829   13881.908   13838.876   13795.955   13753.033   13710.001   13667.080   13624.047   13581.126   13538.205   13495.172   13452.251   13409.219   13366.297   13323.376   13280.344   13237.422   13194.501   13151.469   13108.548   13065.515   13022.594   12979.673   12936.751   12893.830   12850.909   12808.099   12765.289   12722.590   12679.891   12637.526   12595.161   12553.129   12511.208   12469.510   12427.812   12386.448   12345.083   12303.830   12262.688   12221.546   12180.292   12139.261   12098.119   12056.977   12015.835   11974.804   11933.662   11892.520   11851.489   11810.347   11769.316   11728.174   11687.032   11646.001   11604.859   11563.716   11522.574   11481.543   11440.401   11399.259   11358.228   11317.086   11275.944   11234.913   11193.771   11152.629   11111.598   11070.456   11029.314   10988.283   10947.141   10905.998   10864.967   10823.825   10782.683   10741.541   10700.510   10659.368   10618.337   10577.195   10536.053   10494.911   10453.880   10412.738   10371.596   10330.453   10289.200   10247.947   10206.582   10164.995   10123.297   10080.932   10038.678    9994.979    9951.390    9906.134    9860.766    9813.730    9766.695    9718.214    9669.845    9620.585    9571.326    9521.622    9472.028    9422.103    9372.176    9322.249    9272.211    9222.174    9172.136    9122.099    9072.061    9021.911    8971.874    8921.836    8871.799    8821.761    8771.611    8721.574    8671.536    8621.499    8571.461    8521.312    8471.274    8421.236    8371.199    8321.050    8271.012    8220.975    8170.937    8120.788    8070.750    8020.712    7970.675    7920.526    7870.488    7820.450    7770.413    7720.375    7670.226    7620.188    7570.150    7520.113    7469.964    7419.926    7369.889    7319.851    7269.813    7219.664    7169.626    7119.478    7069.440    7019.180    6969.031    6918.548    6868.177    6817.361    6766.656    6715.284    6663.912    6611.984    6559.945    6507.572    6455.088    6402.271    6349.564    6296.635    6243.707    6190.667    6137.738    6084.698    6031.658    5978.506    5925.466    5872.426    5819.387    5766.235    5713.195    5660.155    5607.004    5553.964    5500.924    5447.773    5394.733    5341.693    5288.542    5235.502    5182.462    5129.311    5076.271    5023.231    4970.080    4917.040    4864.000    4810.849    4757.809    4704.769    4651.617    4598.578    4545.538    4492.386    4439.346    4386.306    4333.155    4280.115    4226.964    4173.924    4120.884    4067.733    4014.693    3961.542    3908.502    3855.795    3802.978    3750.827    3698.677    3647.194    3595.822    3544.338    3492.744    3441.038    3389.221    3340.518
   15293.973   15243.045   15192.229   15147.751   15103.162   15059.463   15015.652   14971.841   14928.141   14884.664   14841.187   14797.932   14754.788   14711.645   14668.612   14625.691   14582.659   14539.737   14496.705   14453.784   14410.751   14367.830   14324.798   14281.876   14238.844   14195.923   14153.001   14109.969   14067.048   14024.015   13981.094   13938.062   13895.140   13852.108   13809.187   13766.154   13723.233   13680.201   13637.279   13594.358   13551.326   13508.404   13465.372   13422.451   13379.418   13336.497   13293.465   13250.543   13207.511   13164.590   13121.557   13078.636   13035.715   12992.682   12949.761   12906.840   12863.919   12821.109   12778.299   12735.600   12692.901   12650.536   12608.170   12566.139   12524.107   12482.409   12440.822   12399.346   12357.982   12316.728   12275.586   12234.333   12193.191   12152.049   12110.907   12069.765   12028.734   11987.591   11946.449   11905.307   11864.276   11823.134   11781.992   11740.850   11699.819   11658.677   11617.535   11576.393   11535.250   11494.108   11453.077   11411.935   11370.793   11329.651   11288.620   11247.478   11206.336   11165.194   11124.052   11083.021   11041.879   11000.736   10959.594   10918.563   10877.421   10836.279   10795.137   10753.995   10712.853   10671.822   10630.680   10589.538   10548.396   10507.253   10466.222   10425.080   10383.938   10342.796   10301.543   10260.289   10218.925   10177.338   10135.640   10093.275   10050.909   10007.321    9963.732    9918.365    9873.108    9826.073    9778.927    9730.557    9682.187    9632.928    9583.668    9533.964    9484.260    9434.334    9384.519    9334.480    9284.554    9234.517    9184.479    9134.330    9084.292    9034.254    8984.217    8934.179    8884.141    8833.992    8783.954    8733.917    8683.879    8633.730    8583.692    8533.654    8483.617    8433.579    8383.431    8333.393    8283.354    8233.317    8183.279    8133.130    8083.093    8033.055    7983.018    7932.869    7882.831    7832.793    7782.755    7732.718    7682.569    7632.531    7582.493    7532.456    7482.418    7432.269    7382.231    7332.193    7282.156    7232.118    7181.969    7131.932    7081.783    7031.634    6981.374    6931.002    6880.631    6829.815    6779.110    6727.738    6676.366    6624.438    6572.510    6520.026    6467.653    6414.946    6362.129    6309.200    6256.382    6203.343    6150.414    6097.374    6044.334    5991.294    5938.254    5885.103    5832.062    5779.022    5725.983    5672.943    5619.903    5566.863    5513.711    5460.672    5407.632    5354.592    5301.552    5248.400    5195.361    5142.321    5089.281    5036.241    4983.201    4930.049    4877.009    4823.970    4770.930    4717.890    4664.850    4611.810    4558.658    4505.618    4452.579    4399.539    4346.499    4293.347    4240.307    4187.268    4134.228    4081.076    4028.036    3974.996    3921.956    3869.139    3816.432    3764.282    3712.020    3660.537    3608.942    3557.237    3505.643    3453.714    3401.898    3353.194
   15305.537   15255.388   15205.128   15160.872   15116.505   15072.806   15028.995   14985.295   14941.596   14898.119   14854.641   14811.387   14768.132   14725.099   14681.956   14639.034   14596.002   14553.081   14510.048   14467.127   14424.095   14381.173   14338.141   14295.109   14252.187   14209.155   14166.234   14123.201   14080.280   14037.248   13994.326   13951.294   13908.373   13865.340   13822.419   13779.387   13736.465   13693.433   13650.512   13607.479   13564.558   13521.525   13478.493   13435.572   13392.539   13349.618   13306.586   13263.664   13220.632   13177.711   13134.678   13091.757   13048.725   13005.803   12962.771   12919.850   12876.928   12834.118   12791.308   12748.610   12705.911   12663.545   12621.069   12579.037   12537.006   12495.419   12453.721   12412.356   12370.880   12329.627   12288.374   12247.232   12206.089   12164.947   12123.805   12082.663   12041.521   12000.379   11959.237   11918.095   11876.953   11835.922   11794.779   11753.637   11712.495   11671.353   11630.211   11589.069   11547.927   11506.785   11465.642   11424.500   11383.469   11342.327   11301.185   11260.043   11218.901   11177.759   11136.617   11095.475   11054.332   11013.302   10972.159   10931.017   10889.875   10848.733   10807.591   10766.449   10725.307   10684.165   10643.022   10601.991   10560.849   10519.707   10478.565   10437.423   10396.281   10355.028   10313.885   10272.521   10231.268   10189.569   10147.983   10105.617   10063.252   10019.664    9976.075    9930.708    9885.451    9838.416    9791.270    9742.899    9694.419    9645.159    9595.899    9546.195    9496.603    9446.676    9396.750    9346.823    9296.785    9246.748    9196.710    9146.672    9096.635    9046.597    8996.448    8946.410    8896.372    8846.335    8796.297    8746.260    8696.110    8646.072    8596.035    8545.997    8495.960    8445.922    8395.772    8345.735    8295.697    8245.660    8195.622    8145.473    8095.436    8045.397    7995.360    7945.322    7895.173    7845.136    7795.098    7745.060    7695.022    7644.874    7594.836    7544.798    7494.760    7444.723    7394.685    7344.536    7294.499    7244.461    7194.423    7144.274    7094.236    7043.976    6993.827    6943.456    6893.084    6842.380    6791.563    6740.303    6688.931    6637.003    6585.075    6532.591    6480.218    6427.512    6374.694    6321.876    6268.948    6216.019    6162.979    6110.050    6057.010    6003.970    5950.930    5897.890    5844.850    5791.810    5738.770    5685.730    5632.690    5579.650    5526.610    5473.570    5420.530    5367.490    5314.450    5261.410    5208.371    5155.331    5102.291    5049.250    4996.210    4943.170    4890.130    4837.090    4784.050    4731.011    4677.971    4624.931    4571.891    4518.851    4465.811    4412.771    4359.730    4306.691    4253.651    4200.611    4147.571    4094.531    4041.380    3988.451    3935.411    3882.593    3829.887    3777.625    3725.475    3673.769    3622.063    3570.247    3518.430    3466.502    3414.574    3365.982
   15317.212   15267.619   15218.026   15173.771   15129.626   15085.816   15042.116   14998.416   14954.717   14911.240   14867.762   14824.508   14781.364   14738.220   14695.188   14652.155   14609.123   14566.202   14523.169   14480.248   14437.216   14394.183   14351.262   14308.230   14265.308   14222.276   14179.243   14136.322   14093.290   14050.369   14007.336   13964.304   13921.382   13878.350   13835.318   13792.396   13749.364   13706.443   13663.410   13620.489   13577.457   13534.424   13491.503   13448.470   13405.438   13362.517   13319.484   13276.563   13233.531   13190.498   13147.577   13104.544   13061.623   13018.591   12975.670   12932.748   12889.827   12846.906   12804.096   12761.397   12718.698   12676.222   12633.856   12591.825   12549.793   12508.095   12466.397   12425.032   12383.557   12342.303   12301.050   12259.908   12218.655   12177.512   12136.370   12095.228   12054.086   12012.944   11971.802   11930.660   11889.518   11848.375   11807.233   11766.091   11724.949   11683.807   11642.665   11601.523   11560.381   11519.238   11478.096   11436.954   11395.812   11354.670   11313.528   11272.386   11231.244   11190.101   11148.959   11107.817   11066.675   11025.533   10984.391   10943.249   10902.107   10860.964   10819.822   10778.680   10737.538   10696.396   10655.254   10614.112   10572.970   10531.827   10490.685   10449.543   10408.401   10367.148   10325.894   10284.641   10243.277   10201.690   10159.992   10117.738   10075.372   10031.784    9988.195    9942.828    9897.571    9850.425    9803.390    9754.908    9706.539    9657.279    9608.020    9558.315    9508.611    9458.686    9408.870    9358.832    9308.905    9258.868    9208.830    9158.793    9108.644    9058.605    9008.568    8958.530    8908.493    8858.455    8808.306    8758.269    8708.230    8658.193    8608.155    8558.117    8508.080    8457.931    8407.894    8357.855    8307.817    8257.780    8207.742    8157.593    8107.556    8057.518    8007.480    7957.442    7907.293    7857.256    7807.218    7757.181    7707.143    7657.105    7607.067    7556.918    7506.881    7456.843    7406.805    7356.768    7306.730    7256.581    7206.543    7156.505    7106.356    7056.208    7006.059    6955.688    6905.316    6854.611    6803.795    6752.534    6701.162    6649.234    6597.306    6544.934    6492.561    6439.854    6387.148    6334.219    6281.401    6228.361    6175.433    6122.504    6069.464    6016.424    5963.495    5910.455    5857.415    5804.375    5751.335    5698.295    5645.366    5592.326    5539.287    5486.247    5433.207    5380.167    5327.126    5274.198    5221.158    5168.118    5115.078    5062.038    5008.998    4955.958    4903.029    4849.989    4796.949    4743.909    4690.869    4637.940    4584.900    4531.860    4478.820    4425.780    4372.741    4319.701    4266.661    4213.621    4160.692    4107.652    4054.612    4001.572    3948.643    3895.825    3843.119    3790.857    3738.596    3686.779    3635.073    3583.145    3531.106    3479.178    3427.139    3378.658
   15328.777   15279.740   15230.814   15186.669   15142.636   15098.937   15055.237   15011.537   14967.949   14924.472   14880.995   14837.740   14794.485   14751.453   14708.309   14665.276   14622.355   14579.323   14536.290   14493.258   14450.337   14407.304   14364.272   14321.351   14278.318   14235.397   14192.364   14149.332   14106.411   14063.378   14020.346   13977.313   13934.392   13891.360   13848.327   13805.406   13762.374   13719.341   13676.420   13633.388   13590.355   13547.434   13504.401   13461.369   13418.448   13375.415   13332.383   13289.462   13246.429   13203.397   13160.476   13117.443   13074.411   13031.489   12988.457   12945.536   12902.615   12859.693   12816.883   12774.184   12731.374   12689.009   12646.533   12604.501   12562.469   12520.771   12479.073   12437.709   12396.233   12354.979   12313.726   12272.584   12231.331   12190.189   12149.046   12107.793   12066.651   12025.509   11984.367   11943.225   11902.083   11860.940   11819.798   11778.656   11737.403   11696.261   11655.119   11613.977   11572.834   11531.692   11490.550   11449.408   11408.155   11367.013   11325.870   11284.728   11243.586   11202.444   11161.302   11120.160   11078.907   11037.764   10996.622   10955.480   10914.338   10873.196   10832.054   10790.912   10749.770   10708.516   10667.374   10626.232   10585.090   10543.948   10502.806   10461.663   10420.410   10379.268   10338.015   10296.650   10255.397   10213.699   10172.112   10129.747   10087.493   10043.904   10000.316    9954.948    9909.581    9862.545    9815.398    9767.028    9718.548    9669.288    9620.029    9570.325    9520.732    9470.806    9420.879    9370.952    9320.915    9270.877    9220.839    9170.802    9120.764    9070.727    9020.688    8970.650    8920.613    8870.464    8820.427    8770.389    8720.351    8670.313    8620.275    8570.238    8520.089    8470.051    8420.014    8369.976    8319.938    8269.900    8219.862    8169.714    8119.676    8069.638    8019.601    7969.563    7919.525    7869.376    7819.338    7769.301    7719.263    7669.225    7619.188    7569.150    7519.001    7468.963    7418.925    7368.888    7318.850    7268.812    7218.774    7168.625    7118.588    7068.439    7018.290    6967.919    6917.547    6866.843    6816.138    6764.766    6713.505    6661.577    6609.649    6557.276    6504.903    6452.197    6399.490    6346.562    6293.744    6240.815    6187.887    6134.958    6081.917    6028.989    5975.949    5922.909    5869.980    5816.940    5763.900    5710.971    5657.932    5604.892    5551.963    5498.923    5445.883    5392.843    5339.914    5286.874    5233.834    5180.905    5127.865    5074.825    5021.896    4968.856    4915.816    4862.888    4809.848    4756.808    4703.879    4650.839    4597.799    4544.870    4491.830    4438.791    4385.861    4332.821    4279.782    4226.742    4173.813    4120.773    4067.733    4014.804    3961.764    3909.058    3856.240    3803.979    3751.717    3699.900    3647.972    3595.933    3543.782    3491.854    3439.815    3391.334
   15340.341   15291.860   15243.379   15199.457   15155.535   15111.835   15068.136   15024.547   14980.848   14937.482   14894.004   14850.750   14807.495   14764.351   14721.319   14678.286   14635.254   14592.221   14549.189   14506.268   14463.235   14420.203   14377.170   14334.249   14291.217   14248.184   14205.263   14162.231   14119.198   14076.166   14033.245   13990.212   13947.180   13904.147   13861.115   13818.194   13775.161   13732.129   13689.207   13646.175   13603.143   13560.110   13517.078   13474.156   13431.124   13388.092   13345.170   13302.138   13259.105   13216.073   13173.152   13130.119   13087.087   13044.166   13001.133   12958.212   12915.180   12872.369   12829.448   12786.749   12744.051   12701.574   12659.098   12617.066   12575.034   12533.336   12491.638   12450.162   12408.798   12367.433   12326.180   12285.038   12243.785   12202.642   12161.389   12120.247   12079.105   12037.852   11996.709   11955.567   11914.425   11873.283   11832.141   11790.888   11749.746   11708.603   11667.461   11626.208   11585.066   11543.924   11502.782   11461.528   11420.386   11379.244   11338.102   11296.849   11255.706   11214.564   11173.422   11132.280   11091.027   11049.885   11008.743   10967.600   10926.347   10885.205   10844.063   10802.921   10761.667   10720.525   10679.383   10638.241   10597.099   10555.846   10514.703   10473.561   10432.308   10391.166   10349.913   10308.548   10267.184   10225.597   10184.010   10141.644   10099.390   10055.802   10012.214    9966.846    9921.479    9874.443    9827.297    9778.927    9730.445    9681.187    9631.927    9582.223    9532.519    9482.703    9432.776    9382.851    9332.812    9282.774    9232.737    9182.699    9132.662    9082.624    9032.586    8982.549    8932.511    8882.362    8832.324    8782.286    8732.249    8682.211    8632.174    8582.136    8532.098    8482.061    8431.911    8381.874    8331.836    8281.798    8231.761    8181.723    8131.574    8081.536    8031.499    7981.460    7931.423    7881.385    7831.348    7781.310    7731.272    7681.234    7631.197    7581.048    7531.010    7480.972    7430.935    7380.897    7330.859    7280.821    7230.672    7180.635    7130.597    7080.448    7030.299    6979.928    6929.557    6878.852    6828.147    6776.886    6725.625    6673.697    6621.769    6569.396    6517.023    6464.317    6411.611    6358.793    6305.976    6253.047    6200.118    6147.189    6094.260    6041.220    5988.292    5935.251    5882.323    5829.283    5776.354    5723.314    5670.385    5617.345    5564.417    5511.376    5458.448    5405.408    5352.368    5299.439    5246.399    5193.470    5140.430    5087.501    5034.461    4981.533    4928.493    4875.564    4822.524    4769.595    4716.555    4663.626    4610.586    4557.658    4504.618    4451.689    4398.649    4345.609    4292.680    4239.640    4186.711    4133.671    4080.743    4027.703    3974.774    3922.067    3869.250    3816.988    3764.615    3712.688    3660.760    3608.609    3556.458    3504.419    3452.380    3404.010
   15352.016   15304.091   15256.055   15212.244   15168.434   15124.734   15081.146   15037.446   14993.857   14950.380   14907.014   14863.759   14820.505   14777.361   14734.217   14691.185   14648.152   14605.231   14562.199   14519.166   14476.134   14433.101   14390.069   14347.148   14304.115   14261.083   14218.050   14175.129   14132.097   14089.064   14046.032   14003.000   13959.967   13916.935   13874.013   13830.981   13787.949   13744.916   13701.884   13658.962   13615.930   13572.898   13529.865   13486.833   13443.800   13400.879   13357.847   13314.814   13271.782   13228.749   13185.828   13142.796   13099.763   13056.731   13013.809   12970.777   12927.856   12884.935   12842.013   12799.314   12756.616   12714.139   12671.663   12629.631   12587.599   12545.901   12504.092   12462.727   12421.252   12379.998   12338.634   12297.492   12256.238   12215.096   12173.843   12132.701   12091.448   12050.305   12009.163   11967.910   11926.768   11885.626   11844.372   11803.230   11762.088   11720.835   11679.693   11638.551   11597.297   11556.155   11515.013   11473.760   11432.618   11391.475   11350.222   11309.080   11267.827   11226.685   11185.542   11144.289   11103.147   11062.005   11020.863   10979.609   10938.467   10897.214   10856.072   10814.930   10773.676   10732.534   10691.392   10650.139   10608.997   10567.855   10526.601   10485.459   10444.317   10403.064   10361.810   10320.446   10279.081   10237.495   10195.796   10153.542   10111.288   10067.700   10024.111    9978.744    9933.376    9886.341    9839.194    9790.824    9742.344    9693.084    9643.825    9594.121    9544.416    9494.490    9444.675    9394.637    9344.710    9294.673    9244.635    9194.598    9144.560    9094.521    9044.484    8994.446    8944.409    8894.260    8844.222    8794.185    8744.146    8694.109    8644.071    8594.033    8543.996    8493.958    8443.920    8393.883    8343.845    8293.696    8243.658    8193.620    8143.583    8093.545    8043.507    7993.470    7943.432    7893.283    7843.245    7793.208    7743.170    7693.132    7643.095    7593.057    7543.019    7492.981    7442.943    7392.906    7342.757    7292.719    7242.682    7192.644    7142.606    7092.457    7042.308    6991.937    6941.677    6890.972    6840.267    6789.006    6737.746    6685.817    6633.889    6581.517    6529.144    6476.548    6423.842    6371.024    6318.207    6265.278    6212.350    6159.420    6106.492    6053.563    6000.523    5947.594    5894.666    5841.625    5788.697    5735.768    5682.728    5629.799    5576.871    5523.831    5470.901    5417.862    5364.933    5312.004    5258.964    5206.035    5153.106    5100.066    5047.138    4994.209    4941.169    4888.240    4835.312    4782.271    4729.343    4676.303    4623.374    4570.445    4517.405    4464.476    4411.547    4358.507    4305.579    4252.539    4199.610    4146.681    4093.641    4040.712    3987.784    3935.077    3882.260    3829.998    3777.625    3725.586    3673.547    3621.285    3569.024    3516.984    3464.945    3416.798
   15363.581   15316.100   15268.620   15224.809   15181.110   15137.410   15093.822   15050.233   15006.645   14963.168   14919.802   14876.547   14833.292   14790.148   14747.005   14703.972   14660.940   14617.907   14574.875   14531.843   14488.921   14445.889   14402.856   14359.824   14316.792   14273.759   14230.727   14187.805   14144.773   14101.741   14058.708   14015.676   13972.643   13929.611   13886.578   13843.546   13800.514   13757.481   13714.560   13671.527   13628.495   13585.463   13542.430   13499.398   13456.365   13413.333   13370.412   13327.379   13284.347   13241.314   13198.282   13155.249   13112.217   13069.185   13026.263   12983.231   12940.310   12897.388   12854.467   12811.768   12768.958   12726.482   12684.005   12641.974   12599.942   12558.244   12516.435   12475.070   12433.594   12392.230   12350.976   12309.723   12268.470   12227.328   12186.074   12144.932   12103.679   12062.537   12021.284   11980.141   11938.888   11897.746   11856.604   11815.351   11774.208   11732.955   11691.813   11650.560   11609.418   11568.164   11527.022   11485.769   11444.627   11403.373   11362.231   11320.978   11279.836   11238.694   11197.440   11156.298   11115.045   11073.903   11032.649   10991.507   10950.254   10909.112   10867.859   10826.716   10785.574   10744.321   10703.179   10661.926   10620.783   10579.530   10538.388   10497.135   10455.993   10414.739   10373.486   10332.121   10290.757   10249.170   10207.472   10165.218   10122.964   10079.375   10035.787    9990.419    9945.163    9898.017    9850.870    9802.500    9754.019    9704.760    9655.500    9605.796    9556.092    9506.165    9456.351    9406.312    9356.386    9306.349    9256.311    9206.272    9156.235    9106.197    9056.159    9006.122    8956.084    8906.047    8856.009    8805.971    8755.934    8705.784    8655.747    8605.709    8555.671    8505.634    8455.596    8405.558    8355.521    8305.482    8255.445    8205.407    8155.370    8105.221    8055.183    8005.145    7955.107    7905.070    7855.032    7804.994    7754.957    7704.919    7654.881    7604.843    7554.806    7504.768    7454.730    7404.692    7354.655    7304.617    7254.468    7204.431    7154.393    7104.244    7054.095    7003.835    6953.463    6902.870    6852.165    6800.904    6749.643    6697.715    6645.898    6593.525    6541.153    6488.446    6435.851    6383.034    6330.216    6277.287    6224.470    6171.541    6118.612    6065.683    6012.754    5959.714    5906.786    5853.857    5800.928    5748.000    5694.959    5642.031    5589.102    5536.173    5483.244    5430.204    5377.275    5324.347    5271.418    5218.378    5165.449    5112.521    5059.592    5006.663    4953.623    4900.694    4847.765    4794.836    4741.908    4688.868    4635.939    4583.010    4530.082    4477.152    4424.112    4371.184    4318.255    4265.326    4212.286    4159.357    4106.429    4053.500    4000.571    3947.865    3895.158    3842.785    3790.302    3738.262    3686.112    3633.850    3581.477    3529.549    3477.510    3429.474
   15375.256   15328.221   15281.074   15237.374   15193.675   15150.198   15106.609   15063.021   15019.432   14975.955   14932.589   14889.334   14846.079   14802.936   14759.792   14716.760   14673.727   14630.695   14587.662   14544.630   14501.598   14458.565   14415.533   14372.500   14329.468   14286.435   14243.514   14200.482   14157.449   14114.417   14071.384   14028.352   13985.208   13942.287   13899.255   13856.222   13813.190   13770.157   13727.125   13684.092   13641.060   13598.028   13554.995   13511.963   13468.930   13425.898   13382.865   13339.833   13296.801   13253.768   13210.736   13167.703   13124.671   13081.750   13038.717   12995.685   12952.763   12909.842   12866.921   12824.111   12781.412   12738.936   12696.459   12654.316   12612.285   12570.586   12528.777   12487.301   12445.937   12404.572   12363.208   12322.066   12280.812   12239.559   12198.306   12157.164   12115.910   12074.657   12033.515   11992.262   11951.120   11909.866   11868.724   11827.471   11786.329   11745.075   11703.822   11662.680   11621.427   11580.284   11539.031   11497.889   11456.636   11415.382   11374.240   11332.987   11291.845   11250.591   11209.449   11168.196   11126.943   11085.801   11044.547   11003.405   10962.152   10920.899   10879.756   10838.503   10797.361   10756.108   10714.966   10673.712   10632.570   10591.317   10550.063   10508.921   10467.668   10426.415   10385.161   10343.797   10302.432   10260.845   10219.259   10176.893   10134.639   10091.051   10047.462   10002.206    9956.839    9909.692    9862.545    9814.176    9765.694    9716.436    9667.176    9617.472    9567.768    9517.952    9468.025    9418.099    9368.062    9318.023    9267.986    9217.948    9167.910    9117.873    9067.835    9017.798    8967.760    8917.722    8867.685    8817.646    8767.608    8717.571    8667.533    8617.495    8567.458    8517.420    8467.383    8417.345    8367.307    8317.270    8267.231    8217.083    8167.045    8117.007    8066.970    8016.932    7966.894    7916.856    7866.819    7816.781    7766.743    7716.706    7666.668    7616.630    7566.592    7516.555    7466.517    7416.479    7366.441    7316.404    7266.366    7216.217    7166.179    7116.030    7065.993    7015.622    6965.361    6914.657    6864.063    6812.802    6761.541    6709.613    6657.796    6605.423    6553.051    6500.456    6447.860    6395.042    6342.225    6289.407    6236.479    6183.550    6130.732    6077.804    6024.875    5971.946    5918.906    5865.977    5813.048    5760.231    5707.302    5654.373    5601.333    5548.404    5495.476    5442.547    5389.618    5336.689    5283.761    5230.832    5177.903    5124.974    5072.045    5019.117    4966.188    4913.259    4860.330    4807.401    4754.473    4701.544    4648.615    4595.575    4542.646    4489.718    4436.789    4383.860    4330.931    4278.002    4225.074    4172.145    4119.216    4066.287    4013.358    3960.652    3907.946    3855.462    3803.089    3750.938    3698.677    3646.304    3594.042    3542.115    3490.186    3442.150
   15386.932   15340.230   15293.528   15249.828   15206.240   15162.651   15119.063   15075.586   15031.997   14988.631   14945.154   14902.010   14858.756   14815.612   14772.468   14729.436   14686.292   14643.260   14600.227   14557.195   14514.163   14471.130   14428.098   14385.065   14342.033   14299.000   14255.968   14212.936   14169.903   14126.871   14083.838   14040.806   13997.773   13954.741   13911.708   13868.676   13825.644   13782.611   13739.579   13696.546   13653.514   13610.481   13567.338   13524.305   13481.273   13438.240   13395.208   13352.176   13309.143   13266.111   13223.078   13180.046   13137.013   13093.981   13050.949   13008.027   12964.995   12922.074   12879.152   12836.342   12793.643   12751.167   12708.691   12666.548   12624.405   12582.707   12541.009   12499.533   12458.057   12416.693   12375.439   12334.186   12292.933   12251.679   12210.426   12169.173   12127.919   12086.777   12045.524   12004.271   11963.129   11921.875   11880.622   11839.480   11798.226   11756.973   11715.831   11674.578   11633.324   11592.182   11550.929   11509.676   11468.534   11427.280   11386.027   11344.774   11303.631   11262.378   11221.125   11179.983   11138.729   11097.476   11056.334   11015.081   10973.827   10932.685   10891.432   10850.179   10809.036   10767.783   10726.530   10685.388   10644.134   10602.881   10561.739   10520.486   10479.232   10437.979   10396.726   10355.361   10313.997   10272.410   10230.712   10188.458   10146.203   10102.615   10059.027   10013.659    9968.402    9921.256    9874.109    9825.629    9777.259    9727.999    9678.629    9629.036    9579.332    9529.405    9479.590    9429.552    9379.626    9329.588    9279.550    9229.513    9179.475    9129.438    9079.399    9029.361    8979.324    8929.286    8879.248    8829.211    8779.173    8729.136    8679.098    8629.060    8579.022    8528.984    8478.946    8428.909    8378.871    8328.834    8278.796    8228.758    8178.720    8128.683    8078.645    8028.607    7978.570    7928.532    7878.494    7828.457    7778.418    7728.381    7678.343    7628.306    7578.268    7528.119    7478.081    7428.043    7378.117    7327.968    7277.930    7227.893    7177.855    7127.706    7077.668    7027.408    6977.037    6926.443    6875.738    6824.478    6773.328    6721.400    6669.583    6617.210    6564.949    6512.242    6459.647    6406.829    6354.123    6301.305    6248.376    6195.559    6142.630    6089.701    6036.772    5983.844    5930.915    5878.097    5825.168    5772.240    5719.311    5666.382    5613.454    5560.525    5507.596    5454.778    5401.850    5348.921    5295.992    5243.063    5190.134    5137.206    5084.277    5031.348    4978.530    4925.602    4872.673    4819.744    4766.815    4713.887    4660.958    4608.029    4555.100    4502.283    4449.354    4396.425    4343.496    4290.567    4237.639    4184.710    4131.781    4078.963    4026.035    3973.328    3920.622    3868.138    3815.654    3763.392    3711.131    3658.758    3606.385    3554.568    3502.640    3454.159
   15398.496   15352.128   15305.870   15262.282   15218.694   15175.216   15131.628   15088.151   15044.562   15001.196   14957.830   14914.576   14871.321   14828.177   14785.033   14742.001   14698.969   14655.936   14612.792   14569.760   14526.728   14483.695   14440.663   14397.630   14354.598   14311.565   14268.533   14225.501   14182.468   14139.324   14096.292   14053.260   14010.227   13967.195   13924.162   13881.130   13838.097   13795.065   13751.921   13708.889   13665.856   13622.824   13579.792   13536.759   13493.727   13450.694   13407.662   13364.629   13321.486   13278.453   13235.421   13192.388   13149.356   13106.324   13063.291   13020.259   12977.337   12934.305   12891.384   12848.685   12805.875   12763.398   12720.922   12678.779   12636.636   12594.938   12553.129   12511.653   12470.177   12428.813   12387.560   12346.306   12304.942   12263.688   12222.546   12181.293   12140.040   12098.786   12057.533   12016.391   11975.138   11933.884   11892.631   11851.378   11810.236   11768.982   11727.729   11686.476   11645.222   11604.080   11562.827   11521.574   11480.320   11439.067   11397.925   11356.671   11315.418   11274.165   11232.911   11191.769   11150.516   11109.263   11068.009   11026.756   10985.614   10944.361   10903.107   10861.854   10820.601   10779.459   10738.205   10696.952   10655.699   10614.557   10573.303   10532.050   10490.797   10449.543   10408.290   10366.925   10325.561   10283.863   10242.276   10200.022   10157.657   10114.179   10070.591   10025.223    9979.855    9932.820    9885.674    9837.192    9788.712    9739.452    9690.193    9640.489    9590.785    9540.970    9491.043    9441.116    9391.189    9341.152    9291.114    9241.077    9191.039    9141.001    9090.964    9040.926    8990.889    8940.851    8890.812    8840.775    8790.737    8740.699    8690.662    8640.624    8590.586    8540.549    8490.511    8440.474    8390.436    8340.397    8290.360    8240.322    8190.285    8140.247    8090.209    8040.171    7990.134    7940.096    7890.059    7840.021    7789.983    7739.945    7689.908    7639.870    7589.832    7539.794    7489.757    7439.719    7389.681    7339.644    7289.606    7239.568    7189.530    7139.381    7089.344    7039.083    6988.824    6938.119    6887.525    6836.264    6785.003    6733.187    6681.370    6628.997    6576.735    6524.140    6471.545    6418.727    6366.021    6313.092    6260.274    6207.457    6154.528    6101.710    6048.782    5995.853    5942.924    5890.106    5837.178    5784.249    5731.431    5678.502    5625.574    5572.756    5519.828    5466.898    5413.970    5361.152    5308.224    5255.294    5202.366    5149.548    5096.620    5043.691    4990.762    4937.944    4885.016    4832.087    4779.158    4726.340    4673.412    4620.483    4567.665    4514.736    4461.808    4408.879    4355.950    4303.132    4250.204    4197.275    4144.458    4091.529    4038.711    3985.893    3933.187    3880.703    3828.219    3775.957    3723.696    3671.212    3618.839    3567.022    3515.094    3466.279
   15410.171   15364.137   15318.102   15274.625   15231.147   15187.559   15144.082   15100.605   15057.016   15013.650   14970.284   14927.029   14883.886   14840.742   14797.598   14754.455   14711.422   14668.390   14625.246   14582.214   14539.181   14496.149   14453.117   14410.084   14366.940   14323.908   14280.876   14237.843   14194.811   14151.778   14108.635   14065.602   14022.570   13979.537   13936.505   13893.361   13850.329   13807.296   13764.264   13721.232   13678.199   13635.055   13592.023   13548.991   13505.958   13462.926   13419.893   13376.750   13333.717   13290.685   13247.652   13204.620   13161.587   13118.555   13075.411   13032.490   12989.458   12946.537   12903.504   12860.694   12817.995   12775.408   12732.931   12690.788   12648.756   12606.947   12565.249   12523.662   12482.186   12440.822   12399.457   12358.204   12316.951   12275.698   12234.444   12193.191   12151.938   12110.684   12069.431   12028.178   11986.924   11945.782   11904.529   11863.276   11822.022   11780.769   11739.516   11698.262   11657.009   11615.756   11574.502   11533.249   11491.996   11450.854   11409.600   11368.347   11327.094   11285.840   11244.587   11203.334   11162.080   11120.827   11079.574   11038.320   10997.067   10955.925   10914.672   10873.418   10832.165   10790.912   10749.658   10708.405   10667.152   10626.010   10584.756   10543.503   10502.250   10460.885   10419.632   10378.267   10336.903   10295.205   10253.618   10211.364   10169.110   10125.521   10081.933   10036.565    9991.309    9944.162    9897.016    9848.535    9800.054    9750.794    9701.535    9651.831    9602.238    9552.312    9502.496    9452.458    9402.532    9352.494    9302.456    9252.419    9202.381    9152.343    9102.306    9052.379    9002.341    8952.304    8902.266    8852.229    8802.190    8752.152    8702.115    8652.077    8602.039    8552.002    8501.964    8451.927    8401.889    8351.851    8301.813    8251.775    8201.738    8151.700    8101.663    8051.625    8001.587    7951.549    7901.512    7851.474    7801.436    7751.509    7701.472    7651.434    7601.396    7551.359    7501.321    7451.283    7401.246    7351.208    7301.170    7251.132    7201.095    7150.946    7100.908    7050.648    7000.388    6949.683    6899.089    6847.829    6796.679    6744.862    6692.934    6640.672    6588.411    6535.815    6483.220    6430.403    6377.696    6324.878    6272.061    6219.243    6166.315    6113.497    6060.568    6007.750    5954.822    5902.004    5849.076    5796.258    5743.329    5690.400    5637.583    5584.654    5531.836    5478.908    5425.979    5373.161    5320.232    5267.415    5214.486    5161.557    5108.740    5055.811    5002.993    4950.064    4897.247    4844.318    4791.389    4738.572    4685.643    4632.825    4579.896    4527.079    4474.150    4421.222    4368.404    4315.475    4262.658    4209.729    4156.911    4103.982    4051.165    3998.458    3945.752    3893.157    3840.673    3788.300    3736.038    3683.554    3631.181    3579.253    3527.437    3478.177
   15421.736   15376.034   15330.333   15286.856   15243.490   15200.013   15156.424   15112.947   15069.470   15026.104   14982.738   14939.594   14896.340   14853.196   14810.052   14766.909   14723.876   14680.844   14637.700   14594.668   14551.635   14508.492   14465.459   14422.427   14379.394   14336.362   14293.218   14250.186   14207.153   14164.121   14120.977   14077.945   14034.912   13991.769   13948.736   13905.704   13862.672   13819.639   13776.495   13733.463   13690.431   13647.398   13604.254   13561.222   13518.190   13475.157   13432.014   13388.981   13345.949   13302.916   13259.884   13216.740   13173.708   13130.675   13087.643   13044.610   13001.578   12958.657   12915.624   12872.814   12830.004   12787.528   12745.051   12702.908   12660.766   12618.956   12577.258   12535.671   12494.196   12452.831   12411.467   12370.213   12328.960   12287.595   12246.342   12205.089   12163.835   12122.582   12081.329   12040.075   11998.822   11957.569   11916.316   11875.062   11833.809   11792.556   11751.302   11710.049   11668.796   11627.542   11586.289   11545.036   11503.782   11462.529   11421.276   11380.022   11338.769   11297.516   11256.262   11215.009   11173.756   11132.502   11091.249   11049.885   11008.631   10967.378   10926.125   10884.871   10843.618   10802.365   10761.111   10719.858   10678.605   10637.351   10596.098   10554.845   10513.592   10472.338   10430.974   10389.609   10348.245   10306.658   10264.960   10222.706   10180.452   10136.863   10093.386   10048.018   10002.651    9955.504    9908.357    9859.877    9811.507    9762.247    9712.988    9663.284    9613.580    9563.653    9513.838    9463.911    9413.874    9363.836    9313.909    9263.872    9213.834    9163.796    9113.759    9063.721    9013.683    8963.646    8913.607    8863.570    8813.532    8763.494    8713.568    8663.530    8613.492    8563.455    8513.417    8463.380    8413.342    8363.304    8313.267    8263.229    8213.190    8163.153    8113.115    8063.078    8013.040    7963.002    7913.076    7863.038    7813.000    7762.962    7712.925    7662.887    7612.850    7562.812    7512.774    7462.736    7412.699    7362.661    7312.623    7262.585    7212.548    7162.510    7112.361    7062.212    7011.952    6961.247    6910.653    6859.504    6808.243    6756.426    6704.609    6652.348    6600.086    6547.491    6494.896    6442.189    6389.372    6336.666    6283.848    6230.919    6178.101    6125.284    6072.466    6019.538    5966.720    5913.791    5860.974    5808.156    5755.227    5702.409    5649.480    5596.663    5543.734    5490.917    5438.099    5385.170    5332.353    5279.424    5226.606    5173.678    5120.860    5068.042    5015.114    4962.296    4909.367    4856.550    4803.621    4750.803    4697.986    4645.057    4592.239    4539.311    4486.493    4433.564    4380.747    4327.929    4275.000    4222.183    4169.254    4116.436    4063.619    4010.912    3958.206    3905.611    3853.127    3800.754    3748.381    3695.897    3643.524    3591.596    3539.779    3490.186
   15433.411   15387.932   15342.565   15299.088   15255.722   15212.244   15168.767   15125.290   15081.813   15038.447   14995.192   14951.937   14908.682   14865.539   14822.395   14779.251   14736.219   14693.075   14650.043   14607.010   14563.867   14520.834   14477.802   14434.658   14391.626   14348.593   14305.561   14262.417   14219.385   14176.352   14133.209   14090.176   14047.033   14004.000   13960.968   13917.935   13874.792   13831.759   13788.727   13745.583   13702.551   13659.518   13616.375   13573.342   13530.310   13487.277   13444.134   13401.101   13358.069   13314.925   13271.893   13228.860   13185.717   13142.684   13099.652   13056.619   13013.587   12970.666   12927.633   12884.823   12842.013   12799.537   12756.949   12714.806   12672.663   12630.965   12589.156   12547.569   12506.093   12464.729   12423.364   12382.000   12340.747   12299.493   12258.129   12216.875   12175.622   12134.369   12093.115   12051.862   12010.609   11969.244   11927.991   11886.738   11845.484   11804.231   11762.978   11721.724   11680.360   11639.107   11597.853   11556.600   11515.347   11474.093   11432.840   11391.475   11350.222   11308.969   11267.716   11226.462   11185.209   11143.956   11102.702   11061.338   11020.084   10978.831   10937.578   10896.324   10855.071   10813.818   10772.564   10731.200   10689.947   10648.693   10607.440   10566.187   10524.933   10483.569   10442.204   10400.840   10359.475   10317.888   10276.190   10233.936   10191.682   10148.094   10104.617   10059.249   10013.882    9966.735    9919.588    9871.219    9822.737    9773.479    9724.219    9674.515    9624.811    9574.995    9525.068    9475.143    9425.104    9375.066    9325.140    9275.103    9225.064    9175.027    9124.989    9074.951    9024.914    8974.987    8924.949    8874.912    8824.874    8774.836    8724.799    8674.761    8624.724    8574.686    8524.759    8474.722    8424.684    8374.646    8324.608    8274.570    8224.532    8174.495    8124.458    8074.419    8024.382    7974.344    7924.417    7874.380    7824.342    7774.305    7724.267    7674.229    7624.191    7574.154    7524.116    7474.078    7424.152    7374.114    7324.076    7274.039    7224.001    7173.852    7123.814    7073.554    7023.405    6972.700    6922.106    6870.957    6819.696    6767.879    6716.062    6663.801    6611.539    6559.055    6506.460    6453.753    6401.047    6348.229    6295.412    6242.594    6189.777    6136.959    6084.142    6031.213    5978.395    5925.578    5872.760    5819.942    5767.014    5714.196    5661.378    5608.450    5555.632    5502.814    5449.997    5397.068    5344.250    5291.433    5238.504    5185.687    5132.869    5080.051    5027.123    4974.305    4921.487    4868.670    4815.741    4762.923    4710.106    4657.288    4604.359    4551.542    4498.724    4445.795    4392.978    4340.160    4287.343    4234.414    4181.596    4128.779    4075.961    4023.255    3970.548    3917.953    3865.469    3812.985    3760.612    3708.128    3655.756    3603.828    3551.899    3502.084
   15444.975   15399.830   15354.685   15311.319   15267.953   15224.476   15180.999   15137.521   15094.155   15050.789   15007.534   14964.280   14921.025   14877.881   14834.738   14791.594   14748.561   14705.418   14662.385   14619.242   14576.209   14533.066   14490.033   14447.001   14403.857   14360.825   14317.792   14274.649   14231.616   14188.473   14145.440   14102.408   14059.264   14016.232   13973.088   13930.056   13887.023   13843.880   13800.847   13757.815   13714.671   13671.639   13628.495   13585.463   13542.430   13499.286   13456.254   13413.222   13370.078   13327.046   13283.902   13240.869   13197.837   13154.693   13111.661   13068.629   13025.596   12982.564   12939.642   12896.832   12854.022   12811.435   12768.958   12726.815   12684.561   12642.863   12601.054   12559.467   12517.991   12476.627   12435.262   12393.898   12352.533   12311.280   12270.027   12228.662   12187.409   12146.155   12104.791   12063.538   12022.284   11981.031   11939.778   11898.413   11857.160   11815.906   11774.653   11733.289   11692.035   11650.782   11609.418   11568.164   11526.911   11485.658   11444.293   11403.040   11361.786   11320.533   11279.280   11237.915   11196.662   11155.409   11114.155   11072.791   11031.537   10990.284   10948.920   10907.666   10866.413   10825.160   10783.906   10742.542   10701.289   10660.035   10618.782   10577.417   10536.164   10494.800   10453.546   10412.071   10370.706   10329.119   10287.421   10245.167   10202.913   10159.324   10115.847   10070.480   10025.112    9977.966    9930.819    9882.449    9833.968    9784.709    9735.449    9685.745    9636.041    9586.226    9536.299    9486.373    9436.335    9386.408    9336.371    9286.333    9236.295    9186.258    9136.331    9086.293    9036.256    8986.218    8936.181    8886.143    8836.104    8786.067    8736.141    8686.103    8636.065    8586.027    8535.989    8485.952    8435.914    8385.877    8335.839    8285.912    8235.875    8185.837    8135.799    8085.762    8035.724    7985.686    7935.759    7885.722    7835.684    7785.646    7735.609    7685.571    7635.533    7585.496    7535.458    7485.531    7435.494    7385.456    7335.418    7285.380    7235.343    7185.305    7135.267    7085.007    7034.747    6984.153    6933.560    6882.410    6831.260    6779.443    6727.626    6675.365    6623.104    6570.508    6518.024    6465.318    6412.611    6359.794    6307.087    6254.270    6201.452    6148.635    6095.817    6043.000    5990.182    5937.364    5884.547    5831.618    5778.800    5725.983    5673.165    5620.348    5567.530    5514.712    5461.895    5408.966    5356.148    5303.331    5250.513    5197.696    5144.878    5092.061    5039.243    4986.314    4933.497    4880.679    4827.861    4775.043    4722.226    4669.409    4616.591    4563.773    4510.845    4458.027    4405.209    4352.392    4299.574    4246.757    4193.939    4141.122    4088.304    4035.597    3982.891    3930.296    3877.812    3825.328    3772.844    3720.360    3667.987    3616.059    3564.131    3513.982
   15456.651   15411.728   15366.694   15323.328   15279.962   15236.596   15193.119   15149.753   15106.387   15063.021   15019.655   14976.511   14933.256   14890.113   14846.969   14803.825   14760.682   14717.649   14674.506   14631.473   14588.330   14545.297   14502.154   14459.121   14416.089   14372.945   14329.913   14286.769   14243.737   14200.593   14157.560   14114.417   14071.384   14028.241   13985.208   13942.065   13899.032   13856.000   13812.856   13769.824   13726.680   13683.648   13640.504   13597.472   13554.439   13511.296   13468.263   13425.119   13382.087   13338.943   13295.911   13252.767   13209.735   13166.702   13123.559   13080.526   13037.494   12994.462   12951.540   12908.730   12865.809   12823.333   12780.745   12738.602   12696.459   12654.650   12612.841   12571.254   12529.778   12488.302   12446.938   12405.573   12364.320   12322.955   12281.702   12240.338   12199.084   12157.720   12116.466   12075.213   12033.849   11992.595   11951.342   11909.977   11868.724   11827.471   11786.106   11744.853   11703.488   11662.235   11620.982   11579.617   11538.364   11497.111   11455.746   11414.493   11373.239   11331.875   11290.622   11249.368   11208.004   11166.751   11125.386   11084.133   11042.879   11001.515   10960.262   10918.897   10877.644   10836.390   10795.137   10753.773   10712.519   10671.266   10629.901   10588.648   10547.284   10505.919   10464.666   10423.190   10381.826   10340.239   10298.541   10256.286   10214.032   10170.444   10126.967   10081.599   10036.232    9989.085    9941.938    9893.457    9845.088    9795.828    9746.569    9696.865    9647.160    9597.346    9547.419    9497.492    9447.455    9397.528    9347.490    9297.452    9247.415    9197.488    9147.450    9097.413    9047.375    8997.338    8947.300    8897.373    8847.336    8797.298    8747.260    8697.223    8647.185    8597.258    8547.221    8497.183    8447.145    8397.107    8347.069    8297.032    8246.994    8197.067    8147.030    8096.992    8046.955    7996.917    7946.990    7896.953    7846.915    7796.877    7746.839    7696.802    7646.764    7596.726    7546.800    7496.762    7446.724    7396.687    7346.649    7296.722    7246.685    7196.536    7146.498    7096.349    7046.089    6995.495    6944.901    6893.752    6842.602    6790.785    6738.968    6686.707    6634.557    6581.961    6529.366    6476.771    6424.064    6371.358    6318.541    6265.723    6213.017    6160.199    6107.381    6054.564    6001.746    5948.929    5896.111    5843.293    5790.476    5737.658    5684.841    5632.023    5579.206    5526.388    5473.570    5420.753    5367.935    5315.118    5262.300    5209.593    5156.776    5103.958    5051.141    4998.323    4945.505    4892.688    4839.871    4787.053    4734.235    4681.417    4628.600    4575.782    4522.965    4470.147    4417.330    4364.512    4311.694    4258.877    4206.059    4153.353    4100.535    4047.829    3995.123    3942.527    3889.932    3837.448    3784.964    3732.591    3680.107    3628.179    3576.140    3525.880
   15468.326   15423.515   15378.814   15335.448   15292.082   15248.716   15205.350   15161.873   15118.507   15075.252   15031.886   14988.743   14945.488   14902.344   14859.089   14816.057   14772.913   14729.770   14686.737   14643.593   14600.561   14557.417   14514.385   14471.241   14428.209   14385.065   14342.033   14298.889   14255.857   14212.713   14169.681   14126.537   14083.393   14040.361   13997.217   13954.185   13911.041   13868.009   13824.865   13781.833   13738.689   13695.657   13652.513   13609.481   13566.337   13523.305   13480.161   13437.129   13393.985   13350.952   13307.809   13264.776   13221.633   13178.600   13135.457   13092.424   13049.392   13006.359   12963.438   12920.517   12877.707   12835.119   12792.532   12750.389   12708.246   12666.436   12624.627   12583.040   12541.565   12500.089   12458.724   12417.360   12375.995   12334.631   12293.378   12252.013   12210.760   12169.395   12128.142   12086.777   12045.524   12004.160   11962.906   11921.542   11880.288   11838.924   11797.671   11756.306   11715.053   11673.688   11632.435   11591.070   11549.817   11508.564   11467.199   11425.946   11384.581   11343.328   11301.964   11260.710   11219.346   11178.092   11136.728   11095.475   11054.110   11012.857   10971.492   10930.239   10888.874   10847.621   10806.368   10765.003   10723.750   10682.385   10641.132   10599.768   10558.514   10517.150   10475.785   10434.310   10392.945   10351.247   10309.660   10267.406   10225.152   10181.563   10138.086   10092.719   10047.351   10000.205    9953.058    9904.577    9856.096    9806.837    9757.577    9707.984    9658.280    9608.465    9558.538    9508.611    9458.574    9408.647    9358.609    9308.572    9258.646    9208.607    9158.570    9108.532    9058.495    9008.568    8958.530    8908.493    8858.455    8808.417    8758.491    8708.453    8658.415    8608.378    8558.340    8508.302    8458.376    8408.338    8358.300    8308.263    8258.225    8208.188    8158.261    8108.223    8058.185    8008.147    7958.221    7908.183    7858.146    7808.108    7758.070    7708.032    7657.995    7608.068    7558.030    7507.993    7457.955    7408.028    7357.991    7307.953    7257.916    7207.877    7157.840    7107.580    7057.431    7006.837    6956.243    6905.094    6853.944    6802.127    6750.421    6698.160    6645.898    6593.415    6540.819    6488.224    6435.518    6382.811    6330.105    6277.287    6224.470    6171.763    6118.946    6066.128    6013.311    5960.493    5907.787    5854.969    5802.151    5749.333    5696.516    5643.810    5590.992    5538.174    5485.357    5432.539    5379.833    5327.016    5274.198    5221.380    5168.562    5115.745    5063.039    5010.221    4957.403    4904.586    4851.768    4799.062    4746.244    4693.427    4640.609    4587.792    4534.974    4482.268    4429.450    4376.632    4323.815    4271.108    4218.291    4165.473    4112.767    4060.060    4007.354    3954.759    3902.164    3849.680    3797.196    3744.711    3692.228    3640.188    3588.260    3537.667
   15479.891   15435.413   15390.823   15347.457   15304.091   15260.725   15217.359   15173.993   15130.627   15087.372   15044.006   15000.752   14957.608   14914.464   14871.209   14828.177   14785.033   14741.890   14698.746   14655.714   14612.570   14569.538   14526.394   14483.362   14440.218   14397.074   14354.042   14310.898   14267.866   14224.722   14181.579   14138.546   14095.402   14052.259   14009.226   13966.083   13923.050   13879.907   13836.874   13793.731   13750.698   13707.555   13664.411   13621.379   13578.235   13535.202   13492.059   13448.915   13405.883   13362.739   13319.707   13276.563   13233.531   13190.387   13147.355   13104.211   13061.178   13018.146   12975.114   12932.304   12889.494   12846.906   12804.318   12762.175   12719.921   12678.112   12636.303   12594.716   12553.129   12511.764   12470.289   12428.924   12387.560   12346.306   12304.942   12263.577   12222.324   12180.959   12139.595   12098.342   12056.977   12015.724   11974.359   11933.106   11891.741   11850.377   11809.124   11767.759   11726.506   11685.141   11643.777   11602.523   11561.159   11519.906   11478.541   11437.177   11395.923   11354.559   11313.305   11271.941   11230.576   11189.323   11147.959   11106.705   11065.341   11023.976   10982.723   10941.358   10900.105   10858.741   10817.487   10776.123   10734.758   10693.505   10652.140   10610.887   10569.523   10528.158   10486.794   10445.429   10403.953   10362.255   10320.668   10278.414   10236.160   10192.572   10149.095   10103.727   10058.359   10011.213    9964.066    9915.585    9867.104    9817.845    9768.586    9718.992    9669.288    9619.473    9569.547    9519.620    9469.693    9419.656    9369.618    9319.691    9269.654    9219.616    9169.578    9119.541    9069.614    9019.576    8969.539    8919.501    8869.574    8819.537    8769.499    8719.461    8669.535    8619.497    8569.459    8519.422    8469.384    8419.347    8369.420    8319.382    8269.345    8219.307    8169.269    8119.342    8069.305    8019.267    7969.340    7919.303    7869.265    7819.227    7769.189    7719.263    7669.225    7619.188    7569.150    7519.112    7469.186    7419.148    7369.110    7319.072    7269.035    7218.997    7168.959    7118.811    7068.550    7018.068    6967.474    6916.324    6865.175    6813.358    6761.652    6709.391    6657.240    6604.645    6552.161    6499.566    6446.859    6394.153    6341.447    6288.629    6235.923    6183.105    6130.399    6077.581    6024.875    5972.057    5919.239    5866.533    5813.715    5760.898    5708.191    5655.374    5602.557    5549.850    5497.032    5444.215    5391.508    5338.691    5285.873    5233.167    5180.349    5127.532    5074.825    5022.008    4969.190    4916.484    4863.666    4810.849    4758.142    4705.325    4652.507    4599.800    4546.983    4494.166    4441.459    4388.642    4335.935    4283.117    4230.300    4177.593    4124.776    4072.069    4019.474    3966.879    3914.284    3861.689    3809.205    3756.721    3704.348    3652.198    3600.158    3549.453
   15491.566   15447.199   15402.721   15359.466   15316.100   15272.734   15229.368   15186.114   15142.748   15099.381   15056.127   15012.872   14969.728   14926.473   14883.330   14840.186   14797.154   14754.010   14710.866   14667.723   14624.690   14581.547   14538.403   14495.371   14452.227   14409.195   14366.051   14322.907   14279.875   14236.731   14193.588   14150.444   14107.412   14064.268   14021.124   13978.092   13934.948   13891.805   13848.772   13805.629   13762.596   13719.452   13676.309   13633.276   13590.133   13546.989   13503.957   13460.813   13417.669   13374.637   13331.493   13288.461   13245.317   13202.174   13159.141   13115.998   13072.965   13029.933   12986.900   12944.090   12901.169   12858.581   12815.994   12773.851   12731.597   12689.787   12647.978   12606.391   12564.804   12523.440   12481.964   12440.600   12399.235   12357.871   12316.506   12275.142   12233.888   12192.524   12151.159   12109.906   12068.541   12027.177   11985.812   11944.559   11903.195   11861.830   11820.577   11779.212   11737.848   11696.483   11655.230   11613.865   11572.501   11531.247   11489.883   11448.518   11407.154   11365.901   11324.536   11283.172   11241.918   11200.554   11159.189   11117.825   11076.571   11035.207   10993.842   10952.589   10911.225   10869.860   10828.607   10787.242   10745.878   10704.624   10663.260   10621.895   10580.531   10539.166   10497.802   10456.437   10414.962   10373.264   10331.677   10289.423   10247.168   10203.580   10159.992   10114.735   10069.368   10022.221    9975.074    9926.594    9878.112    9828.854    9779.594    9730.001    9680.297    9630.481    9580.555    9530.628    9480.702    9430.664    9380.626    9330.700    9280.662    9230.624    9180.698    9130.660    9080.622    9030.585    8980.547    8930.620    8880.583    8830.545    8780.618    8730.581    8680.543    8630.506    8580.579    8530.541    8480.504    8430.466    8380.428    8330.502    8280.464    8230.426    8180.388    8130.462    8080.424    8030.386    7980.460    7930.422    7880.384    7830.347    7780.420    7730.382    7680.345    7630.307    7580.270    7530.343    7480.305    7430.268    7380.229    7330.303    7280.266    7230.228    7180.190    7130.041    7079.781    7029.298    6978.705    6927.555    6876.405    6824.700    6772.883    6720.732    6668.471    6615.987    6563.503    6510.908    6458.201    6405.495    6352.789    6300.082    6247.376    6194.558    6141.852    6089.034    6036.328    5983.622    5930.804    5878.097    5825.280    5772.462    5719.756    5666.938    5614.232    5561.414    5508.708    5455.890    5403.184    5350.366    5297.660    5244.842    5192.136    5139.318    5086.612    5033.794    4981.088    4928.271    4875.564    4822.747    4770.040    4717.222    4664.516    4611.698    4558.992    4506.174    4453.468    4400.650    4347.944    4295.126    4242.420    4189.603    4136.896    4084.190    4031.483    3978.888    3926.293    3873.809    3821.325    3768.841    3716.357    3664.318    3612.167    3561.240
   15503.130   15458.875   15414.619   15371.364   15328.109   15284.743   15241.377   15198.011   15154.645   15111.391   15068.136   15024.881   14981.737   14938.482   14895.339   14852.195   14809.052   14766.019   14722.875   14679.732   14636.588   14593.556   14550.412   14507.268   14464.236   14421.092   14377.949   14334.805   14291.773   14248.629   14205.485   14162.342   14119.198   14076.166   14033.022   13989.879   13946.846   13903.702   13860.559   13817.526   13774.383   13731.239   13688.095   13645.063   13601.919   13558.776   13515.743   13472.600   13429.456   13386.312   13343.280   13300.136   13256.993   13213.960   13170.817   13127.784   13084.641   13041.608   12998.576   12955.766   12912.844   12870.257   12827.669   12785.415   12743.272   12701.463   12659.542   12617.955   12576.369   12535.004   12493.528   12452.164   12410.688   12369.324   12327.959   12286.706   12245.341   12203.977   12162.612   12121.248   12079.883   12038.630   11997.265   11955.901   11914.536   11873.172   11831.807   11790.554   11749.190   11707.825   11666.461   11625.096   11583.731   11542.478   11501.114   11459.749   11418.385   11377.020   11335.767   11294.402   11253.038   11211.673   11170.309   11128.944   11087.691   11046.326   11004.962   10963.597   10922.233   10880.980   10839.615   10798.251   10756.886   10715.521   10674.268   10632.904   10591.539   10550.175   10508.810   10467.334   10425.859   10384.272   10342.574   10300.320   10258.066   10214.477   10170.889   10125.632   10080.265   10033.118    9985.972    9937.490    9889.010    9839.750    9790.491    9740.898    9691.193    9641.379    9591.452    9541.525    9491.599    9441.562    9391.635    9341.597    9291.560    9241.633    9191.595    9141.558    9091.520    9041.593    8991.556    8941.518    8891.591    8841.554    8791.516    8741.478    8691.552    8641.514    8591.476    8541.550    8491.512    8441.474    8391.437    8341.510    8291.472    8241.435    8191.396    8141.470    8091.433    8041.395    7991.468    7941.431    7891.393    7841.355    7791.429    7741.391    7691.353    7641.315    7591.389    7541.351    7491.313    7441.387    7391.349    7341.312    7291.385    7241.347    7191.310    7141.049    7090.900    7040.307    6989.824    6938.675    6887.525    6835.819    6784.114    6731.852    6679.702    6627.218    6574.733    6522.138    6469.543    6416.837    6364.130    6311.424    6258.718    6205.900    6153.194    6100.487    6047.670    5994.963    5942.257    5889.439    5836.733    5784.026    5731.209    5678.502    5625.685    5572.979    5520.272    5467.455    5414.748    5362.042    5309.224    5256.518    5203.812    5150.994    5098.288    5045.581    4992.763    4940.057    4887.351    4834.533    4781.827    4729.009    4676.303    4623.596    4570.779    4518.072    4465.366    4412.548    4359.842    4307.136    4254.318    4201.611    4148.905    4096.199    4043.492    3990.897    3938.302    3885.818    3833.334    3780.850    3728.366    3676.216    3624.065    3573.027
   15514.806   15470.661   15426.517   15383.262   15340.007   15296.641   15253.386   15210.020   15166.654   15123.400   15080.145   15036.890   14993.746   14950.603   14907.348   14864.204   14821.061   14777.917   14734.885   14691.741   14648.597   14605.454   14562.310   14519.278   14476.134   14432.990   14389.847   14346.814   14303.671   14260.527   14217.383   14174.240   14131.096   14088.064   14044.920   14001.776   13958.633   13915.489   13872.457   13829.313   13786.169   13743.026   13699.993   13656.850   13613.706   13570.562   13527.419   13484.386   13441.243   13398.099   13354.955   13311.923   13268.779   13225.636   13182.492   13139.460   13096.316   13053.284   13010.251   12967.330   12924.520   12881.932   12839.345   12797.091   12754.836   12713.027   12671.218   12629.520   12587.933   12546.457   12505.093   12463.617   12422.252   12380.888   12339.523   12298.159   12256.794   12215.430   12174.065   12132.701   12091.336   12049.972   12008.607   11967.243   11925.878   11884.514   11843.149   11801.785   11760.531   11719.167   11677.802   11636.438   11595.073   11553.709   11512.344   11470.980   11429.615   11388.251   11346.886   11305.522   11264.157   11222.793   11181.428   11140.064   11098.699   11057.335   11016.081   10974.717   10933.352   10891.988   10850.623   10809.259   10767.894   10726.530   10685.165   10643.801   10602.436   10561.072   10519.707   10478.232   10436.756   10395.169   10353.471   10311.217   10268.963   10225.374   10181.786   10136.530   10091.162   10044.015    9996.869    9948.388    9899.906    9850.647    9801.499    9751.795    9702.091    9652.275    9602.349    9552.423    9502.496    9452.458    9402.532    9352.494    9302.567    9252.530    9202.492    9152.565    9102.528    9052.490    9002.452    8952.526    8902.488    8852.450    8802.524    8752.486    8702.448    8652.522    8602.484    8552.446    8502.521    8452.482    8402.444    8352.407    8302.480    8252.442    8202.405    8152.479    8102.441    8052.403    8002.477    7952.439    7902.401    7852.475    7802.437    7752.399    7702.361    7652.435    7602.397    7552.359    7502.433    7452.395    7402.357    7352.431    7302.393    7252.355    7202.318    7152.169    7102.020    7051.426    7000.944    6949.794    6898.645    6846.939    6795.233    6743.083    6690.932    6638.448    6585.964    6533.369    6480.774    6428.067    6375.361    6322.655    6269.948    6217.242    6164.536    6111.829    6059.123    6006.417    5953.599    5900.893    5848.186    5795.479    5742.773    5689.956    5637.249    5584.543    5531.836    5479.130    5426.312    5373.606    5320.899    5268.193    5215.375    5162.669    5109.963    5057.256    5004.550    4951.844    4899.026    4846.320    4793.613    4740.907    4688.089    4635.383    4582.676    4529.970    4477.264    4424.557    4371.740    4319.033    4266.327    4213.621    4160.914    4108.208    4055.501    4002.906    3950.311    3897.827    3845.232    3792.748    3740.264    3688.113    3635.963    3584.813
   15526.370   15482.448   15438.415   15395.160   15351.905   15308.539   15265.284   15221.918   15178.663   15135.409   15092.043   15048.899   15005.644   14962.501   14919.246   14876.102   14833.070   14789.926   14746.782   14703.639   14660.495   14617.351   14574.208   14531.064   14488.032   14444.888   14401.745   14358.601   14315.457   14272.314   14229.170   14186.026   14142.883   14099.850   14056.707   14013.563   13970.419   13927.276   13884.132   13841.100   13797.956   13754.812   13711.669   13668.525   13625.382   13582.238   13539.205   13496.062   13452.918   13409.775   13366.631   13323.487   13280.455   13237.311   13194.168   13151.024   13107.992   13064.959   13021.815   12979.005   12936.084   12893.497   12850.909   12808.655   12766.401   12724.591   12682.671   12641.084   12599.497   12558.021   12516.546   12475.070   12433.706   12392.341   12350.865   12309.501   12268.136   12226.772   12185.407   12144.043   12102.678   12061.314   12019.949   11978.585   11937.220   11895.856   11854.491   11813.127   11771.762   11730.286   11688.922   11647.557   11606.193   11564.828   11523.464   11482.099   11440.735   11399.370   11358.006   11316.641   11275.277   11233.912   11192.548   11151.183   11109.819   11068.454   11027.090   10985.725   10944.361   10902.996   10861.632   10820.267   10778.791   10737.427   10696.062   10654.698   10613.333   10571.969   10530.493   10489.129   10447.653   10405.955   10364.257   10322.003   10279.749   10236.160   10192.683   10147.315   10101.948   10054.801   10007.655    9959.285    9910.804    9861.545    9812.285    9762.581    9712.988    9663.062    9613.246    9563.319    9513.282    9463.355    9413.317    9363.392    9313.354    9263.427    9213.390    9163.352    9113.425    9063.388    9013.350    8963.423    8913.386    8863.348    8813.421    8763.384    8713.346    8663.419    8613.382    8563.344    8513.417    8463.380    8413.342    8363.415    8313.378    8263.340    8213.413    8163.375    8113.338    8063.411    8013.374    7963.336    7913.409    7863.372    7813.334    7763.407    7713.370    7663.332    7613.405    7563.368    7513.441    7463.403    7413.366    7363.439    7313.401    7263.364    7213.326    7163.177    7113.028    7062.546    7011.952    6960.914    6909.764    6858.058    6806.353    6754.202    6701.940    6649.568    6597.084    6544.489    6491.894    6439.298    6386.592    6333.885    6281.179    6228.473    6175.766    6123.060    6070.354    6017.647    5964.940    5912.234    5859.528    5806.821    5754.115    5701.409    5648.702    5595.996    5543.290    5490.583    5437.876    5385.170    5332.464    5279.757    5227.051    5174.233    5121.527    5068.821    5016.114    4963.408    4910.702    4857.995    4805.289    4752.583    4699.876    4647.169    4594.463    4541.757    4489.050    4436.344    4383.638    4330.931    4278.225    4225.519    4172.812    4120.105    4067.510    4014.915    3962.209    3909.725    3857.130    3804.646    3752.273    3700.011    3647.861    3596.600
   15538.045   15494.123   15450.201   15407.058   15363.803   15320.437   15277.071   15233.816   15190.561   15147.306   15104.052   15060.797   15017.542   14974.398   14931.255   14888.111   14844.967   14801.824   14758.680   14715.537   14672.393   14629.249   14586.106   14542.962   14499.818   14456.675   14413.531   14370.388   14327.244   14284.100   14240.957   14197.813   14154.669   14111.637   14068.493   14025.350   13982.206   13939.062   13895.919   13852.775   13809.632   13766.488   13723.344   13680.201   13637.168   13594.025   13550.881   13507.737   13464.594   13421.450   13378.306   13335.163   13292.019   13248.876   13205.732   13162.699   13119.556   13076.523   13033.491   12990.570   12947.648   12905.061   12862.473   12820.219   12777.965   12736.045   12694.235   12652.537   12610.950   12569.475   12527.999   12486.523   12445.159   12403.683   12362.318   12320.954   12279.589   12238.114   12196.749   12155.385   12114.020   12072.656   12031.291   11989.815   11948.451   11907.086   11865.722   11824.357   11782.993   11741.517   11700.153   11658.788   11617.424   11576.059   11534.695   11493.219   11451.854   11410.490   11369.125   11327.761   11286.396   11244.921   11203.556   11162.192   11120.827   11079.462   11037.987   10996.622   10955.258   10913.893   10872.529   10831.164   10789.800   10748.324   10706.959   10665.595   10624.230   10582.755   10541.390   10499.915   10458.439   10416.741   10375.154   10332.789   10290.534   10247.057   10203.469   10158.101   10112.734   10065.587   10018.552    9970.070    9921.590    9872.330    9823.071    9773.479    9723.773    9673.848    9624.032    9574.105    9524.179    9474.142    9424.215    9374.177    9324.251    9274.213    9224.286    9174.249    9124.211    9074.284    9024.247    8974.209    8924.282    8874.245    8824.318    8774.280    8724.243    8674.316    8624.278    8574.241    8524.314    8474.276    8424.239    8374.312    8324.274    8274.237    8224.311    8174.272    8124.346    8074.309    8024.271    7974.344    7924.307    7874.380    7824.342    7774.305    7724.267    7674.340    7624.303    7574.376    7524.338    7474.412    7424.374    7374.336    7324.410    7274.372    7224.334    7174.186    7124.037    7073.554    7022.960    6971.922    6920.772    6869.066    6817.361    6765.210    6713.060    6660.688    6608.203    6555.608    6503.124    6450.417    6397.822    6345.116    6292.410    6239.814    6187.108    6134.402    6081.695    6028.989    5976.283    5923.576    5870.870    5818.163    5765.568    5712.862    5660.155    5607.449    5554.743    5502.036    5449.330    5396.624    5343.917    5291.210    5238.615    5185.909    5133.203    5080.496    5027.790    4975.083    4922.377    4869.670    4816.964    4764.258    4711.663    4658.956    4606.250    4553.543    4500.837    4448.131    4395.424    4342.718    4290.012    4237.417    4184.710    4132.003    4079.408    4026.813    3974.218    3921.623    3869.139    3816.655    3764.171    3711.909    3659.647    3608.275
   15549.721   15505.910   15462.099   15418.845   15375.590   15332.224   15288.969   15245.714   15202.348   15159.093   15115.838   15072.695   15029.440   14986.296   14943.041   14899.898   14856.754   14813.611   14770.467   14727.323   14684.180   14641.036   14597.892   14554.749   14511.605   14468.461   14425.318   14382.174   14339.031   14295.887   14252.743   14209.600   14166.456   14123.312   14080.169   14037.025   13993.882   13950.738   13907.594   13864.451   13821.307   13778.163   13735.020   13691.876   13648.732   13605.589   13562.445   13519.302   13476.158   13433.014   13389.871   13346.727   13303.583   13260.440   13217.296   13174.264   13131.120   13088.088   13044.944   13002.023   12959.102   12916.514   12873.926   12831.672   12789.418   12747.498   12705.577   12663.990   12622.403   12580.816   12539.341   12497.865   12456.500   12415.025   12373.660   12332.296   12290.820   12249.456   12208.091   12166.615   12125.251   12083.886   12042.522   12001.046   11959.682   11918.317   11876.841   11835.477   11794.112   11752.748   11711.272   11669.908   11628.543   11587.067   11545.703   11504.338   11462.974   11421.498   11380.134   11338.769   11297.405   11255.929   11214.564   11173.200   11131.724   11090.360   11048.995   11007.631   10966.155   10924.790   10883.426   10842.061   10800.586   10759.221   10717.857   10676.381   10635.016   10593.652   10552.176   10510.700   10469.225   10427.527   10385.829   10343.574   10301.320   10257.732   10214.144   10168.887   10123.520   10076.373   10029.226    9980.745    9932.265    9883.116    9833.856    9784.152    9734.448    9684.633    9634.818    9584.892    9534.854    9484.927    9435.001    9384.963    9335.036    9284.999    9234.961    9185.034    9134.997    9085.070    9035.032    8984.995    8935.068    8885.030    8835.104    8785.066    8735.028    8685.103    8635.064    8585.138    8535.101    8485.062    8435.136    8385.099    8335.172    8285.134    8235.097    8185.170    8135.132    8085.206    8035.168    7985.130    7935.204    7885.166    7835.239    7785.202    7735.164    7685.237    7635.200    7585.273    7535.235    7485.309    7435.271    7385.233    7335.307    7285.269    7235.231    7185.083    7134.934    7084.451    7033.969    6982.819    6931.780    6880.075    6828.369    6776.219    6724.068    6671.696    6619.323    6566.728    6514.132    6461.537    6408.942    6356.236    6303.641    6250.934    6198.228    6145.632    6092.926    6040.220    5987.513    5934.918    5882.211    5829.505    5776.799    5724.204    5671.497    5618.791    5566.084    5513.489    5460.783    5408.077    5355.370    5302.775    5250.068    5197.362    5144.656    5092.061    5039.354    4986.647    4933.941    4881.346    4828.640    4775.933    4723.227    4670.632    4617.925    4565.219    4512.513    4459.917    4407.211    4354.504    4301.798    4249.203    4196.497    4143.901    4091.195    4038.600    3986.004    3933.521    3880.925    3828.441    3775.957    3723.696    3671.434    3619.951
   15561.285   15517.586   15473.886   15430.631   15387.376   15344.010   15300.755   15257.501   15214.246   15170.991   15127.736   15084.481   15041.338   14998.083   14954.939   14911.796   14868.652   14825.397   14782.254   14739.110   14695.966   14652.823   14609.679   14566.535   14523.392   14480.248   14437.104   14393.961   14350.817   14307.674   14264.530   14221.275   14178.132   14134.988   14091.844   14048.701   14005.557   13962.413   13919.270   13876.126   13832.982   13789.839   13746.695   13703.552   13660.408   13617.264   13574.121   13530.977   13487.722   13444.579   13401.435   13358.291   13315.148   13272.004   13228.860   13185.717   13142.684   13099.541   13056.508   13013.587   12970.666   12927.967   12885.379   12843.125   12800.871   12758.951   12717.030   12675.443   12633.745   12592.269   12550.683   12509.318   12467.842   12426.367   12385.002   12343.526   12302.162   12260.797   12219.322   12177.957   12136.481   12095.117   12053.752   12012.277   11970.912   11929.437   11888.072   11846.707   11805.232   11763.867   11722.392   11681.027   11639.663   11598.187   11556.822   11515.458   11473.982   11432.618   11391.142   11349.777   11308.302   11266.937   11225.573   11184.097   11142.732   11101.257   11059.892   11018.528   10977.052   10935.687   10894.323   10852.847   10811.483   10770.007   10728.642   10687.278   10645.802   10604.438   10562.962   10521.486   10480.011   10438.313   10396.614   10354.360   10311.995   10268.518   10224.929   10179.562   10134.194   10087.048   10040.012    9991.531    9943.051    9893.791    9844.531    9794.938    9745.234    9695.419    9645.493    9595.566    9545.640    9495.713    9445.676    9395.749    9345.711    9295.785    9245.747    9195.820    9145.782    9095.856    9045.818    8995.781    8945.854    8895.816    8845.890    8795.853    8745.926    8695.888    8645.962    8595.924    8545.886    8495.960    8445.922    8395.995    8345.958    8295.920    8245.993    8195.956    8146.029    8095.991    8046.065    7996.027    7945.989    7896.063    7846.025    7796.099    7746.061    7696.134    7646.097    7596.170    7546.132    7496.095    7446.168    7396.130    7346.204    7296.167    7246.240    7196.091    7145.942    7095.459    7044.866    6993.827    6942.789    6891.083    6839.377    6787.227    6735.188    6682.704    6630.331    6577.847    6525.252    6472.657    6420.062    6367.355    6314.760    6262.054    6209.458    6156.752    6104.157    6051.450    5998.855    5946.149    5893.442    5840.847    5788.141    5735.545    5682.839    5630.133    5577.538    5524.831    5472.236    5419.529    5366.823    5314.228    5261.521    5208.926    5156.220    5103.514    5050.918    4998.212    4945.617    4892.910    4840.204    4787.609    4734.902    4682.307    4629.601    4576.895    4524.299    4471.593    4418.998    4366.291    4313.585    4260.990    4208.283    4155.688    4103.093    4050.498    3997.902    3945.307    3892.823    3840.339    3787.855    3735.482    3683.221    3631.738
   15572.849   15529.261   15485.561   15442.307   15399.163   15355.797   15312.542   15269.287   15226.033   15182.778   15139.523   15096.268   15053.124   15009.870   14966.726   14923.582   14880.439   14837.184   14794.040   14750.897   14707.753   14664.609   14621.466   14578.322   14535.067   14491.924   14448.780   14405.636   14362.493   14319.349   14276.094   14232.951   14189.807   14146.663   14103.520   14060.376   14017.232   13974.089   13930.834   13887.690   13844.547   13801.403   13758.259   13715.116   13671.972   13628.829   13585.685   13542.430   13499.286   13456.143   13412.999   13369.856   13326.712   13283.568   13240.425   13197.281   13154.137   13110.994   13067.961   13025.040   12982.119   12939.420   12896.832   12854.578   12812.213   12770.404   12728.483   12686.785   12645.087   12603.611   12562.024   12520.549   12479.184   12437.709   12396.233   12354.868   12313.393   12272.028   12230.552   12189.188   12147.712   12106.348   12064.872   12023.507   11982.032   11940.667   11899.191   11857.827   11816.351   11774.876   11733.511   11692.035   11650.671   11609.195   11567.831   11526.466   11484.990   11443.515   11402.150   11360.674   11319.310   11277.834   11236.470   11194.994   11153.630   11112.154   11070.789   11029.314   10987.949   10946.473   10905.109   10863.633   10822.269   10780.793   10739.428   10697.953   10656.588   10615.112   10573.637   10532.161   10490.685   10448.987   10407.289   10365.035   10322.670   10279.193   10235.604   10190.237   10144.869   10097.722   10050.576   10002.206    9953.726    9904.466    9855.206    9805.613    9755.909    9706.094    9656.167    9606.241    9556.314    9506.388    9456.461    9406.424    9356.497    9306.459    9256.533    9206.495    9156.457    9106.531    9056.493    9006.566    8956.529    8906.603    8856.564    8806.639    8756.601    8706.674    8656.636    8606.710    8556.672    8506.635    8456.708    8406.670    8356.743    8306.706    8256.779    8206.741    8156.815    8106.777    8056.851    8006.813    7956.887    7906.849    7856.922    7806.885    7756.847    7706.920    7656.883    7606.956    7556.918    7506.992    7456.954    7407.028    7357.101    7307.063    7257.026    7206.877    7156.728    7106.246    7055.763    7004.725    6953.686    6901.980    6850.275    6798.235    6746.085    6693.712    6641.339    6588.855    6536.260    6483.665    6431.070    6378.475    6325.879    6273.173    6220.578    6167.982    6115.276    6062.681    6009.975    5957.379    5904.673    5852.078    5799.372    5746.776    5694.070    5641.475    5588.879    5536.173    5483.578    5430.872    5378.276    5325.570    5272.975    5220.268    5167.673    5115.078    5062.372    5009.776    4957.070    4904.475    4851.768    4799.173    4746.467    4693.872    4641.165    4588.570    4535.975    4483.268    4430.673    4377.967    4325.372    4272.776    4220.070    4167.475    4114.879    4062.284    4009.689    3957.094    3904.610    3852.126    3799.642    3747.269    3695.007    3643.413
   15584.525   15540.937   15497.348   15454.093   15410.838   15367.584   15324.329   15281.074   15237.819   15194.564   15151.310   15108.166   15064.911   15021.656   14978.513   14935.369   14892.114   14848.971   14805.827   14762.683   14719.428   14676.285   14633.141   14589.998   14546.854   14503.710   14460.455   14417.312   14374.168   14331.025   14287.770   14244.626   14201.482   14158.339   14115.195   14071.940   14028.797   13985.653   13942.509   13899.366   13856.222   13812.967   13769.824   13726.680   13683.536   13640.393   13597.138   13553.994   13510.851   13467.707   13424.563   13381.420   13338.165   13295.021   13251.878   13208.734   13165.591   13122.447   13079.414   13036.493   12993.572   12950.873   12908.174   12865.920   12823.666   12781.746   12739.825   12698.127   12656.429   12614.953   12573.366   12531.891   12490.415   12448.939   12407.575   12366.099   12324.623   12283.259   12241.783   12200.307   12158.943   12117.467   12076.103   12034.627   11993.151   11951.787   11910.311   11868.835   11827.471   11785.995   11744.631   11703.155   11661.679   11620.315   11578.839   11537.474   11495.999   11454.523   11413.158   11371.683   11330.207   11288.843   11247.367   11205.891   11164.527   11123.051   11081.686   11040.211   10998.846   10957.370   10915.895   10874.530   10833.055   10791.579   10750.214   10708.739   10667.263   10625.898   10584.423   10542.836   10501.360   10459.662   10417.964   10375.710   10333.345   10289.756   10246.279   10200.911   10155.544   10108.397   10061.251   10012.881    9964.399    9915.141    9865.881    9816.288    9766.584    9716.769    9666.953    9616.916    9566.989    9517.062    9467.136    9417.099    9367.172    9317.134    9267.208    9217.170    9167.243    9117.206    9067.279    9017.241    8967.314    8917.277    8867.351    8817.312    8767.387    8717.349    8667.422    8617.385    8567.458    8517.420    8467.494    8417.456    8367.529    8317.492    8267.565    8217.527    8167.601    8117.563    8067.637    8017.599    7967.672    7917.635    7867.708    7817.670    7767.744    7717.707    7667.780    7617.742    7567.815    7517.778    7467.851    7417.813    7367.887    7317.849    7267.923    7217.774    7167.625    7117.143    7066.660    7015.622    6964.583    6912.877    6861.283    6809.132    6757.093    6704.721    6652.348    6599.864    6547.269    6494.785    6442.189    6389.483    6336.888    6284.292    6231.697    6179.102    6126.396    6073.800    6021.205    5968.499    5915.904    5863.309    5810.713    5758.007    5705.412    5652.816    5600.110    5547.515    5494.920    5442.213    5389.618    5337.023    5284.428    5231.721    5179.126    5126.531    5073.825    5021.229    4968.634    4915.928    4863.333    4810.737    4758.142    4705.436    4652.840    4600.245    4547.650    4494.944    4442.349    4389.753    4337.047    4284.452    4231.856    4179.261    4126.666    4074.071    4021.476    3968.881    3916.396    3863.913    3811.428    3759.056    3706.794    3655.088
   15596.200   15552.612   15509.024   15465.880   15422.625   15379.370   15336.004   15292.749   15249.495   15206.351   15163.096   15119.841   15076.698   15033.443   14990.188   14947.044   14903.901   14860.757   14817.502   14774.359   14731.215   14687.960   14644.817   14601.673   14558.529   14515.275   14472.131   14428.987   14385.844   14342.589   14299.445   14256.302   14213.047   14169.903   14126.759   14083.616   14040.361   13997.217   13954.074   13910.930   13867.675   13824.532   13781.388   13738.244   13694.990   13651.846   13608.702   13565.559   13522.304   13479.160   13436.017   13392.873   13349.618   13306.474   13263.331   13220.187   13177.044   13133.900   13090.868   13047.835   13004.914   12962.215   12919.627   12877.262   12835.008   12793.088   12751.167   12709.469   12667.771   12626.184   12584.708   12543.121   12501.646   12460.170   12418.805   12377.330   12335.854   12294.378   12252.903   12211.538   12170.062   12128.587   12087.222   12045.746   12004.271   11962.795   11921.319   11879.955   11838.479   11797.003   11755.639   11714.163   11672.687   11631.212   11589.847   11548.371   11506.896   11465.531   11424.056   11382.580   11341.104   11299.628   11258.264   11216.788   11175.313   11133.837   11092.472   11050.997   11009.521   10968.156   10926.681   10885.205   10843.729   10802.365   10760.889   10719.413   10678.049   10636.573   10595.097   10553.510   10512.035   10470.337   10428.639   10386.273   10344.019   10300.431   10256.842   10211.475   10166.107   10119.072   10071.925   10023.444    9974.963    9925.704    9876.556    9826.852    9777.259    9727.332    9677.517    9627.590    9577.664    9527.737    9477.699    9427.773    9377.847    9327.809    9277.882    9227.845    9177.918    9127.880    9077.954    9027.916    8977.989    8927.952    8878.025    8827.987    8778.062    8728.023    8678.097    8628.060    8578.133    8528.095    8478.168    8428.242    8378.204    8328.277    8278.240    8228.313    8178.276    8128.349    8078.312    8028.385    7978.347    7928.421    7878.494    7828.457    7778.418    7728.492    7678.566    7628.528    7578.602    7528.563    7478.637    7428.600    7378.673    7328.635    7278.708    7228.560    7178.411    7127.928    7077.557    7026.407    6975.369    6923.774    6872.069    6820.030    6767.990    6715.618    6663.245    6610.761    6558.277    6505.682    6453.086    6400.491    6347.896    6295.301    6242.706    6190.110    6137.515    6084.920    6032.325    5979.729    5927.023    5874.428    5821.833    5769.238    5716.643    5664.047    5611.452    5558.746    5506.150    5453.555    5400.960    5348.365    5295.770    5243.174    5190.468    5137.873    5085.278    5032.683    4980.087    4927.492    4874.786    4822.190    4769.595    4717.000    4664.405    4611.810    4559.214    4506.619    4453.913    4401.317    4348.722    4296.127    4243.532    4190.937    4138.342    4085.746    4033.151    3980.667    3928.072    3875.588    3823.104    3770.842    3718.469    3666.764
   15607.765   15564.287   15520.810   15477.555   15434.301   15391.046   15347.791   15304.536   15261.281   15218.026   15174.772   15131.628   15088.373   15045.230   15001.975   14958.831   14915.576   14872.433   14829.178   14786.034   14742.891   14699.636   14656.492   14613.348   14570.094   14526.950   14483.806   14440.663   14397.408   14354.264   14311.009   14267.866   14224.722   14181.467   14138.324   14095.180   14051.925   14008.782   13965.638   13922.494   13879.240   13836.096   13792.952   13749.697   13706.554   13663.410   13620.155   13577.012   13533.868   13490.613   13447.470   13404.326   13361.071   13317.928   13274.784   13231.529   13188.385   13145.353   13102.209   13059.288   13016.256   12973.668   12930.969   12888.715   12846.350   12804.429   12762.509   12720.811   12679.113   12637.526   12595.939   12554.463   12512.876   12471.401   12430.036   12388.560   12347.085   12305.609   12264.133   12222.658   12181.182   12139.706   12098.342   12056.866   12015.390   11973.914   11932.439   11890.963   11849.487   11808.123   11766.647   11725.171   11683.696   11642.220   11600.744   11559.380   11517.904   11476.428   11434.953   11393.477   11352.001   11310.526   11269.050   11227.574   11186.210   11144.734   11103.258   11061.782   11020.307   10978.942   10937.467   10895.991   10854.515   10813.039   10771.564   10730.088   10688.724   10647.248   10605.772   10564.185   10522.709   10480.900   10439.202   10396.948   10354.583   10310.994   10267.406   10222.150   10176.782   10129.635   10082.489   10034.008    9985.638    9936.379    9887.119    9837.415    9787.822    9738.007    9688.191    9638.265    9588.339    9538.301    9488.374    9438.448    9388.410    9338.483    9288.445    9238.520    9188.481    9138.555    9088.629    9038.591    8988.664    8938.627    8888.700    8838.662    8788.735    8738.698    8688.771    8638.845    8588.808    8538.881    8488.843    8438.917    8388.879    8338.952    8289.025    8238.988    8189.062    8139.024    8089.097    8039.060    7989.133    7939.095    7889.169    7839.242    7789.205    7739.278    7689.240    7639.314    7589.387    7539.350    7489.423    7439.385    7389.459    7339.421    7289.495    7239.346    7189.308    7138.826    7088.343    7037.305    6986.266    6934.561    6882.966    6830.927    6778.888    6726.515    6674.142    6621.658    6569.174    6516.690    6464.095    6411.500    6359.016    6306.420    6253.825    6201.230    6148.635    6096.040    6043.444    5990.849    5938.254    5885.659    5833.063    5780.468    5727.873    5675.278    5622.683    5570.087    5517.492    5464.897    5412.302    5359.707    5307.111    5254.516    5201.921    5149.326    5096.730    5044.136    4991.541    4938.945    4886.350    4833.755    4781.160    4728.564    4675.969    4623.374    4570.779    4518.184    4465.588    4412.993    4360.398    4307.803    4255.208    4202.612    4150.017    4097.533    4044.938    3992.343    3939.859    3887.375    3834.891    3782.518    3730.256    3678.439
   15619.440   15575.963   15532.486   15489.231   15445.976   15402.721   15359.466   15316.212   15272.957   15229.702   15186.558   15143.303   15100.049   15056.905   15013.650   14970.507   14927.252   14884.108   14840.853   14797.710   14754.455   14711.311   14668.168   14624.913   14581.769   14538.625   14495.371   14452.227   14408.972   14365.829   14322.574   14279.430   14236.286   14193.032   14149.888   14106.744   14063.490   14020.346   13977.091   13933.947   13890.804   13847.549   13804.405   13761.151   13718.007   13674.863   13631.608   13588.465   13545.210   13502.066   13458.923   13415.668   13372.524   13329.269   13286.126   13242.982   13199.839   13156.695   13113.551   13070.630   13027.598   12985.010   12942.311   12899.946   12857.692   12815.660   12773.740   12732.041   12690.343   12648.756   12607.170   12565.694   12524.107   12482.631   12441.156   12399.680   12358.204   12316.728   12275.253   12233.777   12192.301   12150.826   12109.350   12067.874   12026.398   11984.923   11943.447   11901.971   11860.496   11819.020   11777.544   11736.069   11694.593   11653.228   11611.753   11570.277   11528.801   11487.325   11445.850   11404.374   11362.898   11321.423   11279.947   11238.471   11196.996   11155.520   11114.044   11072.568   11031.093   10989.617   10948.141   10906.666   10865.190   10823.714   10782.238   10740.763   10699.287   10657.811   10616.336   10574.749   10533.273   10491.575   10449.766   10407.512   10365.146   10321.558   10277.969   10232.602   10187.346   10140.199   10093.052   10044.571    9996.090    9946.942    9897.683    9847.979    9798.386    9748.570    9698.755    9648.828    9598.902    9548.864    9498.938    9449.012    9398.974    9349.047    9299.120    9249.083    9199.156    9149.118    9099.192    9049.266    8999.228    8949.302    8899.264    8849.337    8799.410    8749.373    8699.446    8649.408    8599.482    8549.556    8499.518    8449.591    8399.554    8349.627    8299.589    8249.663    8199.736    8149.699    8099.772    8049.734    7999.808    7949.881    7899.844    7849.917    7799.879    7749.953    7700.026    7649.989    7600.062    7550.024    7500.098    7450.171    7400.245    7350.207    7300.280    7250.132    7199.983    7149.611    7099.129    7048.090    6997.052    6945.458    6893.752    6841.712    6789.673    6737.412    6685.039    6632.555    6580.182    6527.587    6475.103    6422.508    6369.913    6317.317    6264.833    6212.238    6159.643    6107.048    6054.453    6001.857    5949.374    5896.778    5844.183    5791.588    5738.993    5686.397    5633.913    5581.318    5528.723    5476.128    5423.533    5370.938    5318.342    5265.858    5213.263    5160.667    5108.072    5055.478    5002.882    4950.287    4897.803    4845.208    4792.612    4740.017    4687.422    4634.938    4582.343    4529.748    4477.152    4424.557    4371.962    4319.367    4266.883    4214.288    4161.692    4109.208    4056.613    4004.018    3951.534    3899.050    3846.566    3794.304    3741.932    3690.115
   15631.004   15587.638   15544.161   15500.906   15457.652   15414.397   15371.142   15327.887   15284.632   15241.489   15198.234   15154.979   15111.724   15068.580   15025.326   14982.182   14938.927   14895.784   14852.529   14809.385   14766.130   14722.987   14679.732   14636.588   14593.333   14550.190   14506.935   14463.791   14420.648   14377.393   14334.249   14290.994   14247.740   14204.596   14161.452   14118.197   14075.054   14031.799   13988.655   13945.512   13902.257   13859.113   13815.858   13772.715   13729.460   13686.316   13643.062   13599.918   13556.663   13513.519   13470.376   13427.121   13383.866   13340.723   13297.579   13254.324   13211.180   13168.037   13124.893   13081.972   13038.939   12996.352   12953.653   12911.288   12868.922   12827.002   12784.970   12743.272   12701.574   12659.987   12618.400   12576.813   12535.338   12493.862   12452.386   12410.799   12369.324   12327.848   12286.372   12244.897   12203.421   12161.945   12120.469   12078.994   12037.407   11995.931   11954.455   11912.980   11871.504   11830.028   11788.553   11747.077   11705.601   11664.125   11622.650   11581.174   11539.698   11498.223   11456.636   11415.160   11373.684   11332.209   11290.733   11249.257   11207.781   11166.306   11124.830   11083.354   11041.879   11000.403   10958.816   10917.340   10875.865   10834.389   10792.913   10751.437   10709.962   10668.486   10627.010   10585.423   10543.837   10502.138   10460.329   10418.075   10375.710   10332.121   10288.533   10243.165   10197.798   10150.762   10103.616   10055.135   10006.654    9957.506    9908.246    9858.542    9808.949    9759.134    9709.318    9659.393    9609.466    9559.539    9509.501    9459.575    9409.648    9359.610    9309.684    9259.758    9209.720    9159.793    9109.756    9059.829    9009.902    8959.865    8909.938    8860.012    8809.974    8760.048    8710.010    8660.083    8610.157    8560.119    8510.192    8460.266    8410.229    8360.302    8310.264    8260.338    8210.411    8160.374    8110.447    8060.520    8010.482    7960.556    7910.629    7860.592    7810.665    7760.627    7710.701    7660.774    7610.737    7560.810    7510.884    7460.846    7410.919    7360.993    7310.955    7260.917    7210.769    7160.286    7109.915    7058.876    7007.838    6956.243    6904.649    6852.610    6800.570    6748.198    6695.936    6643.452    6591.079    6538.484    6486.000    6433.405    6380.921    6328.326    6275.842    6223.247    6170.651    6118.167    6065.572    6012.977    5960.382    5907.897    5855.302    5802.707    5750.223    5697.628    5645.033    5592.549    5539.954    5487.358    5434.763    5382.279    5329.684    5277.089    5224.605    5172.010    5119.415    5066.930    5014.335    4961.740    4909.256    4856.661    4804.065    4751.582    4698.986    4646.391    4593.796    4541.312    4488.717    4436.122    4383.638    4331.042    4278.447    4225.963    4173.368    4120.884    4068.289    4015.805    3963.210    3910.726    3858.353    3805.980    3753.607    3701.790
   15642.680   15599.203   15555.837   15512.582   15469.327   15426.072   15382.817   15339.563   15296.308   15253.164   15209.909   15166.654   15123.400   15080.256   15037.001   14993.746   14950.603   14907.348   14864.204   14820.949   14777.806   14734.551   14691.407   14648.152   14604.898   14561.754   14518.499   14475.356   14432.101   14388.957   14345.702   14302.559   14259.304   14216.160   14172.905   14129.762   14086.507   14043.363   14000.108   13956.965   13913.710   13870.455   13827.312   13784.057   13740.913   13697.658   13654.515   13611.260   13568.116   13524.861   13481.718   13438.463   13395.319   13352.064   13308.921   13265.666   13222.522   13179.379   13136.235   13093.314   13050.281   13007.583   12964.884   12922.518   12880.264   12838.233   12796.201   12754.503   12712.805   12671.218   12629.520   12588.044   12546.457   12504.981   12463.506   12421.919   12380.443   12338.967   12297.492   12256.016   12214.429   12172.953   12131.478   12090.002   12048.415   12006.939   11965.464   11923.988   11882.512   11841.037   11799.450   11757.974   11716.498   11675.023   11633.547   11591.960   11550.484   11509.008   11467.533   11426.057   11384.470   11342.994   11301.519   11260.043   11218.456   11176.980   11135.505   11094.029   11052.553   11011.078   10969.491   10928.015   10886.539   10845.064   10803.588   10762.112   10720.525   10679.050   10637.574   10595.987   10554.400   10512.702   10470.893   10428.527   10386.273   10342.685   10299.096   10253.729   10208.361   10161.215   10114.068   10065.698   10017.217    9967.958    9918.698    9869.105    9819.513    9769.586    9719.771    9669.845    9620.029    9569.991    9520.064    9470.139    9420.101    9370.174    9320.248    9270.210    9220.283    9170.356    9120.319    9070.393    9020.466    8970.429    8920.502    8870.575    8820.538    8770.611    8720.685    8670.646    8620.721    8570.794    8520.756    8470.829    8420.903    8370.865    8320.938    8271.012    8220.975    8171.048    8121.122    8071.084    8021.157    7971.230    7921.193    7871.267    7821.340    7771.302    7721.375    7671.449    7621.412    7571.485    7521.559    7471.521    7421.594    7371.667    7321.630    7271.592    7221.443    7171.072    7120.589    7069.551    7018.513    6967.029    6915.435    6863.396    6811.356    6758.983    6706.722    6654.349    6601.865    6549.381    6496.897    6444.413    6391.818    6339.334    6286.739    6234.255    6181.660    6129.176    6076.581    6023.985    5971.501    5918.906    5866.422    5813.827    5761.343    5708.748    5656.264    5603.668    5551.073    5498.589    5445.994    5393.510    5340.915    5288.431    5235.835    5183.352    5130.756    5078.272    5025.677    4973.082    4920.598    4868.003    4815.519    4762.923    4710.439    4657.844    4605.360    4552.765    4500.281    4447.686    4395.091    4342.607    4290.012    4237.527    4185.043    4132.448    4079.964    4027.369    3974.885    3922.401    3870.028    3817.656    3765.283    3713.354
   15654.244   15610.878   15567.512   15524.257   15481.002   15437.748   15394.493   15351.238   15307.983   15264.728   15221.585   15178.330   15135.075   15091.820   15048.677   15005.422   14962.278   14919.023   14875.768   14832.625   14789.370   14746.115   14702.972   14659.717   14616.573   14573.318   14530.063   14486.920   14443.665   14400.521   14357.267   14314.012   14270.868   14227.613   14184.470   14141.215   14097.960   14054.816   14011.562   13968.418   13925.163   13881.908   13838.765   13795.510   13752.366   13709.111   13665.856   13622.713   13579.458   13536.314   13493.060   13449.916   13406.661   13363.406   13320.263   13277.008   13233.864   13190.721   13147.577   13104.544   13061.623   13018.924   12976.226   12933.860   12891.495   12849.463   12807.543   12765.734   12724.035   12682.337   12640.750   12599.164   12557.688   12516.101   12474.625   12433.150   12391.563   12350.087   12308.500   12267.024   12225.549   12184.073   12142.486   12101.010   12059.423   12017.948   11976.472   11934.996   11893.409   11851.934   11810.458   11768.871   11727.395   11685.920   11644.444   11602.857   11561.381   11519.906   11478.319   11436.843   11395.367   11353.780   11312.305   11270.718   11229.242   11187.766   11146.291   11104.704   11063.228   11021.752   10980.165   10938.690   10897.214   10855.627   10814.151   10772.676   10731.200   10689.613   10648.137   10606.550   10564.964   10523.265   10481.456   10439.091   10396.726   10353.137   10309.549   10264.181   10218.814   10171.778   10124.632   10076.151   10027.670    9978.521    9929.262    9879.669    9829.965    9780.149    9730.334    9680.408    9630.481    9580.555    9530.628    9480.702    9430.664    9380.737    9330.812    9280.773    9230.847    9180.920    9130.883    9080.956    9031.029    8981.103    8931.065    8881.139    8831.212    8781.175    8731.248    8681.321    8631.284    8581.357    8531.431    8481.393    8431.467    8381.540    8331.613    8281.576    8231.649    8181.723    8131.685    8081.758    8031.832    7981.794    7931.868    7881.941    7831.903    7781.977    7732.050    7682.124    7632.086    7582.160    7532.233    7482.195    7432.269    7382.342    7332.416    7282.267    7232.229    7181.747    7131.264    7080.337    7029.298    6977.704    6926.109    6874.182    6822.142    6769.881    6717.619    6665.135    6612.762    6560.278    6507.794    6455.310    6402.715    6350.231    6297.747    6245.152    6192.668    6140.073    6087.588    6035.104    5982.509    5930.025    5877.430    5824.946    5772.462    5719.867    5667.383    5614.788    5562.304    5509.820    5457.225    5404.741    5352.257    5299.662    5247.177    5194.582    5142.098    5089.503    5037.019    4984.535    4931.940    4879.456    4826.972    4774.376    4721.893    4669.297    4616.813    4564.329    4511.734    4459.250    4406.655    4354.171    4301.687    4249.092    4196.608    4144.124    4091.529    4039.044    3986.561    3934.076    3881.704    3829.331    3776.958    3725.030
   15665.808   15622.554   15579.188   15535.933   15492.678   15449.423   15406.168   15362.913   15319.659   15276.404   15233.149   15189.894   15146.751   15103.496   15060.241   15017.097   14973.842   14930.588   14887.333   14844.189   14800.934   14757.679   14714.536   14671.281   14628.026   14584.883   14541.628   14498.373   14455.229   14411.974   14368.720   14325.576   14282.321   14239.066   14195.923   14152.668   14109.413   14066.269   14023.015   13979.760   13936.616   13893.361   13850.106   13806.963   13763.708   13720.453   13677.310   13634.055   13590.911   13547.656   13504.401   13461.258   13418.003   13374.748   13331.493   13288.350   13245.206   13202.062   13158.919   13115.886   13072.854   13030.155   12987.456   12945.091   12902.726   12860.694   12818.662   12776.964   12735.155   12693.568   12651.870   12610.394   12568.807   12527.220   12485.745   12444.158   12402.682   12361.095   12319.620   12278.033   12236.557   12195.081   12153.494   12112.019   12070.432   12028.956   11987.369   11945.893   11904.418   11862.831   11821.355   11779.768   11738.292   11696.817   11655.230   11613.754   11572.167   11530.692   11489.105   11447.629   11406.042   11364.566   11322.979   11281.504   11240.028   11198.441   11156.965   11115.378   11073.903   11032.427   10990.840   10949.364   10907.778   10866.302   10824.826   10783.239   10741.763   10700.177   10658.701   10617.114   10575.527   10533.718   10491.908   10449.654   10407.289   10363.701   10320.112   10274.745   10229.377   10182.231   10135.084   10086.603   10038.233    9988.974    9939.715    9890.122    9840.528    9790.603    9740.787    9690.972    9641.045    9591.118    9541.081    9491.154    9441.228    9391.301    9341.264    9291.337    9241.410    9191.373    9141.446    9091.520    9041.593    8991.556    8941.629    8891.702    8841.665    8791.738    8741.812    8691.885    8641.848    8591.921    8541.994    8492.067    8442.030    8392.104    8342.177    8292.251    8242.213    8192.286    8142.360    8092.322    8042.396    7992.469    7942.542    7892.505    7842.578    7792.652    7742.614    7692.688    7642.761    7592.834    7542.797    7492.870    7442.943    7393.017    7342.979    7292.942    7242.904    7192.421    7142.050    7091.012    7039.973    6988.490    6936.896    6884.856    6832.928    6780.667    6728.405    6675.921    6623.548    6571.064    6518.580    6466.096    6413.612    6361.128    6308.644    6256.160    6203.565    6151.081    6098.597    6046.113    5993.518    5941.034    5888.550    5836.066    5783.471    5730.986    5678.502    5626.019    5573.423    5520.939    5468.455    5415.971    5363.376    5310.892    5258.408    5205.924    5153.329    5100.845    5048.361    4995.877    4943.282    4890.798    4838.313    4785.830    4733.346    4680.750    4628.267    4575.782    4523.187    4470.703    4418.219    4365.735    4313.251    4260.656    4208.172    4155.688    4103.204    4050.720    3998.236    3945.752    3893.268    3841.006    3788.634    3736.706
   15677.484   15634.118   15590.863   15547.608   15504.353   15461.099   15417.844   15374.589   15331.334   15288.079   15244.824   15201.570   15158.315   15115.060   15071.916   15028.662   14985.407   14942.152   14899.008   14855.753   14812.499   14769.244   14726.100   14682.845   14639.590   14596.336   14553.192   14509.937   14466.682   14423.539   14380.284   14337.029   14293.774   14250.631   14207.376   14164.121   14120.866   14077.722   14034.468   13991.213   13948.069   13904.814   13861.560   13818.305   13775.161   13731.906   13688.651   13645.397   13602.253   13558.998   13515.743   13472.600   13429.345   13386.090   13342.835   13299.692   13256.437   13213.293   13170.150   13127.117   13084.196   13041.386   12998.687   12956.322   12913.956   12871.925   12829.893   12788.084   12746.386   12704.688   12663.101   12621.514   12579.927   12538.340   12496.864   12455.277   12413.690   12372.215   12330.628   12289.152   12247.565   12206.089   12164.503   12123.027   12081.440   12039.853   11998.377   11956.790   11915.315   11873.728   11832.252   11790.665   11749.190   11707.603   11666.127   11624.540   11583.064   11541.477   11500.002   11458.415   11416.828   11375.352   11333.765   11292.290   11250.703   11209.227   11167.640   11126.164   11084.577   11042.991   11001.515   10959.928   10918.452   10876.865   10835.390   10793.803   10752.327   10710.740   10669.264   10627.566   10585.979   10544.281   10502.472   10460.107   10417.741   10374.153   10330.565   10285.197   10239.830   10192.683   10145.536   10097.055   10048.686    9999.426    9950.167    9900.574    9850.980    9801.166    9751.351    9701.424    9651.497    9601.570    9551.645    9501.718    9451.680    9401.753    9351.827    9301.900    9251.862    9201.937    9152.010    9102.083    9052.045    9002.119    8952.192    8902.266    8852.229    8802.302    8752.375    8702.448    8652.411    8602.484    8552.558    8502.631    8452.705    8402.667    8352.740    8302.814    8252.888    8202.850    8152.923    8102.997    8052.959    8003.033    7953.106    7903.179    7853.253    7803.215    7753.289    7703.362    7653.436    7603.398    7553.471    7503.545    7453.618    7403.692    7353.654    7303.616    7253.579    7203.096    7152.725    7101.687    7050.759    6999.165    6947.570    6895.642    6843.603    6791.453    6739.191    6686.818    6634.334    6581.961    6529.478    6476.993    6424.509    6372.025    6319.542    6267.057    6214.573    6162.089    6109.605    6057.121    6004.637    5952.042    5899.558    5847.074    5794.590    5742.106    5689.622    5637.138    5584.654    5532.170    5479.686    5427.091    5374.607    5322.123    5269.639    5217.155    5164.671    5112.187    5059.703    5007.219    4954.735    4902.140    4849.655    4797.171    4744.688    4692.204    4639.720    4587.235    4534.751    4482.268    4429.784    4377.299    4324.704    4272.220    4219.736    4167.252    4114.768    4062.284    4009.800    3957.427    3904.943    3852.682    3800.309    3748.270
   15689.048   15645.793   15602.427   15559.173   15515.918   15472.663   15429.408   15386.153   15342.898   15299.644   15256.389   15213.134   15169.879   15126.735   15083.481   15040.226   14996.971   14953.716   14910.572   14867.318   14824.063   14780.808   14737.553   14694.410   14651.155   14607.900   14564.645   14521.390   14478.247   14434.992   14391.737   14348.482   14305.227   14262.084   14218.829   14175.574   14132.319   14089.064   14045.921   14002.666   13959.411   13916.156   13872.901   13829.758   13786.503   13743.248   13699.993   13656.850   13613.595   13570.340   13527.085   13483.830   13440.576   13397.432   13354.177   13310.922   13267.779   13224.524   13181.380   13138.459   13095.427   13052.616   13009.918   12967.552   12925.187   12883.155   12841.124   12799.314   12757.505   12715.918   12674.220   12632.633   12591.046   12549.459   12507.873   12466.397   12424.810   12383.223   12341.747   12300.160   12258.573   12217.098   12175.511   12133.924   12092.337   12050.861   12009.274   11967.799   11926.212   11884.625   11843.149   11801.562   11759.975   11718.500   11676.913   11635.326   11593.850   11552.263   11510.676   11469.201   11427.614   11386.027   11344.551   11302.964   11261.377   11219.902   11178.315   11136.728   11095.252   11053.665   11012.078   10970.603   10929.016   10887.429   10845.953   10804.366   10762.891   10721.304   10679.717   10638.130   10596.543   10554.734   10512.924   10470.559   10428.194   10384.605   10341.017   10295.649   10250.282   10203.135   10155.989   10107.508   10059.138   10009.878    9960.619    9911.026    9861.434    9811.618    9761.803    9711.876    9661.949    9612.023    9562.097    9512.170    9462.243    9412.206    9362.279    9312.353    9262.426    9212.389    9162.462    9112.535    9062.609    9012.683    8962.645    8912.718    8862.792    8812.865    8762.938    8712.901    8662.975    8613.048    8563.121    8513.194    8463.157    8413.230    8363.304    8313.378    8263.451    8213.413    8163.487    8113.560    8063.634    8013.596    7963.669    7913.743    7863.816    7813.890    7763.852    7713.926    7663.999    7614.073    7564.146    7514.220    7464.182    7414.255    7364.329    7314.291    7264.142    7213.771    7163.289    7112.361    7061.434    7009.839    6958.356    6906.317    6854.389    6802.127    6749.866    6697.493    6645.231    6592.747    6540.263    6487.891    6435.406    6382.922    6330.438    6277.955    6225.470    6172.986    6120.502    6068.018    6015.534    5963.050    5910.566    5858.083    5805.709    5753.226    5700.742    5648.257    5595.773    5543.290    5490.806    5438.321    5385.837    5333.354    5280.870    5228.386    5175.901    5123.417    5070.934    5018.449    4965.965    4913.481    4861.108    4808.625    4756.141    4703.657    4651.172    4598.688    4546.205    4493.721    4441.237    4388.752    4336.269    4283.785    4231.300    4178.816    4126.333    4073.848    4021.476    3968.992    3916.619    3864.246    3811.985    3759.945
   15700.724   15657.469   15614.103   15570.848   15527.593   15484.338   15441.083   15397.829   15354.574   15311.319   15268.064   15224.809   15181.555   15138.300   15095.045   15051.790   15008.535   14965.392   14922.137   14878.882   14835.627   14792.372   14749.117   14705.863   14662.608   14619.353   14576.209   14532.955   14489.700   14446.445   14403.190   14359.935   14316.680   14273.537   14230.282   14187.027   14143.772   14100.517   14057.263   14014.008   13970.864   13927.609   13884.355   13841.100   13797.845   13754.590   13711.335   13668.192   13624.937   13581.682   13538.427   13495.172   13451.917   13408.663   13365.408   13322.264   13279.009   13235.866   13192.722   13149.690   13106.657   13063.847   13021.148   12978.783   12936.418   12894.275   12852.243   12810.434   12768.625   12727.038   12685.340   12643.753   12602.166   12560.579   12518.992   12477.405   12435.818   12394.231   12352.756   12311.169   12269.582   12227.995   12186.519   12144.932   12103.345   12061.758   12020.172   11978.696   11937.109   11895.522   11853.935   11812.459   11770.873   11729.286   11687.699   11646.223   11604.636   11563.049   11521.462   11479.875   11438.400   11396.813   11355.226   11313.639   11272.163   11230.576   11188.989   11147.403   11105.927   11064.340   11022.753   10981.166   10939.579   10898.104   10856.517   10814.930   10773.343   10731.867   10690.280   10648.693   10606.995   10565.186   10523.377   10481.011   10438.646   10395.058   10351.469   10306.102   10260.734   10213.588   10166.441   10117.960   10069.590   10020.331    9971.071    9921.479    9871.886    9822.070    9772.255    9722.328    9672.402    9622.476    9572.549    9522.622    9472.695    9422.770    9372.731    9322.805    9272.879    9222.952    9173.025    9123.099    9073.062    9023.135    8973.208    8923.281    8873.355    8823.317    8773.391    8723.465    8673.538    8623.611    8573.685    8523.647    8473.721    8423.794    8373.867    8323.941    8274.015    8223.977    8174.050    8124.124    8074.197    8024.271    7974.233    7924.307    7874.380    7824.454    7774.527    7724.601    7674.562    7624.636    7574.709    7524.783    7474.856    7424.930    7375.003    7324.854    7274.817    7224.446    7173.963    7123.036    7072.108    7020.514    6969.031    6917.103    6865.063    6812.913    6760.651    6708.279    6656.017    6603.533    6551.160    6498.676    6446.192    6393.819    6341.335    6288.852    6236.368    6183.883    6131.511    6079.026    6026.542    5974.059    5921.575    5869.202    5816.718    5764.234    5711.750    5659.266    5606.893    5554.409    5501.925    5449.441    5396.957    5344.584    5292.100    5239.616    5187.132    5134.648    5082.275    5029.792    4977.307    4924.823    4872.451    4819.966    4767.482    4714.999    4662.515    4610.030    4557.658    4505.174    4452.689    4400.206    4347.833    4295.349    4242.865    4190.381    4137.897    4085.524    4033.040    3980.667    3928.183    3875.922    3823.549    3771.621
   15712.288   15669.033   15625.778   15582.523   15539.157   15495.903   15452.648   15409.393   15366.138   15322.883   15279.628   15236.374   15193.119   15149.864   15106.609   15063.354   15020.099   14976.845   14933.590   14890.335   14847.080   14803.937   14760.682   14717.427   14674.172   14630.917   14587.662   14544.408   14501.153   14457.898   14414.643   14371.388   14328.133   14284.879   14241.735   14198.480   14155.225   14111.971   14068.716   14025.461   13982.206   13938.951   13895.696   13852.442   13809.187   13765.932   13722.677   13679.422   13636.279   13593.024   13549.769   13506.514   13463.259   13420.005   13376.750   13333.495   13290.240   13247.096   13203.953   13160.920   13117.888   13075.078   13032.379   12989.903   12947.537   12905.506   12863.474   12821.665   12779.855   12738.157   12696.459   12654.872   12613.285   12571.698   12530.000   12488.525   12446.938   12405.351   12363.764   12322.177   12280.590   12239.003   12197.416   12155.829   12114.242   12072.656   12031.180   11989.593   11948.006   11906.419   11864.832   11823.245   11781.658   11740.072   11698.596   11657.009   11615.422   11573.835   11532.248   11490.661   11449.074   11407.488   11365.901   11324.314   11282.838   11241.251   11199.664   11158.077   11116.490   11074.903   11033.317   10991.730   10950.143   10908.667   10867.080   10825.493   10783.906   10742.319   10700.733   10659.146   10617.559   10575.749   10533.940   10491.464   10449.098   10405.510   10361.810   10316.443   10271.075   10223.929   10176.782   10128.412   10079.931   10030.783    9981.523    9931.931    9882.338    9832.522    9782.707    9732.780    9682.854    9632.928    9583.001    9533.074    9483.148    9433.222    9383.184    9333.258    9283.331    9233.404    9183.478    9133.552    9083.625    9033.698    8983.660    8933.734    8883.808    8833.881    8783.954    8734.028    8683.990    8634.063    8584.137    8534.211    8484.284    8434.357    8384.431    8334.505    8284.467    8234.540    8184.614    8134.687    8084.761    8034.834    7984.796    7934.870    7884.943    7835.017    7785.090    7735.164    7685.237    7635.200    7585.273    7535.347    7485.420    7435.494    7385.567    7335.529    7285.492    7235.009    7184.638    7133.710    7082.672    7031.189    6979.706    6927.777    6875.738    6823.588    6771.438    6719.064    6666.692    6614.319    6561.946    6509.462    6457.089    6404.605    6352.232    6299.749    6247.265    6194.892    6142.408    6089.924    6037.551    5985.067    5932.583    5880.210    5827.726    5775.242    5722.869    5670.385    5617.901    5565.528    5513.044    5460.672    5408.188    5355.704    5303.331    5250.847    5198.363    5145.990    5093.506    5041.022    4988.649    4936.165    4883.681    4831.309    4778.824    4726.340    4673.967    4621.483    4569.000    4516.626    4464.143    4411.770    4359.286    4306.802    4254.429    4201.945    4149.461    4097.088    4044.604    3992.231    3939.859    3887.486    3835.224    3783.185
   15723.963   15680.709   15637.343   15594.088   15550.833   15507.578   15464.323   15420.957   15377.702   15334.448   15291.193   15247.938   15204.683   15161.428   15118.173   15074.919   15031.664   14988.409   14945.154   14901.899   14858.644   14815.390   14772.135   14728.880   14685.625   14642.370   14599.116   14555.861   14512.606   14469.351   14426.096   14382.841   14339.587   14296.332   14253.077   14209.822   14166.567   14123.312   14080.058   14036.803   13993.548   13950.293   13907.038   13863.783   13820.529   13777.274   13734.019   13690.764   13647.509   13604.254   13561.000   13517.745   13474.490   13431.235   13387.980   13344.726   13301.582   13258.327   13215.183   13172.151   13129.119   13086.309   13043.610   13001.133   12958.768   12916.625   12874.593   12832.784   12790.975   12749.277   12707.579   12665.992   12624.294   12582.707   12541.120   12499.533   12457.946   12416.359   12374.772   12333.185   12291.598   12250.011   12208.425   12166.838   12125.251   12083.664   12042.077   12000.490   11958.903   11917.316   11875.729   11834.142   11792.556   11750.969   11709.382   11667.795   11626.208   11584.621   11543.034   11501.447   11459.860   11418.273   11376.687   11335.100   11293.513   11251.926   11210.339   11168.752   11127.165   11085.578   11043.991   11002.404   10960.818   10919.231   10877.644   10836.057   10794.470   10752.883   10711.296   10669.598   10628.011   10586.202   10544.393   10501.916   10459.551   10415.962   10372.263   10326.895   10281.528   10234.381   10187.234   10138.865   10090.384   10041.235    9991.977    9942.383    9892.790    9842.975    9793.159    9743.233    9693.307    9643.380    9593.453    9543.527    9493.601    9443.674    9393.747    9343.710    9293.783    9243.856    9193.930    9144.004    9094.077    9044.150    8994.224    8944.298    8894.260    8844.333    8794.406    8744.480    8694.554    8644.627    8594.701    8544.774    8494.848    8444.921    8394.884    8344.957    8295.030    8245.104    8195.178    8145.251    8095.324    8045.397    7995.360    7945.434    7895.507    7845.581    7795.654    7745.728    7695.801    7645.875    7595.948    7546.021    7496.095    7446.057    7396.130    7346.093    7296.055    7245.684    7195.201    7144.274    7093.347    7041.863    6990.380    6938.452    6886.524    6834.263    6782.112    6729.851    6677.478    6625.105    6572.732    6520.359    6467.875    6415.502    6363.019    6310.646    6258.162    6205.789    6153.305    6100.932    6048.448    5996.075    5943.591    5891.218    5838.734    5786.362    5733.877    5681.505    5629.021    5576.648    5524.164    5471.791    5419.307    5366.934    5314.450    5262.078    5209.593    5157.221    5104.737    5052.364    4999.880    4947.507    4895.023    4842.650    4790.166    4737.793    4685.310    4632.937    4580.453    4528.080    4475.596    4423.223    4370.739    4318.366    4265.882    4213.509    4161.025    4108.652    4056.168    4003.796    3951.423    3899.161    3846.900    3794.861
   15735.639   15692.273   15649.018   15605.763   15562.397   15519.142   15475.888   15432.633   15389.378   15346.123   15302.868   15259.502   15216.247   15172.993   15129.738   15086.483   15043.228   14999.973   14956.718   14913.464   14870.209   14826.954   14783.699   14740.333   14697.078   14653.823   14610.569   14567.314   14524.059   14480.804   14437.549   14394.294   14351.040   14307.785   14264.530   14221.275   14178.020   14134.765   14091.511   14048.145   14004.890   13961.635   13918.380   13875.125   13831.871   13788.616   13745.361   13702.106   13658.851   13615.596   13572.342   13529.087   13485.832   13442.466   13399.211   13356.067   13312.813   13269.558   13226.414   13183.382   13140.238   13097.539   13054.729   13012.364   12969.887   12927.856   12885.713   12843.904   12802.094   12760.396   12718.698   12677.000   12635.413   12593.826   12552.128   12510.541   12468.954   12427.367   12385.780   12344.082   12302.495   12260.909   12219.322   12177.735   12136.148   12094.561   12052.974   12011.387   11969.800   11928.102   11886.515   11844.928   11803.341   11761.755   11720.168   11678.581   11636.994   11595.296   11553.709   11512.122   11470.535   11428.948   11387.361   11345.774   11304.076   11262.489   11220.902   11179.316   11137.729   11096.142   11054.555   11012.968   10971.381   10929.683   10888.096   10846.509   10804.922   10763.335   10721.748   10680.050   10638.463   10596.654   10554.734   10512.368   10470.003   10426.303   10382.715   10337.348   10291.869   10244.833   10197.687   10149.206   10100.836   10051.577   10002.428    9952.725    9903.132    9853.316    9803.501    9753.686    9703.759    9653.832    9603.906    9553.979    9504.053    9454.126    9404.089    9354.162    9304.235    9254.309    9204.383    9154.456    9104.529    9054.603    9004.677    8954.750    8904.823    8854.896    8804.971    8754.933    8705.006    8655.079    8605.153    8555.227    8505.300    8455.373    8405.447    8355.521    8305.594    8255.667    8205.741    8155.703    8105.776    8055.850    8005.923    7955.997    7906.070    7856.144    7806.217    7756.291    7706.364    7656.438    7606.511    7556.585    7506.658    7456.732    7406.805    7356.656    7306.619    7256.247    7205.876    7154.949    7104.021    7052.538    7001.055    6949.127    6897.199    6845.048    6792.787    6740.525    6688.264    6635.891    6583.518    6531.145    6478.661    6426.289    6373.916    6321.432    6269.059    6216.686    6164.202    6111.829    6059.457    6006.972    5954.600    5902.227    5849.743    5797.370    5744.886    5692.513    5640.140    5587.656    5535.283    5482.911    5430.427    5378.054    5325.681    5273.197    5220.824    5168.451    5115.967    5063.595    5011.222    4958.738    4906.365    4853.992    4801.508    4749.135    4696.651    4644.278    4591.906    4539.422    4487.049    4434.676    4382.192    4329.819    4277.446    4224.962    4172.590    4120.217    4067.733    4015.360    3962.987    3910.726    3858.464    3806.425
   15747.203   15703.948   15660.582   15617.327   15574.073   15530.707   15487.452   15444.197   15400.942   15357.687   15314.432   15271.066   15227.812   15184.557   15141.302   15098.047   15054.792   15011.537   14968.283   14924.917   14881.662   14838.407   14795.152   14751.897   14708.643   14665.388   14622.022   14578.767   14535.512   14492.257   14449.002   14405.748   14362.493   14319.238   14275.983   14232.617   14189.362   14146.107   14102.853   14059.598   14016.343   13972.977   13929.722   13886.467   13843.212   13799.958   13756.703   13713.448   13670.193   13626.938   13583.572   13540.317   13497.063   13453.808   13410.553   13367.298   13324.043   13280.788   13237.645   13194.612   13151.469   13108.770   13065.960   13023.483   12981.118   12938.975   12896.832   12855.023   12813.214   12771.516   12729.818   12688.119   12646.421   12604.834   12563.248   12521.549   12479.963   12438.376   12396.678   12355.091   12313.504   12271.917   12230.330   12188.632   12147.045   12105.458   12063.871   12022.173   11980.586   11938.999   11897.412   11855.825   11814.127   11772.540   11730.954   11689.367   11647.669   11606.082   11564.495   11522.908   11481.210   11439.623   11398.036   11356.449   11314.751   11273.164   11231.577   11189.990   11148.292   11106.705   11065.118   11023.531   10981.945   10940.246   10898.660   10857.073   10815.486   10773.788   10732.201   10690.614   10648.916   10607.106   10565.186   10522.821   10480.344   10436.756   10393.056   10347.689   10302.321   10255.174   10208.028   10159.658   10111.177   10062.029   10012.770    9963.177    9913.584    9863.769    9813.953    9764.026    9714.211    9664.285    9614.358    9564.432    9514.394    9464.468    9414.541    9364.614    9314.688    9264.762    9214.835    9164.908    9114.981    9065.056    9015.129    8965.202    8915.275    8865.349    8815.423    8765.496    8715.569    8665.643    8615.717    8565.790    8515.863    8465.937    8416.011    8366.084    8316.157    8266.120    8216.193    8166.267    8116.340    8066.414    8016.487    7966.561    7916.634    7866.708    7816.781    7766.854    7716.928    7667.001    7617.075    7567.148    7517.222    7467.295    7417.369    7367.331    7317.293    7266.811    7216.439    7165.512    7114.585    7063.102    7011.619    6959.802    6907.874    6855.723    6803.573    6751.311    6698.938    6646.677    6594.304    6541.931    6489.558    6437.074    6384.702    6332.329    6279.956    6227.583    6175.099    6122.726    6070.354    6017.980    5965.608    5913.124    5860.751    5808.378    5756.005    5703.633    5651.148    5598.776    5546.403    5494.030    5441.657    5389.173    5336.800    5284.428    5232.055    5179.682    5127.198    5074.825    5022.453    4970.080    4917.707    4865.223    4812.850    4760.477    4708.104    4655.731    4603.248    4550.875    4498.502    4446.129    4393.756    4341.272    4288.899    4236.527    4184.154    4131.781    4079.297    4027.035    3974.663    3922.401    3870.139    3818.100
   15758.879   15715.513   15672.258   15628.892   15585.637   15542.382   15499.127   15455.761   15412.506   15369.252   15325.997   15282.631   15239.376   15196.121   15152.866   15109.611   15066.357   15022.991   14979.736   14936.481   14893.226   14849.860   14806.605   14763.350   14720.096   14676.841   14633.475   14590.220   14546.965   14503.710   14460.455   14417.089   14373.835   14330.580   14287.325   14244.070   14200.704   14157.449   14114.194   14070.940   14027.685   13984.319   13941.064   13897.809   13854.554   13811.299   13768.045   13724.679   13681.424   13638.169   13594.914   13551.659   13508.293   13465.038   13421.784   13378.529   13335.274   13292.019   13248.876   13205.732   13162.699   13119.889   13077.079   13034.714   12992.238   12950.095   12908.063   12866.143   12824.333   12782.524   12740.826   12699.239   12657.541   12615.843   12574.256   12532.558   12490.971   12449.384   12407.686   12366.099   12324.512   12282.814   12241.227   12199.640   12157.942   12116.355   12074.657   12033.070   11991.483   11949.896   11908.198   11866.611   11825.024   11783.326   11741.739   11700.041   11658.454   11616.868   11575.169   11533.583   11491.996   11450.298   11408.711   11367.013   11325.426   11283.839   11242.141   11200.554   11158.967   11117.269   11075.682   11034.095   10992.397   10950.810   10909.223   10867.525   10825.938   10784.351   10742.653   10701.066   10659.368   10617.559   10575.638   10533.273   10490.797   10447.097   10403.509   10358.141   10312.662   10265.516   10218.369   10169.999   10121.629   10072.370   10023.222    9973.629    9923.925    9874.109    9824.405    9774.479    9724.553    9674.626    9624.699    9574.772    9524.847    9474.920    9424.993    9375.066    9325.140    9275.214    9225.287    9175.360    9125.434    9075.508    9025.581    8975.654    8925.728    8875.802    8825.875    8775.948    8726.021    8676.096    8626.169    8576.242    8526.315    8476.390    8426.463    8376.536    8326.609    8276.684    8226.757    8176.830    8126.904    8076.977    8027.051    7977.124    7927.197    7877.271    7827.345    7777.418    7727.491    7677.565    7627.638    7577.712    7527.785    7477.859    7427.932    7377.895    7327.857    7277.486    7227.114    7176.187    7125.260    7073.776    7022.293    6970.365    6918.548    6866.398    6814.248    6761.986    6709.724    6657.352    6604.979    6552.606    6500.344    6447.971    6395.599    6343.115    6290.742    6238.369    6185.996    6133.624    6081.250    6028.878    5976.505    5924.132    5871.759    5819.387    5767.014    5714.641    5662.268    5609.895    5557.522    5505.149    5452.777    5400.404    5348.031    5295.547    5243.174    5190.802    5138.429    5086.056    5033.683    4981.310    4928.938    4876.565    4824.192    4771.819    4719.446    4667.074    4614.701    4562.328    4509.955    4457.582    4405.209    4352.836    4300.464    4247.980    4195.607    4143.234    4090.861    4038.600    3986.227    3933.965    3881.704    3829.665
   15770.443   15727.188   15683.822   15640.567   15597.201   15553.946   15510.692   15467.437   15424.071   15380.816   15337.561   15294.195   15250.940   15207.685   15164.431   15121.176   15077.810   15034.555   14991.300   14947.934   14904.679   14861.424   14818.058   14774.803   14731.549   14688.294   14645.039   14601.673   14558.418   14515.163   14471.797   14428.542   14385.288   14342.033   14298.778   14255.412   14212.157   14168.902   14125.536   14082.281   14039.027   13995.661   13952.406   13909.151   13865.896   13822.530   13779.275   13736.020   13692.766   13649.400   13606.145   13562.890   13519.524   13476.269   13433.014   13389.759   13346.505   13303.250   13259.995   13216.963   13173.930   13131.120   13088.310   13045.834   13003.357   12961.325   12919.183   12877.262   12835.453   12793.643   12751.945   12710.247   12668.549   12626.962   12585.264   12543.677   12501.979   12460.392   12418.694   12377.107   12335.409   12293.822   12252.124   12210.537   12168.839   12127.252   12085.554   12043.967   12002.380   11960.682   11919.095   11877.397   11835.810   11794.112   11752.525   11710.827   11669.240   11627.542   11585.955   11544.257   11502.670   11460.972   11419.385   11377.687   11336.100   11294.402   11252.815   11211.228   11169.530   11127.943   11086.245   11044.658   11002.960   10961.373   10919.675   10878.088   10836.502   10794.803   10753.217   10711.518   10669.820   10628.011   10586.091   10543.614   10501.249   10457.549   10413.850   10368.482   10323.115   10275.968   10228.821   10180.340   10131.971   10082.822   10033.563    9983.970    9934.377    9884.562    9834.746    9784.820    9735.005    9685.078    9635.151    9585.226    9535.299    9485.372    9435.445    9385.519    9335.593    9285.666    9235.739    9185.812    9135.887    9085.960    9036.033    8986.106    8936.181    8886.254    8836.327    8786.400    8736.475    8686.548    8636.621    8586.694    8536.769    8486.842    8436.915    8386.988    8337.173    8287.136    8237.209    8187.282    8137.356    8087.429    8037.503    7987.576    7937.650    7887.723    7837.908    7787.981    7738.055    7688.128    7638.202    7588.275    7538.349    7488.422    7438.496    7388.458    7338.420    7288.049    7237.678    7186.750    7135.823    7084.340    7032.968    6981.040    6929.223    6877.073    6824.922    6772.661    6720.399    6668.137    6615.765    6563.392    6511.130    6458.757    6406.384    6354.012    6301.639    6249.266    6196.893    6144.521    6092.147    6039.886    5987.513    5935.141    5882.768    5830.395    5778.022    5725.649    5673.276    5620.903    5568.531    5516.269    5463.896    5411.523    5359.151    5306.778    5254.405    5202.032    5149.659    5097.287    5045.025    4992.652    4940.279    4887.907    4835.534    4783.161    4730.788    4678.416    4626.042    4573.670    4521.408    4469.035    4416.663    4364.290    4311.917    4259.544    4207.171    4154.798    4102.426    4050.164    3997.791    3945.530    3893.268    3841.340
   15782.118   15738.864   15695.497   15652.131   15608.877   15565.511   15522.256   15479.001   15435.635   15392.380   15349.125   15305.759   15262.504   15219.250   15175.995   15132.629   15089.374   15046.119   15002.753   14959.498   14916.132   14872.877   14829.623   14786.257   14743.002   14699.747   14656.381   14613.126   14569.871   14526.505   14483.250   14439.996   14396.630   14353.375   14310.120   14266.865   14223.499   14180.244   14136.878   14093.623   14050.369   14007.003   13963.748   13920.493   13877.127   13833.872   13790.617   13747.362   13703.996   13660.742   13617.487   13574.121   13530.866   13487.500   13444.245   13400.990   13357.735   13314.481   13271.226   13228.193   13185.050   13142.240   13099.430   13056.953   13014.588   12972.445   12930.302   12888.382   12846.461   12804.763   12762.954   12721.367   12679.669   12637.971   12596.272   12554.686   12512.987   12471.289   12429.702   12388.004   12346.306   12304.719   12263.021   12221.434   12179.736   12138.149   12096.451   12054.864   12013.166   11971.579   11929.881   11888.183   11846.596   11804.898   11763.200   11721.613   11679.915   11638.328   11596.630   11555.043   11513.345   11471.647   11430.060   11388.362   11346.775   11305.077   11263.379   11221.792   11180.094   11138.507   11096.809   11055.222   11013.524   10971.826   10930.239   10888.541   10846.954   10805.256   10763.669   10721.971   10680.273   10638.352   10596.543   10554.066   10511.590   10467.890   10424.302   10378.823   10333.456   10286.309   10239.162   10190.793   10142.312   10093.163   10044.015    9994.423    9944.719    9894.903    9845.199    9795.272    9745.346    9695.419    9645.493    9595.566    9545.751    9495.824    9445.897    9395.972    9346.045    9296.118    9246.191    9196.266    9146.339    9096.412    9046.485    8996.560    8946.633    8896.706    8846.779    8796.853    8746.927    8697.000    8647.185    8597.258    8547.332    8497.405    8447.479    8397.552    8347.626    8297.699    8247.772    8197.846    8147.919    8097.993    8048.066    7998.140    7948.213    7898.287    7848.360    7798.434    7748.507    7698.581    7648.766    7598.839    7548.913    7498.986    7449.059    7399.021    7348.984    7298.613    7248.241    7197.314    7146.387    7095.015    7043.531    6991.715    6939.787    6887.747    6835.597    6783.335    6731.185    6678.812    6626.550    6574.178    6521.916    6469.543    6417.170    6364.797    6312.536    6260.163    6207.791    6155.417    6103.156    6050.783    5998.410    5946.038    5893.776    5841.403    5789.030    5736.658    5684.285    5632.023    5579.650    5527.277    5475.016    5422.643    5370.270    5317.897    5265.636    5213.263    5160.890    5108.517    5056.256    5003.883    4951.510    4899.137    4846.875    4794.503    4742.130    4689.757    4637.496    4585.123    4532.750    4480.377    4428.116    4375.743    4323.370    4270.997    4218.735    4166.363    4113.990    4061.728    4009.355    3957.205    3904.943    3853.015
   15793.794   15750.428   15707.062   15663.807   15620.441   15577.186   15533.820   15490.565   15447.310   15403.944   15360.690   15317.324   15274.069   15230.814   15187.448   15144.193   15100.938   15057.572   15014.317   14970.951   14927.697   14884.330   14841.076   14797.821   14754.455   14711.200   14667.834   14624.579   14581.324   14537.958   14494.703   14451.337   14408.083   14364.828   14321.462   14278.207   14234.841   14191.586   14148.220   14104.965   14061.710   14018.344   13975.090   13931.724   13888.469   13845.214   13801.848   13758.593   13715.338   13671.972   13628.717   13585.351   13542.097   13498.731   13455.476   13412.221   13368.966   13325.711   13282.456   13239.313   13196.280   13153.470   13110.660   13068.184   13025.707   12983.564   12941.422   12899.501   12857.581   12815.882   12774.073   12732.375   12690.677   12648.979   12607.281   12565.694   12523.996   12482.298   12440.600   12399.013   12357.315   12315.616   12274.030   12232.331   12190.633   12149.046   12107.348   12065.650   12024.063   11982.365   11940.667   11899.080   11857.382   11815.684   11773.986   11732.399   11690.701   11649.003   11607.305   11565.718   11524.020   11482.322   11440.735   11399.037   11357.339   11315.752   11274.054   11232.356   11190.769   11149.071   11107.372   11065.674   11024.087   10982.389   10940.691   10899.104   10857.406   10815.708   10774.121   10732.423   10690.725   10648.805   10606.884   10564.519   10522.042   10478.343   10434.643   10389.276   10343.797   10296.650   10249.504   10201.134   10152.764   10103.505   10054.356   10004.764    9955.171    9905.355    9855.540    9805.613    9755.798    9705.872    9655.945    9606.019    9556.092    9506.165    9456.239    9406.312    9356.386    9306.459    9256.645    9206.718    9156.791    9106.864    9056.938    9007.012    8957.085    8907.158    8857.231    8807.306    8757.379    8707.563    8657.637    8607.711    8557.784    8507.857    8457.931    8408.005    8358.078    8308.151    8258.225    8208.298    8158.372    8108.445    8058.630    8008.704    7958.777    7908.851    7858.924    7808.997    7759.071    7709.145    7659.218    7609.402    7559.476    7509.549    7459.623    7409.585    7359.547    7309.176    7258.805    7207.877    7157.062    7105.578    7054.206    7002.278    6950.461    6898.422    6846.271    6794.121    6741.859    6689.598    6637.225    6584.963    6532.591    6480.329    6427.957    6375.695    6323.322    6270.949    6218.688    6166.315    6114.053    6061.680    6009.308    5957.046    5904.673    5852.412    5800.039    5747.666    5695.404    5643.031    5590.770    5538.397    5486.135    5433.763    5381.390    5329.128    5276.755    5224.382    5172.121    5119.748    5067.486    5015.114    4962.852    4910.479    4858.106    4805.845    4753.472    4701.099    4648.837    4596.465    4544.203    4491.830    4439.568    4387.196    4334.823    4282.562    4230.188    4177.816    4125.554    4073.292    4020.920    3968.769    3916.508    3864.580
   15805.358   15762.103   15718.737   15675.371   15632.005   15588.750   15545.496   15502.130   15458.875   15415.509   15372.254   15328.888   15285.633   15242.267   15199.012   15155.757   15112.391   15069.136   15025.770   14982.516   14939.150   14895.895   14852.529   14809.274   14765.908   14722.653   14679.287   14636.032   14592.666   14549.411   14506.045   14462.791   14419.425   14376.170   14332.915   14289.549   14246.294   14202.928   14159.673   14116.307   14073.052   14029.686   13986.431   13943.065   13899.811   13856.445   13813.190   13769.935   13726.569   13683.314   13639.948   13596.693   13553.327   13510.072   13466.706   13423.452   13380.086   13336.942   13293.687   13250.543   13207.400   13164.590   13121.780   13079.303   13036.827   12994.684   12952.541   12910.621   12868.700   12826.891   12785.193   12743.495   12701.685   12659.987   12618.289   12576.702   12535.004   12493.306   12451.608   12409.910   12368.212   12326.625   12284.927   12243.229   12201.530   12159.832   12118.245   12076.547   12034.849   11993.151   11951.453   11909.866   11868.168   11826.470   11784.772   11743.074   11701.487   11659.789   11618.091   11576.393   11534.695   11492.996   11451.410   11409.711   11368.013   11326.315   11284.617   11243.030   11201.332   11159.634   11117.936   11076.238   11034.651   10992.953   10951.255   10909.557   10867.859   10826.272   10784.574   10742.875   10701.177   10659.257   10617.336   10574.860   10532.383   10488.684   10445.095   10399.617   10354.249   10307.103   10259.956   10211.475   10163.105   10113.957   10064.698   10015.105    9965.512    9915.696    9865.881    9816.065    9766.140    9716.213    9666.286    9616.471    9566.544    9516.618    9466.691    9416.765    9366.838    9316.912    9266.985    9217.170    9167.243    9117.316    9067.391    9017.464    8967.537    8917.610    8867.685    8817.758    8767.831    8718.016    8668.089    8618.163    8568.236    8518.310    8468.383    8418.457    8368.642    8318.715    8268.788    8218.861    8168.935    8119.009    8069.082    8019.156    7969.229    7919.303    7869.487    7819.561    7769.634    7719.708    7669.781    7619.854    7570.040    7520.113    7470.187    7420.148    7370.111    7319.740    7269.368    7218.552    7167.625    7116.142    7064.770    7012.953    6961.136    6908.986    6856.946    6804.796    6752.534    6700.272    6648.011    6595.750    6543.376    6491.115    6438.854    6386.480    6334.108    6281.846    6229.584    6177.212    6124.950    6072.577    6020.316    5967.943    5915.681    5863.420    5811.047    5758.785    5706.413    5654.151    5601.778    5549.517    5497.144    5444.882    5392.621    5340.248    5287.875    5235.613    5183.352    5130.979    5078.717    5026.344    4974.083    4921.710    4869.448    4817.075    4764.814    4712.552    4660.179    4607.918    4555.545    4503.283    4450.911    4398.649    4346.387    4294.015    4241.753    4189.380    4137.118    4084.746    4032.484    3980.333    3928.183    3876.255
   15817.034   15773.668   15730.301   15686.935   15643.681   15600.315   15557.060   15513.694   15470.439   15427.073   15383.818   15340.452   15297.197   15253.831   15210.576   15167.210   15123.956   15080.590   15037.224   14993.969   14950.603   14907.348   14863.982   14820.727   14777.361   14734.106   14690.740   14647.485   14604.119   14560.864   14517.498   14474.132   14430.878   14387.623   14344.257   14300.891   14257.636   14214.270   14171.015   14127.649   14084.394   14041.028   13997.773   13954.407   13911.041   13867.786   13824.532   13781.166   13737.800   13694.545   13651.179   13607.924   13564.558   13521.303   13477.937   13434.682   13391.316   13348.061   13304.807   13261.774   13218.630   13175.820   13132.899   13090.423   13047.946   13005.803   12963.661   12921.740   12879.820   12838.010   12796.201   12754.503   12712.805   12671.107   12629.297   12587.710   12546.012   12504.314   12462.616   12420.918   12379.220   12337.522   12295.824   12254.126   12212.428   12170.730   12129.031   12087.445   12045.746   12004.048   11962.350   11920.652   11878.954   11837.256   11795.558   11753.860   11712.162   11670.464   11628.765   11587.067   11545.369   11503.671   11461.973   11420.386   11378.688   11336.990   11295.292   11253.594   11211.896   11170.198   11128.499   11086.801   11045.103   11003.405   10961.707   10920.120   10878.422   10836.724   10795.026   10753.328   10711.630   10669.709   10627.789   10585.312   10542.836   10499.136   10455.437   10409.958   10364.590   10317.444   10270.297   10221.927   10173.446   10124.298   10075.150   10025.557    9975.964    9926.148    9876.333    9826.407    9776.592    9726.665    9676.738    9626.812    9576.886    9526.959    9477.032    9427.217    9377.291    9327.364    9277.438    9227.511    9177.585    9127.770    9077.843    9027.916    8977.989    8928.063    8878.137    8828.210    8778.395    8728.468    8678.542    8628.615    8578.688    8528.762    8478.946    8429.021    8379.094    8329.167    8279.240    8229.314    8179.388    8129.461    8079.646    8029.719    7979.792    7929.866    7879.940    7830.013    7780.198    7730.271    7680.345    7630.418    7580.492    7530.565    7480.750    7430.712    7380.674    7330.303    7279.932    7229.116    7178.188    7126.816    7075.333    7023.516    6971.700    6919.660    6867.621    6815.471    6763.320    6711.059    6658.797    6606.424    6554.163    6501.901    6449.639    6397.267    6345.005    6292.743    6240.371    6188.109    6135.847    6083.475    6031.213    5978.951    5926.689    5874.317    5822.055    5769.793    5717.421    5665.159    5612.897    5560.636    5508.263    5456.001    5403.740    5351.367    5299.105    5246.844    5194.471    5142.209    5089.948    5037.686    4985.313    4933.052    4880.790    4828.417    4776.156    4723.894    4671.521    4619.260    4566.998    4514.736    4462.364    4410.102    4357.840    4305.468    4253.206    4200.944    4148.571    4096.310    4044.048    3991.898    3939.747    3887.819
   15828.598   15785.343   15741.977   15698.611   15655.245   15611.879   15568.624   15525.258   15482.003   15438.637   15395.382   15352.016   15308.650   15265.396   15222.029   15178.775   15135.409   15092.154   15048.788   15005.422   14962.167   14918.801   14875.435   14832.180   14788.814   14745.559   14702.193   14658.827   14615.572   14572.206   14528.952   14485.585   14442.219   14398.965   14355.599   14312.344   14268.978   14225.612   14182.357   14138.991   14095.736   14052.370   14009.004   13965.749   13922.383   13879.128   13835.762   13792.396   13749.141   13705.775   13662.521   13619.155   13575.789   13532.534   13489.168   13445.913   13402.547   13359.292   13316.037   13272.894   13229.750   13186.940   13144.130   13101.653   13059.066   13016.923   12974.780   12932.860   12890.939   12849.130   12807.320   12765.511   12723.813   12682.115   12640.417   12598.719   12556.909   12515.211   12473.513   12431.815   12390.117   12348.419   12306.721   12265.023   12223.325   12181.627   12139.929   12098.230   12056.532   12014.834   11973.136   11931.438   11889.740   11848.042   11806.344   11764.646   11722.948   11681.249   11639.440   11597.742   11556.044   11514.346   11472.648   11430.950   11389.252   11347.553   11305.855   11264.157   11222.459   11180.761   11139.063   11097.365   11055.667   11013.969   10972.271   10930.572   10888.874   10847.176   10805.478   10763.780   10721.971   10680.050   10638.130   10595.653   10553.177   10509.477   10465.778   10420.410   10374.931   10327.785   10280.638   10232.268   10183.899   10134.639   10085.491   10035.898    9986.306    9936.490    9886.675    9836.859    9786.933    9737.006    9687.080    9637.153    9587.338    9537.411    9487.484    9437.559    9387.632    9337.816    9287.890    9237.963    9188.037    9138.110    9088.184    9038.368    8988.442    8938.516    8888.589    8838.662    8788.847    8738.921    8688.994    8639.067    8589.141    8539.325    8489.399    8439.473    8389.546    8339.619    8289.693    8239.878    8189.951    8140.024    8090.098    8040.171    7990.245    7940.430    7890.503    7840.577    7790.650    7740.724    7690.908    7640.982    7591.055    7541.129    7491.202    7441.276    7391.238    7340.867    7290.496    7239.679    7188.752    7137.380    7086.008    7034.191    6982.374    6930.335    6878.296    6826.146    6773.995    6721.733    6669.472    6617.210    6564.949    6512.687    6460.425    6408.164    6355.791    6303.529    6251.268    6199.006    6146.744    6094.483    6042.110    5989.848    5937.587    5885.325    5833.063    5780.802    5728.429    5676.167    5623.906    5571.644    5519.383    5467.121    5414.859    5362.598    5310.225    5257.963    5205.702    5153.440    5101.179    5048.917    4996.655    4944.282    4892.021    4839.759    4787.498    4735.236    4682.974    4630.713    4578.340    4526.078    4473.817    4421.555    4369.293    4317.032    4264.659    4212.397    4160.136    4107.874    4055.613    4003.462    3951.312    3899.384
   15840.273   15796.907   15753.541   15710.175   15666.809   15623.554   15580.188   15536.822   15493.567   15450.201   15406.835   15363.581   15320.215   15276.960   15233.594   15190.228   15146.973   15103.607   15060.241   15016.986   14973.620   14930.254   14886.888   14843.633   14800.267   14757.012   14713.646   14670.280   14627.025   14583.659   14540.293   14497.039   14453.673   14410.307   14367.052   14323.686   14280.320   14236.954   14193.699   14150.333   14106.967   14063.712   14020.346   13976.980   13933.725   13890.359   13847.104   13803.738   13760.372   13717.117   13673.751   13630.385   13587.019   13543.764   13500.398   13457.032   13413.778   13370.523   13327.268   13284.124   13240.981   13198.171   13155.249   13112.773   13070.296   13028.042   12985.900   12943.979   12901.947   12860.138   12818.329   12776.631   12734.821   12693.123   12651.425   12609.616   12567.918   12526.220   12484.522   12442.823   12401.125   12359.316   12317.618   12275.920   12234.222   12192.524   12150.826   12109.128   12067.429   12025.620   11983.922   11942.224   11900.526   11858.828   11817.018   11775.320   11733.622   11691.924   11650.226   11608.528   11566.719   11525.021   11483.322   11441.624   11399.926   11358.228   11316.530   11274.721   11233.023   11191.325   11149.626   11107.928   11066.230   11024.421   10982.723   10941.025   10899.327   10857.629   10815.931   10774.121   10732.423   10690.503   10648.582   10606.106   10563.629   10519.930   10476.230   10430.751   10385.273   10338.126   10290.979   10242.609   10194.240   10145.092   10095.832   10046.239    9996.646    9946.831    9897.016    9847.200    9797.273    9747.459    9697.532    9647.605    9597.679    9547.752    9497.826    9448.011    9398.084    9348.157    9298.342    9248.416    9198.489    9148.562    9098.636    9048.710    8998.895    8948.968    8899.041    8849.114    8799.299    8749.373    8699.446    8649.520    8599.704    8549.778    8499.852    8449.925    8399.998    8350.183    8300.257    8250.330    8200.403    8150.477    8100.662    8050.735    8000.809    7950.882    7900.956    7851.140    7801.214    7751.287    7701.361    7651.545    7601.619    7551.692    7501.766    7451.728    7401.801    7351.430    7301.059    7250.243    7199.427    7147.943    7096.571    7044.754    6993.049    6941.010    6888.971    6836.820    6784.669    6732.408    6680.146    6627.996    6575.734    6523.473    6471.211    6418.950    6366.688    6314.426    6262.165    6209.903    6157.642    6105.380    6053.118    6000.856    5948.595    5896.333    5844.072    5791.810    5739.548    5687.287    5635.025    5582.764    5530.502    5478.241    5425.979    5373.717    5321.456    5269.194    5216.933    5164.671    5112.409    5060.147    5007.886    4955.625    4903.363    4851.101    4798.839    4746.578    4694.316    4642.055    4589.793    4537.531    4485.270    4433.008    4380.747    4328.485    4276.223    4223.962    4171.700    4119.438    4067.177    4015.138    3962.987    3911.059
   15851.949   15808.472   15765.106   15721.739   15678.485   15635.119   15591.753   15548.498   15505.132   15461.766   15418.400   15375.145   15331.779   15288.413   15245.158   15201.792   15158.426   15115.060   15071.805   15028.439   14985.073   14941.707   14898.452   14855.086   14811.720   14768.354   14725.099   14681.733   14638.367   14595.001   14551.746   14508.380   14465.014   14421.760   14378.394   14335.028   14291.662   14248.407   14205.041   14161.675   14118.309   14075.054   14031.688   13988.322   13944.956   13901.701   13858.335   13814.969   13771.714   13728.348   13684.982   13641.616   13598.361   13554.995   13511.629   13468.263   13425.008   13381.642   13338.387   13295.244   13252.100   13209.290   13166.369   13123.892   13081.416   13039.162   12997.019   12954.987   12913.067   12871.258   12829.448   12787.639   12745.830   12704.132   12662.433   12620.624   12578.926   12537.228   12495.419   12453.721   12412.022   12370.324   12328.515   12286.817   12245.119   12203.421   12161.612   12119.913   12078.215   12036.517   11994.708   11953.010   11911.312   11869.502   11827.804   11786.106   11744.408   11702.599   11660.901   11619.203   11577.393   11535.695   11493.997   11452.299   11410.490   11368.792   11327.094   11285.395   11243.586   11201.888   11160.190   11118.381   11076.683   11034.985   10993.286   10951.477   10909.779   10868.081   10826.383   10784.574   10742.875   10700.955   10659.034   10616.447   10573.970   10530.271   10486.571   10441.092   10395.614   10348.578   10301.432   10252.951   10204.581   10155.433   10106.284   10056.692   10007.099    9957.283    9907.468    9857.541    9807.727    9757.800    9707.873    9657.946    9608.131    9558.205    9508.278    9458.352    9408.536    9358.609    9308.684    9258.757    9208.941    9159.015    9109.089    9059.162    9009.347    8959.420    8909.493    8859.567    8809.752    8759.825    8709.898    8659.972    8610.157    8560.230    8510.304    8460.377    8410.562    8360.636    8310.709    8260.782    8210.967    8161.041    8111.114    8061.188    8011.261    7961.446    7911.519    7861.592    7811.777    7761.851    7711.924    7661.998    7612.182    7562.256    7512.329    7462.292    7412.365    7361.994    7311.623    7260.806    7209.990    7158.618    7107.246    7055.429    7003.612    6951.685    6899.645    6847.495    6795.344    6743.194    6690.932    6638.671    6586.409    6534.259    6481.997    6429.735    6377.474    6325.212    6272.951    6220.689    6168.539    6116.277    6064.015    6011.754    5959.492    5907.230    5855.080    5802.818    5750.557    5698.295    5646.034    5593.772    5541.622    5489.360    5437.098    5384.837    5332.575    5280.313    5228.052    5175.901    5123.640    5071.378    5019.117    4966.855    4914.593    4862.332    4810.181    4757.920    4705.658    4653.396    4601.135    4548.874    4496.723    4444.461    4392.200    4339.938    4287.676    4235.415    4183.153    4131.003    4078.741    4026.702    3974.552    3922.623
   15863.513   15820.147   15776.781   15733.415   15690.049   15646.683   15603.317   15560.062   15516.696   15473.330   15429.964   15386.709   15343.343   15299.977   15256.611   15213.356   15169.990   15126.624   15083.258   15039.892   14996.526   14953.271   14909.905   14866.539   14823.173   14779.807   14736.552   14693.186   14649.820   14606.454   14563.088   14519.834   14476.467   14433.101   14389.735   14346.369   14303.003   14259.749   14216.383   14173.017   14129.651   14086.285   14043.030   13999.664   13956.298   13912.932   13869.677   13826.311   13782.945   13739.579   13696.213   13652.847   13609.592   13566.226   13522.860   13479.494   13436.128   13392.873   13349.618   13306.474   13263.331   13220.410   13177.600   13135.012   13092.535   13050.281   13008.138   12966.107   12924.186   12882.266   12840.457   12798.647   12756.949   12715.140   12673.442   12631.632   12589.934   12548.125   12506.427   12464.729   12422.920   12381.221   12339.523   12297.714   12256.016   12214.207   12172.509   12130.811   12089.001   12047.303   12005.605   11963.796   11922.098   11880.288   11838.590   11796.892   11755.083   11713.385   11671.575   11629.877   11588.179   11546.370   11504.672   11462.863   11421.165   11379.466   11337.657   11295.959   11254.150   11212.452   11170.754   11128.944   11087.246   11045.437   11003.739   10962.041   10920.231   10878.533   10836.835   10795.026   10753.328   10711.296   10669.376   10626.899   10584.423   10540.612   10496.912   10451.434   10406.066   10358.919   10311.773   10263.403   10215.033   10165.774   10116.626   10067.033   10017.440    9967.624    9917.810    9867.994    9818.067    9768.141    9718.325    9668.398    9618.473    9568.546    9518.730    9468.804    9418.878    9369.062    9319.136    9269.209    9219.282    9169.467    9119.541    9069.614    9019.688    8969.872    8919.945    8870.020    8820.204    8770.277    8720.351    8670.535    8620.609    8570.683    8520.756    8470.940    8421.015    8371.088    8321.161    8271.346    8221.419    8171.493    8121.566    8071.751    8021.824    7971.898    7922.083    7872.156    7822.229    7772.303    7722.488    7672.561    7622.635    7572.819    7522.893    7472.855    7422.929    7372.557    7322.186    7271.370    7220.554    7169.182    7117.810    7065.993    7014.287    6962.248    6910.320    6858.169    6806.019    6753.869    6701.607    6649.457    6597.195    6545.044    6492.783    6440.521    6388.260    6336.109    6283.848    6231.586    6179.436    6127.174    6074.913    6022.762    5970.500    5918.239    5865.977    5813.827    5761.565    5709.304    5657.153    5604.892    5552.630    5500.479    5448.218    5395.956    5343.695    5291.544    5239.283    5187.021    5134.871    5082.609    5030.347    4978.197    4925.935    4873.674    4821.412    4769.262    4717.000    4664.850    4612.588    4560.326    4508.065    4455.914    4403.653    4351.391    4299.241    4246.979    4194.717    4142.567    4090.305    4038.266    3986.116    3934.299
   15875.188   15831.711   15788.345   15744.979   15701.613   15658.247   15614.992   15571.626   15528.260   15484.894   15441.528   15398.162   15354.907   15311.541   15268.175   15224.809   15181.443   15138.077   15094.711   15051.345   15008.090   14964.724   14921.358   14877.992   14834.626   14791.260   14747.894   14704.639   14661.273   14617.907   14574.541   14531.175   14487.809   14444.443   14401.189   14357.823   14314.456   14271.090   14227.724   14184.358   14140.992   14097.626   14054.260   14011.006   13967.640   13924.273   13880.907   13837.541   13794.175   13750.809   13707.443   13664.189   13620.823   13577.457   13534.090   13490.724   13447.358   13404.104   13360.849   13317.594   13274.450   13231.640   13188.719   13146.131   13103.655   13061.401   13019.258   12977.226   12935.195   12893.385   12851.465   12809.767   12767.957   12726.148   12684.450   12642.641   12600.943   12559.133   12517.435   12475.626   12433.928   12392.119   12350.421   12308.611   12266.913   12225.104   12183.406   12141.596   12099.898   12058.089   12016.391   11974.582   11932.884   11891.074   11849.376   11807.567   11765.869   11724.059   11682.250   11640.552   11598.854   11557.045   11515.347   11473.537   11431.839   11390.030   11348.332   11306.523   11264.824   11223.015   11181.206   11139.508   11097.810   11056.000   11014.191   10972.493   10930.795   10888.986   10847.287   10805.478   10763.669   10721.748   10679.828   10637.240   10594.764   10551.064   10507.253   10461.886   10416.407   10369.260   10322.114   10273.744   10225.374   10176.226   10126.967   10077.374   10027.781    9977.966    9928.150    9878.335    9828.408    9778.593    9728.666    9678.740    9628.925    9578.998    9529.071    9479.146    9429.330    9379.403    9329.588    9279.661    9229.735    9179.809    9129.993    9080.066    9030.140    8980.324    8930.398    8880.472    8830.656    8780.729    8730.804    8680.988    8631.062    8581.135    8531.208    8481.393    8431.467    8381.540    8331.725    8281.798    8231.872    8182.056    8132.130    8082.203    8032.277    7982.461    7932.535    7882.608    7832.793    7782.867    7732.940    7683.125    7633.198    7583.271    7533.457    7483.418    7433.381    7383.121    7332.750    7281.934    7231.117    7179.745    7128.373    7076.667    7024.962    6972.923    6920.995    6868.844    6816.694    6764.543    6712.393    6660.131    6607.981    6555.719    6503.569    6451.307    6399.157    6346.895    6294.745    6242.483    6190.333    6138.071    6085.921    6033.659    5981.397    5929.247    5876.985    5824.835    5772.573    5720.423    5668.162    5616.011    5563.750    5511.599    5459.337    5407.076    5354.925    5302.664    5250.513    5198.251    5146.101    5093.840    5041.689    4989.428    4937.277    4885.016    4832.754    4780.604    4728.342    4676.191    4623.930    4571.779    4519.518    4467.367    4415.106    4362.844    4310.694    4258.432    4206.282    4154.131    4101.870    4049.830    3997.791    3945.863
   15886.753   15843.387   15800.021   15756.655   15713.289   15669.923   15626.557   15583.191   15539.825   15496.459   15453.093   15409.727   15366.360   15322.994   15279.740   15236.374   15193.008   15149.642   15106.276   15062.910   15019.544   14976.178   14932.811   14889.445   14846.079   14802.713   14759.347   14715.981   14672.615   14629.249   14585.883   14542.628   14499.262   14455.896   14412.530   14369.164   14325.798   14282.432   14239.066   14195.700   14152.334   14108.968   14065.602   14022.236   13978.870   13935.504   13892.138   13848.883   13805.517   13762.151   13718.785   13675.419   13632.053   13588.687   13545.321   13501.955   13458.589   13415.334   13371.968   13328.825   13285.681   13242.760   13199.839   13157.362   13114.774   13072.520   13030.266   12988.346   12946.314   12904.394   12862.584   12820.775   12778.966   12737.156   12695.458   12653.649   12611.840   12570.142   12528.332   12486.634   12444.825   12403.016   12361.318   12319.508   12277.810   12236.001   12194.192   12152.494   12110.684   12068.875   12027.177   11985.368   11943.669   11901.860   11860.051   11818.353   11776.543   11734.734   11693.036   11651.227   11609.529   11567.719   11525.910   11484.212   11442.403   11400.705   11358.895   11317.086   11275.388   11233.579   11191.769   11150.071   11108.262   11066.564   11024.755   10982.945   10941.247   10899.438   10857.740   10815.931   10774.121   10732.201   10690.169   10647.693   10605.216   10561.405   10517.706   10472.227   10426.748   10379.602   10332.455   10284.085   10235.715   10186.567   10137.419   10087.826   10038.122    9988.418    9938.603    9888.676    9838.860    9788.935    9739.008    9689.192    9639.266    9589.339    9539.524    9489.598    9439.671    9389.855    9339.929    9290.113    9240.188    9190.261    9140.334    9090.519    9040.593    8990.666    8940.851    8890.924    8841.108    8791.182    8741.256    8691.440    8641.514    8591.587    8541.771    8491.846    8441.919    8392.104    8342.177    8292.251    8242.436    8192.509    8142.582    8092.767    8042.840    7992.914    7943.099    7893.172    7843.245    7793.430    7743.503    7693.577    7643.762    7593.835    7543.909    7493.982    7443.944    7393.684    7343.313    7292.497    7241.681    7190.309    7139.048    7087.231    7035.525    6983.597    6931.669    6879.519    6827.479    6775.218    6723.068    6670.917    6618.767    6566.505    6514.355    6462.205    6409.943    6357.792    6305.531    6253.380    6201.119    6148.968    6096.818    6044.556    5992.406    5940.255    5887.994    5835.843    5783.582    5731.431    5679.281    5627.020    5574.869    5522.607    5470.457    5418.307    5366.045    5313.895    5261.633    5209.482    5157.332    5105.070    5052.920    5000.658    4948.508    4896.357    4844.096    4791.945    4739.795    4687.533    4635.383    4583.121    4530.971    4478.709    4426.559    4374.408    4322.147    4269.997    4217.735    4165.584    4113.434    4061.395    4009.355    3957.427
   15898.317   15854.951   15811.585   15768.219   15724.853   15681.487   15638.121   15594.755   15551.389   15508.023   15464.657   15421.291   15377.925   15334.559   15291.193   15247.827   15204.461   15161.095   15117.729   15074.363   15030.997   14987.631   14944.265   14900.899   14857.533   14814.166   14770.800   14727.434   14684.068   14640.702   14597.336   14553.970   14510.604   14467.238   14423.872   14380.506   14337.140   14293.774   14250.408   14207.042   14163.676   14120.310   14076.944   14033.578   13990.212   13946.846   13903.480   13860.114   13816.748   13773.382   13730.016   13686.650   13643.284   13599.918   13556.552   13513.186   13469.820   13426.454   13383.199   13340.055   13296.801   13253.990   13211.069   13168.482   13125.894   13083.640   13041.386   12999.354   12957.434   12915.513   12873.593   12831.783   12789.974   12748.276   12706.467   12664.657   12622.848   12581.039   12539.341   12497.531   12455.722   12414.024   12372.215   12330.405   12288.596   12246.898   12205.089   12163.279   12121.581   12079.772   12037.963   11996.153   11954.344   11912.646   11870.837   11829.027   11787.329   11745.520   11703.711   11661.902   11620.203   11578.394   11536.585   11494.776   11453.077   11411.268   11369.459   11327.650   11285.951   11244.142   11202.333   11160.524   11118.825   11077.016   11035.207   10993.509   10951.700   10909.890   10868.192   10826.383   10784.574   10742.653   10700.621   10658.145   10615.557   10571.858   10528.047   10482.568   10437.089   10389.943   10342.907   10294.538   10246.168   10196.908   10147.760   10098.167   10048.574    9998.759    9948.943    9899.128    9849.202    9799.275    9749.460    9699.533    9649.606    9599.792    9549.865    9500.050    9450.123    9400.196    9350.382    9300.455    9250.640    9200.713    9150.786    9100.972    9051.045    9001.118    8951.303    8901.376    8851.561    8801.635    8751.708    8701.893    8651.966    8602.039    8552.225    8502.298    8452.482    8402.556    8352.629    8302.814    8252.888    8202.961    8153.146    8103.219    8053.292    8003.477    7953.551    7903.735    7853.809    7803.882    7754.067    7704.141    7654.325    7604.398    7554.472    7504.545    7454.508    7404.248    7353.876    7303.061    7252.244    7200.872    7149.611    7097.906    7046.200    6994.272    6942.233    6890.193    6838.154    6786.004    6733.854    6681.703    6629.441    6577.291    6525.141    6472.990    6420.729    6368.578    6316.428    6264.277    6212.016    6159.865    6107.715    6055.564    6003.414    5951.152    5899.002    5846.852    5794.590    5742.439    5690.289    5638.139    5585.988    5533.727    5481.576    5429.426    5377.164    5325.014    5272.863    5220.713    5168.562    5116.301    5064.150    5012.000    4959.850    4907.588    4855.438    4803.287    4751.137    4698.875    4646.725    4594.574    4542.424    4490.162    4438.012    4385.861    4333.711    4281.450    4229.299    4177.148    4124.998    4072.959    4020.920    3969.103
   15909.992   15866.626   15823.149   15779.783   15736.417   15693.051   15649.685   15606.319   15562.953   15519.587   15476.221   15432.855   15389.489   15346.123   15302.757   15259.391   15216.025   15172.659   15129.182   15085.816   15042.450   14999.084   14955.718   14912.352   14868.986   14825.620   14782.254   14738.888   14695.522   14652.155   14608.789   14565.423   14521.946   14478.580   14435.214   14391.848   14348.482   14305.116   14261.750   14218.384   14175.018   14131.652   14088.286   14044.920   14001.554   13958.077   13914.711   13871.345   13827.979   13784.613   13741.247   13697.881   13654.515   13611.149   13567.783   13524.417   13481.051   13437.684   13394.318   13351.175   13308.031   13265.110   13222.189   13179.601   13137.013   13094.759   13052.505   13010.474   12968.442   12926.633   12884.712   12842.903   12801.094   12759.284   12717.475   12675.666   12633.856   12592.047   12550.238   12508.428   12466.730   12424.921   12383.112   12341.303   12299.493   12257.684   12215.986   12174.177   12132.367   12090.558   12048.749   12006.939   11965.130   11923.432   11881.623   11839.813   11798.004   11756.195   11714.386   11672.576   11630.878   11589.069   11547.260   11505.450   11463.641   11421.832   11380.022   11338.324   11296.515   11254.706   11212.896   11171.087   11129.278   11087.580   11045.770   11003.961   10962.152   10920.343   10878.644   10836.835   10795.026   10752.994   10711.074   10668.486   10625.898   10582.199   10538.388   10492.909   10447.431   10400.395   10353.248   10304.879   10256.509   10207.361   10158.101   10108.508   10058.915   10009.100    9959.285    9909.470    9859.543    9809.728    9759.801    9709.875    9660.060    9610.133    9560.317    9510.391    9460.575    9410.649    9360.834    9310.907    9260.980    9211.165    9161.239    9111.312    9061.497    9011.570    8961.755    8911.828    8862.014    8812.087    8762.160    8712.345    8662.418    8612.603    8562.677    8512.750    8462.935    8413.008    8363.082    8313.267    8263.340    8213.524    8163.598    8113.783    8063.856    8013.930    7964.114    7914.188    7864.373    7814.446    7764.630    7714.704    7664.777    7614.962    7565.036    7514.998    7465.071    7414.812    7364.440    7313.624    7262.808    7211.547    7160.175    7108.469    7056.764    7004.835    6952.908    6900.868    6848.829    6796.679    6744.528    6692.378    6640.228    6588.077    6535.927    6483.776    6431.626    6379.475    6327.214    6275.063    6222.913    6170.763    6118.612    6066.461    6014.311    5962.161    5910.010    5857.860    5805.598    5753.448    5701.297    5649.147    5596.997    5544.846    5492.696    5440.545    5388.395    5336.245    5284.094    5231.833    5179.682    5127.532    5075.381    5023.231    4971.081    4918.930    4866.779    4814.629    4762.479    4710.328    4658.178    4605.917    4553.766    4501.615    4449.465    4397.314    4345.164    4293.014    4240.863    4188.713    4136.562    4084.523    4032.484    3980.667
   15921.557   15878.191   15834.825   15791.459   15747.981   15704.615   15661.249   15617.883   15574.517   15531.151   15487.785   15444.419   15401.053   15357.687   15314.321   15270.844   15227.478   15184.112   15140.746   15097.380   15054.014   15010.537   14967.171   14923.805   14880.439   14837.073   14793.707   14750.341   14706.863   14663.497   14620.131   14576.765   14533.399   14490.033   14446.667   14403.190   14359.824   14316.458   14273.092   14229.726   14186.360   14142.994   14099.517   14056.151   14012.785   13969.419   13926.053   13882.687   13839.321   13795.843   13752.477   13709.111   13665.745   13622.379   13579.013   13535.536   13492.170   13448.915   13405.549   13362.406   13319.151   13276.229   13233.308   13190.721   13148.133   13105.879   13063.625   13021.593   12979.561   12937.641   12895.720   12853.911   12812.102   12770.293   12728.483   12686.674   12644.865   12603.055   12561.246   12519.437   12477.627   12435.818   12394.009   12352.200   12310.390   12268.581   12226.772   12184.962   12143.153   12101.344   12059.535   12017.725   11975.916   11934.107   11892.297   11850.488   11808.679   11766.870   11725.060   11683.251   11641.553   11599.744   11557.934   11516.125   11474.316   11432.506   11390.697   11348.888   11307.079   11265.269   11223.460   11181.651   11139.841   11098.032   11056.223   11014.413   10972.604   10930.795   10889.097   10847.287   10805.367   10763.447   10721.415   10678.938   10636.351   10592.540   10548.840   10503.362   10457.883   10410.736   10363.590   10315.220   10266.850   10217.702   10168.554   10118.961   10069.257   10019.552    9969.737    9919.811    9869.995    9820.068    9770.143    9720.327    9670.400    9620.585    9570.658    9520.843    9470.917    9421.102    9371.175    9321.359    9271.433    9221.507    9171.691    9121.765    9071.949    9022.022    8972.207    8922.281    8872.466    8822.539    8772.724    8722.797    8672.871    8623.056    8573.129    8523.313    8473.387    8423.461    8373.646    8323.719    8273.903    8223.977    8174.162    8124.235    8074.309    8024.493    7974.566    7924.751    7874.825    7825.009    7775.083    7725.268    7675.341    7625.415    7575.599    7525.562    7475.635    7425.264    7375.003    7324.188    7273.371    7222.110    7170.738    7119.144    7067.438    7015.510    6963.583    6911.543    6859.504    6807.354    6755.314    6703.164    6651.013    6598.863    6546.712    6494.562    6442.412    6390.261    6338.111    6285.960    6233.810    6181.660    6129.509    6077.359    6025.319    5973.058    5920.908    5868.868    5816.718    5764.567    5712.417    5660.267    5608.116    5555.966    5503.815    5451.665    5399.514    5347.364    5295.213    5243.063    5190.913    5138.762    5086.723    5034.573    4982.422    4930.272    4878.122    4825.971    4773.821    4721.670    4669.520    4617.369    4565.219    4513.068    4460.918    4408.768    4356.617    4304.467    4252.316    4200.277    4148.126    4096.087    4044.159    3992.343
   15933.232   15889.866   15846.389   15803.023   15759.657   15716.291   15672.814   15629.448   15586.082   15542.716   15499.350   15455.984   15412.506   15369.140   15325.774   15282.408   15239.042   15195.565   15152.199   15108.833   15065.467   15022.101   14978.624   14935.258   14891.892   14848.526   14805.160   14761.682   14718.316   14674.950   14631.584   14588.107   14544.741   14501.375   14458.009   14414.643   14371.166   14327.800   14284.434   14241.068   14197.702   14154.225   14110.859   14067.493   14024.127   13980.761   13937.283   13893.917   13850.551   13807.185   13763.708   13720.342   13676.976   13633.610   13590.244   13546.767   13503.401   13460.035   13416.780   13373.525   13330.381   13287.460   13244.539   13201.840   13159.252   13116.998   13074.744   13032.713   12990.681   12948.760   12906.840   12864.919   12823.110   12781.301   12739.492   12697.682   12655.873   12613.952   12572.143   12530.334   12488.525   12446.715   12404.906   12363.097   12321.287   12279.478   12237.669   12195.860   12154.050   12112.241   12070.320   12028.511   11986.702   11944.893   11903.083   11861.274   11819.465   11777.655   11735.846   11694.037   11652.228   11610.418   11568.609   11526.688   11484.879   11443.070   11401.261   11359.451   11317.642   11275.833   11234.023   11192.214   11150.405   11108.484   11066.675   11024.866   10983.056   10941.247   10899.438   10857.629   10815.819   10773.899   10731.867   10689.279   10646.692   10602.992   10559.181   10513.703   10468.224   10421.077   10373.931   10325.561   10277.302   10228.043   10178.895   10129.302   10079.709   10029.894    9980.078    9930.263    9880.336    9830.410    9780.595    9730.668    9680.853    9630.926    9581.111    9531.185    9481.369    9431.442    9381.627    9331.700    9281.886    9231.959    9182.144    9132.217    9082.290    9032.476    8982.549    8932.733    8882.918    8832.991    8783.176    8733.249    8683.323    8633.508    8583.581    8533.766    8483.839    8434.024    8384.098    8334.282    8284.355    8234.540    8184.614    8134.687    8084.872    8034.945    7985.130    7935.204    7885.388    7835.462    7785.646    7735.720    7685.904    7635.978    7586.163    7536.125    7486.198    7435.827    7385.567    7334.751    7283.935    7232.674    7181.413    7129.708    7078.113    7026.185    6974.257    6922.218    6870.179    6818.139    6765.989    6713.838    6661.799    6609.649    6557.499    6505.348    6453.198    6401.047    6349.008    6296.857    6244.707    6192.557    6140.518    6088.367    6036.217    5984.066    5931.916    5879.876    5827.726    5775.576    5723.425    5671.386    5619.236    5567.085    5514.935    5462.784    5410.634    5358.595    5306.444    5254.294    5202.144    5150.104    5097.954    5045.803    4993.653    4941.502    4889.463    4837.313    4785.163    4733.012    4680.862    4628.822    4576.672    4524.521    4472.371    4420.221    4368.182    4316.031    4263.881    4211.841    4159.691    4107.652    4055.724    4003.907
   15944.908   15901.430   15858.064   15814.587   15771.221   15727.855   15684.489   15641.012   15597.646   15554.280   15510.914   15467.548   15424.071   15380.705   15337.339   15293.973   15250.495   15207.129   15163.763   15120.286   15076.920   15033.554   14990.077   14946.711   14903.345   14859.979   14816.502   14773.136   14729.770   14686.404   14642.926   14599.560   14556.194   14512.717   14469.351   14425.985   14382.508   14339.142   14295.776   14252.410   14208.933   14165.566   14122.200   14078.834   14035.357   13991.991   13948.625   13905.259   13861.782   13818.416   13775.050   13731.573   13688.207   13644.841   13601.363   13557.997   13514.631   13471.265   13427.899   13384.756   13341.501   13298.580   13255.658   13213.071   13170.372   13128.118   13085.864   13043.721   13001.689   12959.769   12917.848   12876.039   12834.118   12792.309   12750.500   12708.579   12666.770   12624.961   12583.151   12541.342   12499.422   12457.612   12415.803   12373.994   12332.185   12290.375   12248.455   12206.645   12164.836   12123.027   12081.218   12039.297   11997.488   11955.679   11913.869   11872.060   11830.139   11788.330   11746.521   11704.712   11662.902   11620.982   11579.172   11537.363   11495.554   11453.745   11411.824   11370.015   11328.206   11286.396   11244.587   11202.666   11160.857   11119.048   11077.239   11035.429   10993.509   10951.700   10909.890   10868.081   10826.272   10784.240   10742.208   10699.732   10657.144   10613.333   10569.523   10524.044   10478.565   10431.418   10384.383   10336.013   10287.643   10238.495   10189.236   10139.643   10090.050   10040.235    9990.419    9940.604    9890.678    9840.862    9790.936    9741.120    9691.193    9641.379    9591.452    9541.637    9491.710    9441.895    9391.969    9342.153    9292.227    9242.411    9192.484    9142.669    9092.743    9042.928    8993.001    8943.186    8893.370    8843.443    8793.628    8743.702    8693.775    8643.960    8594.033    8544.218    8494.402    8444.477    8394.550    8344.734    8294.919    8244.992    8195.066    8145.251    8095.324    8045.509    7995.583    7945.767    7895.952    7846.025    7796.210    7746.283    7696.357    7646.542    7596.615    7546.688    7496.762    7446.391    7396.130    7345.314    7294.609    7243.237    7191.977    7140.382    7088.677    7036.860    6984.932    6932.893    6880.854    6828.814    6776.664    6724.625    6672.474    6620.435    6568.284    6516.134    6464.095    6411.944    6359.794    6307.754    6255.604    6203.454    6151.415    6099.264    6047.114    5995.075    5942.924    5890.773    5838.734    5786.584    5734.545    5682.395    5630.244    5578.205    5526.054    5473.904    5421.865    5369.714    5317.564    5265.524    5213.374    5161.335    5109.185    5057.034    5004.995    4952.844    4900.694    4848.655    4796.504    4744.465    4692.315    4640.164    4588.125    4535.975    4483.824    4431.785    4379.635    4327.484    4275.445    4223.294    4171.255    4119.327    4067.288    4015.471
   15956.472   15913.106   15869.629   15826.263   15782.785   15739.419   15696.053   15652.576   15609.210   15565.844   15522.478   15479.001   15435.635   15392.269   15348.903   15305.426   15262.060   15218.582   15175.216   15131.850   15088.373   15045.007   15001.641   14958.164   14914.798   14871.432   14827.955   14784.589   14741.111   14697.745   14654.379   14610.902   14567.536   14524.170   14480.693   14437.327   14393.961   14350.484   14307.118   14263.752   14220.274   14176.908   14133.542   14090.065   14046.699   14003.333   13959.856   13916.490   13873.124   13829.647   13786.281   13742.803   13699.437   13656.071   13612.594   13569.228   13525.862   13482.496   13439.130   13395.875   13352.732   13309.699   13266.778   13224.190   13181.603   13139.237   13096.983   13054.840   13012.809   12970.888   12928.857   12887.047   12845.127   12803.317   12761.508   12719.588   12677.778   12635.969   12594.049   12552.239   12510.430   12468.510   12426.700   12384.891   12343.082   12301.161   12259.352   12217.543   12175.622   12133.813   12092.003   12050.083   12008.274   11966.464   11924.544   11882.735   11840.925   11799.005   11757.196   11715.386   11673.577   11631.656   11589.847   11548.038   11506.117   11464.308   11422.499   11380.578   11338.769   11296.960   11255.039   11213.230   11171.421   11129.500   11087.691   11045.882   11004.072   10962.152   10920.343   10878.533   10836.724   10794.692   10752.661   10710.073   10667.485   10623.674   10579.864   10534.385   10488.906   10441.871   10394.724   10346.354   10297.985   10248.836   10199.688   10150.095   10100.391   10050.687   10000.872    9950.945    9901.130    9851.203    9801.388    9751.462    9701.646    9651.720    9601.904    9551.978    9502.162    9452.347    9402.421    9352.605    9302.679    9252.863    9202.937    9153.122    9103.195    9053.380    9003.453    8953.638    8903.822    8853.896    8804.081    8754.154    8704.339    8654.412    8604.597    8554.671    8504.855    8454.929    8405.113    8355.187    8305.371    8255.445    8205.630    8155.703    8105.888    8056.072    8006.146    7956.331    7906.404    7856.589    7806.662    7756.847    7706.920    7657.105    7607.179    7557.252    7507.214    7456.954    7406.694    7355.878    7305.173    7253.912    7202.540    7150.946    7099.351    7047.423    6995.606    6943.567    6891.528    6839.489    6787.450    6735.299    6683.260    6631.109    6579.070    6526.920    6474.880    6422.730    6370.691    6318.541    6266.501    6214.462    6162.312    6110.272    6058.122    6005.972    5953.932    5901.782    5849.743    5797.704    5745.553    5693.514    5641.363    5589.324    5537.174    5485.134    5432.984    5380.945    5328.794    5276.755    5224.605    5172.565    5120.415    5068.376    5016.226    4964.187    4912.036    4859.997    4807.846    4755.807    4703.657    4651.617    4599.467    4547.428    4495.277    4443.238    4391.088    4339.048    4286.898    4234.859    4182.820    4130.892    4078.852    4027.147
   15968.147   15924.670   15881.304   15837.827   15794.461   15750.984   15707.618   15664.252   15620.774   15577.408   15534.042   15490.565   15447.199   15403.833   15360.356   15316.990   15273.513   15230.147   15186.669   15143.303   15099.937   15056.460   15013.094   14969.617   14926.251   14882.774   14839.408   14796.042   14752.565   14709.198   14665.721   14622.355   14578.878   14535.512   14492.146   14448.669   14405.303   14361.826   14318.460   14275.093   14231.616   14188.250   14144.773   14101.407   14058.041   14014.564   13971.198   13927.721   13884.355   13840.877   13797.511   13754.145   13710.668   13667.302   13623.825   13580.459   13536.982   13493.727   13450.361   13407.106   13363.851   13320.930   13277.897   13235.310   13192.722   13150.357   13107.992   13065.960   13023.817   12981.896   12939.976   12898.056   12856.246   12814.326   12772.516   12730.596   12688.787   12646.866   12605.057   12563.248   12521.327   12479.518   12437.597   12395.788   12353.868   12312.058   12270.249   12228.328   12186.519   12144.599   12102.789   12060.869   12019.060   11977.250   11935.330   11893.521   11851.600   11809.791   11767.870   11726.061   11684.252   11642.331   11600.522   11558.601   11516.792   11474.872   11433.062   11391.253   11349.333   11307.523   11265.603   11223.794   11181.873   11140.064   11098.143   11056.334   11014.525   10972.604   10930.795   10888.986   10847.065   10805.033   10763.113   10720.525   10677.938   10634.127   10590.316   10544.837   10499.359   10452.212   10405.065   10356.807   10308.437   10259.289   10210.029   10160.436   10110.843   10061.028   10011.213    9961.397    9911.471    9861.655    9811.729    9761.914    9711.987    9662.172    9612.245    9562.430    9512.615    9462.688    9412.873    9362.946    9313.131    9263.205    9213.390    9163.463    9113.647    9063.832    9013.905    8964.090    8914.274    8864.349    8814.533    8764.606    8714.791    8664.864    8615.049    8565.123    8515.308    8465.492    8415.565    8365.750    8315.824    8266.009    8216.082    8166.267    8116.340    8066.525    8016.709    7966.783    7916.968    7867.041    7817.226    7767.299    7717.484    7667.668    7617.742    7567.815    7517.778    7467.518    7417.258    7366.441    7315.737    7264.476    7213.215    7161.621    7109.915    7058.098    7006.281    6954.242    6902.314    6850.164    6798.124    6746.085    6694.046    6641.896    6589.856    6537.817    6485.667    6433.627    6381.588    6329.438    6277.398    6225.359    6173.208    6121.169    6069.019    6016.980    5964.940    5912.790    5860.751    5808.712    5756.672    5704.522    5652.483    5600.333    5548.293    5496.254    5444.104    5392.064    5340.025    5287.875    5235.835    5183.796    5131.757    5079.606    5027.567    4975.417    4923.378    4871.338    4819.188    4767.149    4715.110    4662.959    4610.920    4558.881    4506.730    4454.691    4402.652    4350.501    4298.462    4246.423    4194.384    4142.456    4090.528    4038.711
   15979.712   15936.234   15892.868   15849.502   15806.025   15762.659   15719.182   15675.816   15632.339   15588.973   15545.607   15502.130   15458.763   15415.286   15371.920   15328.443   15285.077   15241.600   15198.234   15154.757   15111.391   15067.913   15024.547   14981.070   14937.704   14894.227   14850.861   14807.384   14764.018   14720.540   14677.174   14633.697   14590.331   14546.854   14503.488   14460.011   14416.645   14373.167   14329.801   14286.435   14242.958   14199.592   14156.115   14112.749   14069.272   14025.906   13982.428   13939.062   13895.585   13852.219   13808.742   13765.376   13721.899   13678.533   13635.055   13591.689   13548.212   13504.846   13461.480   13418.225   13375.082   13332.049   13289.128   13246.429   13203.842   13161.476   13119.111   13077.079   13034.936   12993.016   12950.984   12909.064   12867.255   12825.334   12783.525   12741.604   12699.795   12657.874   12615.954   12574.145   12532.224   12490.415   12448.494   12406.685   12364.765   12322.955   12281.035   12239.226   12197.305   12155.496   12113.575   12071.655   12029.846   11987.925   11946.116   11904.195   11862.386   11820.465   11778.545   11736.736   11694.926   11653.006   11611.197   11569.276   11527.356   11485.546   11443.626   11401.817   11359.896   11318.087   11276.166   11234.357   11192.437   11150.516   11108.707   11066.786   11024.977   10983.056   10941.247   10899.438   10857.517   10815.486   10773.454   10730.866   10688.279   10644.468   10600.657   10555.178   10509.700   10462.553   10415.518   10367.148   10318.778   10269.630   10220.482   10170.778   10121.185   10071.369   10021.554    9971.738    9921.812    9871.997    9822.070    9772.255    9722.439    9672.513    9622.698    9572.771    9522.956    9473.141    9423.214    9373.398    9323.583    9273.657    9223.842    9173.915    9124.100    9074.284    9024.357    8974.543    8924.728    8874.801    8824.985    8775.059    8725.243    8675.317    8625.502    8575.687    8525.760    8475.944    8426.018    8376.202    8326.388    8276.461    8226.646    8176.719    8126.904    8077.088    8027.162    7977.346    7927.420    7877.604    7827.789    7777.863    7728.047    7678.121    7628.306    7578.379    7528.341    7478.081    7427.821    7377.005    7326.300    7275.039    7223.778    7172.184    7120.589    7068.772    7016.956    6964.917    6912.989    6860.949    6808.910    6756.871    6704.721    6652.681    6600.642    6548.603    6496.563    6444.413    6392.374    6340.334    6288.295    6236.256    6184.106    6132.066    6080.027    6027.988    5975.949    5923.798    5871.759    5819.720    5767.681    5715.642    5663.603    5611.452    5559.413    5507.374    5455.334    5403.295    5351.145    5299.105    5247.066    5195.027    5142.988    5090.949    5038.798    4986.759    4934.720    4882.680    4830.641    4778.491    4726.452    4674.412    4622.373    4570.334    4518.184    4466.144    4414.105    4362.066    4310.026    4257.987    4205.948    4154.020    4102.092    4050.275
   15991.276   15947.910   15904.433   15861.067   15817.590   15774.223   15730.746   15687.380   15643.903   15600.537   15557.060   15513.694   15470.217   15426.851   15383.373   15340.007   15296.530   15253.164   15209.687   15166.321   15122.844   15079.366   15036.000   14992.523   14949.157   14905.680   14862.314   14818.837   14775.471   14731.993   14688.516   14645.150   14601.673   14558.307   14514.830   14471.464   14427.987   14384.620   14341.143   14297.666   14254.300   14210.823   14167.457   14123.980   14080.614   14037.136   13993.770   13950.293   13906.927   13863.450   13819.973   13776.607   13733.129   13689.763   13646.286   13602.920   13559.443   13516.077   13472.711   13429.456   13386.201   13343.169   13300.248   13257.549   13214.961   13172.596   13130.231   13088.088   13046.056   13004.024   12962.104   12920.183   12878.263   12836.342   12794.533   12752.613   12710.692   12668.883   12626.962   12585.042   12543.233   12501.312   12459.392   12417.582   12375.662   12333.741   12291.932   12250.011   12208.202   12166.282   12124.361   12082.441   12040.631   11998.711   11956.790   11914.981   11873.061   11831.140   11789.331   11747.410   11705.601   11663.681   11621.760   11579.951   11538.030   11496.110   11454.301   11412.380   11370.460   11328.539   11286.730   11244.809   11203.000   11161.080   11119.159   11077.350   11035.429   10993.620   10951.700   10909.779   10867.970   10825.938   10783.906   10741.319   10698.731   10654.809   10610.998   10565.520   10520.041   10473.005   10425.859   10377.600   10329.230   10279.971   10230.823   10181.230   10131.637   10081.822   10032.006    9982.080    9932.265    9882.338    9832.522    9782.707    9732.780    9682.966    9633.039    9583.224    9533.408    9483.481    9433.666    9383.852    9333.925    9284.109    9234.294    9184.367    9134.552    9084.626    9034.811    8984.995    8935.180    8885.253    8835.438    8785.511    8735.695    8685.881    8635.954    8586.139    8536.323    8486.396    8436.581    8386.655    8336.840    8287.024    8237.098    8187.282    8137.467    8087.541    8037.725    7987.799    7937.983    7888.168    7838.242    7788.426    7738.611    7688.685    7638.869    7588.832    7538.905    7488.645    7438.385    7387.568    7336.864    7285.603    7234.453    7182.859    7131.264    7079.447    7027.520    6975.591    6923.663    6871.624    6819.585    6767.545    6715.506    6663.467    6611.428    6559.389    6507.350    6455.310    6403.271    6351.232    6299.192    6247.153    6195.114    6143.075    6090.924    6038.885    5986.846    5934.807    5882.768    5830.729    5778.689    5726.650    5674.611    5622.571    5570.532    5518.493    5466.454    5414.415    5362.375    5310.336    5258.297    5206.258    5154.218    5102.179    5050.140    4998.101    4946.062    4894.022    4841.983    4789.944    4737.905    4685.865    4633.826    4581.676    4529.637    4477.597    4425.558    4373.519    4321.479    4269.552    4217.512    4165.584    4113.656    4061.951
   16002.951   15959.474   15916.108   15872.631   15829.265   15785.788   15742.422   15698.945   15655.467   15612.101   15568.624   15525.258   15481.781   15438.415   15394.938   15351.460   15308.094   15264.617   15221.140   15177.774   15134.297   15090.931   15047.453   15003.976   14960.610   14917.133   14873.767   14830.290   14786.813   14743.447   14699.969   14656.492   14613.126   14569.649   14526.172   14482.806   14439.328   14395.962   14352.485   14309.008   14265.642   14222.165   14178.799   14135.321   14091.844   14048.478   14005.001   13961.635   13918.158   13874.681   13831.315   13787.837   13744.360   13700.994   13657.517   13614.040   13570.674   13527.308   13483.830   13440.576   13397.321   13354.399   13311.367   13268.668   13226.081   13183.715   13141.350   13099.207   13057.064   13015.144   12973.112   12931.192   12889.271   12847.351   12805.430   12763.621   12721.700   12679.780   12637.859   12596.050   12554.130   12512.209   12470.289   12428.479   12386.559   12344.638   12302.718   12260.909   12218.988   12177.068   12135.147   12093.338   12051.417   12009.497   11967.576   11925.656   11883.735   11841.926   11800.006   11758.085   11716.276   11674.355   11632.435   11590.514   11548.594   11506.785   11464.864   11422.944   11381.023   11339.103   11297.293   11255.373   11213.452   11171.532   11129.723   11087.802   11045.882   11004.072   10962.152   10920.231   10878.311   10836.279   10794.248   10751.660   10709.072   10665.261   10621.451   10575.972   10530.493   10483.346   10436.311   10387.941   10339.571   10290.423   10241.275   10191.571   10141.978   10092.163   10042.347    9992.532    9942.605    9892.790    9842.863    9793.049    9743.233    9693.307    9643.491    9593.676    9543.749    9493.934    9444.119    9394.192    9344.377    9294.562    9244.635    9194.819    9145.005    9095.078    9045.263    8995.447    8945.632    8895.705    8845.890    8795.964    8746.148    8696.333    8646.406    8596.591    8546.775    8496.849    8447.034    8397.219    8347.292    8297.477    8247.661    8197.734    8147.919    8098.104    8048.178    7998.362    7948.547    7898.621    7848.805    7798.990    7749.063    7699.248    7649.433    7599.395    7549.468    7499.208    7448.948    7398.132    7347.427    7296.167    7245.017    7193.422    7141.828    7090.011    7038.194    6986.266    6934.338    6882.299    6830.371    6778.332    6726.292    6674.253    6622.214    6570.175    6518.135    6466.096    6414.057    6362.129    6310.090    6258.050    6206.011    6153.972    6101.933    6049.894    5997.854    5945.815    5893.887    5841.848    5789.809    5737.770    5685.730    5633.691    5581.652    5529.612    5477.573    5425.534    5373.606    5321.567    5269.528    5217.488    5165.449    5113.410    5061.371    5009.332    4957.403    4905.364    4853.325    4801.286    4749.247    4697.208    4645.168    4593.129    4541.090    4489.162    4437.123    4385.083    4333.044    4281.005    4229.077    4177.148    4125.221    4073.515
   16014.516   15971.150   15927.672   15884.306   15840.829   15797.352   15753.986   15710.509   15667.143   15623.666   15580.188   15536.822   15493.345   15449.868   15406.502   15363.025   15319.547   15276.181   15232.704   15189.227   15145.750   15102.384   15058.907   15015.429   14972.063   14928.586   14885.109   14841.743   14798.266   14754.788   14711.422   14667.945   14624.468   14580.991   14537.625   14494.147   14450.670   14407.304   14363.827   14320.350   14276.984   14233.507   14190.029   14146.663   14103.186   14059.709   14016.343   13972.866   13929.388   13886.022   13842.545   13799.068   13755.591   13712.225   13668.748   13625.270   13581.904   13538.427   13495.061   13451.806   13408.551   13365.519   13322.487   13279.899   13237.200   13194.835   13152.470   13110.327   13068.184   13026.152   12984.120   12942.200   12900.279   12858.359   12816.438   12774.629   12732.709   12690.788   12648.868   12606.947   12565.027   12523.106   12481.186   12439.376   12397.456   12355.535   12313.615   12271.694   12229.774   12187.854   12145.933   12104.013   12062.203   12020.283   11978.362   11936.442   11894.521   11852.601   11810.680   11768.760   11726.839   11685.030   11643.110   11601.189   11559.269   11517.348   11475.428   11433.507   11391.587   11349.666   11307.746   11265.936   11224.016   11182.095   11140.175   11098.254   11056.334   11014.525   10972.604   10930.684   10888.763   10846.732   10804.700   10762.112   10719.413   10675.603   10631.792   10586.313   10540.834   10493.799   10446.652   10398.394   10350.024   10300.876   10251.616   10202.023   10152.319   10102.504   10052.689   10002.873    9952.946    9903.132    9853.316    9803.390    9753.574    9703.759    9653.832    9604.017    9554.202    9504.387    9454.460    9404.645    9354.829    9305.014    9255.087    9205.272    9155.457    9105.530    9055.715    9005.899    8956.084    8906.157    8856.343    8806.527    8756.601    8706.785    8656.970    8607.043    8557.228    8507.413    8457.486    8407.671    8357.855    8307.929    8258.113    8208.298    8158.483    8108.557    8058.741    8008.926    7959.000    7909.184    7859.369    7809.442    7759.627    7709.812    7659.885    7609.958    7560.032    7509.772    7459.512    7408.696    7357.991    7306.841    7255.580    7204.097    7152.502    7100.686    7048.869    6996.941    6945.013    6893.084    6841.045    6789.006    6736.967    6685.039    6633.000    6580.960    6529.033    6476.993    6424.954    6372.915    6320.987    6268.948    6216.908    6164.869    6112.941    6060.902    6008.863    5956.823    5904.896    5852.856    5800.817    5748.889    5696.850    5644.811    5592.771    5540.732    5488.804    5436.765    5384.726    5332.797    5280.758    5228.719    5176.680    5124.752    5072.712    5020.673    4968.745    4916.706    4864.667    4812.627    4760.588    4708.660    4656.621    4604.582    4552.542    4500.615    4448.575    4396.536    4344.608    4292.569    4240.641    4188.713    4136.896    4085.190
   16026.191   15982.714   15939.348   15895.871   15852.394   15809.028   15765.550   15722.073   15678.707   15635.230   15591.753   15548.387   15504.909   15461.432   15417.955   15374.589   15331.112   15287.634   15244.157   15200.680   15157.314   15113.837   15070.360   15026.882   14983.516   14940.039   14896.562   14853.085   14809.719   14766.241   14722.764   14679.287   14635.921   14592.444   14548.967   14505.489   14462.123   14418.646   14375.169   14331.692   14288.326   14244.848   14201.371   14157.894   14114.528   14071.051   14027.574   13984.096   13940.730   13897.253   13853.776   13810.299   13766.933   13723.455   13679.978   13636.501   13593.024   13549.658   13506.292   13463.037   13419.671   13376.750   13333.717   13291.018   13248.320   13205.954   13163.589   13121.446   13079.192   13037.272   12995.240   12953.319   12911.288   12869.367   12827.447   12785.526   12743.606   12701.685   12659.765   12617.844   12575.924   12534.003   12492.083   12450.162   12408.242   12366.433   12324.512   12282.592   12240.671   12198.751   12156.830   12114.798   12072.878   12030.957   11989.037   11947.117   11905.196   11863.276   11821.355   11779.435   11737.514   11695.594   11653.673   11611.753   11569.832   11527.912   11485.991   11444.071   11402.150   11360.230   11318.309   11276.389   11234.468   11192.548   11150.627   11108.707   11066.786   11024.977   10983.056   10941.136   10899.216   10857.184   10815.041   10772.453   10729.866   10686.055   10642.133   10596.765   10551.287   10504.140   10457.104   10408.735   10360.365   10311.217   10262.069   10212.364   10162.772   10112.956   10063.141   10013.214    9963.399    9913.473    9863.657    9813.842    9764.026    9714.100    9664.285    9614.470    9564.654    9514.728    9464.912    9415.097    9365.281    9315.355    9265.540    9215.725    9165.798    9115.982    9066.167    9016.352    8966.536    8916.610    8866.795    8816.979    8767.053    8717.237    8667.422    8617.606    8567.681    8517.865    8468.050    8418.123    8368.308    8318.492    8268.677    8218.751    8168.935    8119.120    8069.305    8019.378    7969.563    7919.748    7869.932    7820.005    7770.190    7720.375    7670.448    7620.522    7570.595    7520.335    7469.964    7419.259    7368.554    7317.404    7266.255    7214.660    7163.177    7111.360    7059.543    7007.616    6955.688    6903.759    6851.720    6799.792    6747.753    6695.825    6643.786    6591.747    6539.818    6487.779    6435.851    6383.812    6331.884    6279.845    6227.806    6175.877    6123.838    6071.799    6019.871    5967.832    5915.904    5863.864    5811.937    5759.897    5707.858    5655.930    5603.891    5551.963    5499.923    5447.884    5395.956    5343.917    5291.989    5239.950    5188.021    5135.982    5083.943    5032.015    4979.976    4928.048    4876.009    4824.081    4772.042    4720.002    4668.074    4616.035    4564.107    4512.068    4460.028    4408.101    4356.062    4304.133    4252.205    4200.277    4148.460    4096.755
   16037.755   15994.389   15950.912   15907.435   15864.069   15820.592   15777.115   15733.637   15690.271   15646.794   15603.317   15559.840   15516.474   15472.996   15429.519   15386.042   15342.565   15299.088   15255.722   15212.244   15168.767   15125.290   15081.813   15038.335   14994.969   14951.492   14908.015   14864.538   14821.061   14777.583   14734.217   14690.740   14647.263   14603.786   14560.308   14516.942   14473.465   14429.988   14386.511   14343.034   14299.668   14256.190   14212.713   14169.236   14125.759   14082.281   14038.915   13995.438   13951.961   13908.484   13865.007   13821.641   13778.163   13734.686   13691.209   13647.732   13604.254   13560.888   13517.411   13474.156   13430.902   13387.869   13344.837   13302.138   13259.439   13217.074   13174.597   13132.454   13090.312   13048.280   13006.248   12964.328   12922.407   12880.376   12838.455   12796.535   12754.614   12712.694   12670.773   12628.853   12586.932   12545.012   12502.980   12461.059   12419.139   12377.218   12335.298   12293.378   12251.457   12209.537   12167.616   12125.584   12083.664   12041.743   11999.823   11957.902   11915.982   11874.061   11832.141   11790.109   11748.189   11706.268   11664.348   11622.427   11580.507   11538.586   11496.666   11454.634   11412.714   11370.793   11328.873   11286.952   11245.032   11203.111   11161.191   11119.159   11077.239   11035.429   10993.509   10951.588   10909.557   10867.525   10825.493   10782.794   10740.207   10696.396   10652.585   10607.106   10561.628   10514.592   10467.557   10419.187   10370.817   10321.669   10272.410   10222.817   10173.113   10123.297   10073.482   10023.667    9973.740    9923.925    9874.109    9824.183    9774.367    9724.553    9674.737    9624.811    9574.995    9525.180    9475.364    9425.549    9375.623    9325.808    9275.992    9226.177    9176.250    9126.435    9076.619    9026.804    8976.989    8927.062    8877.247    8827.432    8777.505    8727.689    8677.874    8628.060    8578.244    8528.317    8478.502    8428.687    8378.871    8328.944    8279.130    8229.314    8179.499    8129.572    8079.757    8029.941    7980.126    7930.311    7880.384    7830.569    7780.754    7730.827    7681.012    7631.085    7581.159    7530.899    7480.527    7429.823    7379.118    7327.968    7276.818    7225.335    7173.741    7122.035    7070.218    7018.290    6966.362    6914.434    6862.506    6810.467    6758.539    6706.611    6654.572    6602.644    6550.604    6498.676    6446.637    6394.709    6342.670    6290.742    6238.703    6186.774    6134.847    6082.807    6030.879    5978.840    5926.912    5874.984    5822.945    5771.017    5718.978    5667.049    5615.010    5563.082    5511.043    5459.115    5407.076    5355.147    5303.220    5251.180    5199.252    5147.213    5095.285    5043.357    4991.318    4939.390    4887.351    4835.422    4783.383    4731.455    4679.527    4627.488    4575.560    4523.521    4471.593    4419.554    4367.625    4315.697    4263.770    4211.841    4160.024    4108.319
   16049.431   16005.954   15962.588   15919.110   15875.633   15832.156   15788.679   15745.313   15701.836   15658.358   15614.881   15571.404   15527.927   15484.450   15441.083   15397.606   15354.129   15310.652   15267.175   15223.697   15180.220   15136.743   15093.266   15049.900   15006.423   14962.945   14919.468   14875.991   14832.514   14789.036   14745.559   14702.082   14658.605   14615.239   14571.762   14528.284   14484.807   14441.330   14397.853   14354.375   14310.898   14267.421   14224.055   14180.578   14137.101   14093.623   14050.146   14006.669   13963.192   13919.715   13876.348   13832.871   13789.394   13745.917   13702.440   13658.962   13615.485   13572.119   13528.642   13485.387   13442.021   13398.989   13355.956   13313.257   13270.559   13228.193   13185.717   13143.574   13101.431   13059.399   13017.368   12975.336   12933.416   12891.495   12849.463   12807.543   12765.622   12723.702   12681.670   12639.750   12597.829   12555.909   12513.877   12471.957   12430.036   12388.116   12346.195   12304.275   12262.243   12220.322   12178.402   12136.370   12094.450   12052.529   12010.609   11968.577   11926.657   11884.736   11842.816   11800.895   11758.863   11716.943   11675.023   11633.102   11591.070   11549.150   11507.229   11465.309   11423.277   11381.357   11339.436   11297.516   11255.484   11213.564   11171.643   11129.723   11087.802   11045.882   11003.850   10961.929   10920.009   10877.977   10835.834   10793.247   10750.659   10706.737   10662.926   10617.448   10572.080   10524.933   10477.898   10429.528   10381.270   10332.010   10282.862   10233.158   10183.454   10133.638   10083.823   10034.008    9984.192    9934.266    9884.450    9834.636    9784.820    9734.894    9685.078    9635.263    9585.447    9535.632    9485.706    9435.891    9386.075    9336.260    9286.444    9236.518    9186.702    9136.887    9087.072    9037.257    8987.441    8937.515    8887.699    8837.884    8788.068    8738.143    8688.327    8638.512    8588.696    8538.881    8488.954    8439.139    8389.323    8339.508    8289.693    8239.767    8189.951    8140.136    8090.320    8040.505    7990.579    7940.763    7890.948    7841.133    7791.317    7741.391    7691.576    7641.649    7591.722    7541.351    7491.091    7440.386    7389.681    7338.532    7287.382    7235.899    7184.416    7132.599    7080.893    7028.965    6977.148    6925.109    6873.181    6821.253    6769.325    6717.286    6665.357    6613.430    6561.501    6509.462    6457.534    6405.606    6353.567    6301.639    6249.711    6197.671    6145.744    6093.815    6041.888    5989.848    5937.920    5885.992    5834.064    5782.025    5730.097    5678.169    5626.130    5574.202    5522.273    5470.234    5418.307    5366.378    5314.450    5262.411    5210.483    5158.555    5106.627    5054.588    5002.660    4950.732    4898.692    4846.765    4794.836    4742.797    4690.869    4638.941    4587.013    4534.974    4483.046    4431.118    4379.190    4327.262    4275.333    4223.517    4171.700    4119.995
   16060.995   16017.629   15974.152   15930.675   15887.198   15843.720   15800.354   15756.877   15713.400   15669.923   15626.445   15582.968   15539.491   15496.014   15452.537   15409.059   15365.582   15322.105   15278.628   15235.150   15191.673   15148.196   15104.830   15061.353   15017.876   14974.398   14930.921   14887.444   14843.967   14800.490   14757.012   14713.535   14670.058   14626.581   14583.103   14539.626   14496.149   14452.672   14409.195   14365.717   14322.240   14278.763   14235.286   14191.808   14148.331   14104.965   14061.488   14018.011   13974.534   13931.056   13887.579   13844.102   13800.625   13757.148   13713.670   13670.193   13626.716   13583.239   13539.873   13496.507   13453.252   13410.219   13367.076   13324.377   13281.678   13239.202   13196.836   13154.693   13112.439   13070.408   13028.376   12986.344   12944.424   12902.503   12860.472   12818.551   12776.631   12734.599   12692.678   12650.758   12608.726   12566.806   12524.774   12482.854   12440.933   12399.013   12356.981   12315.061   12273.140   12231.108   12189.188   12147.156   12105.236   12063.315   12021.284   11979.363   11937.443   11895.411   11853.490   11811.570   11769.538   11727.618   11685.697   11643.666   11601.745   11559.713   11517.793   11475.872   11433.841   11391.920   11350.000   11307.968   11266.048   11224.127   11182.095   11140.175   11098.254   11056.223   11014.302   10972.382   10930.461   10888.318   10846.287   10803.588   10761.000   10717.189   10673.267   10627.900   10582.421   10535.386   10488.350   10439.980   10391.611   10342.463   10293.203   10243.499   10193.906   10144.091   10094.275   10044.349    9994.533    9944.719    9894.792    9844.977    9795.161    9745.346    9695.530    9645.715    9595.789    9545.974    9496.158    9446.343    9396.527    9346.712    9296.785    9246.970    9197.155    9147.340    9097.524    9047.709    8997.894    8947.967    8898.151    8848.336    8798.521    8748.706    8698.891    8648.964    8599.148    8549.333    8499.518    8449.702    8399.776    8349.961    8300.146    8250.330    8200.515    8150.699    8100.773    8050.958    8001.142    7951.327    7901.512    7851.696    7801.770    7751.954    7702.139    7652.212    7602.175    7551.915    7501.654    7450.950    7400.356    7349.207    7298.057    7246.573    7195.090    7143.273    7091.567    7039.640    6987.823    6935.895    6883.967    6832.039    6780.000    6728.071    6676.144    6624.215    6572.287    6520.359    6468.431    6416.392    6364.464    6312.536    6260.608    6208.680    6156.752    6104.824    6052.785    6000.856    5948.929    5897.000    5845.072    5793.145    5741.216    5689.177    5637.249    5585.321    5533.393    5481.465    5429.537    5377.609    5325.681    5273.753    5221.714    5169.786    5117.858    5065.930    5014.001    4962.074    4910.146    4858.106    4806.178    4754.250    4702.322    4650.394    4598.466    4546.538    4494.499    4442.571    4390.643    4338.715    4286.898    4235.081    4183.264    4131.559
   16072.671   16029.193   15985.827   15942.350   15898.873   15855.396   15811.919   15768.441   15724.964   15681.487   15638.010   15594.532   15551.055   15507.578   15464.101   15420.624   15377.146   15333.669   15290.192   15246.715   15203.238   15159.760   15116.283   15072.806   15029.329   14985.740   14942.263   14898.786   14855.309   14811.831   14768.354   14724.877   14681.400   14637.923   14594.445   14550.968   14507.491   14464.014   14420.536   14377.059   14333.582   14290.105   14246.628   14203.150   14159.673   14116.196   14072.719   14029.242   13985.764   13942.287   13898.810   13855.333   13811.855   13768.378   13724.901   13681.424   13637.947   13594.469   13550.992   13507.737   13464.371   13421.339   13378.306   13335.496   13292.798   13250.321   13207.956   13165.702   13123.559   13081.527   13039.384   12997.464   12955.432   12913.512   12871.480   12829.559   12787.528   12745.607   12703.576   12661.655   12619.623   12577.703   12535.671   12493.751   12451.830   12409.799   12367.878   12325.846   12283.926   12241.894   12199.974   12157.942   12116.022   12073.990   12032.069   11990.038   11948.117   11906.197   11864.165   11822.245   11780.213   11738.292   11696.261   11654.340   11612.309   11570.388   11528.356   11486.436   11444.404   11402.484   11360.452   11318.532   11276.611   11234.579   11192.659   11150.627   11108.707   11066.675   11024.755   10982.834   10940.802   10898.771   10856.628   10814.040   10771.341   10727.531   10683.720   10638.241   10592.873   10545.838   10498.803   10450.433   10402.063   10352.804   10303.655   10253.951   10204.247   10154.432   10104.617   10054.801   10004.875    9955.060    9905.244    9855.429    9805.613    9755.687    9705.872    9656.057    9606.241    9556.426    9506.610    9456.795    9406.979    9357.053    9307.238    9257.423    9207.607    9157.792    9107.977    9058.161    9008.346    8958.419    8908.604    8858.789    8808.974    8759.158    8709.343    8659.527    8609.712    8559.785    8509.970    8460.155    8410.340    8360.524    8310.709    8260.782    8210.967    8161.151    8111.336    8061.521    8011.706    7961.890    7912.075    7862.148    7812.333    7762.518    7712.703    7662.776    7612.738    7562.478    7512.218    7461.513    7410.919    7359.770    7308.620    7257.137    7205.654    7153.948    7102.242    7050.314    6998.498    6946.569    6894.642    6842.713    6790.785    6738.857    6686.929    6635.001    6583.073    6531.145    6479.217    6427.289    6375.361    6323.433    6271.505    6219.577    6167.649    6115.721    6063.793    6011.865    5959.937    5908.009    5856.081    5804.153    5752.225    5700.297    5648.369    5596.441    5544.513    5492.584    5440.657    5388.840    5336.912    5284.984    5233.056    5181.127    5129.200    5077.271    5025.343    4973.416    4921.487    4869.560    4817.631    4765.704    4713.775    4661.847    4609.919    4557.991    4506.063    4454.135    4402.207    4350.279    4298.462    4246.646    4194.829    4143.234
   16084.346   16040.869   15997.392   15953.914   15910.437   15866.960   15823.483   15780.006   15736.528   15693.051   15649.574   15606.097   15562.620   15519.142   15475.554   15432.077   15388.599   15345.122   15301.645   15258.168   15214.691   15171.213   15127.736   15084.259   15040.671   14997.193   14953.716   14910.239   14866.762   14823.284   14779.807   14736.330   14692.853   14649.376   14605.898   14562.310   14518.833   14475.356   14431.878   14388.401   14344.924   14301.447   14257.969   14214.492   14171.015   14127.538   14084.061   14040.472   13996.995   13953.518   13910.041   13866.563   13823.086   13779.609   13736.132   13692.654   13649.066   13605.700   13562.223   13518.857   13475.602   13432.458   13389.426   13346.616   13303.917   13261.441   13219.075   13176.821   13134.567   13092.535   13050.504   13008.472   12966.440   12924.520   12882.488   12840.568   12798.536   12756.504   12714.584   12672.552   12630.632   12588.600   12546.568   12504.648   12462.616   12420.696   12378.664   12336.744   12294.712   12252.791   12210.760   12168.728   12126.808   12084.776   12042.855   12000.824   11958.792   11916.871   11874.840   11832.919   11790.888   11748.967   11706.935   11664.904   11622.983   11580.952   11539.031   11496.999   11454.968   11413.047   11371.016   11329.095   11287.063   11245.143   11203.111   11161.080   11119.159   11077.127   11035.207   10993.175   10951.255   10909.112   10867.080   10824.381   10781.794   10737.872   10694.061   10648.693   10603.326   10556.290   10509.255   10460.885   10412.515   10363.256   10313.997   10264.292   10214.700   10164.773   10114.958   10065.142   10015.327    9965.512    9915.585    9865.770    9815.954    9766.140    9716.324    9666.509    9616.693    9566.878    9517.062    9467.247    9417.320    9367.506    9317.690    9267.875    9218.060    9168.244    9118.429    9068.613    9018.798    8968.982    8919.057    8869.241    8819.426    8769.610    8719.795    8669.979    8620.164    8570.349    8520.533    8470.607    8420.792    8370.977    8321.161    8271.346    8221.530    8171.715    8121.900    8072.084    8022.269    7972.343    7922.527    7872.712    7822.896    7773.082    7723.266    7673.229    7623.302    7573.042    7522.782    7472.077    7421.483    7370.333    7319.295    7267.812    7216.328    7164.623    7112.917    7060.989    7009.172    6957.244    6905.427    6853.500    6801.571    6749.643    6697.715    6645.787    6593.970    6542.042    6490.114    6438.187    6386.258    6334.330    6282.402    6230.585    6178.657    6126.729    6074.801    6022.873    5971.057    5919.128    5867.200    5815.272    5763.344    5711.416    5659.488    5607.671    5555.743    5503.815    5451.887    5399.959    5348.143    5296.214    5244.286    5192.358    5140.430    5088.502    5036.686    4984.757    4932.829    4880.901    4828.973    4777.045    4725.229    4673.300    4621.372    4569.444    4517.516    4465.588    4413.771    4361.843    4310.026    4258.209    4206.504    4154.798
   16095.910   16052.544   16009.067   15965.590   15922.002   15878.524   15835.047   15791.570   15748.093   15704.615   15661.138   15617.661   15574.073   15530.595   15487.118   15443.641   15400.164   15356.687   15313.209   15269.621   15226.144   15182.666   15139.189   15095.712   15052.124   15008.646   14965.169   14921.692   14878.215   14834.738   14791.149   14747.672   14704.195   14660.717   14617.240   14573.763   14530.286   14486.697   14443.220   14399.743   14356.266   14312.789   14269.311   14225.723   14182.246   14138.769   14095.291   14051.814   14008.337   13964.860   13921.271   13877.794   13834.317   13790.840   13747.362   13703.885   13660.297   13616.820   13573.454   13530.087   13486.721   13443.689   13400.545   13357.847   13315.036   13272.560   13230.084   13187.941   13145.687   13103.544   13061.512   13019.480   12977.449   12935.528   12893.497   12851.465   12809.544   12767.513   12725.481   12683.561   12641.529   12599.497   12557.465   12515.545   12473.513   12431.593   12389.561   12347.529   12305.609   12263.577   12221.546   12179.514   12137.593   12095.562   12053.530   12011.498   11969.578   11927.546   11885.626   11843.594   11801.562   11759.531   11717.610   11675.578   11633.547   11591.626   11549.595   11507.563   11465.531   11423.611   11381.579   11339.547   11297.627   11255.595   11213.564   11171.643   11129.611   11087.580   11045.659   11003.628   10961.707   10919.564   10877.421   10834.834   10792.135   10748.324   10704.513   10659.034   10613.667   10566.631   10519.596   10471.337   10422.968   10373.708   10324.449   10274.745   10225.041   10175.225   10125.410   10075.483   10025.668    9975.853    9926.037    9876.223    9826.407    9776.592    9726.665    9676.850    9627.034    9577.219    9527.403    9477.589    9427.773    9377.958    9328.143    9278.327    9228.512    9178.696    9128.881    9079.065    9029.250    8979.436    8929.509    8879.693    8829.878    8780.062    8730.247    8680.432    8630.616    8580.802    8530.986    8481.171    8431.355    8381.540    8331.725    8281.909    8232.094    8182.167    8132.352    8082.537    8032.722    7982.906    7933.091    7883.275    7833.460    7783.645    7733.830    7683.792    7633.865    7583.605    7533.345    7482.751    7432.046    7381.008    7329.858    7278.486    7227.003    7175.297    7123.592    7071.664    7019.847    6968.030    6916.102    6864.174    6812.357    6760.429    6708.501    6656.684    6604.756    6552.828    6500.900    6449.083    6397.155    6345.228    6293.411    6241.482    6189.554    6137.738    6085.810    6033.881    5982.065    5930.137    5878.208    5826.392    5774.464    5722.536    5670.608    5618.791    5566.863    5514.935    5463.118    5411.190    5359.373    5307.445    5255.517    5203.700    5151.772    5099.844    5048.027    4996.099    4944.171    4892.243    4840.426    4788.499    4736.570    4684.753    4632.825    4580.897    4529.081    4477.152    4425.225    4373.408    4321.591    4269.774    4218.068    4166.474
   16107.586   16064.109   16020.631   15977.154   15933.677   15890.200   15846.611   15803.134   15759.657   15716.180   15672.703   15629.114   15585.637   15542.160   15498.682   15455.205   15411.617   15368.140   15324.662   15281.185   15237.597   15194.120   15150.642   15107.165   15063.577   15020.099   14976.622   14933.145   14889.557   14846.079   14802.602   14759.125   14715.648   14672.059   14628.582   14585.105   14541.628   14498.039   14454.562   14411.085   14367.608   14324.130   14280.542   14237.065   14193.588   14150.110   14106.633   14063.045   14019.568   13976.090   13932.613   13889.025   13845.547   13802.070   13758.593   13715.005   13671.527   13628.050   13584.573   13541.207   13497.952   13454.809   13411.665   13368.966   13326.156   13283.680   13241.203   13198.949   13156.695   13114.663   13072.520   13030.600   12988.568   12946.537   12904.505   12862.473   12820.441   12778.521   12736.489   12694.458   12652.426   12610.394   12568.363   12526.442   12484.410   12442.379   12400.458   12358.427   12316.395   12274.363   12232.331   12190.300   12148.268   12106.348   12064.316   12022.284   11980.253   11938.221   11896.300   11854.269   11812.237   11770.205   11728.174   11686.253   11644.222   11602.190   11560.158   11518.126   11476.095   11434.174   11392.143   11350.111   11308.079   11266.048   11224.016   11182.095   11140.064   11098.032   11056.112   11014.080   10972.048   10929.905   10887.874   10845.175   10802.476   10758.665   10714.854   10669.487   10624.119   10577.084   10530.048   10481.679   10433.420   10384.049   10334.790   10285.086   10235.382   10185.566   10135.751   10085.936   10036.009    9986.194    9936.379    9886.563    9836.748    9786.933    9737.117    9687.302    9637.486    9587.672    9537.856    9488.041    9438.226    9388.410    9338.595    9288.779    9238.964    9189.148    9139.333    9089.519    9039.703    8989.888    8940.072    8890.257    8840.330    8790.626    8740.811    8690.995    8641.180    8591.254    8541.438    8491.623    8441.808    8391.992    8342.177    8292.361    8242.546    8192.731    8142.916    8093.100    8043.285    7993.470    7943.654    7893.839    7844.024    7794.208    7744.282    7694.355    7644.429    7594.168    7543.909    7493.315    7442.610    7391.572    7340.533    7289.050    7237.678    7185.972    7134.267    7082.450    7030.521    6978.705    6926.888    6874.960    6823.032    6771.215    6719.287    6667.470    6615.542    6563.725    6511.797    6459.980    6408.052    6356.125    6304.308    6252.379    6200.562    6148.635    6096.818    6044.890    5993.073    5941.145    5889.328    5837.400    5785.472    5733.655    5681.838    5629.910    5578.093    5526.166    5474.237    5422.420    5370.604    5318.676    5266.859    5214.931    5163.003    5111.186    5059.258    5007.441    4955.513    4903.696    4851.768    4799.951    4748.023    4696.207    4644.278    4592.351    4540.534    4488.605    4436.789    4384.972    4333.155    4281.338    4229.633    4178.038
   16119.261   16075.784   16032.307   15988.719   15945.241   15901.764   15858.287   15814.698   15771.221   15727.744   15684.267   15640.678   15597.201   15553.724   15510.136   15466.658   15423.181   15379.704   15336.115   15292.638   15249.161   15205.573   15162.095   15118.618   15075.030   15031.553   14988.075   14944.487   14901.010   14857.533   14814.055   14770.467   14726.990   14683.512   14639.924   14596.447   14552.970   14509.492   14465.904   14422.427   14378.950   14335.361   14291.884   14248.407   14204.929   14161.341   14117.864   14074.387   14030.798   13987.321   13943.844   13900.367   13856.778   13813.301   13769.824   13726.235   13682.758   13639.281   13595.804   13552.438   13509.072   13465.928   13422.896   13380.086   13337.275   13294.799   13252.323   13210.068   13167.814   13125.672   13083.640   13041.608   12999.576   12957.545   12915.513   12873.481   12831.450   12789.418   12747.386   12705.355   12663.323   12621.291   12579.260   12537.339   12495.307   12453.276   12411.244   12369.212   12327.181   12285.149   12243.117   12201.086   12159.054   12117.022   12074.991   12032.959   11990.927   11949.007   11906.975   11864.943   11822.912   11780.880   11738.848   11696.817   11654.785   11612.753   11570.722   11528.690   11486.658   11444.627   11402.706   11360.674   11318.643   11276.611   11234.579   11192.548   11150.516   11108.484   11066.453   11024.532   10982.501   10940.358   10898.215   10855.516   10812.928   10769.117   10725.195   10679.939   10634.572   10587.536   10540.501   10492.131   10443.761   10394.502   10345.242   10295.538   10245.834   10196.019   10146.092   10096.277   10046.462    9996.646    9946.831    9897.016    9847.200    9797.385    9747.569    9697.754    9647.939    9598.124    9548.309    9498.493    9448.678    9398.862    9349.047    9299.231    9249.416    9199.602    9149.786    9099.971    9050.155    9000.340    8950.524    8900.709    8850.894    8801.078    8751.263    8701.448    8651.633    8601.817    8552.002    8502.187    8452.371    8402.556    8352.740    8302.925    8253.109    8203.295    8153.479    8103.664    8053.849    8004.033    7954.218    7904.403    7854.587    7804.661    7754.845    7704.919    7654.992    7604.732    7554.472    7503.878    7453.173    7402.135    7351.097    7299.725    7248.241    7196.536    7144.941    7093.125    7041.308    6989.379    6937.562    6885.746    6833.818    6782.001    6730.073    6678.256    6626.328    6574.511    6522.694    6470.767    6418.950    6367.133    6315.205    6263.388    6211.460    6159.643    6107.826    6055.898    6004.082    5952.264    5900.336    5848.520    5796.591    5744.775    5692.958    5641.030    5589.213    5537.285    5485.468    5433.651    5381.723    5329.906    5278.090    5226.162    5174.345    5122.528    5070.600    5018.783    4966.855    4915.038    4863.110    4811.293    4759.477    4707.548    4655.731    4603.915    4551.987    4500.170    4448.353    4396.536    4344.719    4293.014    4241.308    4189.713
   16130.826   16087.348   16043.871   16000.394   15956.806   15913.328   15869.851   15826.263   15782.785   15739.308   15695.720   15652.243   15608.765   15565.177   15521.700   15478.223   15434.634   15391.157   15347.680   15304.091   15260.614   15217.137   15173.548   15130.071   15086.483   15043.006   14999.528   14955.940   14912.463   14868.986   14825.397   14781.920   14738.332   14694.854   14651.377   14607.789   14564.311   14520.834   14477.246   14433.769   14390.291   14346.703   14303.226   14259.749   14216.160   14172.683   14129.095   14085.617   14042.140   13998.552   13955.074   13911.597   13868.009   13824.532   13781.054   13737.466   13693.989   13650.512   13607.034   13563.557   13520.191   13477.159   13434.015   13391.205   13348.395   13305.807   13263.331   13221.077   13178.823   13136.791   13094.648   13052.616   13010.585   12968.553   12926.521   12884.490   12842.458   12800.426   12758.395   12716.363   12674.331   12632.300   12590.157   12548.236   12506.205   12464.173   12422.141   12379.998   12337.967   12295.935   12253.903   12211.872   12169.840   12127.808   12085.777   12043.745   12001.713   11959.682   11917.650   11875.618   11833.586   11791.555   11749.523   11707.491   11665.460   11623.428   11581.285   11539.254   11497.222   11455.190   11413.158   11371.127   11329.095   11287.063   11245.032   11203.000   11160.968   11118.937   11076.905   11034.873   10992.842   10950.699   10908.556   10865.968   10823.269   10779.459   10735.648   10690.280   10645.024   10597.988   10551.064   10502.583   10454.213   10404.954   10355.584   10305.879   10256.175   10206.360   10156.545   10106.618   10056.803   10006.987    9957.172    9907.356    9857.541    9807.727    9757.911    9708.096    9658.280    9608.465    9558.761    9508.945    9459.130    9409.314    9359.499    9309.684    9259.869    9210.054    9160.238    9110.423    9060.607    9010.792    8960.977    8911.161    8861.346    8811.531    8761.716    8711.900    8662.085    8612.270    8562.454    8512.639    8462.823    8413.008    8363.192    8313.378    8263.562    8213.747    8163.932    8114.116    8064.301    8014.485    7964.781    7914.855    7865.040    7815.224    7765.409    7715.482    7665.556    7615.296    7565.036    7514.442    7463.848    7412.810    7361.771    7310.288    7258.916    7207.210    7155.616    7103.799    7051.982    7000.166    6948.237    6896.420    6844.604    6792.787    6740.859    6689.042    6637.225    6585.408    6533.480    6481.664    6429.847    6378.030    6326.102    6274.285    6222.468    6170.651    6118.834    6066.906    6015.090    5963.272    5911.456    5859.528    5807.711    5755.894    5704.077    5652.149    5600.333    5548.516    5496.699    5444.882    5392.954    5341.137    5289.320    5237.503    5185.687    5133.759    5081.942    5030.125    4978.197    4926.380    4874.563    4822.747    4770.930    4719.001    4667.185    4615.368    4563.551    4511.623    4459.806    4407.989    4356.284    4304.578    4252.873    4201.278
   16142.501   16099.024   16055.435   16011.958   15968.481   15924.893   15881.415   15837.938   15794.350   15750.873   15707.284   15663.807   15620.330   15576.741   15533.264   15489.676   15446.198   15402.610   15359.133   15315.656   15272.067   15228.590   15185.002   15141.524   15097.936   15054.459   15010.870   14967.393   14923.916   14880.327   14836.850   14793.262   14749.785   14706.196   14662.719   14619.242   14575.653   14532.176   14488.588   14445.111   14401.522   14358.045   14314.568   14270.979   14227.502   14183.914   14140.436   14096.959   14053.371   14009.894   13966.305   13922.828   13879.240   13835.762   13792.174   13748.697   13705.219   13661.631   13618.154   13574.788   13531.422   13488.278   13445.135   13402.325   13359.403   13316.927   13274.450   13232.196   13189.942   13147.799   13105.656   13063.625   13021.593   12979.561   12937.530   12895.498   12853.355   12811.323   12769.292   12727.260   12685.228   12643.197   12601.054   12559.022   12516.991   12474.959   12432.927   12390.895   12348.864   12306.721   12264.689   12222.658   12180.626   12138.594   12096.562   12054.420   12012.388   11970.356   11928.325   11886.293   11844.261   11802.230   11760.087   11718.055   11676.023   11633.992   11591.960   11549.817   11507.785   11465.754   11423.722   11381.690   11339.659   11297.627   11255.484   11213.452   11171.421   11129.389   11087.357   11045.326   11003.294   10961.151   10919.008   10876.309   10833.611   10789.800   10745.989   10700.733   10655.476   10608.441   10561.517   10513.036   10464.666   10415.406   10366.036   10316.332   10266.516   10216.701   10166.886   10117.070   10067.255   10017.440    9967.624    9917.810    9867.994    9818.179    9768.363    9718.548    9668.732    9618.917    9569.102    9519.286    9469.471    9419.656    9369.841    9320.137    9270.321    9220.506    9170.690    9120.875    9071.060    9021.244    8971.429    8921.613    8871.799    8821.983    8772.168    8722.353    8672.648    8622.833    8573.018    8523.202    8473.387    8423.571    8373.756    8323.941    8274.126    8224.311    8174.495    8124.680    8074.864    8025.049    7975.234    7925.418    7875.603    7825.788    7775.972    7726.046    7676.120    7625.859    7575.599    7525.005    7474.412    7423.374    7372.335    7320.963    7269.591    7217.885    7166.179    7114.474    7062.657    7010.840    6959.023    6907.207    6855.390    6803.573    6751.645    6699.828    6648.011    6596.194    6544.377    6492.561    6440.744    6388.927    6337.110    6285.293    6233.477    6181.660    6129.731    6077.915    6026.098    5974.281    5922.464    5870.647    5818.831    5767.014    5715.197    5663.380    5611.563    5559.746    5507.930    5456.001    5404.185    5352.368    5300.551    5248.734    5196.917    5145.101    5093.284    5041.467    4989.650    4937.833    4885.905    4834.088    4782.271    4730.455    4678.638    4626.821    4575.004    4523.187    4471.371    4419.554    4367.848    4316.142    4264.437    4212.954
   16154.065   16110.588   16067.111   16023.523   15980.045   15936.568   15892.980   15849.502   15805.914   15762.437   15718.848   15675.371   15631.783   15588.306   15544.717   15501.240   15457.652   15414.174   15370.586   15327.109   15283.520   15240.043   15196.455   15152.977   15109.389   15065.912   15022.323   14978.846   14935.258   14891.781   14848.192   14804.715   14761.127   14717.649   14674.061   14630.584   14586.995   14543.518   14499.930   14456.452   14412.864   14369.387   14325.798   14282.321   14238.844   14195.256   14151.667   14108.190   14064.601   14021.124   13977.647   13934.059   13890.581   13846.993   13803.405   13759.927   13716.339   13672.862   13629.385   13586.019   13542.541   13499.398   13456.254   13413.444   13370.523   13328.046   13285.570   13243.316   13200.950   13158.919   13116.776   13074.633   13032.601   12990.570   12948.538   12906.395   12864.363   12822.332   12780.300   12738.157   12696.126   12654.094   12611.951   12569.919   12527.888   12485.856   12443.824   12401.681   12359.650   12317.618   12275.475   12233.443   12191.412   12149.269   12107.237   12065.206   12023.174   11981.031   11938.999   11896.968   11854.936   11812.793   11770.761   11728.730   11686.587   11644.555   11602.523   11560.492   11518.349   11476.317   11434.286   11392.254   11350.111   11308.079   11266.048   11223.905   11181.873   11139.841   11097.810   11055.778   11013.635   10971.492   10929.349   10886.650   10844.063   10800.252   10756.441   10711.185   10665.929   10619.004   10571.969   10523.599   10475.118   10425.748   10376.377   10326.673   10276.969   10227.153   10177.227   10127.412   10077.596   10027.781    9977.966    9928.150    9878.335    9828.520    9778.704    9729.000    9679.185    9629.369    9579.554    9529.739    9479.924    9430.108    9380.293    9330.478    9280.773    9230.958    9181.143    9131.327    9081.512    9031.696    8981.882    8932.066    8882.251    8832.436    8782.731    8732.916    8683.101    8633.285    8583.470    8533.654    8483.839    8434.024    8384.209    8334.394    8284.689    8234.874    8185.059    8135.243    8085.428    8035.613    7985.797    7935.982    7886.167    7836.351    7786.536    7736.609    7686.683    7636.423    7586.163    7535.569    7484.975    7434.048    7383.009    7331.638    7280.266    7228.560    7176.854    7125.148    7073.332    7021.515    6969.698    6917.881    6866.064    6814.248    6762.542    6710.725    6658.908    6607.091    6555.274    6503.458    6451.641    6399.824    6348.007    6296.190    6244.374    6192.557    6140.740    6088.923    6037.217    5985.400    5933.583    5881.767    5829.950    5778.133    5726.316    5674.500    5622.683    5570.866    5519.049    5467.232    5415.416    5363.709    5311.893    5260.076    5208.259    5156.442    5104.625    5052.809    5000.992    4949.175    4897.358    4845.542    4793.725    4741.908    4690.091    4638.274    4586.457    4534.640    4482.935    4431.118    4379.412    4327.707    4276.112    4224.518
   16165.741   16122.264   16078.675   16035.198   15991.610   15948.132   15904.544   15861.067   15817.478   15774.001   15730.413   15686.935   15643.347   15599.870   15556.281   15512.693   15469.216   15425.627   15382.150   15338.562   15295.085   15251.496   15207.908   15164.431   15120.842   15077.365   15033.776   14990.299   14946.711   14903.122   14859.645   14816.057   14772.580   14728.991   14685.514   14641.926   14598.337   14554.860   14511.272   14467.794   14424.206   14380.729   14337.140   14293.663   14250.075   14206.597   14163.009   14119.421   14075.943   14032.355   13988.878   13945.289   13901.812   13858.224   13814.635   13771.158   13727.570   13684.092   13640.504   13597.138   13553.772   13510.628   13467.485   13424.563   13381.642   13339.166   13296.578   13254.324   13212.070   13169.927   13127.784   13085.753   13043.610   13001.578   12959.435   12917.403   12875.372   12833.229   12791.197   12749.166   12707.023   12664.991   12622.848   12580.816   12538.785   12496.642   12454.610   12412.578   12370.436   12328.404   12286.261   12244.229   12202.086   12160.055   12118.023   12075.880   12033.849   11991.817   11949.674   11907.642   11865.499   11823.468   11781.436   11739.293   11697.262   11655.119   11613.087   11571.055   11528.912   11486.881   11444.738   11402.706   11360.674   11318.532   11276.500   11234.468   11192.325   11150.294   11108.262   11066.119   11024.087   10981.945   10939.690   10897.103   10854.404   10810.593   10766.782   10721.637   10676.492   10629.457   10582.421   10534.051   10485.570   10436.200   10386.829   10337.125   10287.310   10237.495   10187.679   10137.864   10088.049   10038.233    9988.418    9938.603    9888.787    9838.972    9789.156    9739.341    9689.526    9639.822    9590.007    9540.191    9490.376    9440.561    9390.745    9340.930    9291.114    9241.410    9191.595    9141.779    9091.965    9042.149    8992.334    8942.519    8892.814    8842.999    8793.184    8743.368    8693.553    8643.737    8593.922    8544.107    8494.292    8444.588    8394.772    8344.957    8295.142    8245.326    8195.511    8145.807    8095.991    8046.176    7996.361    7946.545    7896.730    7846.915    7797.100    7747.173    7697.247    7646.986    7596.726    7546.132    7495.539    7444.611    7393.684    7342.312    7290.940    7239.234    7187.529    7135.823    7084.006    7032.301    6980.484    6928.667    6876.850    6825.033    6773.328    6721.511    6669.694    6617.877    6566.061    6514.355    6462.538    6410.721    6358.904    6307.087    6255.382    6203.565    6151.748    6100.042    6048.226    5996.409    5944.592    5892.775    5840.958    5789.253    5737.436    5685.619    5633.802    5582.097    5530.280    5478.463    5426.646    5374.940    5323.124    5271.307    5219.490    5167.673    5115.967    5064.150    5012.333    4960.517    4908.700    4856.995    4805.178    4753.361    4701.544    4649.838    4598.021    4546.205    4494.388    4442.682    4390.977    4339.271    4287.676    4236.193
   16177.305   16133.828   16090.351   16046.762   16003.285   15959.697   15916.108   15872.631   15829.043   15785.565   15741.977   15698.389   15654.911   15611.323   15567.846   15524.257   15480.669   15437.192   15393.603   15350.015   15306.538   15262.949   15219.472   15175.884   15132.295   15088.818   15045.230   15001.641   14958.164   14914.576   14870.987   14827.510   14783.921   14740.444   14696.856   14653.267   14609.790   14566.202   14522.613   14479.136   14435.548   14391.959   14348.482   14304.894   14261.417   14217.828   14174.240   14130.762   14087.174   14043.697   14000.108   13956.520   13913.043   13869.454   13825.866   13782.389   13738.800   13695.323   13651.735   13608.369   13564.891   13521.748   13478.604   13435.683   13392.762   13350.174   13307.698   13265.444   13223.078   13180.935   13138.793   13096.761   13054.618   13012.586   12970.443   12928.412   12886.269   12844.237   12802.094   12760.063   12717.920   12675.888   12633.745   12591.713   12549.682   12507.539   12465.396   12423.364   12381.221   12339.190   12297.047   12255.015   12212.872   12170.841   12128.698   12086.666   12044.523   12002.492   11960.349   11918.317   11876.174   11834.142   11792.000   11749.968   11707.825   11665.793   11623.650   11581.619   11539.476   11497.444   11455.301   11413.270   11371.127   11329.095   11286.952   11244.921   11202.778   11160.746   11118.603   11076.571   11034.429   10992.286   10950.143   10907.444   10864.745   10820.934   10777.235   10732.090   10686.944   10639.909   10592.985   10544.504   10496.023   10446.652   10397.282   10347.466   10297.651   10247.836   10198.020   10148.205   10098.390   10048.574    9998.759    9949.055    9899.239    9849.424    9799.609    9749.794    9699.979    9650.163    9600.459    9550.644    9500.828    9451.013    9401.197    9351.382    9301.566    9251.862    9202.047    9152.232    9102.417    9052.602    9002.786    8953.082    8903.267    8853.451    8803.636    8753.820    8704.116    8654.301    8604.485    8554.671    8504.855    8455.040    8405.225    8355.521    8305.705    8255.890    8206.074    8156.259    8106.444    8056.740    8006.924    7957.109    7907.293    7857.479    7807.663    7757.736    7707.699    7657.550    7607.290    7556.696    7506.213    7455.175    7404.248    7352.875    7301.504    7249.909    7198.204    7146.498    7094.792    7042.976    6991.159    6939.453    6887.636    6835.819    6784.114    6732.297    6680.480    6628.774    6576.958    6525.141    6473.435    6421.618    6369.913    6318.096    6266.279    6214.573    6162.756    6111.051    6059.234    6007.417    5955.711    5903.895    5852.078    5800.372    5748.555    5696.738    5645.033    5593.216    5541.510    5489.693    5437.876    5386.171    5334.354    5282.648    5230.832    5179.015    5127.309    5075.492    5023.676    4971.970    4920.153    4868.336    4816.630    4764.814    4713.108    4661.292    4609.475    4557.769    4505.952    4454.247    4402.541    4350.946    4299.241    4247.757
   16188.981   16145.503   16101.915   16058.438   16014.849   15971.261   15927.784   15884.195   15840.607   15797.130   15753.541   15709.953   15666.476   15622.887   15579.299   15535.822   15492.233   15448.645   15405.056   15361.579   15317.991   15274.402   15230.925   15187.337   15143.748   15100.160   15056.683   15013.094   14969.506   14926.029   14882.440   14838.852   14795.375   14751.786   14708.198   14664.609   14621.132   14577.544   14533.955   14490.478   14446.890   14403.301   14359.824   14316.236   14272.647   14229.170   14185.582   14141.993   14098.516   14054.928   14011.339   13967.751   13924.273   13880.685   13837.097   13793.619   13750.031   13706.443   13662.965   13619.488   13576.122   13532.867   13489.724   13446.802   13403.881   13361.294   13318.706   13276.452   13234.198   13192.055   13149.912   13107.769   13065.626   13023.595   12981.452   12939.420   12897.277   12855.134   12813.103   12770.960   12728.817   12686.785   12644.642   12602.611   12560.468   12518.436   12476.293   12434.150   12392.119   12349.976   12307.833   12265.801   12223.658   12181.515   12139.484   12097.341   12055.309   12013.166   11971.023   11928.992   11886.849   11844.817   11802.674   11760.531   11718.500   11676.357   11634.214   11592.182   11550.039   11507.897   11465.865   11423.722   11381.690   11339.547   11297.405   11255.373   11213.230   11171.198   11129.055   11087.024   11044.881   11002.738   10960.484   10917.785   10875.086   10831.387   10787.576   10742.542   10697.508   10650.472   10603.437   10554.956   10506.475   10457.104   10407.623   10357.807   10308.103   10258.288   10208.361   10158.546   10108.731   10059.027   10009.211    9959.396    9909.581    9859.766    9809.950    9760.246    9710.431    9660.615    9610.800    9561.096    9511.280    9461.465    9411.649    9361.835    9312.020    9262.315    9212.500    9162.685    9112.869    9063.054    9013.350    8963.534    8913.719    8863.903    8814.088    8764.384    8714.568    8664.754    8614.938    8565.123    8515.308    8465.604    8415.788    8365.973    8316.157    8266.453    8216.638    8166.823    8117.007    8067.192    8017.488    7967.672    7917.857    7868.042    7818.227    7768.300    7718.262    7668.113    7617.853    7567.259    7516.777    7465.850    7414.922    7363.550    7312.178    7260.584    7208.878    7157.172    7105.467    7053.650    7001.944    6950.128    6898.422    6846.605    6794.899    6743.083    6691.377    6639.560    6587.854    6536.038    6484.332    6432.515    6380.810    6328.993    6277.287    6225.582    6173.765    6122.059    6070.242    6018.537    5966.720    5915.014    5863.197    5811.492    5759.675    5707.969    5656.152    5604.447    5552.630    5500.924    5449.107    5397.402    5345.696    5293.879    5242.174    5190.357    5138.540    5086.834    5035.018    4983.312    4931.495    4879.790    4828.083    4776.267    4724.561    4672.745    4621.039    4569.222    4517.516    4465.811    4414.105    4362.511    4310.916    4259.322
   16200.656   16157.068   16113.590   16070.002   16026.414   15982.936   15939.348   15895.760   15852.171   15808.694   15765.106   15721.517   15678.040   15634.451   15590.863   15547.386   15503.797   15460.209   15416.621   15373.032   15329.444   15285.855   15242.378   15198.790   15155.201   15111.613   15068.136   15024.547   14980.959   14937.482   14893.893   14850.305   14806.716   14763.128   14719.540   14675.951   14632.474   14588.886   14545.297   14501.820   14458.232   14414.643   14371.166   14327.577   14283.989   14240.512   14196.923   14153.335   14109.747   14066.158   14022.570   13978.981   13935.504   13891.916   13848.327   13804.850   13761.262   13717.673   13674.196   13630.719   13587.353   13544.098   13500.843   13457.922   13415.001   13372.413   13329.825   13287.571   13245.317   13203.063   13160.920   13118.777   13076.635   13034.603   12992.460   12950.428   12908.285   12866.143   12824.000   12781.857   12739.714   12697.682   12655.539   12613.508   12571.365   12529.222   12487.079   12444.936   12402.905   12360.762   12318.619   12276.587   12234.333   12192.190   12150.158   12108.016   12065.984   12023.841   11981.698   11939.555   11897.412   11855.381   11813.238   11771.095   11729.063   11686.920   11644.777   11602.635   11560.492   11518.349   11476.317   11434.174   11392.143   11350.000   11307.857   11265.714   11223.571   11181.539   11139.397   11097.365   11055.222   11013.079   10970.714   10928.015   10885.316   10841.617   10797.806   10752.883   10707.738   10660.814   10613.778   10565.408   10516.816   10467.446   10417.853   10368.149   10318.444   10268.518   10218.703   10168.887   10119.072   10069.368   10019.552    9969.737    9919.922    9870.106    9820.291    9770.587    9720.771    9670.956    9621.252    9571.548    9521.732    9471.917    9422.103    9372.287    9322.472    9272.768    9222.952    9173.137    9123.321    9073.617    9023.802    8974.098    8924.282    8874.467    8824.651    8774.947    8725.132    8675.317    8625.502    8575.687    8525.871    8476.167    8426.352    8376.647    8326.832    8277.128    8227.312    8177.497    8127.682    8077.867    8028.163    7978.347    7928.532    7878.716    7828.901    7778.975    7728.937    7678.788    7628.528    7578.045    7527.563    7476.636    7425.708    7374.447    7323.076    7271.481    7219.775    7168.070    7116.364    7064.547    7012.842    6961.136    6909.430    6857.613    6805.908    6754.091    6702.497    6650.680    6598.974    6547.157    6495.452    6443.746    6392.041    6340.224    6288.518    6236.812    6184.996    6133.401    6081.584    6029.878    5978.062    5926.356    5874.650    5822.945    5771.128    5719.422    5667.605    5615.900    5564.194    5512.488    5460.672    5408.966    5357.260    5305.555    5253.849    5202.032    5150.215    5098.510    5046.693    4995.099    4943.282    4891.576    4839.871    4788.054    4736.348    4684.642    4632.937    4581.120    4529.414    4477.708    4426.114    4374.520    4322.814    4271.331
   16212.220   16168.743   16125.155   16081.677   16038.089   15994.501   15951.023   15907.324   15863.735   15820.258   15776.670   15733.081   15689.604   15646.016   15602.427   15558.839   15515.251   15471.662   15428.074   15384.596   15341.008   15297.420   15253.831   15210.243   15166.654   15123.066   15079.589   15036.000   14992.412   14948.824   14905.235   14861.647   14818.170   14774.581   14730.993   14687.404   14643.816   14600.227   14556.639   14513.162   14469.573   14425.985   14382.508   14338.808   14295.331   14251.743   14208.154   14164.566   14121.089   14077.500   14033.912   13990.323   13946.735   13903.146   13859.558   13816.081   13772.492   13728.904   13685.316   13641.838   13598.472   13555.218   13512.074   13469.041   13426.120   13383.421   13340.945   13298.580   13256.326   13214.183   13171.929   13129.786   13087.643   13045.611   13003.468   12961.325   12919.183   12877.040   12835.008   12792.754   12750.611   12708.579   12666.436   12624.294   12582.151   12540.119   12497.865   12455.722   12413.690   12371.548   12329.405   12287.262   12245.119   12202.976   12160.833   12118.690   12076.659   12034.516   11992.373   11950.230   11908.087   11865.944   11823.801   11781.658   11739.627   11697.373   11655.230   11613.198   11571.055   11528.912   11486.770   11444.627   11402.595   11360.341   11318.198   11276.166   11234.023   11191.881   11149.738   11107.706   11065.452   11023.309   10980.944   10938.356   10895.546   10851.846   10808.036   10763.224   10718.079   10671.266   10624.119   10575.749   10527.157   10477.787   10428.194   10378.378   10328.674   10278.859   10228.932   10179.228   10129.413   10079.709   10029.894    9980.078    9930.263    9880.447    9830.743    9781.039    9731.224    9681.409    9631.594    9581.890    9532.074    9482.370    9432.555    9382.739    9332.924    9283.220    9233.404    9183.700    9133.885    9084.069    9034.365    8984.550    8934.734    8884.919    8835.215    8785.511    8735.695    8685.881    8636.065    8586.250    8536.546    8486.842    8437.026    8387.211    8337.396    8287.691    8237.876    8188.172    8138.357    8088.542    8038.837    7989.022    7939.207    7889.502    7839.576    7789.649    7739.723    7689.574    7639.314    7588.720    7538.238    7487.421    7436.494    7385.233    7333.861    7282.267    7230.672    7178.967    7127.261    7075.556    7023.850    6972.033    6920.438    6868.622    6816.916    6765.210    6713.505    6661.799    6610.094    6558.277    6506.682    6454.866    6403.160    6351.454    6299.749    6248.043    6196.337    6144.632    6092.926    6041.220    5989.403    5937.698    5885.992    5834.287    5782.581    5730.875    5679.170    5627.464    5575.647    5523.941    5472.236    5420.530    5368.825    5317.119    5265.414    5213.597    5161.891    5110.185    5058.479    5006.774    4955.068    4903.363    4851.657    4799.951    4748.246    4696.429    4644.723    4593.018    4541.312    4489.718    4438.012    4386.417    4334.712    4283.229
   16223.785   16180.307   16136.830   16093.242   16049.653   16006.065   15962.588   15918.999   15875.411   15831.822   15788.234   15744.646   15701.168   15657.469   15613.880   15570.403   15526.815   15483.226   15439.638   15396.050   15352.461   15308.873   15265.284   15221.696   15178.107   15134.519   15091.042   15047.453   15003.865   14960.277   14916.688   14873.100   14829.511   14785.923   14742.335   14698.746   14655.158   14611.569   14567.981   14524.504   14480.915   14437.327   14393.738   14350.150   14306.562   14263.084   14219.496   14175.908   14132.319   14088.731   14045.142   14001.554   13957.966   13914.377   13870.789   13827.200   13783.612   13740.024   13696.546   13653.069   13609.703   13566.337   13523.193   13480.161   13437.240   13394.541   13351.953   13309.699   13267.334   13225.191   13183.048   13140.794   13098.651   13056.619   13014.365   12972.334   12930.080   12887.937   12845.905   12803.651   12761.508   12719.476   12677.222   12635.191   12593.048   12550.905   12508.762   12466.508   12424.476   12382.222   12340.079   12298.048   12255.794   12213.651   12171.508   12129.365   12087.222   12045.079   12002.936   11960.793   11918.651   11876.619   11834.365   11792.222   11750.079   11707.936   11665.793   11623.650   11581.508   11539.365   11497.222   11455.079   11412.936   11370.793   11328.650   11286.507   11244.365   11202.222   11160.079   11117.936   11075.793   11033.539   10991.285   10948.586   10905.776   10862.188   10818.266   10773.565   10728.309   10681.718   10634.460   10586.202   10537.498   10488.017   10438.535   10388.720   10339.015   10289.089   10239.274   10189.458   10139.754   10090.050   10040.235    9990.419    9940.604    9890.899    9841.085    9791.381    9741.565    9691.861    9642.046    9592.342    9542.526    9492.711    9443.007    9393.191    9343.376    9293.672    9243.968    9194.152    9144.337    9094.633    9044.817    8995.113    8945.298    8895.482    8845.778    8796.074    8746.260    8696.444    8646.629    8596.925    8547.109    8497.405    8447.590    8397.886    8348.070    8298.366    8248.551    8198.735    8149.031    8099.216    8049.512    7999.697    7949.993    7900.177    7850.362    7800.435    7750.397    7700.249    7649.989    7599.506    7549.023    7498.319    7447.392    7396.130    7344.758    7293.164    7241.570    7189.864    7138.158    7086.453    7034.747    6983.042    6931.336    6879.630    6827.924    6776.219    6724.625    6672.808    6621.213    6569.507    6517.802    6466.096    6414.391    6362.685    6310.979    6259.273    6207.568    6155.862    6104.157    6052.562    6000.746    5949.151    5897.334    5845.740    5794.034    5742.329    5690.623    5638.917    5587.211    5535.506    5483.800    5432.095    5380.500    5328.683    5277.089    5225.272    5173.566    5121.861    5070.155    5018.449    4966.744    4915.149    4863.444    4811.738    4760.032    4708.327    4656.621    4604.916    4553.210    4501.615    4450.021    4398.315    4346.721    4295.126
   16235.460   16191.983   16148.394   16104.917   16061.329   16017.740   15974.152   15930.564   15886.975   15843.387   15799.798   15756.210   15712.621   15669.033   15625.445   15581.856   15538.268   15494.679   15451.091   15407.503   15363.914   15320.326   15276.737   15233.149   15189.561   15145.972   15102.495   15058.795   15015.207   14971.730   14928.030   14884.442   14840.964   14797.376   14753.676   14710.088   14666.611   14622.911   14579.434   14535.846   14492.257   14448.669   14405.080   14361.492   14317.904   14274.315   14230.727   14187.138   14143.550   14099.961   14056.373   14012.785   13969.196   13925.608   13882.019   13838.431   13794.843   13751.254   13707.777   13664.300   13620.823   13577.568   13534.313   13491.280   13448.359   13405.660   13363.073   13320.707   13278.453   13236.199   13194.056   13151.802   13109.659   13067.517   13025.374   12983.231   12941.088   12898.945   12856.802   12814.659   12772.405   12730.262   12688.119   12645.977   12603.834   12561.691   12519.548   12477.294   12435.151   12393.008   12350.865   12308.722   12266.580   12224.325   12182.183   12140.040   12097.897   12055.754   12013.611   11971.468   11929.325   11887.182   11844.928   11802.785   11760.643   11718.500   11676.357   11634.214   11591.960   11549.817   11507.674   11465.531   11423.388   11381.246   11338.991   11296.960   11254.706   11212.563   11170.420   11128.277   11086.134   11043.880   11001.515   10958.816   10916.006   10872.418   10828.607   10783.906   10738.761   10692.171   10644.913   10596.543   10547.840   10498.358   10448.765   10398.950   10349.245   10299.430   10249.615   10199.799   10150.095   10100.391   10050.576   10000.761    9951.057    9901.241    9851.537    9801.722    9752.018    9702.202    9652.498    9602.794    9552.979    9503.163    9453.459    9403.644    9353.939    9304.124    9254.420    9204.604    9154.900    9105.085    9055.381    9005.565    8955.861    8906.047    8856.343    8806.527    8756.823    8707.008    8657.304    8607.488    8557.673    8507.969    8458.265    8408.449    8358.745    8309.041    8259.226    8209.410    8159.706    8109.891    8060.187    8010.371    7960.667    7910.852    7861.037    7811.110    7761.072    7710.923    7660.663    7610.292    7559.810    7509.104    7458.177    7407.028    7355.656    7304.061    7252.355    7200.761    7149.055    7097.350    7045.755    6994.050    6942.344    6890.638    6839.044    6787.338    6735.633    6683.927    6632.333    6580.627    6528.921    6477.216    6425.621    6373.916    6322.210    6270.616    6218.910    6167.204    6115.499    6063.904    6012.199    5960.493    5908.787    5857.082    5805.487    5753.782    5702.076    5650.370    5598.665    5547.070    5495.364    5443.659    5392.064    5340.359    5288.653    5236.947    5185.242    5133.647    5081.942    5030.236    4978.530    4926.936    4875.230    4823.525    4771.819    4720.113    4668.519    4616.813    4565.219    4513.513    4461.919    4410.324    4358.619    4307.024
   16247.024   16203.547   16160.070   16116.481   16072.893   16029.305   15985.716   15942.128   15898.539   15854.951   15811.363   15767.774   15724.186   15680.597   15637.009   15593.421   15549.832   15506.244   15462.544   15419.067   15375.478   15331.890   15288.302   15244.602   15201.014   15157.425   15113.837   15070.248   15026.660   14983.072   14939.483   14895.895   14852.306   14808.718   14765.130   14721.541   14677.953   14634.364   14590.776   14547.187   14503.599   14459.899   14416.422   14372.834   14329.245   14285.657   14241.957   14198.369   14154.892   14111.192   14067.604   14024.015   13980.427   13936.839   13893.250   13849.662   13806.073   13762.485   13718.896   13675.419   13632.053   13588.687   13545.432   13502.400   13459.368   13416.669   13374.081   13331.827   13289.462   13247.319   13205.065   13162.811   13120.668   13078.525   13036.382   12994.239   12951.985   12909.842   12867.699   12825.556   12783.302   12741.159   12699.017   12656.874   12614.620   12572.477   12530.334   12488.080   12445.937   12403.794   12361.540   12319.397   12277.254   12235.111   12192.968   12150.714   12108.572   12066.429   12024.175   11982.032   11939.889   11897.746   11855.492   11813.349   11771.206   11728.952   11686.809   11644.666   11602.523   11560.269   11518.126   11475.984   11433.841   11391.587   11349.444   11307.301   11265.047   11222.904   11180.761   11138.618   11096.364   11054.110   11011.745   10969.046   10926.236   10882.647   10838.837   10794.248   10749.102   10702.623   10655.365   10606.995   10558.069   10508.699   10458.995   10409.291   10359.475   10309.660   10259.956   10210.141   10160.436   10110.621   10060.917   10011.102    9961.397    9911.582    9861.878    9812.174    9762.358    9712.654    9662.839    9613.135    9563.431    9513.615    9463.911    9414.096    9364.392    9314.688    9264.872    9215.168    9165.353    9115.648    9065.834    9016.130    8966.314    8916.610    8866.906    8817.091    8767.387    8717.571    8667.867    8618.052    8568.348    8518.644    8468.828    8419.124    8369.309    8319.604    8269.900    8220.085    8170.381    8120.565    8070.861    8021.157    7971.342    7921.526    7871.711    7821.785    7771.858    7721.709    7671.449    7621.078    7570.707    7520.001    7469.074    7417.813    7366.441    7314.958    7263.252    7211.658    7160.063    7108.358    7056.652    7005.058    6953.353    6901.758    6850.052    6798.347    6746.752    6695.046    6643.452    6591.747    6540.152    6488.446    6436.852    6385.146    6333.440    6281.846    6230.141    6178.546    6126.840    6075.246    6023.541    5971.834    5920.240    5868.535    5816.940    5765.234    5713.640    5661.935    5610.229    5558.634    5506.929    5455.334    5403.629    5352.034    5300.329    5248.623    5196.917    5145.323    5093.617    5042.023    4990.317    4938.723    4887.017    4835.422    4783.717    4732.011    4680.417    4628.711    4577.117    4525.522    4473.928    4422.333    4370.517    4318.922
   16258.700   16215.223   16171.634   16128.157   16084.457   16040.980   15997.281   15953.692   15910.104   15866.515   15822.927   15779.338   15735.750   15692.162   15648.573   15604.985   15561.285   15517.697   15474.108   15430.520   15386.932   15343.343   15299.755   15256.055   15212.467   15168.878   15125.290   15081.701   15038.113   14994.525   14950.936   14907.348   14863.759   14820.060   14776.471   14732.883   14689.295   14645.706   14602.118   14558.529   14514.830   14471.241   14427.653   14384.065   14340.476   14296.888   14253.299   14209.711   14166.122   14122.534   14078.946   14035.246   13991.658   13948.069   13904.481   13860.892   13817.304   13773.716   13730.127   13686.650   13643.173   13599.807   13556.552   13513.519   13470.487   13427.788   13385.200   13342.835   13300.581   13258.327   13216.073   13173.930   13131.676   13089.533   13047.390   13005.136   12962.993   12920.739   12878.596   12836.454   12794.199   12752.057   12709.803   12667.660   12625.517   12583.263   12541.120   12498.866   12456.723   12414.469   12372.326   12330.183   12287.929   12245.786   12203.532   12161.389   12119.246   12076.992   12034.849   11992.706   11950.452   11908.309   11866.055   11823.913   11781.770   11739.516   11697.373   11655.119   11612.976   11570.722   11528.579   11486.436   11444.182   11402.039   11359.785   11317.642   11275.499   11233.245   11191.102   11148.848   11106.705   11064.451   11021.975   10979.276   10936.466   10892.989   10849.178   10804.589   10759.555   10713.075   10665.706   10617.336   10568.411   10518.929   10469.336   10419.521   10369.816   10320.001   10270.186   10220.482   10170.666   10120.962   10071.258   10021.443    9971.738    9922.034    9872.219    9822.515    9772.811    9722.995    9673.291    9623.587    9573.772    9524.068    9474.363    9424.549    9374.845    9325.140    9275.325    9225.621    9175.916    9126.102    9076.397    9026.693    8976.878    8927.174    8877.470    8827.654    8777.950    8728.135    8678.431    8628.727    8578.911    8529.207    8479.503    8429.688    8379.983    8330.279    8280.464    8230.760    8181.056    8131.240    8081.536    8031.832    7982.017    7932.312    7882.497    7832.571    7782.533    7732.495    7682.235    7631.864    7581.493    7530.788    7479.972    7428.711    7377.338    7325.855    7274.261    7222.667    7170.961    7119.366    7067.661    7016.066    6964.361    6912.766    6861.172    6809.466    6757.872    6706.166    6654.572    6602.977    6551.271    6499.677    6448.083    6396.377    6344.783    6293.188    6241.482    6189.888    6138.182    6086.588    6034.993    5983.288    5931.693    5879.988    5828.393    5776.799    5725.093    5673.499    5621.793    5570.199    5518.604    5466.898    5415.304    5363.709    5312.004    5260.298    5208.704    5157.109    5105.404    5053.810    5002.215    4950.509    4898.915    4847.209    4795.615    4744.021    4692.315    4640.720    4589.126    4537.531    4485.937    4434.342    4382.525    4330.931
   16270.375   16226.898   16183.310   16139.721   16096.133   16052.544   16008.956   15965.256   15921.668   15878.080   15834.491   15790.903   15747.314   15703.726   15660.026   15616.438   15572.849   15529.261   15485.561   15441.973   15398.385   15354.796   15311.208   15267.619   15223.920   15180.331   15136.743   15093.155   15049.566   15005.867   14962.278   14918.690   14875.101   14831.513   14787.924   14744.225   14700.636   14657.048   14613.460   14569.871   14526.172   14482.583   14438.995   14395.406   14351.818   14308.230   14264.641   14220.942   14177.353   14133.765   14090.176   14046.588   14002.888   13959.300   13915.711   13872.123   13828.535   13784.946   13741.358   13697.881   13654.403   13611.037   13567.783   13524.528   13481.606   13438.796   13396.209   13353.844   13311.589   13269.335   13227.081   13184.938   13142.684   13100.541   13058.287   13016.145   12973.890   12931.748   12889.494   12847.351   12805.097   12762.954   12720.700   12678.446   12636.303   12594.049   12551.906   12509.652   12467.509   12425.255   12383.001   12340.858   12298.715   12256.461   12214.207   12172.064   12129.810   12087.667   12045.413   12003.270   11961.016   11918.873   11876.619   11834.476   11792.222   11749.968   11707.825   11665.571   11623.428   11581.174   11539.031   11496.777   11454.634   11412.380   11370.237   11327.983   11285.729   11243.586   11201.443   11159.189   11116.935   11074.681   11032.205   10989.506   10946.696   10903.219   10859.408   10815.041   10769.896   10723.528   10676.158   10627.678   10578.752   10529.270   10479.566   10429.862   10380.046   10330.231   10280.527   10230.712   10181.007   10131.303   10081.599   10031.784    9982.080    9932.376    9882.672    9832.968    9783.152    9733.448    9683.744    9634.040    9584.225    9534.521    9484.816    9435.001    9385.297    9335.593    9285.889    9236.185    9186.369    9136.665    9086.961    9037.146    8987.441    8937.737    8888.033    8838.218    8788.514    8738.810    8688.994    8639.290    8589.586    8539.882    8490.178    8440.362    8390.658    8340.954    8291.250    8241.435    8191.730    8142.026    8092.322    8042.507    7992.803    7942.987    7893.172    7843.356    7793.319    7743.281    7693.021    7642.761    7592.390    7541.796    7490.869    7439.608    7388.236    7336.752    7285.158    7233.563    7181.969    7130.375    7078.669    7027.075    6975.480    6923.886    6872.291    6820.585    6768.991    6717.396    6665.802    6614.208    6562.502    6510.908    6459.313    6407.719    6356.125    6304.419    6252.824    6201.230    6149.635    6098.041    6046.335    5994.741    5943.146    5891.552    5839.958    5788.363    5736.658    5685.063    5633.469    5581.874    5530.168    5478.574    5426.979    5375.385    5323.791    5272.085    5220.491    5168.896    5117.302    5065.708    5014.001    4962.407    4910.812    4859.218    4807.624    4755.918    4704.324    4652.729    4601.135    4549.541    4498.057    4446.352    4394.646    4342.940
   16281.940   16238.462   16194.874   16151.397   16107.697   16064.109   16020.520   15976.932   15933.232   15889.644   15846.055   15802.467   15758.879   15715.179   15671.591   15628.002   15584.414   15540.714   15497.126   15453.537   15409.949   15366.249   15322.661   15279.072   15235.373   15191.784   15148.196   15104.608   15060.908   15017.320   14973.731   14930.143   14886.554   14842.855   14799.266   14755.678   14711.978   14668.390   14624.802   14581.213   14537.514   14493.925   14450.337   14406.748   14363.160   14319.460   14275.872   14232.283   14188.695   14144.995   14101.407   14057.819   14014.230   13970.531   13926.942   13883.354   13839.654   13796.066   13752.589   13709.000   13665.523   13622.157   13578.902   13535.647   13492.615   13449.916   13407.328   13364.963   13322.598   13280.344   13238.090   13195.947   13153.693   13111.439   13069.296   13027.042   12984.899   12942.645   12900.391   12858.137   12815.994   12773.740   12731.597   12689.343   12647.089   12604.946   12562.692   12520.438   12478.183   12435.929   12393.787   12351.532   12309.390   12267.136   12224.881   12182.627   12140.484   12098.230   12056.088   12013.833   11971.579   11929.437   11887.182   11844.928   11802.785   11760.531   11718.277   11676.134   11633.880   11591.626   11549.483   11507.229   11464.975   11422.721   11380.578   11338.324   11296.070   11253.927   11211.673   11169.419   11127.165   11084.911   11042.435   10999.736   10956.814   10913.448   10869.749   10825.382   10780.348   10733.980   10686.500   10638.019   10588.982   10539.500   10489.796   10440.092   10390.276   10340.572   10290.757   10241.053   10191.349   10141.644   10091.940   10042.125    9992.421    9942.717    9893.013    9843.309    9793.604    9743.789    9694.085    9644.381    9594.677    9544.973    9495.269    9445.453    9395.749    9346.045    9296.341    9246.637    9196.933    9147.229    9097.413    9047.709    8998.005    8948.301    8898.597    8848.893    8799.077    8749.373    8699.669    8649.965    8600.261    8550.557    8500.741    8451.037    8401.333    8351.629    8301.925    8252.221    8202.405    8152.701    8102.997    8053.292    8003.588    7953.773    7903.958    7854.143    7804.104    7754.067    7703.918    7653.547    7603.287    7552.693    7501.877    7450.616    7399.244    7347.649    7296.167    7244.572    7192.978    7141.383    7089.789    7038.194    6986.600    6935.005    6883.411    6831.816    6780.222    6728.627    6677.033    6625.438    6573.844    6522.250    6470.655    6419.061    6367.466    6315.872    6264.277    6212.683    6161.088    6109.494    6057.899    6006.305    5954.711    5903.116    5851.522    5799.927    5748.333    5696.738    5645.144    5593.550    5541.955    5490.361    5438.766    5387.172    5335.578    5283.983    5232.277    5180.683    5129.088    5077.605    5026.011    4974.416    4922.822    4871.228    4819.633    4767.927    4716.333    4664.850    4613.255    4561.661    4510.177    4458.472    4406.766    4355.061
   16293.504   16250.138   16206.549   16162.961   16119.373   16075.784   16032.085   15988.496   15944.908   15901.208   15857.620   15814.031   15770.443   15726.743   15683.155   15639.566   15595.867   15552.278   15508.690   15464.990   15421.402   15377.814   15334.114   15290.526   15246.937   15203.238   15159.649   15116.061   15072.361   15028.773   14985.184   14941.485   14897.896   14854.308   14810.608   14767.020   14723.431   14679.732   14636.143   14592.555   14548.855   14505.267   14461.679   14418.090   14374.391   14330.802   14287.214   14243.514   14199.926   14156.337   14112.638   14069.049   14025.461   13981.761   13938.173   13894.584   13850.885   13807.296   13763.708   13720.231   13676.754   13633.276   13590.022   13546.767   13503.734   13460.924   13418.337   13375.971   13333.717   13291.352   13249.098   13206.955   13164.701   13122.447   13080.193   13038.050   12995.796   12953.542   12911.288   12869.034   12826.891   12784.637   12742.383   12700.129   12657.874   12615.732   12573.478   12531.223   12488.969   12446.715   12404.461   12362.318   12320.064   12277.810   12235.556   12193.302   12151.048   12108.905   12066.651   12024.397   11982.143   11939.889   11897.635   11855.492   11813.238   11770.984   11728.730   11686.476   11644.333   11602.079   11559.825   11517.571   11475.316   11433.174   11390.919   11348.665   11306.411   11264.157   11221.903   11179.760   11137.395   11095.141   11052.665   11009.966   10967.044   10923.678   10879.979   10835.723   10790.800   10744.432   10696.952   10648.360   10599.323   10549.730   10500.026   10450.322   10400.617   10350.802   10301.098   10251.394   10201.690   10151.986   10102.281   10052.466   10002.762    9953.058    9903.354    9853.649    9803.945    9754.241    9704.537    9654.833    9605.129    9555.425    9505.721    9456.017    9406.312    9356.608    9306.904    9257.200    9207.385    9157.681    9107.977    9058.272    9008.568    8958.864    8909.160    8859.456    8809.752    8760.048    8710.344    8660.640    8610.824    8561.231    8511.527    8461.712    8412.008    8362.304    8312.599    8262.895    8213.190    8163.487    8113.783    8064.079    8014.375    7964.559    7914.744    7864.928    7815.002    7764.853    7714.704    7664.555    7614.295    7563.701    7512.774    7461.625    7410.252    7358.658    7307.175    7255.580    7204.097    7152.502    7100.908    7049.313    6997.719    6946.125    6894.642    6843.047    6791.453    6739.858    6688.264    6636.780    6585.186    6533.591    6481.997    6430.403    6378.919    6327.325    6275.730    6224.136    6172.542    6121.058    6069.464    6017.870    5966.275    5914.681    5863.197    5811.603    5760.008    5708.414    5656.819    5605.336    5553.742    5502.147    5450.553    5398.958    5347.364    5295.770    5244.286    5192.692    5141.097    5089.503    5037.909    4986.425    4934.831    4883.236    4831.642    4780.047    4728.453    4676.970    4625.375    4573.892    4522.298    4470.703    4418.886    4367.292
   16305.179   16261.702   16218.225   16174.636   16131.048   16087.348   16043.760   16000.060   15956.472   15912.884   15869.184   15825.596   15782.007   15738.308   15694.719   15651.020   15607.431   15563.843   15520.143   15476.555   15432.855   15389.267   15345.678   15301.979   15258.390   15214.691   15171.102   15127.403   15083.814   15040.226   14996.526   14952.938   14909.349   14865.650   14822.061   14778.362   14734.773   14691.074   14647.485   14603.897   14560.197   14516.609   14473.020   14429.321   14385.732   14342.144   14298.444   14254.856   14211.156   14167.568   14123.980   14080.280   14036.692   13992.992   13949.404   13905.704   13862.116   13818.527   13774.939   13731.350   13687.873   13644.507   13601.141   13557.886   13514.743   13472.044   13429.456   13387.091   13344.726   13302.471   13260.217   13217.963   13175.709   13133.455   13091.201   13048.947   13006.693   12964.439   12922.185   12879.931   12837.677   12795.423   12753.169   12710.914   12668.660   12626.406   12584.152   12541.898   12499.644   12457.390   12415.136   12372.993   12330.739   12288.485   12246.231   12203.977   12161.723   12119.469   12077.215   12034.960   11992.706   11950.452   11908.198   11865.944   11823.690   11781.436   11739.182   11696.928   11654.674   11612.420   11570.166   11527.912   11485.658   11443.403   11401.149   11358.895   11316.641   11274.498   11232.244   11189.990   11147.625   11105.260   11062.783   11020.196   10977.274   10933.908   10890.320   10846.176   10801.253   10754.773   10707.293   10658.701   10609.553   10559.960   10510.256   10460.552   10410.847   10361.032   10311.328   10261.624   10211.920   10162.216   10112.511   10062.807   10013.103    9963.399    9913.806    9864.102    9814.397    9764.693    9714.989    9665.285    9615.581    9565.877    9516.173    9466.469    9416.765    9367.061    9317.356    9267.652    9217.948    9168.244    9118.540    9068.836    9019.132    8969.428    8919.724    8870.131    8820.427    8770.723    8720.907    8671.314    8621.609    8571.905    8522.201    8472.497    8422.793    8373.089    8323.385    8273.681    8223.977    8174.272    8124.568    8074.864    8025.160    7975.456    7925.641    7875.826    7825.899    7775.750    7725.712    7675.452    7625.303    7574.709    7523.894    7472.633    7421.261    7369.777    7318.294    7266.700    7215.105    7163.622    7112.027    7060.433    7008.950    6957.355    6905.872    6854.278    6802.794    6751.200    6699.605    6648.122    6596.528    6545.044    6493.450    6441.855    6390.373    6338.778    6287.295    6235.700    6184.106    6132.623    6081.028    6029.545    5977.951    5926.467    5874.873    5823.278    5771.795    5720.201    5668.717    5617.123    5565.528    5514.045    5462.451    5410.856    5359.373    5307.779    5256.184    5204.701    5153.106    5101.623    5050.029    4998.545    4946.951    4895.356    4843.874    4792.279    4740.685    4689.201    4637.718    4586.124    4534.640    4483.046    4431.229    4379.523
   16316.744   16273.378   16229.789   16186.312   16142.612   16099.024   16055.324   16011.736   15968.036   15924.448   15880.859   15837.160   15793.571   15749.872   15706.283   15662.584   15618.995   15575.296   15531.707   15488.008   15444.419   15400.720   15357.131   15313.432   15269.843   15226.144   15182.555   15138.856   15095.267   15051.679   15007.979   14964.391   14920.691   14877.103   14833.403   14789.815   14746.115   14702.527   14658.827   14615.239   14571.539   14527.951   14484.362   14440.663   14397.074   14353.375   14309.786   14266.087   14222.498   14178.799   14135.210   14091.511   14047.922   14004.223   13960.634   13916.935   13873.346   13829.758   13786.169   13742.581   13699.104   13655.627   13612.261   13569.006   13525.862   13483.052   13440.464   13398.099   13355.734   13313.480   13271.226   13228.972   13186.718   13144.463   13102.098   13059.844   13017.590   12975.336   12933.082   12890.828   12848.574   12806.320   12764.066   12721.700   12679.446   12637.192   12594.938   12552.684   12510.430   12468.176   12425.922   12383.668   12341.414   12299.048   12256.794   12214.540   12172.286   12130.032   12087.778   12045.524   12003.270   11960.905   11918.651   11876.397   11834.142   11791.888   11749.634   11707.380   11665.126   11622.872   11580.618   11538.253   11495.999   11453.745   11411.491   11369.236   11326.982   11284.728   11242.474   11200.109   11157.855   11115.490   11073.013   11030.314   10987.393   10944.138   10900.550   10856.517   10811.705   10765.226   10717.634   10668.931   10619.671   10570.079   10520.486   10470.781   10420.966   10371.262   10321.558   10271.854   10222.261   10172.557   10122.853   10073.148   10023.444    9973.740    9924.147    9874.443    9824.739    9775.035    9725.331    9675.737    9626.033    9576.329    9526.625    9476.921    9427.217    9377.624    9327.920    9278.216    9228.512    9178.808    9129.104    9079.399    9029.807    8980.103    8930.398    8880.694    8830.990    8781.286    8731.692    8681.988    8632.284    8582.580    8532.876    8483.283    8433.579    8383.875    8334.171    8284.467    8234.763    8185.170    8135.466    8085.762    8036.057    7986.353    7936.538    7886.723    7836.796    7786.758    7736.609    7686.572    7636.312    7585.829    7534.902    7483.752    7432.380    7380.897    7329.414    7277.819    7226.336    7174.741    7123.258    7071.775    7020.181    6968.697    6917.103    6865.620    6814.136    6762.542    6711.059    6659.575    6607.981    6556.498    6504.903    6453.420    6401.937    6350.342    6298.859    6247.376    6195.781    6144.298    6092.704    6041.220    5989.737    5938.143    5886.659    5835.176    5783.582    5732.099    5680.615    5629.021    5577.538    5525.943    5474.460    5422.865    5371.382    5319.899    5268.304    5216.821    5165.227    5113.744    5062.260    5010.666    4959.183    4907.699    4856.105    4804.622    4753.027    4701.544    4650.061    4598.578    4547.094    4495.389    4443.683    4391.977
   16328.419   16285.053   16241.465   16197.876   16154.288   16110.699   16067.000   16023.300   15979.712   15936.012   15892.424   15848.724   15805.136   15761.436   15717.848   15674.148   15630.560   15586.860   15543.272   15499.572   15455.872   15412.284   15368.584   15324.996   15281.296   15237.708   15194.008   15150.420   15106.720   15063.132   15019.432   14975.733   14932.144   14888.445   14844.856   14801.157   14757.568   14713.869   14670.280   14626.581   14582.992   14539.293   14495.593   14452.005   14408.416   14364.717   14321.017   14277.429   14233.729   14190.141   14146.441   14102.853   14059.153   14015.565   13971.865   13928.165   13884.577   13840.988   13797.400   13753.812   13710.223   13666.857   13623.380   13580.014   13536.982   13494.172   13451.584   13409.107   13366.853   13324.488   13282.234   13239.980   13197.615   13155.361   13113.107   13070.852   13028.487   12986.233   12943.979   12901.725   12859.471   12817.106   12774.852   12732.597   12690.232   12647.978   12605.724   12563.470   12521.105   12478.851   12436.597   12394.231   12351.977   12309.723   12267.469   12225.104   12182.850   12140.596   12098.342   12055.976   12013.722   11971.468   11929.214   11886.849   11844.595   11802.341   11760.087   11717.721   11675.467   11633.213   11590.959   11548.594   11506.340   11464.086   11421.720   11379.466   11337.212   11294.958   11252.593   11210.339   11167.974   11125.608   11083.132   11040.433   10997.512   10954.368   10910.780   10866.858   10822.046   10775.567   10727.975   10679.161   10629.901   10580.308   10530.604   10480.900   10431.196   10381.492   10331.788   10282.195   10232.491   10182.787   10133.194   10083.490   10033.785    9984.192    9934.488    9884.784    9835.080    9785.487    9735.783    9686.079    9636.486    9586.782    9537.078    9487.484    9437.780    9388.076    9338.483    9288.779    9239.075    9189.371    9139.778    9090.074    9040.370    8990.777    8941.073    8891.369    8841.665    8792.071    8742.367    8692.663    8643.070    8593.366    8543.662    8493.958    8444.365    8394.661    8344.957    8295.364    8245.660    8195.956    8146.363    8096.659    8046.955    7997.250    7947.435    7897.620    7847.804    7797.767    7747.729    7697.580    7647.431    7596.949    7546.132    7494.872    7443.500    7392.016    7340.533    7289.050    7237.566    7186.083    7134.489    7083.005    7031.522    6980.039    6928.556    6877.073    6825.589    6773.995    6722.512    6671.028    6619.545    6568.062    6516.579    6465.095    6413.501    6362.018    6310.535    6259.051    6207.568    6156.084    6104.602    6053.007    6001.524    5950.041    5898.557    5847.074    5795.591    5744.107    5692.513    5641.030    5589.546    5538.063    5486.580    5434.986    5383.502    5332.019    5280.536    5229.053    5177.569    5126.086    5074.492    5023.008    4971.525    4920.042    4868.559    4816.964    4765.481    4713.998    4662.515    4611.143    4559.659    4507.954    4456.248    4404.542
   16339.983   16296.728   16253.140   16209.552   16165.963   16122.264   16078.675   16034.976   15991.276   15947.688   15903.988   15860.400   15816.700   15773.000   15729.412   15685.712   15642.124   15598.424   15554.725   15511.136   15467.437   15423.848   15380.149   15336.449   15292.861   15249.161   15205.461   15161.873   15118.173   15074.585   15030.885   14987.186   14943.597   14899.898   14856.198   14812.610   14768.910   14725.211   14681.622   14637.923   14594.334   14550.635   14506.935   14463.346   14419.758   14376.058   14332.359   14288.659   14245.071   14201.371   14157.783   14114.083   14070.384   14026.795   13983.096   13939.396   13895.808   13852.219   13808.520   13765.042   13721.454   13677.977   13634.500   13591.133   13547.990   13505.180   13462.592   13420.227   13377.862   13335.496   13293.242   13250.877   13208.623   13166.369   13124.004   13081.750   13039.495   12997.130   12954.876   12912.511   12870.257   12828.003   12785.637   12743.383   12701.018   12658.764   12616.399   12574.145   12531.779   12489.525   12447.271   12404.906   12362.652   12320.287   12278.033   12235.667   12193.413   12151.159   12108.794   12066.540   12024.175   11981.921   11939.666   11897.301   11855.047   11812.682   11770.428   11728.174   11685.808   11643.554   11601.189   11558.935   11516.570   11474.316   11431.950   11389.696   11347.442   11305.077   11262.823   11220.458   11178.092   11135.727   11093.251   11050.552   11007.631   10964.487   10921.010   10877.199   10832.499   10785.908   10738.205   10689.279   10640.020   10590.427   10540.723   10491.019   10441.426   10391.722   10342.018   10292.425   10242.721   10193.128   10143.424   10093.719   10044.127    9994.423    9944.829    9895.125    9845.532    9795.828    9746.235    9696.531    9646.938    9597.234    9547.642    9497.937    9448.232    9398.640    9348.936    9299.343    9249.639    9200.046    9150.342    9100.638    9051.045    9001.341    8951.748    8902.043    8852.450    8802.746    8753.153    8703.449    8653.745    8604.152    8554.448    8504.855    8455.151    8405.558    8355.854    8306.261    8256.557    8206.964    8157.260    8107.556    8057.963    8008.147    7958.443    7908.628    7858.812    7808.775    7758.849    7708.811    7658.662    7608.179    7557.252    7506.103    7454.730    7403.247    7351.875    7300.392    7248.909    7197.425    7145.942    7094.458    7042.976    6991.492    6940.009    6888.526    6837.042    6785.559    6734.187    6682.704    6631.221    6579.737    6528.254    6476.771    6425.288    6373.804    6322.321    6270.949    6219.466    6167.982    6116.500    6065.016    6013.533    5962.050    5910.566    5859.083    5807.600    5756.117    5704.745    5653.261    5601.778    5550.295    5498.812    5447.328    5395.845    5344.362    5292.878    5241.396    5189.912    5138.429    5086.945    5035.573    4984.090    4932.607    4881.124    4829.529    4778.157    4726.674    4675.191    4623.708    4572.335    4520.741    4469.035    4417.218
   16351.659   16308.404   16264.816   16221.227   16177.639   16133.939   16090.351   16046.651   16002.951   15959.363   15915.663   15871.964   15828.375   15784.676   15740.976   15697.388   15653.688   15609.989   15566.289   15522.701   15479.001   15435.301   15391.713   15348.013   15304.314   15260.614   15217.026   15173.326   15129.626   15086.038   15042.338   14998.639   14955.050   14911.351   14867.651   14823.952   14780.363   14736.664   14692.964   14649.376   14605.676   14561.976   14518.388   14474.688   14431.100   14387.400   14343.701   14300.001   14256.302   14212.713   14169.014   14125.425   14081.726   14038.026   13994.326   13950.738   13907.038   13863.450   13819.750   13776.162   13732.685   13689.096   13645.619   13602.253   13559.109   13516.299   13473.712   13431.235   13388.870   13346.616   13304.251   13261.885   13219.631   13177.266   13135.012   13092.647   13050.393   13008.027   12965.773   12923.408   12881.154   12838.789   12796.423   12754.058   12711.804   12669.439   12627.185   12584.819   12542.565   12500.200   12457.835   12415.581   12373.215   12330.961   12288.596   12246.231   12203.977   12161.612   12119.357   12076.992   12034.738   11992.373   11950.008   11907.753   11865.388   11823.134   11780.769   11738.515   11696.150   11653.784   11611.530   11569.165   11526.911   11484.546   11442.180   11399.926   11357.561   11315.307   11272.942   11230.576   11188.211   11145.846   11103.258   11060.559   11017.749   10974.606   10931.240   10887.429   10842.840   10796.249   10748.435   10699.398   10650.139   10600.546   10550.842   10501.249   10451.545   10401.841   10352.248   10302.655   10252.951   10203.358   10153.654   10104.061   10054.468   10004.764    9955.171    9905.578    9855.873    9806.280    9756.576    9706.983    9657.279    9607.687    9558.094    9508.390    9458.797    9409.203    9359.499    9309.906    9260.202    9210.609    9161.017    9111.312    9061.720    9012.126    8962.422    8912.829    8863.125    8813.532    8763.828    8714.235    8664.643    8614.938    8565.345    8515.641    8466.048    8416.455    8366.751    8317.158    8267.565    8217.861    8168.268    8118.564    8068.971    8019.267    7969.563    7919.748    7869.932    7820.005    7769.968    7720.042    7669.893    7619.410    7568.594    7517.333    7465.961    7414.589    7363.105    7311.733    7260.250    7208.767    7157.395    7105.912    7054.429    7003.057    6951.573    6900.201    6848.718    6797.235    6745.863    6694.379    6642.896    6591.524    6540.041    6488.558    6437.186    6385.702    6334.330    6282.847    6231.364    6179.880    6128.508    6077.025    6025.653    5974.170    5922.687    5871.314    5819.832    5768.348    5716.976    5665.493    5614.009    5562.526    5511.154    5459.671    5408.299    5356.815    5305.333    5253.960    5202.477    5150.994    5099.622    5048.139    4996.655    4945.283    4893.800    4842.317    4790.833    4739.461    4687.978    4636.606    4585.123    4533.528    4482.045    4430.117
   16363.223   16320.079   16276.491   16233.014   16189.314   16145.726   16102.026   16058.327   16014.627   15971.039   15927.339   15883.639   15839.940   15796.240   15752.652   15708.952   15665.252   15621.553   15577.853   15534.265   15490.565   15446.866   15403.166   15359.578   15315.878   15272.178   15228.479   15184.779   15141.191   15097.491   15053.792   15010.092   14966.504   14922.804   14879.104   14835.405   14791.705   14748.117   14704.417   14660.717   14617.018   14573.318   14529.730   14486.030   14442.442   14398.742   14355.043   14311.343   14267.643   14223.944   14180.355   14136.656   14092.956   14049.257   14005.557   13961.969   13918.269   13874.681   13830.981   13787.393   13743.804   13700.327   13656.850   13613.372   13570.118   13527.308   13484.720   13442.355   13399.989   13357.624   13315.259   13272.894   13230.640   13188.274   13145.909   13103.544   13061.290   13018.924   12976.559   12934.305   12891.940   12849.575   12807.209   12764.844   12722.590   12680.225   12637.859   12595.494   12553.240   12510.875   12468.510   12426.144   12383.890   12341.525   12299.160   12256.794   12214.429   12172.175   12129.810   12087.445   12045.190   12002.825   11960.460   11918.095   11875.841   11833.475   11791.110   11748.745   11706.491   11664.125   11621.760   11579.395   11537.141   11494.776   11452.410   11410.045   11367.680   11325.426   11283.060   11240.695   11198.330   11155.853   11113.377   11070.678   11027.757   10984.724   10941.470   10897.770   10853.070   10806.479   10758.554   10709.517   10660.146   10610.553   10560.961   10511.256   10461.663   10412.071   10362.366   10312.773   10263.181   10213.588   10163.995   10114.291   10064.698   10015.105    9965.512    9915.919    9866.215    9816.622    9767.028    9717.436    9667.731    9618.139    9568.546    9518.953    9469.360    9419.767    9370.174    9320.470    9270.877    9221.284    9171.580    9121.987    9072.395    9022.801    8973.208    8923.504    8873.911    8824.318    8774.726    8725.021    8675.428    8625.835    8576.242    8526.649    8476.945    8427.353    8377.760    8328.166    8278.462    8228.869    8179.276    8129.684    8079.979    8030.386    7980.682    7930.867    7881.052    7831.125    7781.310    7731.383    7681.346    7630.863    7579.936    7528.675    7477.414    7425.931    7374.559    7323.187    7271.704    7220.332    7168.959    7117.476    7066.104    7014.732    6963.249    6911.876    6860.504    6809.021    6757.649    6706.166    6654.794    6603.422    6551.938    6500.566    6449.083    6397.711    6346.339    6294.967    6243.484    6192.112    6140.628    6089.257    6037.884    5986.401    5935.029    5883.546    5832.174    5780.802    5729.318    5677.946    5626.463    5575.091    5523.719    5472.236    5420.864    5369.380    5318.009    5266.637    5215.153    5163.781    5112.409    5060.926    5009.554    4958.071    4906.699    4855.215    4803.843    4752.471    4700.988    4649.616    4598.244    4546.649    4495.277    4443.127
   16374.898   16331.755   16288.278   16244.689   16201.101   16157.401   16113.702   16070.002   16026.302   15982.714   15939.014   15895.315   15851.615   15807.916   15764.216   15720.628   15676.928   15633.228   15589.529   15545.829   15502.130   15458.430   15414.730   15371.142   15327.442   15283.743   15240.043   15196.343   15152.644   15108.944   15065.356   15021.656   14977.957   14934.257   14890.557   14846.858   14803.158   14759.459   14715.870   14672.171   14628.471   14584.771   14541.072   14497.372   14453.784   14410.084   14366.385   14322.685   14278.985   14235.286   14191.586   14147.998   14104.298   14060.598   14016.899   13973.199   13929.500   13885.911   13842.212   13798.623   13755.035   13711.446   13667.969   13624.492   13581.237   13538.427   13495.839   13453.474   13410.998   13368.632   13326.267   13283.902   13241.537   13199.171   13156.917   13114.552   13072.187   13029.822   12987.456   12945.091   12902.726   12860.360   12817.995   12775.630   12733.265   12690.899   12648.534   12606.169   12563.804   12521.438   12479.073   12436.819   12394.454   12352.088   12309.723   12267.358   12224.993   12182.627   12140.262   12097.897   12055.532   12013.166   11970.801   11928.436   11886.182   11843.705   11801.451   11759.086   11716.721   11674.355   11631.990   11589.625   11547.260   11504.894   11462.529   11420.164   11377.798   11335.433   11293.068   11250.703   11208.337   11165.861   11123.273   11080.686   11037.876   10994.732   10951.588   10908.000   10863.411   10816.709   10768.673   10719.525   10670.154   10620.561   10570.968   10521.375   10471.782   10422.189   10372.596   10323.003   10273.410   10223.818   10174.225   10124.632   10075.039   10025.446    9975.853    9926.260    9876.667    9827.074    9777.481    9727.777    9678.295    9628.702    9579.109    9529.517    9479.924    9430.330    9380.737    9331.145    9281.440    9231.848    9182.255    9132.662    9083.068    9033.476    8983.883    8934.290    8884.697    8835.104    8785.511    8735.918    8686.325    8636.732    8587.140    8537.547    8487.953    8438.360    8388.768    8339.175    8289.582    8239.989    8190.396    8140.803    8091.099    8041.506    7991.802    7942.098    7892.282    7842.467    7792.652    7742.725    7692.688    7642.205    7591.389    7540.128    7488.867    7437.495    7386.123    7334.751    7283.379    7231.896    7180.523    7129.151    7077.779    7026.407    6975.035    6923.663    6872.291    6820.919    6769.547    6718.175    6666.803    6615.431    6564.059    6512.687    6461.315    6409.943    6358.571    6307.199    6255.715    6204.343    6152.971    6101.599    6050.227    5998.855    5947.483    5896.111    5844.739    5793.367    5741.995    5690.623    5639.140    5587.768    5536.396    5485.023    5433.651    5382.279    5330.907    5279.535    5228.052    5176.680    5125.308    5073.936    5022.563    4971.191    4919.819    4868.447    4817.075    4765.704    4714.332    4662.848    4611.476    4559.993    4508.732    4456.359
   16386.463   16343.542   16300.064   16256.476   16212.887   16169.188   16125.488   16081.789   16038.089   15994.389   15950.690   15906.990   15863.291   15819.591   15775.891   15732.192   15688.603   15644.904   15601.093   15557.505   15513.805   15470.105   15426.406   15382.706   15339.007   15295.307   15251.607   15207.908   15164.208   15120.509   15076.809   15033.109   14989.410   14945.710   14902.010   14858.311   14814.611   14770.912   14727.212   14683.624   14639.813   14596.113   14552.525   14508.825   14465.126   14421.426   14377.726   14334.027   14290.327   14246.628   14202.928   14159.228   14115.529   14071.829   14028.130   13984.430   13940.842   13897.142   13853.442   13809.854   13766.266   13722.677   13679.089   13635.611   13592.357   13549.547   13506.959   13464.482   13422.117   13379.641   13337.275   13294.910   13252.545   13210.180   13167.814   13125.449   13083.084   13040.607   12998.242   12955.877   12913.512   12871.146   12828.781   12786.416   12744.051   12701.685   12659.320   12616.844   12574.478   12532.113   12489.748   12447.382   12405.017   12362.652   12320.175   12277.810   12235.445   12193.080   12150.714   12108.349   12065.984   12023.507   11981.142   11938.777   11896.412   11854.046   11811.681   11769.316   11726.951   11684.585   11642.220   11599.744   11557.378   11515.013   11472.648   11430.282   11387.917   11345.552   11303.187   11260.710   11218.345   11175.868   11133.281   11090.582   11047.772   11004.740   10961.596   10918.119   10873.641   10826.828   10778.680   10729.532   10680.162   10630.569   10580.976   10531.383   10481.790   10432.197   10382.715   10333.122   10283.529   10233.936   10184.455   10134.862   10085.269   10035.676    9986.194    9936.601    9887.008    9837.415    9787.822    9738.229    9688.747    9639.154    9589.562    9539.969    9490.487    9440.895    9391.301    9341.708    9292.115    9242.522    9193.041    9143.447    9093.854    9044.262    8994.780    8945.188    8895.594    8846.001    8796.408    8746.815    8697.334    8647.740    8598.147    8548.555    8498.962    8449.369    8399.887    8350.294    8300.701    8251.108    8201.627    8152.034    8102.330    8052.737    8003.144    7953.439    7903.624    7853.809    7803.994    7754.290    7704.251    7653.769    7602.842    7551.692    7500.432    7449.059    7397.798    7346.426    7295.054    7243.682    7192.310    7141.049    7089.677    7038.305    6987.044    6935.672    6884.300    6832.928    6781.667    6730.295    6678.923    6627.551    6576.291    6524.918    6473.546    6422.174    6370.913    6319.542    6268.169    6216.797    6165.536    6114.164    6062.792    6011.420    5960.159    5908.787    5857.415    5806.043    5754.782    5703.410    5652.038    5600.666    5549.294    5498.033    5446.661    5395.289    5343.917    5292.545    5241.284    5189.912    5138.540    5087.279    5035.907    4984.535    4933.163    4881.791    4830.419    4779.158    4727.786    4676.414    4625.042    4573.670    4522.520    4469.703
   16398.139   16355.328   16311.851   16268.263   16224.674   16180.975   16137.275   16093.575   16049.876   16006.176   15962.476   15918.777   15875.077   15831.378   15787.678   15743.978   15700.279   15656.579   15612.768   15569.069   15525.369   15481.670   15437.970   15394.270   15350.571   15306.871   15263.172   15219.472   15175.772   15132.073   15088.373   15044.674   15000.974   14957.274   14913.575   14869.875   14826.064   14782.365   14738.776   14694.966   14651.266   14607.566   14563.867   14520.167   14476.579   14432.768   14389.068   14345.369   14301.669   14257.969   14214.270   14170.570   14126.871   14083.171   14039.471   13995.772   13952.072   13908.373   13864.673   13821.085   13777.496   13733.797   13690.208   13646.731   13603.476   13560.555   13518.078   13475.602   13433.126   13390.760   13348.284   13305.919   13263.553   13221.077   13178.712   13136.346   13093.981   13051.505   13009.139   12966.774   12924.298   12881.932   12839.567   12797.091   12754.725   12712.360   12669.884   12627.518   12585.153   12542.677   12500.311   12457.946   12415.581   12373.104   12330.739   12288.263   12245.897   12203.532   12161.167   12118.690   12076.325   12033.849   11991.483   11949.118   11906.753   11864.276   11821.911   11779.546   11737.069   11694.704   11652.339   11609.973   11567.497   11525.132   11482.655   11440.290   11397.925   11355.559   11313.083   11270.718   11228.241   11185.765   11143.177   11100.478   11057.779   11014.747   10971.715   10928.237   10883.759   10836.835   10788.577   10739.428   10690.058   10640.465   10590.983   10541.390   10491.908   10442.316   10392.723   10343.241   10293.648   10244.166   10194.573   10145.092   10095.499   10046.017    9996.424    9946.942    9897.350    9847.756    9798.274    9748.682    9699.200    9649.606    9600.125    9550.532    9501.051    9451.458    9401.976    9352.383    9302.790    9253.309    9203.715    9154.122    9104.641    9055.159    9005.565    8955.973    8906.491    8856.898    8807.417    8757.823    8708.230    8658.749    8609.156    8559.674    8510.081    8460.488    8411.007    8361.414    8311.932    8262.339    8212.857    8163.264    8113.671    8064.079    8014.485    7964.781    7915.077    7865.373    7815.558    7765.854    7715.927    7665.445    7614.518    7563.368    7512.107    7460.735    7409.474    7358.213    7306.841    7255.580    7204.208    7152.947    7101.687    7050.314    6999.054    6947.792    6896.420    6845.160    6793.899    6742.527    6691.266    6639.894    6588.633    6537.261    6486.000    6434.739    6383.479    6332.106    6280.845    6229.474    6178.212    6126.952    6075.580    6024.319    5972.947    5921.686    5870.314    5819.053    5767.792    5716.420    5665.159    5613.787    5562.526    5511.154    5459.893    5408.632    5357.260    5306.000    5254.627    5203.367    5152.105    5100.734    5049.473    4998.101    4946.840    4895.468    4844.207    4792.835    4741.574    4690.202    4638.830    4587.569    4536.531    4483.157
   16409.814   16367.115   16323.638   16280.160   16236.461   16192.761   16149.062   16105.362   16061.662   16017.963   15974.263   15930.564   15886.864   15843.053   15799.354   15755.654   15711.954   15668.255   15624.555   15580.856   15537.045   15493.345   15449.645   15405.946   15362.246   15318.547   15274.736   15231.036   15187.337   15143.637   15099.937   15056.238   15012.538   14968.839   14925.028   14881.328   14837.629   14793.929   14750.229   14706.530   14662.719   14619.019   14575.320   14531.620   14487.921   14444.221   14400.521   14356.711   14313.011   14269.311   14225.612   14181.912   14138.213   14094.513   14050.813   14007.003   13963.303   13919.603   13876.015   13832.315   13788.616   13745.027   13701.439   13657.850   13614.596   13571.674   13529.087   13486.721   13444.245   13401.769   13359.292   13316.927   13274.450   13232.085   13189.720   13147.243   13104.767   13062.402   13019.925   12977.560   12935.083   12892.718   12850.242   12807.876   12765.400   12723.035   12680.558   12638.193   12595.717   12553.240   12510.875   12468.510   12426.033   12383.668   12341.191   12298.715   12256.350   12213.873   12171.508   12129.031   12086.666   12044.190   12001.824   11959.348   11916.983   11874.506   11832.141   11789.664   11747.299   11704.823   11662.457   11619.981   11577.616   11535.139   11492.663   11450.298   11407.821   11365.456   11323.091   11280.614   11238.138   11195.550   11153.074   11110.375   11067.565   11024.643   10981.611   10938.245   10893.767   10846.843   10798.473   10749.325   10699.843   10650.361   10600.880   10551.398   10501.805   10452.323   10402.841   10353.360   10303.767   10254.285   10204.803   10155.210   10105.729   10056.247   10006.765    9957.283    9907.690    9858.209    9808.615    9759.134    9709.652    9660.170    9610.577    9561.096    9511.614    9462.132    9412.539    9363.058    9313.465    9263.982    9214.501    9165.020    9115.427    9065.944    9016.463    8966.870    8917.389    8867.906    8818.313    8768.832    8719.351    8669.757    8620.275    8570.794    8521.201    8471.719    8422.237    8372.645    8323.163    8273.681    8224.199    8174.606    8125.013    8075.532    8025.938    7976.346    7926.642    7876.938    7827.233    7777.529    7727.603    7677.120    7626.193    7575.043    7523.894    7472.633    7421.372    7370.111    7318.850    7267.589    7216.328    7165.067    7113.807    7062.546    7011.285    6960.024    6908.763    6857.502    6806.242    6754.980    6703.720    6652.459    6601.198    6549.937    6498.676    6447.416    6396.155    6344.894    6293.633    6242.372    6191.111    6139.850    6088.589    6037.329    5986.068    5934.807    5883.546    5832.285    5781.024    5729.763    5678.502    5627.130    5575.981    5524.720    5473.459    5422.198    5370.938    5319.565    5268.304    5217.043    5165.894    5114.633    5063.261    5012.000    4960.739    4909.479    4858.217    4806.957    4755.696    4704.324    4652.952    4601.802    4550.875    4496.612
   16421.379   16379.013   16335.535   16292.058   16248.359   16204.659   16160.959   16117.260   16073.560   16029.861   15986.161   15942.350   15898.651   15854.951   15811.251   15767.441   15723.741   15680.041   15636.231   15592.531   15548.831   15505.132   15461.432   15417.621   15373.922   15330.222   15286.411   15242.712   15199.012   15155.313   15111.502   15067.802   15024.103   14980.403   14936.592   14892.893   14849.193   14805.493   14761.682   14717.983   14674.283   14630.472   14586.773   14543.073   14499.374   14455.674   14411.863   14368.164   14324.464   14280.764   14237.065   14193.254   14149.554   14105.855   14062.044   14018.344   13974.645   13930.945   13887.246   13843.546   13799.958   13756.258   13712.558   13669.081   13625.715   13582.905   13540.206   13497.730   13455.364   13412.777   13370.412   13327.935   13285.459   13242.982   13200.617   13158.140   13115.664   13073.299   13030.822   12988.346   12945.869   12903.504   12861.028   12818.551   12776.075   12733.709   12691.233   12648.756   12606.280   12563.804   12521.438   12478.962   12436.597   12394.120   12351.644   12309.167   12266.691   12224.325   12181.849   12139.373   12096.896   12054.531   12012.054   11969.578   11927.213   11884.736   11842.260   11799.783   11757.418   11714.941   11672.465   11630.100   11587.623   11545.147   11502.670   11460.194   11417.829   11375.352   11332.876   11290.399   11247.923   11205.446   11162.859   11120.160   11077.461   11034.540   10991.507   10948.252   10903.775   10856.739   10808.258   10759.110   10709.739   10660.258   10610.776   10561.294   10511.812   10462.331   10412.849   10363.367   10313.885   10264.404   10214.922   10165.440   10115.958   10066.477   10016.995    9967.514    9918.031    9868.550    9819.068    9769.586    9720.104    9670.623    9621.141    9571.659    9522.178    9472.695    9423.214    9373.732    9324.251    9274.769    9225.287    9175.806    9126.323    9076.842    9027.360    8977.878    8928.396    8878.915    8829.434    8779.951    8730.358    8680.877    8631.395    8581.913    8532.432    8482.950    8433.468    8383.986    8334.505    8285.022    8235.541    8186.059    8136.578    8086.984    8037.503    7987.910    7938.317    7888.613    7839.020    7789.316    7739.500    7688.907    7638.091    7586.941    7535.792    7484.530    7433.381    7382.120    7330.970    7279.709    7228.449    7177.299    7126.149    7074.888    7023.739    6972.478    6921.217    6870.067    6818.807    6767.657    6716.396    6665.246    6613.985    6562.725    6511.575    6460.314    6409.165    6357.903    6306.643    6255.493    6204.232    6153.083    6101.822    6050.672    5999.411    5948.150    5897.000    5845.740    5794.590    5743.329    5692.068    5640.808    5589.658    5538.508    5487.247    5435.986    5384.837    5333.576    5282.315    5231.166    5179.904    5128.755    5077.494    5026.233    4975.083    4923.822    4872.562    4821.412    4770.151    4718.779    4667.518    4616.480    4565.330    4510.066
   16433.053   16390.910   16347.545   16303.956   16260.368   16216.668   16172.968   16129.269   16085.458   16041.758   15998.059   15954.248   15910.548   15866.849   15823.038   15779.338   15735.639   15691.828   15648.128   15604.318   15560.618   15516.918   15473.108   15429.408   15385.708   15341.898   15298.198   15254.387   15210.688   15166.988   15123.177   15079.478   15035.778   14991.967   14948.268   14904.457   14860.757   14817.058   14773.247   14729.547   14685.736   14642.037   14598.337   14554.638   14510.938   14467.127   14423.316   14379.617   14335.917   14292.218   14248.407   14204.707   14160.896   14117.197   14073.497   14029.686   13985.987   13942.287   13898.587   13854.888   13811.188   13767.489   13723.789   13680.201   13636.835   13594.025   13551.437   13508.849   13466.373   13423.896   13381.420   13338.943   13296.467   13253.990   13211.514   13169.038   13126.561   13084.085   13041.608   12999.132   12956.655   12914.179   12871.702   12829.226   12786.749   12744.384   12701.908   12659.431   12616.955   12574.367   12531.891   12489.525   12447.049   12404.572   12362.096   12319.620   12277.143   12234.667   12192.190   12149.714   12107.237   12064.761   12022.284   11979.808   11937.331   11894.855   11852.378   11809.902   11767.426   11724.949   11682.473   11640.107   11597.631   11555.154   11512.567   11470.090   11427.614   11385.249   11342.772   11300.184   11257.708   11215.231   11172.644   11129.945   11087.246   11044.325   11001.404   10958.149   10913.671   10866.524   10818.043   10768.784   10719.525   10670.043   10620.672   10571.190   10521.709   10472.338   10422.856   10373.375   10324.004   10274.522   10225.041   10175.670   10126.188   10076.818   10027.336    9977.854    9928.373    9878.891    9829.521    9780.039    9730.557    9681.187    9631.704    9582.334    9532.853    9483.370    9434.000    9384.519    9335.036    9285.555    9236.073    9186.702    9137.221    9087.739    9038.368    8988.887    8939.405    8889.923    8840.553    8791.071    8741.589    8692.107    8642.626    8593.255    8543.773    8494.292    8444.921    8395.439    8345.958    8296.587    8247.105    8197.624    8148.142    8098.660    8049.178    7999.585    7949.993    7900.399    7850.918    7801.325    7751.398    7700.916    7649.989    7598.950    7547.800    7496.651    7445.501    7394.352    7343.202    7292.052    7240.902    7189.753    7138.603    7087.454    7036.304    6985.154    6934.004    6882.744    6831.594    6780.444    6729.294    6678.145    6626.995    6575.846    6524.696    6473.546    6422.396    6371.136    6319.986    6268.836    6217.687    6166.537    6115.387    6064.238    6012.977    5961.827    5910.678    5859.528    5808.378    5757.229    5706.079    5654.818    5603.668    5552.519    5501.369    5450.219    5399.070    5347.920    5296.771    5245.621    5194.360    5143.210    5092.061    5040.911    4989.761    4938.500    4887.351    4836.201    4785.051    4733.679    4682.530    4631.491    4580.008    4523.298
   16444.840   16402.920   16359.554   16315.965   16272.377   16228.677   16184.978   16141.278   16097.467   16053.768   16010.068   15966.257   15922.558   15878.747   15835.047   15791.236   15747.537   15703.726   15660.026   15616.215   15572.516   15528.705   15485.005   15441.195   15397.495   15353.684   15309.985   15266.174   15222.474   15178.663   15134.964   15091.153   15047.453   15003.643   14959.943   14916.132   14872.433   14828.622   14784.922   14741.111   14697.412   14653.601   14609.901   14566.202   14522.391   14478.691   14434.881   14391.070   14347.370   14303.671   14259.860   14216.160   14172.349   14128.539   14084.839   14041.139   13997.329   13953.629   13909.818   13866.119   13822.419   13778.719   13735.020   13691.431   13648.065   13605.144   13562.556   13520.080   13477.492   13435.016   13392.428   13349.952   13307.475   13264.999   13222.522   13179.935   13137.458   13094.982   13052.505   13010.029   12967.441   12924.965   12882.488   12840.012   12797.535   12754.948   12712.471   12669.995   12627.518   12584.931   12542.454   12499.978   12457.501   12415.025   12372.437   12329.961   12287.484   12245.008   12202.531   12159.944   12117.467   12074.991   12032.514   11990.038   11947.450   11904.974   11862.497   11820.021   11777.544   11735.068   11692.480   11650.004   11607.527   11565.051   11522.463   11479.987   11437.510   11395.034   11352.557   11309.970   11267.493   11224.905   11182.318   11139.619   11096.920   11054.110   11011.189   10967.934   10923.456   10876.309   10827.717   10778.569   10729.198   10679.828   10630.457   10581.087   10531.605   10482.235   10432.864   10383.493   10334.012   10284.641   10235.271   10185.789   10136.418   10087.048   10037.566    9988.195    9938.714    9889.343    9839.861    9790.491    9741.120    9691.750    9642.269    9592.897    9543.527    9494.156    9444.675    9395.304    9345.822    9296.452    9246.970    9197.600    9148.229    9098.747    9049.377    8999.895    8950.524    8901.154    8851.672    8802.302    8752.819    8703.449    8653.968    8604.597    8555.227    8505.745    8456.374    8407.004    8357.521    8308.151    8258.670    8209.299    8159.817    8110.335    8060.965    8011.372    7961.890    7912.409    7862.927    7813.334    7763.407    7712.925    7662.109    7611.070    7560.032    7508.993    7457.844    7406.805    7355.656    7304.506    7253.467    7202.318    7151.279    7100.130    7049.091    6997.941    6946.903    6895.753    6844.715    6793.565    6742.416    6691.377    6640.228    6589.078    6538.039    6487.001    6435.851    6384.702    6333.552    6282.513    6231.364    6180.325    6129.176    6078.137    6026.987    5975.838    5924.799    5873.649    5822.611    5771.461    5720.312    5669.162    5618.124    5566.974    5515.936    5464.786    5413.636    5362.598    5311.448    5260.410    5209.260    5158.222    5107.072    5055.922    5004.772    4953.734    4902.584    4851.435    4800.285    4749.024    4697.875    4646.836    4594.908    4537.309
   16456.738   16414.930   16371.563   16328.085   16284.497   16240.909   16197.098   16153.398   16109.587   16065.888   16022.077   15978.377   15934.567   15890.867   15847.056   15803.245   15759.546   15715.735   15671.924   15628.225   15584.414   15540.714   15496.903   15453.093   15409.282   15365.582   15321.771   15278.072   15234.261   15190.450   15146.751   15102.940   15059.240   15015.429   14971.619   14927.808   14884.108   14840.297   14796.598   14752.787   14708.976   14665.276   14621.466   14577.766   14533.955   14490.256   14446.445   14402.634   14358.934   14315.124   14271.424   14227.613   14183.802   14139.992   14096.292   14052.481   14008.782   13964.971   13921.271   13877.572   13833.761   13790.061   13746.362   13702.662   13659.296   13616.375   13573.787   13531.199   13488.612   13446.135   13403.548   13360.960   13318.484   13276.007   13233.419   13190.943   13148.355   13105.879   13063.291   13020.815   12978.338   12935.751   12893.274   12850.686   12808.210   12765.622   12723.146   12680.669   12638.082   12595.494   12553.018   12510.541   12467.954   12425.477   12382.889   12340.302   12297.825   12255.349   12212.761   12170.285   12127.697   12085.221   12042.633   12000.156   11957.680   11915.092   11872.616   11830.028   11787.552   11744.964   11702.488   11660.011   11617.424   11574.947   11532.359   11489.772   11447.295   11404.819   11362.231   11319.755   11277.167   11234.579   11191.992   11149.293   11106.594   11063.784   11020.863   10977.719   10933.241   10885.983   10837.391   10788.243   10738.984   10689.613   10640.243   10590.872   10541.501   10492.242   10442.872   10393.390   10344.019   10294.760   10245.389   10196.019   10146.648   10097.278   10047.907    9998.536    9949.166    9899.796    9850.425    9801.055    9751.684    9702.313    9652.942    9603.572    9554.202    9504.831    9455.461    9406.090    9356.720    9307.349    9257.979    9208.607    9159.237    9109.867    9060.496    9011.126    8961.755    8912.385    8863.014    8813.532    8764.162    8714.791    8665.421    8616.050    8566.680    8517.309    8467.938    8418.568    8369.197    8319.827    8270.456    8221.086    8171.604    8122.233    8072.863    8023.381    7973.899    7924.417    7875.047    7825.565    7775.639    7725.156    7674.340    7623.413    7572.375    7521.447    7470.409    7419.370    7368.221    7317.182    7266.144    7215.216    7164.178    7113.140    7062.101    7011.062    6960.024    6908.986    6857.947    6806.909    6755.870    6704.832    6653.793    6602.755    6551.716    6500.678    6449.639    6398.490    6347.451    6296.413    6245.374    6194.447    6143.297    6092.259    6041.220    5990.182    5939.144    5888.105    5837.066    5786.028    5734.989    5683.951    5632.913    5581.874    5530.836    5479.797    5428.759    5377.609    5326.571    5275.532    5224.494    5173.455    5122.417    5071.378    5020.340    4969.301    4918.263    4867.113    4816.075    4764.814    4713.664    4662.515    4610.142    4552.987
   16468.525   16427.049   16383.794   16340.317   16296.728   16253.140   16209.329   16165.630   16121.819   16078.119   16034.308   15990.498   15946.687   15902.987   15859.176   15815.366   15771.666   15727.855   15684.044   15640.234   15596.423   15552.723   15508.912   15465.102   15421.291   15377.480   15333.780   15289.970   15246.159   15202.348   15158.648   15114.838   15071.027   15027.216   14983.405   14939.706   14895.895   14852.084   14808.273   14764.574   14720.763   14676.952   14633.141   14589.442   14545.631   14501.820   14458.009   14414.310   14370.499   14326.688   14282.988   14239.178   14195.367   14151.556   14107.745   14063.934   14020.235   13976.424   13932.613   13888.914   13845.214   13801.403   13757.703   13714.004   13670.638   13627.605   13585.018   13542.430   13499.842   13457.255   13414.667   13372.079   13329.492   13287.015   13244.428   13201.951   13159.364   13116.776   13074.188   13031.712   12989.124   12946.537   12903.949   12861.472   12818.885   12776.297   12733.821   12691.233   12648.645   12606.058   12563.581   12520.994   12478.517   12435.818   12393.342   12350.754   12308.166   12265.690   12223.102   12180.515   12137.927   12095.451   12052.863   12010.275   11967.799   11925.211   11882.623   11840.147   11797.559   11754.972   11712.384   11669.908   11627.320   11584.732   11542.145   11499.557   11457.080   11414.493   11372.016   11329.429   11286.841   11244.142   11201.555   11158.856   11116.157   11073.347   11030.537   10987.393   10942.915   10895.657   10847.065   10797.917   10748.658   10699.398   10650.028   10600.768   10551.398   10502.138   10452.768   10403.397   10354.138   10304.767   10255.508   10206.138   10156.878   10107.508   10058.248   10008.878    9959.507    9910.137    9860.877    9811.507    9762.247    9712.877    9663.617    9614.247    9564.987    9515.617    9466.357    9416.987    9367.616    9318.246    9268.986    9219.616    9170.356    9120.986    9071.615    9022.356    8972.985    8923.615    8874.355    8824.985    8775.615    8726.244    8676.985    8627.614    8578.355    8528.984    8479.726    8430.354    8380.984    8331.725    8282.354    8232.983    8183.613    8134.243    8084.872    8035.501    7986.131    7936.760    7887.278    7837.908    7787.981    7737.610    7686.794    7635.867    7585.051    7534.012    7483.085    7432.158    7381.119    7330.192    7279.153    7228.226    7177.299    7126.261    7075.333    7024.406    6973.367    6922.440    6871.402    6820.475    6769.547    6718.509    6667.582    6616.543    6565.616    6514.688    6463.650    6412.723    6361.684    6310.757    6259.718    6208.791    6157.864    6106.825    6055.898    6004.859    5953.932    5903.005    5851.967    5800.928    5750.001    5698.962    5648.035    5597.108    5546.069    5495.142    5444.104    5393.176    5342.138    5291.210    5240.283    5189.245    5138.317    5087.279    5036.241    4985.313    4934.275    4883.348    4832.309    4781.160    4730.010    4678.638    4626.042    4569.778
   16480.422   16439.279   16396.025   16352.659   16309.071   16265.483   16221.672   16177.972   16134.161   16090.351   16046.651   16002.840   15959.029   15915.219   15871.408   15827.597   15783.786   15739.975   15696.165   15652.354   15608.543   15564.843   15521.033   15477.222   15433.411   15389.600   15345.789   15301.979   15258.168   15214.357   15170.546   15126.847   15083.036   15039.114   14995.303   14951.492   14907.793   14863.982   14820.171   14776.360   14732.549   14688.739   14644.928   14601.228   14557.417   14513.495   14469.685   14425.985   14382.174   14338.363   14294.553   14250.742   14206.931   14163.120   14119.309   14075.499   14031.688   13987.988   13944.177   13900.367   13856.556   13812.856   13769.045   13725.346   13681.980   13638.947   13596.248   13553.661   13511.073   13468.485   13425.787   13383.199   13340.611   13298.135   13255.547   13212.960   13170.372   13127.784   13085.197   13042.609   13000.021   12957.434   12914.846   12872.258   12829.671   12787.083   12744.495   12701.908   12659.320   12616.621   12574.033   12531.557   12488.969   12446.382   12403.683   12361.095   12318.508   12276.031   12233.443   12190.856   12148.268   12105.680   12063.093   12020.505   11977.917   11935.330   11892.742   11850.155   11807.567   11764.979   11722.392   11679.804   11637.216   11594.629   11552.041   11509.342   11466.866   11424.278   11381.690   11339.103   11296.404   11253.816   11211.117   11168.418   11125.720   11082.910   11040.099   10996.956   10952.589   10905.220   10856.628   10807.480   10758.332   10709.072   10659.813   10610.553   10561.294   10512.035   10462.775   10413.516   10364.146   10314.886   10265.627   10216.367   10167.108   10117.849   10068.589   10019.330    9969.960    9920.700    9871.440    9822.182    9772.922    9723.663    9674.292    9625.033    9575.773    9526.514    9477.255    9427.884    9378.625    9329.365    9280.106    9230.847    9181.588    9132.217    9082.958    9033.698    8984.328    8935.068    8885.809    8836.550    8787.179    8737.920    8688.660    8639.401    8590.142    8540.771    8491.512    8442.252    8392.993    8343.733    8294.363    8245.104    8195.733    8146.474    8097.215    8047.844    7998.474    7949.103    7899.844    7850.362    7800.546    7750.175    7699.470    7648.654    7597.838    7546.911    7495.983    7445.167    7394.240    7343.313    7292.386    7241.570    7190.642    7139.715    7088.899    7037.972    6987.044    6936.117    6885.301    6834.374    6783.446    6732.519    6681.703    6630.776    6579.849    6529.033    6478.105    6427.178    6376.250    6325.323    6274.507    6223.580    6172.653    6121.726    6070.798    6019.982    5969.055    5918.127    5867.200    5816.273    5765.346    5714.530    5663.603    5612.675    5561.859    5510.932    5460.004    5409.077    5358.150    5307.334    5256.407    5205.479    5154.552    5103.625    5052.697    5001.770    4950.954    4899.916    4848.988    4797.950    4746.800    4695.317    4642.611    4587.458
   16492.209   16451.400   16408.367   16365.002   16321.636   16277.937   16234.237   16190.426   16146.615   16102.804   16058.994   16015.183   15971.372   15927.561   15883.750   15839.940   15796.129   15752.318   15708.507   15664.696   15620.886   15577.075   15533.153   15489.342   15445.531   15401.720   15357.910   15314.099   15270.288   15226.477   15182.666   15138.856   15095.045   15051.123   15007.312   14963.501   14919.690   14875.880   14832.069   14788.258   14744.447   14700.636   14656.826   14613.015   14569.204   14525.393   14481.471   14437.660   14393.961   14350.150   14306.339   14262.417   14218.606   14174.796   14130.985   14087.174   14043.363   13999.552   13955.742   13911.931   13868.120   13824.309   13780.610   13736.799   13693.322   13650.400   13607.702   13565.003   13522.415   13479.716   13437.017   13394.430   13351.842   13309.254   13266.667   13223.968   13181.380   13138.793   13096.094   13053.506   13010.918   12968.331   12925.632   12883.044   12840.457   12797.869   12755.281   12712.582   12669.884   12627.296   12584.708   12542.121   12499.533   12456.834   12414.246   12371.548   12328.960   12286.372   12243.785   12201.086   12158.498   12115.910   12073.323   12030.624   11988.036   11945.449   11902.750   11860.162   11817.574   11774.987   11732.288   11689.700   11647.113   11604.525   11561.826   11519.238   11476.540   11433.952   11391.364   11348.665   11306.078   11263.379   11220.791   11177.981   11135.282   11092.472   11049.662   11006.519   10962.152   10914.783   10866.191   10817.154   10768.006   10718.857   10669.598   10620.450   10571.190   10521.931   10472.783   10423.524   10374.264   10325.005   10275.857   10226.597   10177.449   10128.190   10078.931   10029.782    9980.523    9931.264    9882.004    9832.856    9783.597    9734.338    9685.189    9635.930    9586.671    9537.522    9488.263    9439.004    9389.744    9340.485    9291.337    9242.077    9192.818    9143.670    9094.411    9045.151    8995.892    8946.633    8897.484    8848.226    8798.966    8749.706    8700.447    8651.299    8602.039    8552.780    8503.521    8454.373    8405.113    8355.854    8306.595    8257.335    8208.076    8158.928    8109.557    8060.298    8011.039    7961.779    7912.520    7863.149    7813.334    7762.962    7712.258    7661.553    7610.848    7560.032    7509.216    7458.400    7407.583    7356.656    7305.952    7255.135    7204.319    7153.503    7102.687    7051.871    7001.055    6950.239    6899.423    6848.607    6797.791    6746.863    6696.047    6645.231    6594.415    6543.710    6492.783    6441.967    6391.151    6340.334    6289.519    6238.703    6187.887    6137.070    6086.254    6035.327    5984.622    5933.806    5882.879    5832.062    5781.247    5730.431    5679.614    5628.798    5577.982    5527.166    5476.350    5425.423    5374.607    5323.791    5272.975    5222.159    5171.342    5120.526    5069.710    5018.783    4967.967    4917.151    4866.224    4815.185    4764.035    4712.552    4659.957    4605.805
   16503.996   16463.742   16420.822   16377.567   16334.201   16290.613   16246.802   16202.991   16159.180   16115.370   16071.559   16027.748   15983.937   15940.126   15896.316   15852.394   15808.583   15764.772   15720.850   15677.039   15633.228   15589.418   15545.607   15501.685   15457.874   15414.063   15370.141   15326.330   15282.520   15238.709   15194.898   15151.087   15107.165   15063.354   15019.432   14975.622   14931.811   14888.000   14844.189   14800.267   14756.456   14712.646   14668.835   14625.024   14581.102   14537.291   14493.480   14449.558   14405.748   14361.937   14318.126   14274.315   14230.393   14186.582   14142.772   14098.850   14055.039   14011.228   13967.417   13923.606   13879.796   13835.985   13792.174   13748.363   13704.886   13661.853   13619.155   13576.456   13533.757   13491.058   13448.359   13405.772   13363.073   13320.485   13277.897   13235.199   13192.500   13149.912   13107.213   13064.514   13021.927   12979.228   12936.640   12893.941   12851.354   12808.655   12766.067   12723.368   12680.669   12637.971   12595.383   12552.795   12510.096   12467.398   12424.699   12382.111   12339.412   12296.825   12254.126   12211.427   12168.839   12126.140   12083.553   12040.854   11998.266   11955.567   11912.980   11870.281   11827.582   11784.994   11742.295   11699.708   11657.009   11614.310   11571.611   11529.024   11486.325   11443.737   11401.149   11358.451   11315.752   11273.053   11230.354   11187.655   11144.845   11102.035   11059.114   11016.081   10971.715   10924.346   10875.865   10826.828   10777.791   10728.642   10679.494   10630.235   10581.087   10531.939   10482.791   10433.642   10384.383   10335.235   10286.087   10236.939   10187.790   10138.642   10089.494   10040.235    9991.087    9941.827    9892.679    9843.531    9794.383    9745.234    9696.086    9646.938    9597.790    9548.530    9499.383    9450.234    9400.976    9351.827    9302.679    9253.530    9204.271    9155.123    9105.975    9056.716    9007.567    8958.419    8909.271    8860.012    8810.863    8761.604    8712.456    8663.308    8614.160    8565.012    8515.752    8466.604    8417.456    8368.308    8319.049    8269.900    8220.641    8171.493    8122.233    8073.085    8023.826    7974.566    7925.418    7876.048    7826.344    7775.972    7725.379    7674.785    7624.080    7573.375    7522.670    7471.854    7421.149    7370.444    7319.740    7268.923    7218.219    7167.514    7116.809    7066.104    7015.288    6964.583    6913.878    6863.062    6812.357    6761.652    6710.836    6660.131    6609.426    6558.722    6507.905    6457.201    6406.384    6355.680    6304.975    6254.270    6203.454    6152.749    6101.933    6051.228    6000.523    5949.818    5899.002    5848.297    5797.481    5746.776    5696.071    5645.255    5594.550    5543.846    5493.029    5442.325    5391.508    5340.804    5290.099    5239.394    5188.578    5137.873    5087.057    5036.352    4985.536    4934.720    4883.904    4832.976    4781.827    4730.232    4677.859    4624.708
   16515.895   16476.086   16433.387   16390.242   16346.989   16303.400   16259.589   16215.779   16171.968   16128.157   16084.346   16040.424   15996.613   15952.803   15908.881   15865.070   15821.259   15777.337   15733.415   15689.604   15645.793   15601.871   15558.061   15514.139   15470.328   15426.406   15382.595   15338.784   15294.862   15251.051   15207.241   15163.319   15119.508   15075.586   15031.775   14987.853   14944.042   14900.231   14856.309   14812.499   14768.577   14724.766   14680.955   14637.033   14593.222   14549.300   14505.489   14461.679   14417.757   14373.946   14330.135   14286.213   14242.291   14198.480   14154.669   14110.747   14066.937   14023.126   13979.204   13935.393   13891.582   13847.771   13803.849   13760.150   13716.561   13673.529   13630.719   13588.020   13545.321   13502.622   13459.812   13417.225   13374.526   13331.827   13289.128   13246.429   13203.730   13161.032   13118.444   13075.745   13033.046   12990.347   12947.648   12904.950   12862.251   12819.552   12776.964   12734.265   12691.455   12648.756   12606.058   12563.470   12520.771   12478.072   12435.373   12392.675   12349.976   12307.277   12264.578   12221.879   12179.180   12136.481   12093.894   12051.195   12008.496   11965.797   11923.098   11880.400   11837.701   11795.002   11752.414   11709.715   11667.016   11624.318   11581.619   11538.920   11496.221   11453.522   11410.823   11368.125   11325.426   11282.727   11240.028   11197.218   11154.408   11111.598   11068.677   11025.644   10981.277   10933.908   10885.427   10836.502   10787.465   10738.428   10689.391   10640.243   10591.094   10542.057   10492.909   10443.761   10394.613   10345.576   10296.428   10247.280   10198.243   10149.095   10100.058   10050.909   10001.761    9952.613    9903.576    9854.428    9805.280    9756.243    9707.095    9658.058    9608.909    9559.762    9510.725    9461.465    9412.428    9363.280    9314.132    9265.095    9215.946    9166.799    9117.762    9068.613    9019.465    8970.317    8921.169    8872.021    8822.983    8773.836    8724.688    8675.539    8626.502    8577.354    8528.206    8479.169    8430.021    8380.873    8331.725    8282.576    8233.429    8184.280    8135.132    8085.984    8036.836    7987.688    7938.540    7889.280    7839.576    7789.316    7738.833    7688.240    7637.646    7587.052    7536.347    7485.754    7435.049    7384.455    7333.750    7283.157    7232.563    7181.858    7131.264    7080.559    7029.966    6979.261    6928.667    6877.962    6827.369    6776.664    6725.958    6675.365    6624.771    6574.066    6523.362    6472.768    6422.063    6371.469    6320.764    6270.171    6219.466    6168.872    6118.167    6067.462    6016.869    5966.275    5915.570    5864.865    5814.160    5763.566    5712.862    5662.268    5611.563    5560.970    5510.265    5459.671    5408.966    5358.261    5307.667    5256.962    5206.369    5155.664    5104.959    5054.365    5003.661    4952.956    4902.140    4851.324    4800.174    4748.579    4696.540    4643.945
   16527.680   16488.539   16446.062   16403.143   16359.887   16316.299   16272.599   16228.788   16184.978   16141.056   16097.245   16053.323   16009.512   15965.590   15921.779   15877.857   15834.046   15790.124   15746.202   15702.392   15658.470   15614.659   15570.737   15526.815   15482.893   15439.082   15395.160   15351.349   15307.427   15263.616   15219.694   15175.884   15131.962   15088.040   15044.118   15000.307   14956.385   14912.574   14868.652   14824.841   14780.919   14736.997   14693.186   14649.376   14605.454   14561.532   14517.721   14473.799   14429.988   14386.066   14342.255   14298.333   14254.411   14210.489   14166.678   14122.756   14078.946   14035.024   13991.213   13947.402   13903.480   13859.669   13815.747   13771.936   13728.459   13685.316   13642.506   13599.696   13556.997   13514.187   13471.488   13428.789   13385.979   13343.280   13300.581   13257.882   13215.183   13172.373   13129.675   13086.976   13044.277   13001.578   12958.768   12916.069   12873.370   12830.671   12787.973   12745.162   12702.464   12659.654   12616.955   12574.256   12531.557   12488.747   12446.048   12403.349   12360.650   12317.952   12275.142   12232.443   12189.744   12147.045   12104.235   12061.536   12018.837   11976.138   11933.440   11890.629   11847.931   11805.232   11762.533   11719.834   11677.024   11634.325   11591.515   11548.816   11506.117   11463.419   11420.720   11377.910   11335.211   11292.401   11249.702   11206.892   11164.082   11121.161   11078.351   11035.207   10990.840   10943.582   10895.212   10846.287   10797.361   10748.324   10699.287   10650.250   10601.213   10552.176   10503.139   10453.991   10404.954   10355.917   10306.880   10257.843   10208.806   10159.769   10110.732   10061.695   10012.547    9963.510    9914.474    9865.437    9816.399    9767.362    9718.325    9669.288    9620.252    9571.215    9522.066    9473.029    9423.992    9374.955    9325.919    9276.771    9227.733    9178.696    9129.659    9080.622    9031.475    8982.438    8933.400    8884.363    8835.215    8786.179    8737.142    8688.104    8639.067    8589.919    8540.882    8491.846    8442.809    8393.771    8344.623    8295.586    8246.549    8197.401    8148.364    8099.327    8050.179    8001.142    7951.994    7902.734    7853.030    7802.882    7752.510    7702.028    7651.545    7601.063    7550.469    7499.875    7449.282    7398.799    7348.206    7297.723    7247.129    7196.536    7146.053    7095.459    7044.866    6994.383    6943.790    6893.196    6842.713    6792.120    6741.526    6690.932    6640.450    6589.856    6539.262    6488.668    6438.187    6387.593    6337.110    6286.517    6235.923    6185.329    6134.735    6084.253    6033.659    5983.065    5932.583    5881.989    5831.396    5780.802    5730.208    5679.726    5629.132    5578.538    5527.945    5477.462    5426.868    5376.275    5325.792    5275.199    5224.605    5174.011    5123.417    5072.824    5022.230    4971.636    4920.932    4870.115    4819.077    4767.482    4715.666    4663.626
   16539.578   16501.105   16458.963   16416.264   16373.008   16329.531   16285.720   16241.909   16198.099   16154.177   16110.366   16066.444   16022.522   15978.711   15934.789   15890.867   15846.945   15803.023   15759.212   15715.290   15671.368   15627.557   15583.635   15539.713   15495.791   15451.869   15407.947   15364.137   15320.215   15276.293   15232.482   15188.560   15144.638   15100.716   15056.794   15012.872   14969.061   14925.139   14881.217   14837.406   14793.484   14749.562   14705.640   14661.829   14617.907   14573.985   14530.063   14486.253   14442.331   14398.409   14354.598   14310.676   14266.754   14222.832   14178.910   14134.988   14091.177   14047.255   14003.333   13959.522   13915.600   13871.789   13827.867   13784.057   13740.468   13697.325   13654.403   13611.593   13568.895   13526.084   13483.274   13440.464   13397.766   13354.955   13312.257   13269.447   13226.748   13183.938   13141.128   13098.429   13055.619   13012.920   12970.110   12927.411   12884.601   12841.902   12799.092   12756.282   12713.472   12670.773   12627.963   12585.264   12542.454   12499.644   12456.945   12414.135   12371.436   12328.626   12285.927   12243.117   12200.307   12157.608   12114.798   12072.100   12029.290   11986.591   11943.781   11901.082   11858.272   11815.462   11772.763   11729.953   11687.254   11644.444   11601.634   11558.824   11516.125   11473.426   11430.616   11387.806   11344.996   11302.297   11259.487   11216.677   11173.756   11130.835   11088.025   11044.881   11000.514   10953.256   10904.998   10856.183   10807.257   10758.332   10709.406   10660.369   10611.332   10562.406   10513.369   10464.443   10415.406   10366.481   10317.444   10268.518   10219.481   10170.555   10121.629   10072.592   10023.555    9974.519    9925.593    9876.667    9827.630    9778.704    9729.667    9680.741    9631.704    9582.778    9533.742    9484.705    9435.779    9386.742    9337.816    9288.779    9239.854    9190.816    9141.779    9092.854    9043.817    8994.780    8945.854    8896.817    8847.780    8798.854    8749.817    8700.892    8651.854    8602.818    8553.893    8504.855    8455.930    8406.893    8357.855    8308.930    8259.893    8210.855    8161.819    8112.782    8063.856    8014.819    7965.782    7916.523    7866.930    7816.892    7766.521    7716.149    7665.778    7615.296    7564.924    7514.442    7463.959    7413.477    7362.995    7312.623    7262.141    7211.658    7161.176    7110.693    7060.322    7009.839    6959.357    6908.875    6858.392    6807.909    6757.427    6707.056    6656.573    6606.091    6555.608    6505.125    6454.643    6404.161    6353.789    6303.307    6252.824    6202.342    6151.859    6101.377    6050.895    6000.412    5949.929    5899.447    5848.964    5798.593    5748.110    5697.628    5647.146    5596.663    5546.181    5495.698    5445.216    5394.733    5344.362    5293.879    5243.397    5192.914    5142.321    5091.838    5041.355    4990.873    4940.279    4889.575    4838.425    4786.941    4735.347    4683.642
   16551.365   16513.781   16472.082   16429.494   16386.463   16342.874   16299.175   16255.364   16211.442   16167.631   16123.709   16079.787   16035.865   15991.943   15948.132   15904.210   15860.288   15816.255   15772.333   15728.411   15684.600   15640.678   15596.756   15552.834   15508.912   15464.990   15421.068   15377.146   15333.224   15289.302   15245.380   15201.458   15157.536   15113.614   15069.692   15025.770   14981.848   14937.926   14894.004   14850.082   14806.160   14762.238   14718.428   14674.506   14630.584   14586.662   14542.740   14498.818   14454.896   14410.974   14367.052   14323.130   14279.208   14235.286   14191.364   14147.442   14103.520   14059.709   14015.787   13971.865   13927.943   13884.021   13840.210   13796.288   13752.700   13709.556   13666.635   13623.714   13580.904   13538.094   13495.283   13452.473   13409.663   13366.853   13324.043   13281.233   13238.423   13195.613   13152.914   13110.104   13067.294   13024.484   12981.674   12938.864   12896.054   12853.244   12810.434   12767.624   12724.814   12682.004   12639.194   12596.384   12553.574   12510.764   12467.954   12425.143   12382.333   12339.635   12296.825   12254.015   12211.204   12168.394   12125.584   12082.774   12039.964   11997.154   11954.344   11911.534   11868.724   11825.914   11783.104   11740.294   11697.595   11654.674   11611.864   11569.054   11526.244   11483.545   11440.735   11397.814   11355.004   11312.193   11269.383   11226.573   11183.652   11140.731   11097.810   11054.666   11010.299   10963.153   10914.894   10866.191   10817.376   10768.450   10719.525   10670.599   10621.673   10572.858   10523.933   10475.007   10426.081   10377.155   10328.230   10279.304   10230.378   10181.563   10132.638   10083.712   10034.786    9985.860    9936.935    9888.009    9839.083    9790.157    9741.343    9692.417    9643.491    9594.565    9545.640    9496.714    9447.788    9398.862    9349.937    9301.011    9252.085    9203.159    9154.233    9105.308    9056.382    9007.456    8958.530    8909.604    8860.679    8811.753    8762.827    8713.901    8664.976    8616.050    8567.124    8518.198    8469.272    8420.347    8371.421    8322.495    8273.569    8224.644    8175.718    8126.681    8077.755    8028.830    7979.904    7930.756    7881.163    7831.125    7780.976    7730.605    7680.345    7630.084    7579.713    7529.342    7478.859    7428.600    7378.228    7327.857    7277.486    7227.114    7176.743    7126.372    7076.000    7025.629    6975.258    6924.886    6874.626    6824.255    6773.884    6723.512    6673.141    6622.770    6572.398    6522.027    6471.656    6421.285    6370.913    6320.542    6270.171    6219.799    6169.428    6119.057    6068.686    6018.314    5967.943    5917.460    5867.089    5816.718    5766.458    5716.086    5665.715    5615.344    5564.861    5514.490    5464.119    5413.748    5363.376    5313.005    5262.633    5212.262    5161.891    5111.520    5061.037    5010.666    4960.183    4909.479    4858.440    4806.957    4755.696    4704.102
   16563.150   16526.680   16485.426   16443.061   16400.029   16356.551   16312.852   16269.041   16225.119   16181.197   16137.386   16093.464   16049.431   16005.509   15961.587   15917.665   15873.743   15829.821   15785.899   15741.866   15697.944   15654.022   15610.100   15566.178   15522.256   15478.334   15434.301   15390.379   15346.457   15302.535   15258.613   15214.691   15170.769   15126.735   15082.813   15038.891   14994.969   14951.047   14907.125   14863.203   14819.170   14775.248   14731.326   14687.404   14643.482   14599.560   14555.638   14511.716   14467.794   14423.872   14379.950   14335.917   14291.995   14248.073   14204.151   14160.229   14116.307   14072.385   14028.352   13984.430   13940.508   13896.586   13852.664   13808.853   13765.265   13722.010   13678.977   13636.167   13593.246   13550.325   13507.515   13464.594   13421.784   13378.974   13336.164   13293.353   13250.432   13207.622   13164.812   13121.891   13079.081   13036.271   12993.461   12950.540   12907.729   12864.919   12822.109   12779.188   12736.267   12693.457   12650.647   12607.837   12564.916   12522.105   12479.184   12436.374   12393.564   12350.754   12307.833   12265.023   12222.213   12179.292   12136.481   12093.671   12050.750   12007.940   11965.130   11922.320   11879.399   11836.589   11793.779   11750.857   11708.047   11665.237   11622.316   11579.395   11536.585   11493.775   11450.965   11408.043   11365.233   11322.312   11279.502   11236.581   11193.660   11150.738   11107.706   11064.562   11020.196   10973.160   10925.013   10876.309   10827.606   10778.791   10729.977   10681.051   10632.236   10583.422   10534.607   10485.682   10436.867   10388.052   10339.238   10290.312   10241.498   10192.683   10143.868   10095.054   10046.128    9997.313    9948.499    9899.685    9850.759    9801.944    9753.130    9704.314    9655.500    9606.574    9557.760    9508.834    9460.020    9411.205    9362.391    9313.465    9264.650    9215.836    9166.910    9118.095    9069.280    9020.354    8971.540    8922.726    8873.800    8824.985    8776.060    8727.245    8678.431    8629.616    8580.690    8531.876    8483.061    8434.135    8385.320    8336.395    8287.580    8238.766    8189.840    8140.914    8092.100    8043.285    7994.359    7945.211    7895.729    7845.803    7795.654    7745.505    7695.356    7645.096    7594.836    7544.576    7494.316    7444.056    7393.795    7343.535    7293.275    7243.015    7192.755    7142.495    7092.235    7041.975    6991.715    6941.455    6891.194    6840.934    6790.674    6740.414    6690.154    6639.894    6589.634    6539.262    6489.002    6438.742    6388.482    6338.222    6287.962    6237.702    6187.442    6137.182    6086.921    6036.662    5986.401    5936.030    5885.770    5835.510    5785.250    5734.989    5684.729    5634.469    5584.098    5533.838    5483.578    5433.318    5383.058    5332.797    5282.538    5232.166    5181.906    5131.646    5081.274    5031.015    4980.532    4930.049    4879.011    4827.639    4776.601    4725.006
   16575.049   16539.578   16498.992   16456.961   16414.039   16370.562   16326.862   16283.051   16239.129   16195.207   16151.285   16107.363   16063.441   16019.408   15975.486   15931.564   15887.642   15843.609   15799.687   15755.654   15711.732   15667.810   15623.777   15579.855   15535.933   15491.900   15447.978   15404.056   15360.022   15316.100   15272.178   15228.256   15184.223   15140.301   15096.268   15052.346   15008.424   14964.391   14920.469   14876.547   14832.514   14788.592   14744.670   14700.748   14656.714   14612.792   14568.870   14524.837   14480.915   14436.993   14393.071   14349.038   14305.116   14261.083   14217.161   14173.239   14129.206   14085.284   14041.362   13997.440   13953.407   13909.485   13865.563   13821.641   13778.052   13734.797   13691.765   13648.844   13605.922   13563.001   13520.080   13477.159   13434.237   13391.427   13348.506   13305.585   13262.775   13219.854   13176.932   13134.122   13091.201   13048.280   13005.470   12962.549   12919.627   12876.817   12833.896   12790.975   12748.054   12705.132   12662.322   12619.401   12576.591   12533.670   12490.748   12447.827   12405.017   12362.096   12319.175   12276.365   12233.443   12190.522   12147.601   12104.791   12061.870   12018.948   11976.138   11933.217   11890.296   11847.486   11804.565   11761.643   11718.833   11675.912   11632.991   11590.070   11547.148   11504.338   11461.417   11418.496   11375.575   11332.765   11289.843   11246.811   11203.890   11160.857   11117.936   11074.681   11030.314   10983.279   10935.243   10886.650   10838.058   10789.244   10740.540   10691.726   10643.022   10594.208   10545.504   10496.690   10447.875   10399.172   10350.357   10301.654   10252.951   10204.136   10155.433   10106.618   10057.804   10008.989    9960.285    9911.582    9862.768    9814.064    9765.250    9716.546    9667.731    9619.028    9570.214    9521.399    9472.585    9423.881    9375.066    9326.363    9277.549    9228.846    9180.031    9131.216    9082.401    9033.698    8984.884    8936.069    8887.365    8838.551    8789.736    8741.033    8692.219    8643.516    8594.701    8545.886    8497.183    8448.368    8399.554    8350.739    8302.035    8253.221    8204.406    8155.592    8106.777    8058.074    8009.259    7960.222    7910.741    7860.925    7810.888    7760.850    7710.812    7660.663    7610.514    7560.366    7510.105    7459.957    7409.918    7359.770    7309.621    7259.472    7209.212    7159.063    7108.914    7058.765    7008.616    6958.467    6908.318    6858.169    6808.021    6757.872    6707.612    6657.462    6607.313    6557.165    6507.016    6456.867    6406.718    6356.569    6306.309    6256.160    6206.011    6155.862    6105.713    6055.564    6005.304    5955.155    5905.007    5854.858    5804.709    5754.560    5704.300    5654.151    5604.002    5553.742    5503.593    5453.444    5403.295    5353.146    5302.997    5252.737    5202.588    5152.328    5102.179    5051.919    5001.659    4951.176    4900.249    4848.988    4798.172    4746.355
   16586.836   16552.811   16512.891   16471.193   16428.383   16384.906   16341.206   16297.396   16253.474   16209.552   16165.630   16121.708   16077.674   16033.752   15989.719   15945.797   15901.764   15857.842   15813.809   15769.887   15725.854   15681.932   15637.899   15593.865   15549.943   15505.910   15461.988   15417.955   15374.033   15330.000   15286.078   15242.156   15198.123   15154.089   15110.056   15066.134   15022.212   14978.179   14934.257   14890.224   14846.191   14802.269   14758.347   14714.313   14670.391   14626.358   14582.436   14538.403   14494.481   14450.448   14406.526   14362.493   14318.460   14274.538   14230.504   14186.582   14142.549   14098.627   14054.594   14010.672   13966.750   13922.717   13878.795   13834.873   13791.173   13747.918   13704.775   13661.853   13618.821   13575.900   13532.979   13489.946   13447.025   13404.215   13361.294   13318.261   13275.340   13232.419   13189.497   13146.576   13103.655   13060.734   13017.812   12974.891   12931.970   12889.049   12846.127   12803.095   12760.174   12717.253   12674.331   12631.410   12588.489   12545.456   12502.535   12459.614   12416.693   12373.771   12330.850   12287.929   12245.008   12202.086   12159.165   12116.133   12073.212   12030.290   11987.369   11944.448   11901.527   11858.605   11815.684   11772.763   11729.842   11686.809   11643.888   11600.967   11558.045   11515.124   11472.203   11429.171   11386.249   11343.328   11300.407   11257.374   11214.342   11171.310   11128.277   11085.133   11040.655   10993.731   10945.806   10897.325   10848.733   10800.030   10751.326   10702.734   10654.031   10605.327   10556.624   10507.921   10459.217   10410.625   10361.922   10313.218   10264.515   10215.923   10167.219   10118.516   10069.813   10021.109    9972.406    9923.702    9875.110    9826.407    9777.703    9729.000    9680.408    9631.704    9583.001    9534.298    9485.595    9436.891    9388.188    9339.484    9290.781    9242.077    9193.374    9144.671    9096.078    9047.375    8998.672    8949.969    8901.265    8852.562    8803.858    8755.155    8706.451    8657.748    8609.045    8560.342    8511.638    8462.935    8414.231    8365.528    8316.824    8268.121    8219.418    8170.714    8122.011    8073.308    8024.493    7975.567    7926.197    7876.493    7826.566    7776.640    7726.713    7676.675    7626.638    7576.489    7526.451    7476.413    7426.375    7376.338    7326.300    7276.262    7226.225    7176.187    7126.149    7076.111    7026.074    6975.925    6925.887    6875.850    6825.812    6775.774    6725.736    6675.699    6625.550    6575.512    6525.474    6475.437    6425.399    6375.361    6325.212    6275.174    6225.137    6175.099    6125.062    6075.023    6024.875    5974.837    5924.799    5874.762    5824.613    5774.575    5724.537    5674.500    5624.351    5574.313    5524.275    5474.237    5424.200    5374.051    5324.013    5273.976    5223.827    5173.789    5123.640    5073.491    5023.342    4972.859    4922.043    4871.005    4820.522    4768.261
   16598.734   16566.377   16527.348   16485.871   16443.172   16399.695   16355.995   16312.185   16268.263   16224.341   16180.419   16136.385   16092.463   16048.430   16004.397   15960.475   15916.442   15872.409   15828.375   15784.453   15740.420   15696.387   15652.354   15608.432   15564.399   15520.365   15476.332   15432.410   15388.377   15344.344   15300.422   15256.389   15212.356   15168.322   15124.289   15080.367   15036.334   14992.412   14948.379   14904.346   14860.312   14816.279   14772.357   14728.324   14684.402   14640.369   14596.336   14552.414   14508.380   14464.347   14420.425   14376.392   14332.359   14288.326   14244.292   14200.370   14156.337   14112.304   14068.382   14024.349   13980.427   13936.394   13892.361   13848.439   13804.739   13761.373   13718.229   13675.197   13632.276   13589.243   13546.211   13503.178   13460.257   13417.336   13374.303   13331.382   13288.350   13245.428   13202.396   13159.475   13116.442   13073.521   13030.489   12987.567   12944.535   12901.614   12858.581   12815.660   12772.628   12729.595   12686.674   12643.753   12600.720   12557.688   12514.767   12471.734   12428.813   12385.780   12342.859   12299.827   12256.906   12213.873   12170.952   12127.919   12084.998   12041.966   11999.045   11956.012   11913.091   11870.058   11827.137   11784.105   11741.183   11698.151   11655.119   11612.197   11569.165   11526.244   11483.211   11440.290   11397.258   11354.225   11311.304   11268.271   11225.239   11182.095   11139.063   11095.808   11051.330   11004.517   10956.592   10908.222   10859.741   10811.149   10762.557   10713.965   10665.373   10616.780   10568.188   10519.485   10470.893   10422.300   10373.708   10325.116   10276.524   10227.932   10179.340   10130.747   10082.155   10033.563    9984.971    9936.379    9887.786    9839.194    9790.603    9742.010    9693.418    9644.715    9596.122    9547.530    9498.938    9450.346    9401.753    9353.050    9304.458    9255.865    9207.273    9158.682    9110.089    9061.386    9012.794    8964.201    8915.498    8866.906    8818.313    8769.722    8721.129    8672.537    8623.945    8575.241    8526.649    8478.058    8429.465    8380.762    8332.169    8283.577    8234.874    8186.282    8137.689    8088.986    8040.394    7991.468    7942.209    7892.505    7842.801    7792.874    7743.059    7693.132    7643.206    7593.279    7543.353    7493.426    7443.500    7393.573    7343.646    7293.720    7243.793    7193.867    7143.940    7093.903    7043.976    6994.050    6944.123    6894.197    6844.270    6794.344    6744.306    6694.379    6644.453    6594.526    6544.600    6494.673    6444.747    6394.709    6344.783    6294.856    6244.818    6194.892    6144.965    6095.039    6045.112    5995.186    5945.148    5895.221    5845.295    5795.368    5745.442    5695.404    5645.478    5595.551    5545.513    5495.587    5445.660    5395.734    5345.807    5295.770    5245.843    5195.805    5145.879    5095.841    5045.692    4995.321    4944.616    4893.911    4843.651    4790.722
   16610.521   16580.275   16542.246   16501.105   16458.406   16414.930   16371.229   16327.418   16283.607   16239.685   16195.652   16151.619   16107.586   16063.664   16019.631   15975.598   15931.564   15887.531   15843.498   15799.465   15755.432   15711.398   15667.365   15623.332   15579.299   15535.266   15491.232   15447.310   15403.277   15359.244   15315.211   15271.178   15227.144   15183.111   15139.078   15095.045   15051.012   15006.978   14962.945   14918.912   14874.879   14830.846   14786.924   14742.891   14698.857   14654.824   14610.791   14566.758   14522.725   14478.803   14434.769   14390.736   14346.592   14302.559   14258.637   14214.603   14170.570   14126.537   14082.504   14038.471   13994.549   13950.515   13906.482   13862.560   13818.750   13775.383   13732.240   13689.096   13646.064   13603.031   13559.999   13516.966   13473.934   13430.902   13387.869   13344.837   13301.804   13258.772   13215.739   13172.818   13129.786   13086.753   13043.721   13000.688   12957.656   12914.624   12871.591   12828.559   12785.526   12742.494   12699.461   12656.429   12613.397   12570.364   12527.332   12484.299   12441.267   12398.234   12355.202   12312.169   12269.248   12226.216   12183.183   12140.151   12097.118   12054.086   12011.054   11968.021   11924.989   11881.956   11838.924   11795.891   11752.859   11709.827   11666.794   11623.762   11580.729   11537.697   11494.776   11451.632   11408.599   11365.567   11322.535   11279.502   11236.359   11193.215   11150.182   11106.816   11062.338   11015.637   10967.823   10919.564   10871.083   10822.602   10774.121   10725.529   10677.048   10628.567   10580.086   10531.494   10483.013   10434.532   10385.940   10337.459   10288.978   10240.497   10191.905   10143.424   10094.831   10046.350    9997.869    9949.389    9900.796    9852.315    9803.834    9755.354    9706.872    9658.280    9609.799    9561.207    9512.726    9464.134    9415.652    9367.172    9318.580    9270.099    9221.618    9173.025    9124.545    9075.952    9027.472    8978.879    8930.398    8881.806    8833.325    8784.844    8736.252    8687.771    8639.179    8590.697    8542.217    8493.624    8445.144    8396.552    8348.070    8299.479    8250.886    8202.405    8153.813    8105.332    8056.740    8007.925    7958.666    7909.184    7859.480    7809.776    7760.071    7710.256    7660.441    7610.625    7560.810    7510.995    7461.180    7411.364    7361.549    7311.733    7261.918    7212.103    7162.288    7112.361    7062.546    7012.730    6962.915    6913.100    6863.285    6813.469    6763.654    6713.838    6663.912    6614.097    6564.281    6514.466    6464.650    6414.835    6365.020    6315.093    6265.278    6215.463    6165.647    6115.832    6066.017    6016.090    5966.275    5916.459    5866.645    5816.829    5767.014    5717.087    5667.272    5617.457    5567.641    5517.826    5467.899    5418.084    5368.269    5318.342    5268.527    5218.711    5168.785    5118.858    5068.821    5018.449    4967.967    4917.707    4867.669    4813.517
   16627.979   16594.619   16557.703   16516.895   16474.195   16430.719   16387.131   16343.319   16299.397   16255.475   16211.442   16167.409   16123.376   16079.342   16035.309   15991.276   15947.243   15903.210   15859.065   15815.032   15770.999   15726.966   15682.932   15638.899   15594.866   15550.722   15506.688   15462.655   15418.622   15374.589   15330.556   15286.523   15242.489   15198.345   15154.312   15110.279   15066.245   15022.212   14978.179   14934.146   14890.001   14845.968   14801.935   14757.902   14713.869   14669.835   14625.802   14581.769   14537.736   14493.703   14449.670   14405.525   14361.492   14317.459   14273.426   14229.392   14185.359   14141.215   14097.182   14053.148   14009.115   13965.082   13921.049   13877.127   13833.316   13789.950   13746.695   13703.552   13660.408   13617.264   13574.232   13531.088   13488.056   13445.023   13401.991   13358.847   13315.815   13272.782   13229.639   13186.606   13143.463   13100.430   13057.398   13014.365   12971.222   12928.189   12885.046   12842.013   12798.870   12755.837   12712.805   12669.661   12626.629   12583.485   12540.453   12497.309   12454.277   12411.244   12368.100   12325.068   12282.036   12238.892   12195.860   12152.716   12109.683   12066.651   12023.507   11980.475   11937.443   11894.299   11851.266   11808.234   11765.090   11722.058   11678.914   11635.771   11592.738   11549.706   11506.673   11463.530   11420.386   11377.354   11334.210   11291.178   11248.034   11204.779   11161.636   11118.270   11073.792   11027.090   10979.387   10931.240   10882.870   10834.500   10786.019   10737.649   10689.168   10640.799   10592.318   10543.948   10495.467   10447.097   10398.616   10350.246   10301.876   10253.395   10205.026   10156.545   10108.064   10059.694   10011.324    9962.843    9914.474    9865.992    9817.622    9769.142    9720.771    9672.291    9623.921    9575.439    9526.959    9478.589    9430.108    9381.738    9333.258    9284.888    9236.406    9187.926    9139.556    9091.075    9042.594    8994.224    8945.743    8897.262    8848.893    8800.411    8752.041    8703.561    8655.079    8606.710    8558.229    8509.859    8461.378    8412.897    8364.416    8316.046    8267.565    8219.084    8170.603    8122.122    8073.641    8024.938    7975.790    7926.419    7876.826    7827.233    7777.640    7727.936    7678.232    7628.528    7578.824    7529.120    7479.416    7429.823    7380.119    7330.414    7280.710    7231.006    7181.302    7131.598    7081.894    7032.189    6982.374    6932.670    6882.966    6833.262    6783.558    6733.854    6684.149    6634.445    6584.741    6535.037    6485.333    6435.629    6385.925    6336.221    6286.405    6236.812    6187.108    6137.293    6087.588    6037.884    5988.180    5938.476    5888.772    5839.068    5789.364    5739.548    5689.844    5640.140    5590.436    5540.732    5491.028    5441.324    5391.508    5341.804    5292.100    5242.285    5192.470    5142.654    5092.728    5042.467    4992.318    4942.503    4892.577    4836.757
   16645.436   16609.631   16573.938   16533.352   16490.541   16447.176   16403.588   16359.776   16315.965   16271.932   16227.899   16183.866   16139.832   16095.799   16051.766   16007.622   15963.588   15919.444   15875.411   15831.378   15787.233   15743.200   15699.167   15655.023   15610.989   15566.845   15522.812   15478.779   15434.634   15390.601   15346.568   15302.535   15258.390   15214.246   15170.213   15126.179   15082.146   15038.002   14993.969   14949.824   14905.791   14861.758   14817.614   14773.580   14729.547   14685.514   14641.370   14597.336   14553.303   14509.159   14465.126   14420.981   14376.948   14332.804   14288.770   14244.737   14200.704   14156.560   14112.527   14068.493   14024.460   13980.316   13936.283   13892.249   13848.550   13805.073   13761.707   13718.563   13675.419   13632.276   13589.021   13545.988   13502.845   13459.701   13416.669   13373.525   13330.381   13287.238   13244.094   13200.950   13157.918   13114.774   13071.631   13028.487   12985.344   12942.311   12899.167   12856.024   12812.880   12769.737   12726.593   12683.449   12640.417   12597.162   12554.130   12510.986   12467.842   12424.699   12381.555   12338.411   12295.379   12252.235   12209.092   12165.948   12122.804   12079.661   12036.628   11993.485   11950.341   11907.198   11864.054   11821.021   11777.878   11734.734   11691.479   11648.447   11605.303   11562.160   11519.016   11475.872   11432.729   11389.585   11346.442   11303.298   11260.154   11216.899   11173.756   11130.279   11085.689   11039.099   10991.507   10943.360   10895.212   10846.843   10798.584   10750.214   10701.845   10653.586   10605.216   10556.846   10508.477   10460.218   10411.848   10363.590   10315.220   10266.961   10218.591   10170.222   10121.852   10073.593   10025.223    9976.854    9928.595    9880.226    9831.967    9783.597    9735.227    9686.969    9638.599    9590.229    9541.859    9493.601    9445.230    9396.861    9348.491    9300.232    9251.862    9203.493    9155.123    9106.753    9058.495    9010.125    8961.755    8913.386    8865.016    8816.646    8768.387    8720.018    8671.647    8623.277    8575.020    8526.649    8478.279    8429.910    8381.540    8333.170    8284.801    8236.431    8188.061    8139.691    8091.321    8042.618    7993.581    7944.321    7894.840    7845.358    7795.876    7746.395    7696.802    7647.208    7597.616    7548.023    7498.541    7448.948    7399.355    7349.762    7300.169    7250.576    7200.983    7151.501    7101.909    7052.316    7002.723    6953.130    6903.537    6853.944    6804.351    6754.758    6705.166    6655.572    6605.979    6556.387    6506.793    6457.201    6407.607    6358.015    6308.422    6258.829    6209.347    6159.754    6110.050    6060.457    6010.864    5961.271    5911.678    5862.085    5812.492    5762.899    5713.307    5663.713    5614.121    5564.528    5514.935    5465.342    5415.749    5366.156    5316.452    5266.859    5217.155    5167.451    5117.524    5067.486    5017.671    4968.412    4918.374    4860.108
   16662.893   16625.422   16590.949   16550.475   16507.664   16464.299   16420.711   16377.011   16333.200   16289.167   16245.134   16201.101   16156.956   16112.923   16068.779   16024.746   15980.601   15936.457   15892.424   15848.279   15804.246   15760.102   15716.069   15671.924   15627.780   15583.747   15539.602   15495.569   15451.425   15407.391   15363.247   15319.214   15275.069   15230.925   15186.781   15142.748   15098.603   15054.570   15010.426   14966.392   14922.248   14878.104   14834.070   14790.037   14745.893   14701.748   14657.715   14613.571   14569.538   14525.393   14481.360   14437.216   14393.071   14348.927   14304.894   14260.749   14216.716   14172.572   14128.539   14084.394   14040.361   13996.217   13952.183   13908.150   13864.339   13820.862   13777.496   13734.241   13690.987   13647.843   13604.588   13561.444   13518.301   13475.157   13431.902   13388.759   13345.615   13302.360   13259.217   13216.073   13172.818   13129.675   13086.531   13043.387   13000.244   12956.989   12913.845   12870.590   12827.447   12784.303   12741.048   12697.905   12654.761   12611.506   12568.363   12525.219   12481.964   12438.820   12395.677   12352.422   12309.278   12266.135   12222.991   12179.736   12136.593   12093.449   12050.194   12007.051   11963.907   11920.652   11877.508   11834.365   11791.221   11747.966   11704.712   11661.568   11618.424   11575.281   11532.026   11488.882   11445.627   11402.484   11359.229   11316.085   11272.830   11229.576   11186.321   11142.844   11098.143   11051.664   11004.184   10956.147   10908.000   10859.853   10811.594   10763.335   10715.077   10666.929   10618.671   10570.412   10522.154   10473.895   10425.748   10377.489   10329.230   10280.972   10232.824   10184.566   10136.307   10088.049   10039.790    9991.531    9943.384    9895.125    9846.867    9798.608    9750.461    9702.202    9653.943    9605.685    9557.427    9509.168    9460.909    9412.650    9364.503    9316.244    9267.986    9219.728    9171.469    9123.210    9074.951    9026.693    8978.435    8930.176    8881.917    8833.658    8785.400    8737.142    8688.883    8640.624    8592.365    8544.107    8495.849    8447.590    8399.331    8351.072    8302.814    8254.556    8206.297    8158.038    8109.668    8061.076    8012.150    7963.002    7913.632    7864.373    7815.002    7765.520    7716.038    7666.668    7617.186    7567.704    7518.334    7468.852    7419.481    7370.000    7320.518    7271.036    7221.666    7172.184    7122.702    7073.221    7023.850    6974.368    6924.886    6875.405    6826.034    6776.552    6727.071    6677.589    6628.107    6578.737    6529.255    6479.773    6430.292    6380.810    6331.328    6281.958    6232.476    6182.994    6133.512    6084.030    6034.549    5985.067    5935.696    5886.215    5836.733    5787.251    5737.770    5688.288    5638.806    5589.324    5539.842    5490.361    5440.879    5391.397    5342.027    5292.434    5242.952    5193.248    5143.433    5093.617    5044.247    4995.432    4944.616    4883.348
   16680.352   16642.211   16608.740   16568.266   16525.455   16482.201   16438.725   16395.137   16351.214   16307.181   16263.148   16219.114   16174.970   16130.826   16086.681   16042.648   15998.504   15954.359   15910.215   15866.070   15821.926   15777.893   15733.749   15689.604   15645.460   15601.315   15557.171   15513.138   15468.993   15424.849   15380.705   15336.671   15292.527   15248.383   15204.238   15160.094   15115.950   15071.916   15027.772   14983.628   14939.483   14895.339   14851.194   14807.161   14763.017   14718.872   14674.728   14630.695   14586.550   14542.406   14498.262   14454.117   14409.973   14365.829   14321.795   14277.651   14233.507   14189.362   14145.329   14101.185   14057.040   14012.896   13968.863   13924.829   13880.907   13837.319   13793.953   13750.698   13707.443   13664.189   13620.934   13577.679   13534.424   13491.280   13448.026   13404.771   13361.516   13318.372   13275.118   13231.863   13188.608   13145.353   13102.209   13058.955   13015.700   12972.445   12929.190   12885.935   12842.792   12799.537   12756.282   12713.027   12669.884   12626.629   12583.374   12540.119   12496.864   12453.609   12410.466   12367.211   12323.956   12280.701   12237.446   12194.303   12151.048   12107.793   12064.538   12021.284   11978.140   11934.885   11891.630   11848.375   11805.121   11761.866   11718.611   11675.356   11632.212   11588.958   11545.703   11502.448   11459.193   11415.938   11372.684   11329.429   11286.174   11242.919   11199.553   11155.965   11111.264   11064.785   11017.416   10969.491   10921.455   10873.418   10825.271   10777.123   10728.976   10680.829   10632.681   10584.534   10536.386   10488.350   10440.203   10392.055   10343.908   10295.761   10247.613   10199.466   10151.318   10103.171   10055.135   10006.987    9958.840    9910.692    9862.545    9814.397    9766.250    9718.103    9669.956    9621.809    9573.661    9525.514    9477.366    9429.219    9381.071    9332.924    9284.776    9236.629    9188.481    9140.334    9092.187    9044.039    8995.892    8947.744    8899.597    8851.449    8803.303    8755.155    8707.008    8658.860    8610.602    8562.454    8514.307    8466.159    8418.012    8369.864    8321.605    8273.459    8225.312    8177.164    8128.905    8080.424    8031.609    7982.461    7933.313    7884.054    7834.906    7785.535    7736.276    7686.905    7637.646    7588.387    7539.016    7489.757    7440.386    7391.127    7341.756    7292.497    7243.126    7193.867    7144.497    7095.237    7045.867    6996.496    6947.237    6897.866    6848.607    6799.236    6749.977    6700.606    6651.236    6601.977    6552.606    6503.347    6453.976    6404.605    6355.346    6305.976    6256.716    6207.346    6157.975    6108.604    6059.345    6009.975    5960.604    5911.345    5861.974    5812.604    5763.233    5713.974    5664.603    5615.344    5565.973    5516.603    5467.232    5417.973    5368.603    5319.232    5269.750    5220.268    5170.564    5120.971    5072.045    5023.342    4970.969    4905.809
   16697.809   16660.225   16627.311   16586.725   16544.137   16500.994   16457.738   16414.039   16370.228   16326.195   16282.051   16238.018   16193.873   16149.729   16105.584   16061.440   16017.184   15973.040   15928.896   15884.751   15840.607   15796.462   15752.318   15708.174   15664.029   15619.885   15575.741   15531.596   15487.452   15443.307   15399.163   15355.019   15310.763   15266.619   15222.474   15178.330   15134.185   15090.041   15045.897   15001.752   14957.608   14913.464   14869.319   14825.175   14781.030   14736.886   14692.742   14648.597   14604.453   14560.308   14516.164   14471.909   14427.764   14383.620   14339.475   14295.331   14251.187   14207.042   14162.898   14118.753   14074.609   14030.465   13986.320   13942.287   13898.365   13854.777   13811.299   13767.933   13724.679   13681.313   13638.058   13594.692   13551.437   13508.182   13464.927   13421.672   13378.306   13335.052   13291.797   13248.431   13205.176   13161.921   13118.666   13075.300   13032.045   12988.791   12945.425   12902.170   12858.804   12815.549   12772.294   12729.039   12685.673   12642.418   12599.164   12555.798   12512.543   12469.288   12425.922   12382.667   12339.412   12296.046   12252.791   12209.537   12166.171   12122.916   12079.661   12036.406   11993.040   11949.785   11906.530   11863.164   11819.910   11776.655   11733.289   11690.034   11646.668   11603.413   11560.158   11516.792   11473.537   11430.282   11386.916   11343.550   11300.296   11256.930   11213.564   11169.864   11125.164   11078.684   11031.426   10983.612   10935.687   10887.651   10839.615   10791.579   10743.543   10695.506   10647.470   10599.434   10551.398   10503.473   10455.437   10407.400   10359.364   10311.328   10263.292   10215.256   10167.219   10119.183   10071.147   10023.111    9975.074    9927.038    9879.002    9830.966    9782.930    9734.894    9686.857    9638.821    9590.785    9542.749    9494.712    9446.676    9398.640    9350.604    9302.456    9254.420    9206.384    9158.348    9110.312    9062.275    9014.128    8966.092    8918.056    8870.020    8821.983    8773.947    8725.911    8677.874    8629.728    8581.690    8533.654    8485.618    8437.471    8389.435    8341.398    8293.362    8245.215    8197.179    8149.031    8100.662    8051.847    8002.921    7953.884    7904.847    7855.699    7806.551    7757.403    7708.255    7659.106    7609.958    7560.810    7511.551    7462.403    7413.254    7364.106    7314.847    7265.699    7216.551    7167.403    7118.143    7068.995    7019.847    6970.587    6921.439    6872.291    6823.143    6773.884    6724.736    6675.476    6626.328    6577.180    6527.920    6478.772    6429.624    6380.365    6331.217    6282.068    6232.809    6183.661    6134.402    6085.253    6035.994    5986.846    5937.698    5888.438    5839.291    5790.031    5740.883    5691.624    5642.476    5593.327    5544.068    5494.920    5445.660    5396.512    5347.253    5297.994    5248.512    5199.030    5149.771    5101.067    5051.808    4996.877    4926.936
   16715.266   16679.461   16646.436   16606.072   16563.818   16520.896   16477.643   16434.055   16390.133   16346.210   16302.066   16257.921   16213.777   16169.521   16125.377   16081.233   16036.977   15992.833   15948.577   15904.433   15860.288   15816.144   15771.888   15727.744   15683.488   15639.344   15595.200   15551.055   15506.800   15462.655   15418.511   15374.255   15330.111   15285.967   15241.711   15197.567   15153.422   15109.167   15065.022   15020.878   14976.622   14932.478   14888.334   14844.189   14799.934   14755.789   14711.645   14667.389   14623.245   14579.100   14534.956   14490.700   14446.556   14402.300   14358.156   14314.012   14269.867   14225.612   14181.467   14137.323   14093.179   14048.923   14004.779   13960.745   13916.823   13873.124   13829.647   13786.169   13742.803   13699.437   13656.071   13612.705   13569.450   13526.084   13482.718   13439.352   13395.986   13352.732   13309.366   13266.000   13222.634   13179.267   13136.013   13092.647   13049.281   13005.915   12962.549   12919.183   12875.817   12832.451   12789.196   12745.830   12702.464   12659.098   12615.732   12572.366   12529.111   12485.745   12442.379   12399.013   12355.647   12312.281   12269.026   12225.660   12182.294   12138.928   12095.562   12052.307   12008.941   11965.575   11922.209   11878.843   11835.477   11792.111   11748.745   11705.379   11662.124   11618.758   11575.392   11532.026   11488.660   11445.294   11401.928   11358.562   11315.085   11271.719   11228.352   11184.542   11139.730   11093.362   11046.215   10998.513   10950.699   10902.774   10854.849   10806.924   10758.999   10711.074   10663.149   10615.224   10567.299   10519.374   10471.449   10423.524   10375.599   10327.674   10279.749   10231.824   10183.899   10135.974   10088.049   10040.124    9992.198    9944.273    9896.349    9848.424    9800.498    9752.573    9704.648    9656.724    9608.799    9560.873    9512.837    9464.912    9416.987    9369.062    9321.137    9273.212    9225.287    9177.251    9129.326    9081.401    9033.476    8985.551    8937.515    8889.590    8841.665    8793.739    8745.814    8697.890    8649.854    8601.929    8554.003    8506.078    8458.042    8410.117    8362.081    8314.156    8266.230    8218.194    8170.158    8121.900    8073.196    8024.382    7975.567    7926.642    7877.604    7828.679    7779.642    7730.605    7681.568    7632.642    7583.605    7534.568    7485.531    7436.494    7387.458    7338.420    7289.383    7240.347    7191.310    7142.384    7093.347    7044.310    6995.273    6946.236    6897.199    6848.162    6799.125    6750.088    6701.051    6652.014    6602.977    6553.940    6504.903    6455.755    6406.718    6357.681    6308.644    6259.607    6210.570    6161.533    6112.496    6063.459    6014.422    5965.385    5916.349    5867.200    5818.163    5769.126    5720.089    5671.053    5622.016    5572.979    5523.941    5474.905    5425.756    5376.720    5327.571    5278.312    5229.053    5180.016    5131.312    5080.830    5023.008    4951.399
   16732.725   16699.588   16666.229   16626.422   16584.502   16541.912   16498.770   16455.182   16411.260   16367.226   16323.082   16278.937   16234.682   16190.537   16146.282   16102.026   16057.882   16013.626   15969.482   15925.226   15880.971   15836.826   15792.571   15748.426   15704.171   15659.915   15615.771   15571.515   15527.371   15483.115   15438.971   15394.715   15350.460   15306.315   15262.060   15217.915   15173.660   15129.404   15085.260   15041.004   14996.749   14952.604   14908.349   14864.204   14819.949   14775.804   14731.549   14687.404   14643.149   14599.004   14554.749   14510.493   14466.238   14422.093   14377.838   14333.693   14289.438   14245.293   14201.038   14156.893   14112.638   14068.493   14024.238   13980.205   13936.283   13892.472   13848.883   13805.406   13762.040   13718.563   13675.197   13631.720   13588.354   13544.988   13501.622   13458.144   13414.778   13371.301   13327.935   13284.569   13241.092   13197.726   13154.360   13110.883   13067.517   13024.151   12980.673   12937.196   12893.830   12850.464   12806.987   12763.621   12720.144   12676.778   12633.412   12589.934   12546.568   12503.091   12459.725   12416.359   12372.882   12329.516   12286.039   12242.673   12199.307   12155.829   12112.463   12069.097   12025.620   11982.254   11938.777   11895.411   11852.045   11808.568   11765.090   11721.724   11678.358   11634.881   11591.515   11548.038   11504.672   11461.195   11417.829   11374.351   11330.874   11287.508   11244.031   11200.109   11155.186   11108.929   11061.782   11014.302   10966.488   10918.786   10870.972   10823.047   10775.233   10727.419   10679.606   10631.792   10583.978   10536.164   10488.461   10440.648   10392.834   10345.020   10297.206   10249.392   10201.579   10153.765   10105.951   10058.137   10010.323    9962.510    9914.695    9866.882    9819.068    9771.254    9723.440    9675.516    9627.701    9579.888    9532.074    9484.260    9436.446    9388.633    9340.818    9292.894    9245.080    9197.266    9149.452    9101.639    9053.713    9005.899    8958.086    8910.271    8862.458    8814.645    8766.719    8718.905    8671.092    8623.277    8575.464    8527.539    8479.726    8431.911    8383.986    8336.173    8288.358    8240.434    8192.509    8144.250    8095.769    8047.065    7998.362    7949.548    7900.733    7851.918    7803.104    7754.178    7705.364    7656.549    7607.624    7558.809    7509.883    7461.068    7412.143    7363.328    7314.402    7265.588    7216.662    7167.736    7118.921    7069.996    7021.181    6972.255    6923.441    6874.515    6825.589    6776.775    6727.849    6679.035    6630.109    6581.183    6532.368    6483.442    6434.517    6385.702    6336.776    6287.851    6239.036    6190.110    6141.185    6092.370    6043.444    5994.519    5945.593    5896.778    5847.853    5798.927    5750.112    5701.187    5652.261    5603.334    5554.520    5505.594    5456.668    5407.854    5358.817    5309.780    5260.743    5211.929    5162.669    5110.630    5051.363    4982.867
   16750.293   16720.604   16687.023   16647.771   16606.406   16564.152   16521.119   16477.531   16433.609   16389.465   16345.321   16301.176   16256.921   16212.665   16168.410   16124.154   16079.898   16035.643   15991.387   15947.132   15902.987   15858.732   15814.476   15770.220   15725.965   15681.709   15637.454   15593.309   15549.054   15504.798   15460.543   15416.287   15372.031   15327.776   15283.520   15239.265   15195.120   15150.865   15106.609   15062.354   15018.098   14973.842   14929.587   14885.442   14841.187   14796.931   14752.676   14708.420   14664.165   14620.020   14575.765   14531.509   14487.253   14442.998   14398.742   14354.487   14310.231   14266.087   14221.831   14177.576   14133.320   14089.064   14044.809   14000.776   13956.742   13913.043   13869.343   13825.866   13782.278   13738.800   13695.323   13651.846   13608.480   13565.003   13521.525   13478.048   13434.571   13391.094   13347.617   13304.139   13260.662   13217.185   13173.708   13130.231   13086.753   13043.276   12999.799   12956.322   12912.844   12869.367   12825.890   12782.413   12738.936   12695.458   12651.981   12608.504   12565.027   12521.549   12478.183   12434.706   12391.229   12347.752   12304.275   12260.797   12217.320   12173.843   12130.366   12086.889   12043.411   11999.934   11956.457   11912.980   11869.502   11826.025   11782.548   11739.071   11695.594   11652.116   11608.639   11565.162   11521.685   11478.207   11434.730   11391.142   11347.665   11304.187   11260.599   11216.677   11171.643   11125.386   11078.462   11030.982   10983.390   10935.687   10887.985   10840.282   10792.580   10744.877   10697.174   10649.472   10601.769   10554.066   10506.364   10458.661   10410.959   10363.367   10315.665   10267.851   10220.148   10172.445   10124.854   10077.151   10029.449    9981.746    9934.044    9886.341    9838.639    9790.936    9743.233    9695.530    9647.828    9600.125    9552.423    9504.720    9457.018    9409.203    9361.501    9313.798    9266.096    9218.393    9170.690    9122.988    9075.285    9027.472    8979.769    8932.066    8884.363    8836.661    8788.958    8741.256    8693.553    8645.739    8598.036    8550.334    8502.631    8454.817    8407.115    8359.412    8311.710    8263.896    8215.971    8167.935    8119.565    8071.084    8022.492    7973.788    7925.196    7876.493    7827.789    7779.086    7730.382    7681.679    7633.087    7584.384    7535.680    7486.977    7438.273    7389.459    7340.755    7292.052    7243.349    7194.646    7145.942    7097.239    7048.535    6999.832    6951.128    6902.425    6853.610    6804.907    6756.204    6707.500    6658.797    6610.094    6561.390    6512.576    6463.872    6415.169    6366.465    6317.762    6268.948    6220.244    6171.541    6122.837    6074.134    6025.319    5976.616    5927.913    5879.209    5830.395    5781.691    5732.988    5684.285    5635.470    5586.767    5538.063    5489.360    5440.657    5391.842    5343.027    5294.213    5245.287    5195.361    5142.321    5083.499    5019.228
   16767.750   16742.510   16708.928   16670.455   16629.758   16587.838   16544.805   16501.217   16457.295   16413.150   16368.894   16324.638   16280.383   16236.127   16191.872   16147.505   16103.249   16058.994   16014.738   15970.483   15926.116   15881.860   15837.605   15793.349   15749.093   15704.727   15660.471   15616.215   15571.960   15527.704   15483.449   15439.193   15394.826   15350.571   15306.315   15262.060   15217.804   15173.548   15129.182   15084.926   15040.671   14996.415   14952.159   14907.904   14863.537   14819.281   14775.026   14730.770   14686.515   14642.259   14598.004   14553.637   14509.381   14465.126   14420.870   14376.614   14332.359   14287.992   14243.737   14199.481   14155.225   14110.970   14066.714   14022.570   13978.537   13934.726   13891.026   13847.438   13803.849   13760.261   13716.784   13673.195   13629.718   13586.241   13542.653   13499.064   13455.587   13411.998   13368.521   13324.933   13281.456   13237.867   13194.390   13150.802   13107.324   13063.736   13020.148   12976.670   12933.082   12889.494   12846.016   12802.428   12758.951   12715.362   12671.774   12628.297   12584.708   12541.231   12497.643   12454.165   12410.577   12367.100   12323.511   12279.923   12236.446   12192.857   12149.380   12105.792   12062.314   12018.726   11975.249   11931.660   11888.072   11844.595   11801.006   11757.418   11713.941   11670.352   11626.875   11583.287   11539.698   11496.221   11452.633   11409.044   11365.456   11321.867   11278.279   11234.246   11189.212   11142.955   11096.031   11048.661   11001.181   10953.590   10905.998   10858.407   10810.816   10763.335   10715.744   10668.152   10620.561   10572.970   10525.378   10477.898   10430.307   10382.715   10335.124   10287.532   10239.941   10192.461   10144.869   10097.278   10049.686   10002.095    9954.614    9907.023    9859.432    9811.840    9764.249    9716.657    9669.066    9621.475    9573.883    9526.292    9478.700    9431.109    9383.518    9335.926    9288.335    9240.743    9193.151    9145.561    9097.969    9050.378    9002.786    8955.194    8907.604    8860.012    8812.420    8764.829    8717.237    8669.646    8622.055    8574.463    8526.761    8479.169    8431.578    8383.986    8336.395    8288.692    8240.989    8192.953    8144.695    8096.325    8047.955    7999.474    7950.993    7902.512    7854.031    7805.439    7756.958    7708.477    7659.885    7611.404    7562.812    7514.331    7465.739    7417.258    7368.666    7320.185    7271.592    7223.111    7174.519    7126.038    7077.446    7028.965    6980.373    6931.892    6883.299    6834.708    6786.227    6737.634    6689.153    6640.561    6592.080    6543.488    6494.896    6446.415    6397.822    6349.341    6300.750    6252.157    6203.676    6155.084    6106.492    6058.011    6009.418    5960.826    5912.345    5863.753    5815.161    5766.680    5718.088    5669.496    5621.015    5572.422    5523.831    5475.350    5426.757    5378.276    5329.573    5280.425    5229.942    5176.680    5119.637    5058.702
   16787.988   16765.525   16732.391   16694.807   16654.664   16612.855   16569.934   16526.346   16482.312   16438.168   16393.912   16349.546   16305.290   16260.924   16216.668   16172.301   16128.046   16083.679   16039.423   15995.057   15950.801   15906.434   15862.179   15817.812   15773.556   15729.190   15684.934   15640.567   15596.312   15552.056   15507.689   15463.322   15419.067   15374.700   15330.445   15286.189   15241.822   15197.567   15153.200   15108.944   15064.577   15020.322   14975.955   14931.700   14887.333   14843.077   14798.710   14754.455   14710.199   14665.832   14621.577   14577.210   14532.843   14488.588   14444.221   14399.965   14355.710   14311.343   14267.087   14222.721   14178.465   14134.098   14089.843   14045.698   14001.665   13957.743   13914.044   13870.344   13826.756   13783.056   13739.468   13695.879   13652.291   13608.702   13565.114   13521.525   13477.826   13434.237   13390.649   13347.061   13303.472   13259.884   13216.295   13172.596   13129.007   13085.419   13041.831   12998.131   12954.543   12910.954   12867.366   12823.777   12780.078   12736.489   12692.901   12649.312   12605.613   12562.024   12518.436   12474.848   12431.259   12387.560   12343.971   12300.383   12256.794   12213.206   12169.618   12125.918   12082.330   12038.741   11995.153   11951.564   11907.865   11864.276   11820.688   11776.988   11733.400   11689.811   11646.223   11602.635   11558.935   11515.347   11471.758   11428.059   11384.470   11340.771   11297.071   11252.927   11207.781   11161.636   11114.822   11067.565   11020.196   10972.715   10925.235   10877.866   10830.386   10782.906   10735.425   10688.056   10640.576   10593.096   10545.727   10498.247   10450.878   10403.397   10355.917   10308.437   10261.068   10213.588   10166.107   10118.738   10071.258   10023.778    9976.409    9928.929    9881.448    9834.079    9786.599    9739.119    9691.639    9644.158    9596.789    9549.310    9501.829    9454.349    9406.868    9359.389    9312.020    9264.539    9217.059    9169.578    9122.099    9074.618    9027.138    8979.657    8932.288    8884.809    8837.328    8789.848    8742.367    8694.888    8647.407    8599.927    8552.446    8504.967    8457.486    8410.006    8362.525    8315.045    8267.343    8219.529    8171.382    8123.234    8074.976    8026.717    7978.347    7930.088    7881.719    7833.349    7785.090    7736.721    7688.351    7640.092    7591.722    7543.353    7494.983    7446.613    7398.243    7349.874    7301.615    7253.245    7204.875    7156.505    7108.136    7059.766    7011.396    6963.026    6914.768    6866.398    6818.028    6769.658    6721.289    6672.918    6624.549    6576.179    6527.810    6479.439    6431.070    6382.700    6334.330    6285.960    6237.591    6189.221    6140.851    6092.481    6044.111    5995.742    5947.372    5899.002    5850.632    5802.263    5753.893    5705.523    5657.153    5608.783    5560.414    5512.155    5463.785    5415.416    5366.823    5317.453    5266.859    5214.486    5159.667    5099.955
   16811.672   16789.545   16757.520   16720.826   16681.352   16639.654   16596.621   16552.922   16508.889   16464.633   16420.377   16376.010   16331.644   16287.277   16242.910   16198.655   16154.288   16109.921   16065.554   16021.187   15976.932   15932.565   15888.198   15843.832   15799.465   15755.098   15710.842   15666.476   15622.109   15577.742   15533.486   15489.120   15444.753   15400.386   15356.019   15311.764   15267.397   15223.030   15178.663   15134.297   15090.041   15045.674   15001.308   14956.941   14912.574   14868.318   14823.952   14779.585   14735.329   14690.963   14646.596   14602.229   14557.862   14513.495   14469.129   14424.873   14380.506   14336.140   14291.884   14247.517   14203.150   14158.784   14114.528   14070.272   14026.239   13982.317   13938.506   13894.696   13850.996   13807.296   13763.597   13720.008   13676.309   13632.609   13588.910   13545.321   13501.622   13457.922   13414.222   13370.523   13326.823   13283.235   13239.535   13195.836   13152.136   13108.436   13064.737   13021.037   12977.337   12933.749   12890.049   12846.350   12802.650   12758.951   12715.251   12671.551   12627.963   12584.263   12540.564   12496.864   12453.165   12409.465   12365.877   12322.177   12278.477   12234.778   12191.078   12147.379   12103.790   12060.091   12016.391   11972.691   11928.992   11885.292   11841.593   11797.893   11754.305   11710.605   11666.905   11623.206   11579.506   11535.806   11492.107   11448.407   11404.708   11361.008   11317.197   11272.830   11227.685   11181.539   11134.838   11087.691   11040.433   10993.064   10945.806   10898.437   10851.179   10803.810   10756.441   10709.183   10661.926   10614.557   10567.299   10519.930   10472.672   10425.414   10378.045   10330.787   10283.418   10236.160   10188.791   10141.533   10094.164   10046.906    9999.537    9952.279    9904.910    9857.652    9810.283    9763.025    9715.656    9668.288    9621.030    9573.661    9526.403    9479.034    9431.665    9384.407    9337.038    9289.780    9242.411    9195.042    9147.784    9100.415    9053.046    9005.788    8958.419    8911.050    8863.792    8816.423    8769.165    8721.797    8674.428    8627.059    8579.689    8532.432    8485.062    8437.693    8390.324    8342.955    8295.364    8247.661    8199.736    8151.700    8103.664    8055.517    8007.480    7959.333    7911.186    7863.038    7814.891    7766.743    7718.596    7670.448    7622.301    7574.154    7526.006    7477.859    7429.711    7381.564    7333.305    7285.158    7237.011    7188.863    7140.716    7092.568    7044.421    6996.163    6948.015    6899.868    6851.720    6803.573    6755.425    6707.167    6659.020    6610.872    6562.725    6514.577    6466.430    6418.171    6370.024    6321.876    6273.729    6225.470    6177.323    6129.176    6081.028    6032.770    5984.622    5936.475    5888.327    5840.180    5791.921    5743.774    5695.626    5647.368    5599.221    5551.184    5503.037    5454.890    5406.297    5357.038    5307.000    5255.962    5202.699    5142.321
   16835.244   16815.008   16784.764   16749.068   16709.818   16668.119   16625.088   16581.275   16537.133   16492.877   16448.510   16404.143   16359.665   16315.298   16270.931   16226.564   16182.198   16137.720   16093.353   16048.986   16004.619   15960.253   15915.886   15871.408   15827.041   15782.674   15738.308   15693.941   15649.574   15605.207   15560.840   15516.362   15471.996   15427.629   15383.262   15338.895   15294.529   15250.162   15205.795   15161.317   15116.950   15072.584   15028.217   14983.850   14939.483   14895.116   14850.750   14806.383   14762.016   14717.538   14673.171   14628.805   14584.438   14540.071   14495.593   14451.226   14406.859   14362.493   14318.126   14273.759   14229.392   14185.026   14140.659   14096.403   14052.370   14008.337   13964.415   13920.604   13876.904   13833.094   13789.394   13745.583   13701.884   13658.073   13614.373   13570.562   13526.863   13483.052   13439.352   13395.542   13351.842   13308.031   13264.332   13220.521   13176.821   13133.010   13089.311   13045.500   13001.689   12957.990   12914.179   12870.479   12826.668   12782.969   12739.158   12695.458   12651.648   12607.948   12564.137   12520.326   12476.627   12432.816   12389.116   12345.306   12301.606   12257.795   12214.096   12170.285   12126.585   12082.774   12039.075   11995.264   11951.564   11907.753   11863.943   11820.243   11776.432   11732.733   11688.922   11645.222   11601.411   11557.601   11513.901   11470.090   11426.279   11382.580   11338.658   11294.180   11248.924   11202.889   11156.187   11109.263   11062.116   11014.858   10967.712   10920.454   10873.307   10826.160   10778.903   10731.756   10684.609   10637.463   10590.316   10543.169   10496.023   10448.765   10401.618   10354.472   10307.325   10260.067   10212.920   10165.774   10118.627   10071.480   10024.334    9977.188    9929.930    9882.782    9835.636    9788.378    9741.231    9694.085    9646.827    9599.681    9552.534    9505.276    9458.129    9410.982    9363.836    9316.578    9269.432    9222.174    9175.027    9127.880    9080.622    9033.476    8986.329    8939.071    8891.925    8844.778    8797.521    8750.374    8703.115    8655.969    8608.711    8561.564    8514.307    8467.160    8419.902    8372.645    8325.275    8277.684    8229.870    8182.056    8134.243    8086.317    8038.393    7990.467    7942.542    7894.506    7846.581    7798.656    7750.731    7702.806    7654.881    7606.845    7558.920    7510.995    7463.070    7415.034    7367.109    7319.184    7271.259    7223.222    7175.297    7127.373    7079.336    7031.411    6983.486    6935.450    6887.525    6839.600    6791.675    6743.639    6695.714    6647.789    6599.752    6551.828    6503.902    6455.866    6407.941    6359.905    6311.980    6264.055    6216.019    6168.094    6120.169    6072.133    6024.208    5976.283    5928.246    5880.321    5832.285    5784.360    5736.435    5688.399    5640.474    5592.549    5544.624    5496.587    5448.218    5399.514    5350.589    5300.884    5247.845    5184.908
   16858.930   16842.141   16814.451   16779.537   16740.285   16698.477   16655.221   16611.410   16567.154   16522.898   16478.422   16433.943   16389.465   16345.098   16300.620   16256.253   16211.776   16167.409   16122.931   16078.564   16034.086   15989.719   15945.241   15900.763   15856.397   15812.030   15767.552   15723.185   15678.707   15634.340   15589.862   15545.496   15501.018   15456.651   15412.173   15367.806   15323.328   15278.961   15234.483   15190.117   15145.639   15101.272   15056.794   15012.427   14968.060   14923.582   14879.216   14834.738   14790.371   14745.893   14701.526   14657.048   14612.681   14568.203   14523.837   14479.359   14434.992   14390.625   14346.147   14301.780   14257.302   14212.936   14168.569   14124.313   14080.169   14036.024   13992.102   13948.180   13904.370   13860.559   13816.748   13772.937   13729.126   13685.204   13641.394   13597.583   13553.772   13509.850   13466.039   13422.228   13378.418   13334.607   13290.685   13246.874   13203.063   13159.252   13115.330   13071.520   13027.709   12983.787   12939.976   12896.165   12852.354   12808.432   12764.622   12720.811   12677.000   12633.189   12589.267   12545.456   12501.646   12457.835   12413.913   12370.102   12326.291   12282.480   12238.670   12194.748   12150.937   12107.126   12063.315   12019.393   11975.582   11931.772   11887.850   11844.039   11800.228   11756.417   11712.495   11668.684   11624.874   11580.952   11537.141   11493.330   11449.408   11405.597   11361.564   11316.975   11271.719   11225.684   11179.093   11132.280   11085.245   11038.098   10991.063   10944.027   10896.992   10849.956   10802.921   10755.885   10708.961   10661.926   10614.890   10567.855   10520.930   10473.895   10426.859   10379.824   10332.789   10285.753   10238.718   10191.682   10144.758   10097.722   10050.687   10003.652    9956.616    9909.581    9862.545    9815.510    9768.475    9721.438    9674.515    9627.479    9580.443    9533.408    9486.373    9439.337    9392.302    9345.267    9298.231    9251.195    9204.160    9157.125    9110.089    9063.054    9016.019    8968.982    8921.947    8874.912    8827.876    8780.841    8733.806    8686.659    8639.623    8592.588    8545.553    8498.517    8451.481    8404.335    8357.077    8309.597    8262.006    8214.414    8166.711    8119.009    8071.306    8023.604    7975.901    7928.087    7880.384    7832.682    7784.979    7737.276    7689.463    7641.760    7594.058    7546.244    7498.541    7450.838    7403.024    7355.322    7307.620    7259.806    7212.103    7164.400    7116.586    7068.884    7021.181    6973.367    6925.665    6877.962    6830.148    6782.446    6734.632    6686.929    6639.227    6591.413    6543.710    6496.008    6448.194    6400.491    6352.677    6304.975    6257.272    6209.458    6161.756    6113.942    6066.239    6018.537    5970.723    5923.020    5875.207    5827.504    5779.690    5731.987    5684.285    5636.582    5588.768    5540.843    5493.029    5445.327    5397.735    5348.587    5294.213    5227.051
   16882.615   16871.494   16846.588   16812.117   16772.754   16730.723   16687.467   16643.434   16599.180   16554.701   16510.223   16465.635   16421.156   16376.678   16332.200   16287.722   16243.244   16198.766   16154.399   16109.921   16065.443   16020.965   15976.487   15932.009   15887.531   15843.164   15798.686   15754.208   15709.730   15665.252   15620.886   15576.408   15531.930   15487.452   15442.974   15398.496   15354.129   15309.651   15265.173   15220.695   15176.217   15131.739   15087.372   15042.894   14998.416   14953.939   14909.461   14865.094   14820.616   14776.138   14731.660   14687.182   14642.704   14598.226   14553.859   14509.381   14464.903   14420.425   14376.058   14331.581   14287.103   14242.625   14198.258   14153.891   14109.747   14065.602   14021.569   13977.647   13933.725   13889.803   13845.881   13801.959   13758.037   13714.115   13670.304   13626.382   13582.460   13538.538   13494.616   13450.694   13406.772   13362.850   13318.928   13275.006   13231.084   13187.162   13143.240   13099.318   13055.396   13011.474   12967.552   12923.630   12879.708   12835.786   12791.864   12747.942   12704.020   12660.098   12616.176   12572.254   12528.332   12484.410   12440.488   12396.566   12352.644   12308.722   12264.800   12220.878   12176.956   12133.034   12089.112   12045.190   12001.268   11957.346   11913.424   11869.502   11825.580   11781.658   11737.736   11693.814   11649.892   11605.970   11562.048   11518.126   11474.204   11430.282   11386.138   11341.438   11296.070   11250.036   11203.667   11156.854   11110.041   11063.117   11016.193   10969.268   10922.344   10875.531   10828.607   10781.794   10734.869   10688.056   10641.243   10594.319   10547.506   10500.693   10453.769   10406.956   10360.031   10313.218   10266.294   10219.481   10172.557   10125.744   10078.931   10032.006    9985.193    9938.269    9891.456    9844.531    9797.719    9750.794    9703.981    9657.057    9610.133    9563.319    9516.396    9469.582    9422.658    9375.845    9328.921    9282.107    9235.184    9188.259    9141.446    9094.521    9047.709    9000.784    8953.972    8907.047    8860.123    8813.310    8766.386    8719.461    8672.648    8625.724    8578.911    8531.986    8485.062    8438.027    8390.991    8343.622    8296.254    8248.885    8201.404    8153.924    8106.444    8058.853    8011.372    7963.892    7916.412    7868.932    7821.451    7773.860    7726.379    7678.899    7631.419    7583.828    7536.347    7488.867    7441.387    7393.795    7346.315    7298.835    7251.244    7203.763    7156.283    7108.692    7061.211    7013.731    6966.251    6918.660    6871.179    6823.699    6776.107    6728.627    6681.147    6633.667    6586.076    6538.595    6491.115    6443.523    6396.043    6348.563    6300.972    6253.492    6206.011    6158.420    6110.939    6063.459    6015.868    5968.388    5920.908    5873.316    5825.836    5778.355    5730.875    5683.284    5635.692    5588.101    5541.065    5494.475    5447.551    5397.735    5339.914    5267.749
   16922.090   16903.854   16880.836   16846.811   16807.336   16765.080   16721.715   16677.570   16633.094   16588.504   16543.914   16499.326   16454.848   16410.258   16365.780   16321.303   16276.713   16232.235   16187.757   16143.279   16098.801   16054.212   16009.734   15965.256   15920.778   15876.300   15831.711   15787.233   15742.755   15698.277   15653.799   15609.210   15564.732   15520.254   15475.776   15431.298   15386.709   15342.231   15297.753   15253.275   15208.797   15164.208   15119.730   15075.252   15030.774   14986.296   14941.818   14897.340   14852.751   14808.273   14763.795   14719.317   14674.728   14630.250   14585.772   14541.294   14496.816   14452.338   14407.749   14363.271   14318.793   14274.315   14229.837   14185.582   14141.326   14097.182   14053.037   14009.004   13964.971   13920.938   13877.016   13832.982   13789.060   13745.027   13700.994   13656.961   13613.039   13569.006   13524.973   13481.051   13437.017   13392.984   13348.951   13305.029   13260.996   13216.963   13172.929   13128.896   13084.974   13040.941   12996.908   12952.875   12908.953   12864.919   12820.886   12776.964   12732.931   12688.898   12644.865   12600.943   12556.909   12512.876   12468.843   12424.921   12380.888   12336.855   12292.933   12248.900   12204.866   12160.833   12116.911   12072.878   12028.845   11984.812   11940.890   11896.856   11852.823   11808.790   11764.868   11720.835   11676.802   11632.768   11588.735   11544.702   11500.780   11456.636   11412.380   11367.569   11322.201   11276.278   11229.909   11183.319   11136.505   11089.804   11042.991   10996.289   10949.587   10902.885   10856.183   10809.481   10762.779   10716.077   10669.376   10622.674   10576.083   10529.381   10482.679   10435.977   10389.276   10342.574   10295.872   10249.170   10202.468   10155.766   10109.064   10062.362   10015.661    9968.959    9922.257    9875.555    9828.854    9782.151    9735.449    9688.747    9642.046    9595.344    9548.642    9501.940    9455.238    9408.536    9361.724    9315.021    9268.319    9221.618    9174.916    9128.214    9081.512    9034.811    8988.108    8941.406    8894.705    8848.003    8801.301    8754.488    8707.786    8661.084    8614.382    8567.681    8520.867    8474.055    8427.130    8380.095    8332.837    8285.690    8238.432    8191.063    8143.805    8096.547    8049.290    8002.032    7954.774    7907.516    7860.258    7813.000    7765.743    7718.484    7671.227    7623.969    7576.711    7529.453    7482.084    7434.826    7387.568    7340.311    7293.053    7245.795    7198.537    7151.168    7103.910    7056.652    7009.395    6962.137    6914.879    6867.621    6820.363    6772.994    6725.736    6678.479    6631.221    6583.963    6536.705    6489.447    6442.078    6394.820    6347.562    6300.305    6253.047    6205.789    6158.531    6111.273    6063.904    6016.646    5969.388    5922.130    5874.873    5827.615    5780.357    5732.988    5685.619    5638.695    5592.326    5546.403    5498.923    5446.216    5382.835    5305.110
   16961.451   16940.324   16916.752   16883.281   16843.920   16801.775   16758.076   16713.820   16669.119   16624.420   16579.830   16535.131   16490.541   16445.951   16401.475   16356.885   16312.296   16267.818   16223.229   16178.751   16134.161   16089.683   16045.094   16000.505   15956.027   15911.438   15866.960   15822.371   15777.893   15733.304   15688.826   15644.237   15599.647   15555.169   15510.580   15466.102   15421.513   15377.035   15332.446   15287.857   15243.379   15198.790   15154.312   15109.723   15065.245   15020.655   14976.178   14931.588   14887.110   14842.521   14797.932   14753.454   14708.865   14664.387   14619.798   14575.320   14530.731   14486.253   14441.663   14397.074   14352.596   14308.007   14263.640   14219.162   14174.907   14130.651   14086.507   14042.363   13998.329   13954.185   13910.152   13866.119   13821.974   13777.941   13733.797   13689.763   13645.619   13601.586   13557.441   13513.408   13469.264   13425.119   13381.086   13337.053   13292.909   13248.764   13204.731   13160.587   13116.554   13072.409   13028.376   12984.232   12940.087   12896.054   12851.910   12807.876   12763.732   12719.699   12675.554   12631.521   12587.377   12543.344   12499.199   12455.166   12411.022   12366.989   12322.844   12278.811   12234.667   12190.633   12146.489   12102.456   12058.311   12014.278   11970.134   11926.101   11881.956   11837.923   11793.779   11749.634   11705.601   11661.457   11617.424   11573.279   11529.135   11484.990   11440.624   11395.701   11350.222   11304.410   11258.153   11211.673   11165.083   11118.492   11071.901   11025.311   10978.720   10932.240   10885.650   10839.170   10792.691   10746.100   10699.621   10653.141   10606.550   10560.071   10513.480   10467.001   10420.521   10373.931   10327.451   10280.972   10234.381   10187.902   10141.422   10094.831   10048.352   10001.761    9955.282    9908.691    9862.212    9815.621    9769.142    9722.551    9676.071    9629.592    9583.001    9536.521    9489.931    9443.451    9396.861    9350.382    9303.791    9257.312    9210.721    9164.241    9117.650    9071.171    9024.691    8978.101    8931.621    8885.030    8838.439    8791.961    8745.370    8698.891    8652.300    8605.820    8559.229    8512.527    8465.715    8418.901    8371.866    8324.941    8277.906    8230.871    8183.835    8136.800    8089.765    8042.840    7995.805    7948.770    7901.734    7854.698    7807.663    7760.739    7713.703    7666.668    7619.632    7572.597    7525.562    7478.526    7431.491    7384.566    7337.531    7290.496    7243.460    7196.424    7149.389    7102.354    7055.318    7008.394    6961.358    6914.323    6867.288    6820.252    6773.217    6726.181    6679.257    6632.221    6585.186    6538.150    6491.115    6444.080    6397.044    6350.120    6303.084    6256.049    6209.014    6161.978    6114.942    6068.018    6020.983    5973.947    5926.912    5879.876    5832.841    5785.806    5738.881    5692.402    5646.590    5600.221    5550.851    5494.475    5427.758    5354.703
   17000.926   16980.688   16954.891   16921.645   16882.838   16840.582   16796.771   16752.184   16707.371   16662.561   16617.748   16573.158   16528.459   16483.869   16439.279   16394.691   16350.102   16305.513   16260.924   16216.335   16171.745   16127.156   16082.567   16037.978   15993.500   15948.911   15904.322   15859.732   15815.143   15770.554   15725.965   15681.376   15636.787   15592.197   15547.608   15503.019   15458.430   15413.841   15369.252   15324.662   15280.073   15235.595   15191.006   15146.417   15101.828   15057.239   15012.649   14968.060   14923.471   14878.882   14834.293   14789.704   14745.114   14700.525   14656.047   14611.458   14566.869   14522.280   14477.691   14433.101   14388.512   14343.923   14299.445   14255.078   14210.712   14166.456   14122.200   14077.945   14033.800   13989.656   13945.401   13901.256   13857.112   13812.856   13768.712   13724.567   13680.423   13636.167   13592.023   13547.879   13503.623   13459.479   13415.334   13371.079   13326.934   13282.790   13238.534   13194.390   13150.134   13105.990   13061.846   13017.590   12973.446   12929.301   12885.046   12840.901   12796.757   12752.501   12708.357   12664.213   12619.957   12575.813   12531.668   12487.413   12443.268   12399.124   12354.979   12310.724   12266.580   12222.435   12178.180   12134.035   12089.891   12045.635   12001.491   11957.346   11913.091   11868.946   11824.802   11780.547   11736.402   11692.147   11648.002   11603.858   11559.602   11515.347   11470.757   11425.723   11380.356   11334.432   11288.287   11242.029   11195.661   11149.182   11102.813   11056.445   11010.077   10963.709   10917.340   10870.972   10824.715   10778.347   10731.978   10685.721   10639.353   10592.985   10546.616   10500.248   10453.991   10407.623   10361.254   10314.997   10268.629   10222.261   10175.893   10129.635   10083.267   10036.899    9990.530    9944.162    9897.905    9851.537    9805.169    9758.801    9712.432    9666.175    9619.807    9573.438    9527.070    9480.702    9434.444    9388.076    9341.708    9295.340    9248.972    9202.715    9156.347    9109.978    9063.609    9017.353    8970.984    8924.616    8878.248    8831.880    8785.511    8739.143    8692.886    8646.518    8600.038    8553.559    8506.968    8460.266    8413.564    8366.862    8320.049    8273.236    8226.534    8179.721    8132.908    8086.207    8039.504    7992.691    7945.989    7899.176    7852.475    7805.662    7758.849    7712.146    7665.333    7618.632    7571.818    7525.117    7478.304    7431.602    7384.789    7338.087    7291.274    7244.461    7197.759    7151.057    7104.244    7057.431    7010.729    6963.916    6917.214    6870.401    6823.699    6776.886    6730.184    6683.371    6636.669    6589.856    6543.154    6496.453    6449.639    6402.938    6356.125    6309.422    6262.609    6215.908    6169.095    6122.393    6075.580    6028.878    5982.176    5935.363    5888.550    5841.848    5795.368    5749.333    5703.299    5655.708    5604.224    5546.181    5482.688    5422.420
   17048.184   17024.166   16996.145   16962.785   16923.979   16881.613   16837.469   16792.658   16747.734   16702.812   16658.002   16613.301   16568.600   16524.012   16479.311   16434.721   16390.133   16345.432   16300.843   16256.253   16211.553   16166.964   16122.375   16077.674   16033.085   15988.496   15943.907   15899.207   15854.617   15810.028   15765.328   15720.739   15676.150   15631.449   15586.860   15542.271   15497.571   15452.981   15408.392   15363.803   15319.103   15274.513   15229.924   15185.224   15140.635   15096.046   15051.456   15006.756   14962.167   14917.578   14872.877   14828.288   14783.699   14738.999   14694.410   14649.820   14605.231   14560.531   14515.942   14471.353   14426.763   14382.174   14337.585   14293.107   14248.740   14204.374   14160.007   14115.751   14071.496   14027.240   13982.984   13938.618   13894.362   13850.106   13805.851   13761.595   13717.340   13673.084   13628.829   13584.462   13540.206   13495.951   13451.695   13407.439   13363.184   13318.817   13274.562   13230.306   13186.050   13141.795   13097.428   13053.172   13008.917   12964.661   12920.406   12876.150   12831.783   12787.528   12743.272   12699.017   12654.761   12610.505   12566.250   12521.883   12477.627   12433.372   12389.116   12344.861   12300.605   12256.238   12211.983   12167.727   12123.472   12079.216   12034.960   11990.705   11946.338   11902.083   11857.827   11813.571   11769.316   11724.949   11680.693   11636.438   11592.182   11547.704   11503.004   11457.970   11412.491   11366.679   11320.644   11274.610   11228.352   11182.095   11135.950   11089.692   11043.547   10997.401   10951.255   10905.109   10858.963   10812.817   10766.671   10720.525   10674.379   10628.233   10582.088   10535.942   10489.796   10443.650   10397.504   10351.358   10305.212   10259.066   10212.920   10166.775   10120.517   10074.372   10028.226    9982.080    9935.934    9889.788    9843.643    9797.496    9751.351    9705.204    9659.059    9612.913    9566.767    9520.621    9474.475    9428.329    9382.183    9336.037    9289.780    9243.635    9197.488    9151.343    9105.196    9059.051    9012.905    8966.759    8920.613    8874.467    8828.321    8782.176    8736.029    8689.772    8643.626    8597.258    8550.890    8504.521    8457.931    8411.451    8364.972    8318.381    8271.901    8225.422    8178.943    8132.463    8085.984    8039.504    7992.914    7946.434    7899.955    7853.475    7806.996    7760.516    7714.037    7667.558    7620.967    7574.487    7528.008    7481.528    7435.049    7388.569    7342.090    7295.610    7249.020    7202.540    7156.061    7109.581    7063.102    7016.622    6970.143    6923.663    6877.184    6830.704    6784.225    6737.746    6691.266    6644.787    6598.307    6551.828    6505.237    6458.757    6412.278    6365.798    6319.319    6272.839    6226.360    6179.880    6133.512    6087.033    6040.553    5993.962    5947.483    5901.226    5855.080    5809.045    5762.232    5713.529    5661.267    5605.225    5548.849    5496.699
   17095.553   17070.533   17041.400   17006.818   16967.455   16924.646   16880.279   16835.244   16790.213   16745.289   16700.477   16655.666   16610.965   16566.266   16521.676   16476.975   16432.275   16387.574   16342.986   16298.285   16253.585   16208.996   16164.295   16119.706   16075.006   16030.305   15985.605   15941.016   15896.316   15851.726   15807.026   15762.326   15717.625   15673.036   15628.336   15583.635   15539.046   15494.346   15449.645   15405.056   15360.356   15315.656   15271.066   15226.366   15181.777   15137.077   15092.376   15047.787   15003.087   14958.386   14913.686   14869.097   14824.396   14779.807   14735.107   14690.407   14645.817   14601.117   14556.417   14511.827   14467.127   14422.538   14377.949   14333.471   14288.993   14244.515   14200.148   14155.781   14111.415   14067.048   14022.681   13978.314   13933.947   13889.581   13845.214   13800.847   13756.480   13712.114   13667.747   13623.380   13579.013   13534.646   13490.280   13445.913   13401.546   13357.179   13312.813   13268.446   13224.079   13179.712   13135.345   13090.979   13046.612   13002.245   12957.878   12913.512   12869.145   12824.778   12780.411   12736.045   12691.678   12647.311   12602.944   12558.577   12514.211   12469.844   12425.477   12381.110   12336.744   12292.377   12248.010   12203.643   12159.276   12114.910   12070.543   12026.176   11981.809   11937.443   11893.076   11848.709   11804.342   11759.975   11715.609   11671.242   11626.764   11582.286   11537.474   11492.329   11446.851   11401.149   11355.337   11309.302   11263.379   11217.344   11171.310   11125.275   11079.351   11033.428   10987.393   10941.470   10895.546   10849.623   10803.699   10757.664   10711.741   10665.817   10619.894   10573.859   10527.936   10482.012   10436.089   10390.165   10344.130   10298.207   10252.283   10206.360   10160.325   10114.402   10068.478   10022.555    9976.520    9930.597    9884.673    9838.749    9792.826    9746.791    9700.868    9654.944    9609.021    9562.986    9517.062    9471.139    9425.216    9379.181    9333.258    9287.334    9241.410    9195.486    9149.452    9103.528    9057.605    9011.682    8965.646    8919.724    8873.800    8827.876    8781.842    8735.918    8689.884    8643.737    8597.592    8551.445    8505.188    8458.932    8412.675    8366.418    8320.160    8273.903    8227.758    8181.500    8135.243    8089.097    8042.840    7996.694    7950.438    7904.180    7858.034    7811.777    7765.520    7719.263    7673.117    7626.860    7580.603    7534.457    7488.200    7441.943    7395.797    7349.540    7303.394    7257.137    7210.880    7164.734    7118.477    7072.331    7026.074    6979.817    6933.671    6887.414    6841.268    6795.011    6748.865    6702.608    6656.351    6610.205    6563.948    6517.802    6471.545    6425.399    6379.142    6332.996    6286.739    6240.593    6194.336    6148.190    6101.933    6055.787    6009.641    5963.606    5917.683    5871.314    5824.057    5775.020    5723.759    5671.720    5621.237    5572.645
   17142.922   17121.016   17090.438   17053.855   17012.936   16969.568   16924.869   16879.836   16834.801   16789.879   16744.955   16700.256   16655.443   16610.742   16566.043   16521.342   16476.643   16431.941   16387.240   16342.541   16297.840   16253.140   16208.440   16163.739   16119.039   16074.339   16029.638   15984.938   15940.238   15895.537   15850.837   15806.136   15761.436   15716.736   15672.035   15627.335   15582.635   15537.934   15493.234   15448.534   15403.833   15359.133   15314.432   15269.732   15225.032   15180.331   15135.631   15090.931   15046.119   15001.419   14956.718   14912.018   14867.318   14822.617   14777.917   14733.217   14688.516   14643.816   14599.116   14554.415   14509.826   14465.126   14420.536   14375.947   14331.469   14286.880   14242.402   14197.924   14153.446   14109.079   14064.601   14020.124   13975.646   13931.168   13886.690   13842.323   13797.845   13753.367   13708.889   13664.411   13619.933   13575.455   13531.088   13486.610   13442.132   13397.654   13353.176   13308.698   13264.220   13219.742   13175.264   13130.898   13086.420   13041.942   12997.464   12952.986   12908.508   12864.030   12819.663   12775.185   12730.707   12686.229   12641.751   12597.384   12552.906   12508.428   12463.951   12419.473   12374.995   12330.517   12286.150   12241.672   12197.194   12152.716   12108.238   12063.760   12019.393   11974.915   11930.437   11885.959   11841.481   11797.003   11752.525   11708.047   11663.569   11618.869   11573.946   11528.801   11483.322   11437.844   11392.143   11346.330   11300.629   11254.817   11209.005   11163.192   11117.491   11071.679   11025.978   10980.165   10934.464   10888.763   10843.062   10797.250   10751.549   10705.736   10660.035   10614.334   10568.522   10522.821   10477.120   10431.307   10385.606   10339.905   10294.093   10248.392   10202.690   10156.878   10111.177   10065.476   10019.664    9973.963    9928.262    9882.449    9836.748    9791.047    9745.234    9699.533    9653.721    9608.020    9562.319    9516.507    9470.806    9425.104    9379.292    9333.591    9287.890    9242.188    9196.376    9150.676    9104.863    9059.162    9013.461    8967.760    8921.947    8876.246    8830.434    8784.732    8738.921    8692.997    8647.073    8601.150    8555.115    8509.191    8463.157    8417.233    8371.311    8325.275    8279.352    8233.429    8187.505    8141.582    8095.658    8049.623    8003.700    7957.776    7911.853    7865.929    7819.895    7773.971    7728.047    7682.124    7636.200    7590.277    7544.242    7498.319    7452.395    7406.472    7360.548    7314.625    7268.701    7222.778    7176.743    7130.819    7084.896    7038.972    6993.049    6947.125    6901.202    6855.278    6809.355    6763.432    6717.508    6671.584    6625.661    6579.737    6533.814    6487.891    6441.967    6396.043    6350.120    6304.196    6258.273    6212.350    6166.426    6120.502    6074.690    6028.878    5982.954    5936.586    5889.217    5840.736    5791.699    5743.218    5695.960    5648.813
   17204.412   17176.504   17142.143   17102.779   17060.193   17016.049   16971.236   16926.314   16881.279   16836.357   16791.547   16746.734   16702.033   16657.223   16612.521   16567.711   16523.010   16478.311   16433.498   16388.799   16344.097   16299.286   16254.586   16209.774   16165.074   16120.373   16075.562   16030.861   15986.161   15941.349   15896.649   15851.949   15807.137   15762.437   15717.736   15672.925   15628.225   15583.524   15538.713   15494.012   15449.201   15404.500   15359.800   15314.988   15270.288   15225.588   15180.776   15136.076   15091.375   15046.564   15001.864   14957.163   14912.352   14867.651   14822.840   14778.139   14733.439   14688.627   14643.927   14599.227   14554.526   14509.826   14465.126   14420.536   14375.947   14331.358   14286.769   14242.180   14197.591   14153.113   14108.523   14063.934   14019.456   13974.867   13930.278   13885.800   13841.211   13796.622   13752.033   13707.555   13662.965   13618.376   13573.787   13529.309   13484.720   13440.131   13395.653   13351.064   13306.474   13261.885   13217.407   13172.818   13128.229   13083.751   13039.162   12994.573   12949.984   12905.506   12860.916   12816.327   12771.849   12727.260   12682.671   12638.193   12593.604   12549.015   12504.425   12459.948   12415.358   12370.769   12326.291   12281.702   12237.113   12192.524   12148.046   12103.457   12058.867   12014.389   11969.800   11925.211   11880.733   11836.144   11791.555   11746.966   11702.265   11657.565   11612.531   11567.386   11522.018   11476.651   11431.061   11385.582   11339.992   11294.513   11248.924   11203.334   11157.855   11112.265   11066.786   11021.196   10975.718   10930.239   10884.649   10839.170   10793.580   10748.102   10702.512   10657.033   10611.554   10565.964   10520.486   10475.007   10429.417   10383.938   10338.348   10292.870   10247.280   10201.801   10156.322   10110.732   10065.254   10019.664    9974.185    9928.706    9883.116    9837.638    9792.159    9746.569    9701.090    9655.500    9610.021    9564.543    9518.953    9473.475    9427.884    9382.405    9336.927    9291.337    9245.858    9200.380    9154.789    9109.311    9063.832    9018.242    8972.764    8927.174    8881.694    8836.104    8790.515    8744.925    8699.224    8653.522    8607.821    8562.120    8516.419    8470.719    8425.128    8379.428    8333.727    8288.025    8242.436    8196.734    8151.033    8105.443    8059.742    8014.041    7968.451    7922.750    7877.049    7831.348    7785.758    7740.057    7694.466    7648.766    7603.064    7557.475    7511.773    7466.072    7420.482    7374.781    7329.080    7283.490    7237.789    7192.199    7146.498    7100.908    7055.207    7009.506    6963.916    6918.215    6872.625    6826.924    6781.334    6735.633    6690.043    6644.342    6598.751    6553.051    6507.461    6461.760    6416.170    6370.468    6324.878    6279.289    6233.587    6187.998    6142.408    6096.707    6050.895    6004.637    5957.824    5910.566    5863.420    5817.051    5771.239    5724.982
   17265.902   17233.213   17194.850   17152.707   17108.896   17064.195   17019.385   16974.463   16929.650   16884.727   16839.916   16795.104   16750.293   16705.480   16660.670   16615.969   16571.158   16526.346   16481.646   16436.834   16392.023   16347.322   16302.511   16257.699   16212.887   16168.187   16123.376   16078.675   16033.864   15989.052   15944.241   15899.540   15854.729   15809.917   15765.217   15720.405   15675.594   15630.893   15586.082   15541.270   15496.570   15451.758   15406.947   15362.246   15317.435   15272.623   15227.923   15183.111   15138.300   15093.488   15048.788   15003.976   14959.276   14914.464   14869.653   14824.952   14780.141   14735.329   14690.629   14645.817   14601.006   14556.305   14511.605   14466.905   14422.316   14377.615   14332.915   14288.326   14243.625   14198.925   14154.336   14109.635   14065.046   14020.346   13975.757   13931.056   13886.467   13841.767   13797.066   13752.366   13707.777   13663.188   13618.487   13573.787   13529.198   13484.498   13439.908   13395.208   13350.508   13305.919   13261.218   13216.629   13171.929   13127.228   13082.639   13037.939   12993.350   12948.649   12904.060   12859.360   12814.659   12770.070   12725.481   12680.781   12636.080   12591.491   12546.791   12502.090   12457.501   12412.912   12368.212   12323.511   12278.922   12234.222   12189.521   12144.932   12100.343   12055.643   12010.942   11966.353   11921.653   11877.064   11832.363   11787.663   11742.851   11698.040   11653.006   11607.972   11562.716   11517.459   11472.203   11426.835   11381.579   11336.212   11290.955   11245.588   11200.220   11154.964   11109.708   11064.340   11019.084   10973.716   10928.460   10883.092   10837.836   10792.580   10747.212   10701.956   10656.588   10611.332   10566.076   10520.708   10475.452   10430.195   10384.828   10339.571   10294.204   10248.948   10203.691   10158.324   10113.067   10067.700   10022.444    9977.188    9931.819    9886.563    9841.195    9795.939    9750.683    9705.315    9660.060    9614.803    9569.436    9524.179    9478.923    9433.556    9388.299    9342.932    9297.675    9252.419    9207.051    9161.795    9116.538    9071.171    9025.915    8980.547    8935.291    8889.923    8844.556    8799.188    8753.709    8708.342    8662.975    8617.495    8572.128    8526.761    8481.393    8435.914    8390.547    8345.180    8299.812    8254.333    8208.966    8163.598    8118.230    8072.863    8027.495    7982.017    7936.649    7891.282    7845.914    7800.546    7755.068    7709.700    7664.333    7618.965    7573.598    7528.230    7482.863    7437.384    7392.016    7346.649    7301.281    7255.914    7210.546    7165.179    7119.811    7074.443    7029.076    6983.708    6938.230    6892.862    6847.495    6802.127    6756.760    6711.392    6666.025    6620.657    6575.290    6529.922    6484.555    6439.187    6393.819    6348.452    6303.084    6257.717    6212.350    6166.982    6121.392    6075.468    6029.434    5983.288    5937.476    5892.108    5846.963    5801.373
   17327.395   17289.922   17247.445   17203.301   17158.713   17113.900   17068.977   17024.166   16979.354   16934.432   16889.619   16844.809   16799.996   16755.186   16710.373   16665.562   16620.750   16575.939   16531.127   16486.316   16441.504   16396.693   16351.881   16307.070   16262.258   16217.446   16172.635   16127.823   16083.012   16038.200   15993.389   15948.577   15903.766   15858.954   15814.142   15769.331   15724.519   15679.819   15634.896   15590.085   15545.384   15500.462   15455.650   15410.838   15366.138   15321.215   15276.404   15231.703   15186.781   15141.969   15097.158   15052.457   15007.534   14962.723   14918.023   14873.211   14828.399   14783.588   14738.776   14693.965   14649.153   14604.342   14559.641   14514.830   14470.129   14425.318   14380.617   14335.806   14291.106   14246.294   14201.594   14156.782   14112.082   14067.381   14022.570   13977.869   13933.169   13888.358   13843.546   13798.846   13754.145   13709.334   13664.633   13619.822   13575.121   13530.421   13485.610   13440.909   13396.098   13351.397   13306.586   13261.885   13217.074   13172.373   13127.673   13082.861   13038.050   12993.350   12948.649   12903.838   12859.137   12814.437   12769.737   12724.925   12680.113   12635.413   12590.602   12545.901   12501.201   12456.389   12411.689   12366.877   12322.177   12277.365   12232.665   12187.965   12143.153   12098.453   12053.641   12008.941   11964.241   11919.429   11874.617   11829.917   11784.994   11740.183   11695.149   11650.226   11605.192   11560.047   11515.013   11469.979   11424.834   11379.800   11334.766   11289.621   11244.587   11199.442   11154.408   11109.374   11064.229   11019.195   10974.050   10929.016   10883.982   10838.948   10793.803   10748.769   10703.624   10658.590   10613.556   10568.411   10523.377   10478.343   10433.198   10388.164   10343.130   10297.985   10252.951   10207.917   10162.772   10117.738   10072.704   10027.558    9982.524    9937.380    9892.346    9847.312    9802.166    9757.133    9712.099    9666.953    9621.919    9576.886    9531.852    9486.706    9441.673    9396.639    9351.493    9306.459    9261.314    9216.280    9171.246    9126.102    9081.067    9036.033    8990.889    8945.854    8900.709    8855.564    8810.419    8765.385    8720.239    8675.095    8629.949    8584.805    8539.771    8494.625    8449.480    8404.335    8359.301    8314.156    8269.011    8223.977    8178.832    8133.687    8088.542    8043.396    7998.362    7953.217    7908.183    7863.038    7817.893    7772.748    7727.714    7682.569    7637.423    7592.390    7547.245    7502.099    7456.954    7411.920    7366.775    7321.630    7276.596    7231.451    7186.306    7141.272    7096.126    7051.093    7005.947    6960.802    6915.769    6870.624    6825.478    6780.444    6735.299    6690.154    6645.120    6600.086    6554.941    6509.796    6464.762    6419.617    6374.472    6329.438    6284.292    6239.147    6193.780    6148.523    6103.156    6057.789    6012.754    5967.721    5922.798    5877.653
