   3.0094637e+01   3.0094084e+01   3.0093531e+01   3.0092978e+01   3.0092425e+01   3.0091999e+01   3.0091573e+01   3.0091148e+01   3.0090793e+01   3.0090439e+01   3.0090084e+01   3.0089871e+01   3.0089658e+01   3.0089446e+01   3.0089233e+01   3.0089051e+01   3.0088894e+01   3.0088736e+01   3.0088579e+01   3.0088422e+01   3.0088265e+01   3.0088108e+01   3.0087951e+01   3.0087794e+01   3.0087637e+01   3.0087531e+01   3.0087424e+01   3.0087318e+01   3.0087211e+01   3.0087105e+01   3.0086999e+01   3.0086892e+01   3.0086786e+01   3.0086679e+01   3.0086573e+01   3.0086467e+01   3.0086360e+01   3.0086254e+01   3.0086147e+01   3.0086041e+01   3.0085936e+01   3.0085832e+01   3.0085727e+01   3.0085622e+01   3.0085518e+01   3.0085413e+01   3.0085309e+01   3.0085204e+01   3.0085100e+01   3.0084995e+01   3.0084891e+01   3.0084786e+01   3.0084682e+01   3.0084578e+01   3.0084473e+01   3.0084368e+01   3.0084264e+01   3.0084159e+01   3.0084055e+01   3.0083951e+01   3.0083846e+01   3.0083741e+01   3.0083637e+01   3.0083532e+01   3.0083428e+01   3.0083323e+01   3.0083219e+01   3.0083114e+01   3.0083009e+01   3.0082905e+01   3.0082800e+01   3.0082695e+01   3.0082591e+01   3.0082486e+01   3.0082382e+01   3.0082277e+01   3.0082173e+01   3.0082068e+01   3.0081964e+01   3.0081860e+01   3.0081755e+01   3.0081651e+01   3.0081546e+01   3.0081441e+01   3.0081337e+01   3.0081232e+01   3.0081128e+01   3.0081024e+01   3.0080919e+01   3.0080815e+01   3.0080710e+01   3.0080605e+01   3.0080501e+01   3.0080396e+01   3.0080292e+01   3.0080187e+01   3.0080082e+01   3.0079978e+01   3.0079873e+01   3.0079769e+01   3.0079664e+01   3.0079559e+01   3.0079455e+01   3.0079350e+01   3.0079246e+01   3.0079141e+01   3.0079037e+01   3.0078933e+01   3.0078828e+01   3.0078724e+01   3.0078619e+01   3.0078515e+01   3.0078410e+01   3.0078305e+01   3.0078201e+01   3.0078097e+01   3.0077992e+01   3.0077887e+01   3.0077783e+01   3.0077678e+01   3.0077574e+01   3.0077469e+01   3.0077365e+01   3.0077260e+01   3.0077155e+01   3.0077051e+01   3.0076946e+01   3.0076842e+01   3.0076737e+01   3.0076633e+01   3.0076528e+01   3.0076423e+01   3.0076319e+01   3.0076214e+01   3.0076110e+01   3.0076006e+01   3.0075901e+01   3.0075797e+01   3.0075692e+01   3.0075587e+01   3.0075483e+01   3.0075378e+01   3.0075274e+01   3.0075170e+01   3.0075065e+01   3.0074960e+01   3.0074856e+01   3.0074751e+01   3.0074647e+01   3.0074542e+01   3.0074438e+01   3.0074333e+01   3.0074229e+01   3.0074124e+01   3.0074019e+01   3.0073915e+01   3.0073810e+01   3.0073706e+01   3.0073601e+01   3.0073444e+01   3.0073287e+01   3.0073131e+01   3.0072974e+01   3.0072817e+01   3.0072660e+01   3.0072504e+01   3.0072347e+01   3.0072190e+01   3.0072033e+01   3.0071877e+01   3.0071720e+01   3.0071563e+01   3.0071406e+01   3.0071249e+01   3.0071092e+01   3.0070883e+01   3.0070674e+01   3.0070465e+01   3.0070256e+01   3.0070047e+01   3.0069838e+01   3.0069559e+01   3.0069281e+01   3.0069002e+01   3.0068723e+01   3.0068375e+01   3.0068026e+01   3.0067677e+01   3.0067329e+01   3.0066980e+01   3.0066632e+01   3.0066075e+01   3.0065517e+01   3.0064960e+01   3.0064402e+01   3.0063566e+01   3.0062730e+01   3.0061894e+01   3.0061057e+01   3.0059929e+01   3.0058801e+01   3.0057420e+01   3.0056039e+01   3.0054367e+01   3.0052694e+01   3.0051021e+01   3.0049349e+01   3.0047677e+01   3.0046004e+01
   3.0094234e+01   3.0093747e+01   3.0093237e+01   3.0092727e+01   3.0092228e+01   3.0091774e+01   3.0091357e+01   3.0090966e+01   3.0090603e+01   3.0090275e+01   3.0089984e+01   3.0089720e+01   3.0089476e+01   3.0089247e+01   3.0089031e+01   3.0088824e+01   3.0088627e+01   3.0088438e+01   3.0088257e+01   3.0088084e+01   3.0087922e+01   3.0087771e+01   3.0087629e+01   3.0087494e+01   3.0087365e+01   3.0087240e+01   3.0087118e+01   3.0086999e+01   3.0086883e+01   3.0086767e+01   3.0086653e+01   3.0086540e+01   3.0086428e+01   3.0086317e+01   3.0086206e+01   3.0086097e+01   3.0085987e+01   3.0085878e+01   3.0085770e+01   3.0085662e+01   3.0085555e+01   3.0085448e+01   3.0085342e+01   3.0085236e+01   3.0085130e+01   3.0085025e+01   3.0084920e+01   3.0084815e+01   3.0084710e+01   3.0084605e+01   3.0084500e+01   3.0084396e+01   3.0084291e+01   3.0084187e+01   3.0084082e+01   3.0083977e+01   3.0083873e+01   3.0083768e+01   3.0083664e+01   3.0083559e+01   3.0083455e+01   3.0083350e+01   3.0083246e+01   3.0083141e+01   3.0083037e+01   3.0082932e+01   3.0082828e+01   3.0082723e+01   3.0082619e+01   3.0082514e+01   3.0082409e+01   3.0082305e+01   3.0082200e+01   3.0082096e+01   3.0081991e+01   3.0081887e+01   3.0081782e+01   3.0081678e+01   3.0081573e+01   3.0081469e+01   3.0081365e+01   3.0081260e+01   3.0081156e+01   3.0081051e+01   3.0080947e+01   3.0080842e+01   3.0080738e+01   3.0080633e+01   3.0080529e+01   3.0080424e+01   3.0080320e+01   3.0080216e+01   3.0080111e+01   3.0080007e+01   3.0079902e+01   3.0079798e+01   3.0079693e+01   3.0079588e+01   3.0079484e+01   3.0079379e+01   3.0079275e+01   3.0079170e+01   3.0079066e+01   3.0078961e+01   3.0078856e+01   3.0078752e+01   3.0078647e+01   3.0078542e+01   3.0078438e+01   3.0078333e+01   3.0078228e+01   3.0078123e+01   3.0078018e+01   3.0077913e+01   3.0077808e+01   3.0077703e+01   3.0077597e+01   3.0077492e+01   3.0077386e+01   3.0077280e+01   3.0077175e+01   3.0077069e+01   3.0076962e+01   3.0076856e+01   3.0076749e+01   3.0076642e+01   3.0076535e+01   3.0076428e+01   3.0076320e+01   3.0076213e+01   3.0076105e+01   3.0075996e+01   3.0075888e+01   3.0075778e+01   3.0075669e+01   3.0075560e+01   3.0075450e+01   3.0075339e+01   3.0075229e+01   3.0075117e+01   3.0075006e+01   3.0074894e+01   3.0074782e+01   3.0074669e+01   3.0074556e+01   3.0074442e+01   3.0074329e+01   3.0074214e+01   3.0074100e+01   3.0073985e+01   3.0073870e+01   3.0073755e+01   3.0073639e+01   3.0073524e+01   3.0073409e+01   3.0073295e+01   3.0073180e+01   3.0073067e+01   3.0072954e+01   3.0072813e+01   3.0072672e+01   3.0072525e+01   3.0072378e+01   3.0072226e+01   3.0072074e+01   3.0071917e+01   3.0071761e+01   3.0071601e+01   3.0071441e+01   3.0071276e+01   3.0071111e+01   3.0070941e+01   3.0070771e+01   3.0070596e+01   3.0070420e+01   3.0070207e+01   3.0069994e+01   3.0069763e+01   3.0069533e+01   3.0069293e+01   3.0069053e+01   3.0068769e+01   3.0068485e+01   3.0068200e+01   3.0067915e+01   3.0067584e+01   3.0067253e+01   3.0066895e+01   3.0066537e+01   3.0066163e+01   3.0065789e+01   3.0065266e+01   3.0064742e+01   3.0064177e+01   3.0063611e+01   3.0062828e+01   3.0062044e+01   3.0061202e+01   3.0060359e+01   3.0059280e+01   3.0058201e+01   3.0056864e+01   3.0055527e+01   3.0053896e+01   3.0052266e+01   3.0050600e+01   3.0048934e+01   3.0047276e+01   3.0045618e+01
   3.0093830e+01   3.0093365e+01   3.0092892e+01   3.0092418e+01   3.0091953e+01   3.0091512e+01   3.0091105e+01   3.0090734e+01   3.0090391e+01   3.0090068e+01   3.0089760e+01   3.0089471e+01   3.0089204e+01   3.0088959e+01   3.0088733e+01   3.0088522e+01   3.0088325e+01   3.0088138e+01   3.0087960e+01   3.0087788e+01   3.0087621e+01   3.0087461e+01   3.0087308e+01   3.0087162e+01   3.0087023e+01   3.0086889e+01   3.0086759e+01   3.0086634e+01   3.0086512e+01   3.0086392e+01   3.0086274e+01   3.0086158e+01   3.0086044e+01   3.0085931e+01   3.0085819e+01   3.0085708e+01   3.0085598e+01   3.0085488e+01   3.0085380e+01   3.0085272e+01   3.0085164e+01   3.0085057e+01   3.0084951e+01   3.0084845e+01   3.0084739e+01   3.0084633e+01   3.0084528e+01   3.0084423e+01   3.0084318e+01   3.0084213e+01   3.0084109e+01   3.0084004e+01   3.0083899e+01   3.0083795e+01   3.0083690e+01   3.0083586e+01   3.0083481e+01   3.0083377e+01   3.0083272e+01   3.0083168e+01   3.0083063e+01   3.0082959e+01   3.0082854e+01   3.0082750e+01   3.0082645e+01   3.0082541e+01   3.0082437e+01   3.0082332e+01   3.0082228e+01   3.0082123e+01   3.0082019e+01   3.0081914e+01   3.0081810e+01   3.0081705e+01   3.0081601e+01   3.0081496e+01   3.0081392e+01   3.0081287e+01   3.0081183e+01   3.0081079e+01   3.0080974e+01   3.0080870e+01   3.0080765e+01   3.0080661e+01   3.0080556e+01   3.0080452e+01   3.0080348e+01   3.0080243e+01   3.0080139e+01   3.0080034e+01   3.0079930e+01   3.0079826e+01   3.0079721e+01   3.0079617e+01   3.0079512e+01   3.0079408e+01   3.0079303e+01   3.0079199e+01   3.0079094e+01   3.0078990e+01   3.0078885e+01   3.0078781e+01   3.0078676e+01   3.0078571e+01   3.0078467e+01   3.0078362e+01   3.0078257e+01   3.0078152e+01   3.0078047e+01   3.0077942e+01   3.0077837e+01   3.0077731e+01   3.0077626e+01   3.0077520e+01   3.0077415e+01   3.0077309e+01   3.0077202e+01   3.0077096e+01   3.0076989e+01   3.0076882e+01   3.0076775e+01   3.0076668e+01   3.0076560e+01   3.0076451e+01   3.0076343e+01   3.0076234e+01   3.0076124e+01   3.0076014e+01   3.0075904e+01   3.0075793e+01   3.0075681e+01   3.0075569e+01   3.0075456e+01   3.0075342e+01   3.0075229e+01   3.0075114e+01   3.0074998e+01   3.0074882e+01   3.0074765e+01   3.0074647e+01   3.0074529e+01   3.0074409e+01   3.0074290e+01   3.0074168e+01   3.0074047e+01   3.0073924e+01   3.0073801e+01   3.0073677e+01   3.0073553e+01   3.0073427e+01   3.0073302e+01   3.0073176e+01   3.0073050e+01   3.0072924e+01   3.0072799e+01   3.0072675e+01   3.0072551e+01   3.0072429e+01   3.0072308e+01   3.0072182e+01   3.0072056e+01   3.0071918e+01   3.0071781e+01   3.0071634e+01   3.0071487e+01   3.0071331e+01   3.0071175e+01   3.0071012e+01   3.0070849e+01   3.0070676e+01   3.0070503e+01   3.0070320e+01   3.0070137e+01   3.0069943e+01   3.0069749e+01   3.0069531e+01   3.0069313e+01   3.0069061e+01   3.0068809e+01   3.0068538e+01   3.0068267e+01   3.0067978e+01   3.0067689e+01   3.0067398e+01   3.0067107e+01   3.0066794e+01   3.0066480e+01   3.0066113e+01   3.0065746e+01   3.0065346e+01   3.0064946e+01   3.0064457e+01   3.0063968e+01   3.0063394e+01   3.0062820e+01   3.0062089e+01   3.0061359e+01   3.0060510e+01   3.0059662e+01   3.0058631e+01   3.0057601e+01   3.0056308e+01   3.0055014e+01   3.0053426e+01   3.0051837e+01   3.0050178e+01   3.0048520e+01   3.0046876e+01   3.0045233e+01
   3.0093427e+01   3.0092968e+01   3.0092513e+01   3.0092064e+01   3.0091624e+01   3.0091201e+01   3.0090805e+01   3.0090435e+01   3.0090090e+01   3.0089762e+01   3.0089450e+01   3.0089157e+01   3.0088883e+01   3.0088629e+01   3.0088395e+01   3.0088176e+01   3.0087972e+01   3.0087780e+01   3.0087597e+01   3.0087423e+01   3.0087257e+01   3.0087097e+01   3.0086943e+01   3.0086795e+01   3.0086653e+01   3.0086516e+01   3.0086384e+01   3.0086256e+01   3.0086131e+01   3.0086009e+01   3.0085890e+01   3.0085772e+01   3.0085656e+01   3.0085542e+01   3.0085429e+01   3.0085318e+01   3.0085207e+01   3.0085097e+01   3.0084988e+01   3.0084880e+01   3.0084773e+01   3.0084666e+01   3.0084559e+01   3.0084453e+01   3.0084347e+01   3.0084242e+01   3.0084136e+01   3.0084031e+01   3.0083926e+01   3.0083822e+01   3.0083717e+01   3.0083612e+01   3.0083508e+01   3.0083403e+01   3.0083299e+01   3.0083194e+01   3.0083090e+01   3.0082985e+01   3.0082881e+01   3.0082776e+01   3.0082672e+01   3.0082567e+01   3.0082463e+01   3.0082358e+01   3.0082254e+01   3.0082150e+01   3.0082045e+01   3.0081941e+01   3.0081837e+01   3.0081732e+01   3.0081628e+01   3.0081523e+01   3.0081419e+01   3.0081314e+01   3.0081210e+01   3.0081106e+01   3.0081001e+01   3.0080897e+01   3.0080793e+01   3.0080688e+01   3.0080584e+01   3.0080479e+01   3.0080375e+01   3.0080271e+01   3.0080166e+01   3.0080062e+01   3.0079958e+01   3.0079853e+01   3.0079749e+01   3.0079644e+01   3.0079540e+01   3.0079436e+01   3.0079331e+01   3.0079227e+01   3.0079123e+01   3.0079018e+01   3.0078914e+01   3.0078809e+01   3.0078705e+01   3.0078601e+01   3.0078496e+01   3.0078392e+01   3.0078287e+01   3.0078182e+01   3.0078078e+01   3.0077973e+01   3.0077868e+01   3.0077763e+01   3.0077658e+01   3.0077553e+01   3.0077448e+01   3.0077343e+01   3.0077237e+01   3.0077131e+01   3.0077026e+01   3.0076920e+01   3.0076814e+01   3.0076707e+01   3.0076600e+01   3.0076493e+01   3.0076386e+01   3.0076278e+01   3.0076170e+01   3.0076061e+01   3.0075953e+01   3.0075843e+01   3.0075733e+01   3.0075623e+01   3.0075512e+01   3.0075400e+01   3.0075288e+01   3.0075175e+01   3.0075062e+01   3.0074947e+01   3.0074832e+01   3.0074716e+01   3.0074600e+01   3.0074482e+01   3.0074363e+01   3.0074243e+01   3.0074123e+01   3.0074001e+01   3.0073879e+01   3.0073755e+01   3.0073630e+01   3.0073504e+01   3.0073377e+01   3.0073248e+01   3.0073119e+01   3.0072988e+01   3.0072857e+01   3.0072725e+01   3.0072593e+01   3.0072460e+01   3.0072327e+01   3.0072194e+01   3.0072062e+01   3.0071931e+01   3.0071799e+01   3.0071666e+01   3.0071532e+01   3.0071392e+01   3.0071252e+01   3.0071104e+01   3.0070957e+01   3.0070802e+01   3.0070647e+01   3.0070485e+01   3.0070324e+01   3.0070151e+01   3.0069979e+01   3.0069796e+01   3.0069612e+01   3.0069415e+01   3.0069219e+01   3.0069000e+01   3.0068781e+01   3.0068530e+01   3.0068280e+01   3.0068001e+01   3.0067722e+01   3.0067415e+01   3.0067109e+01   3.0066785e+01   3.0066461e+01   3.0066117e+01   3.0065772e+01   3.0065389e+01   3.0065005e+01   3.0064590e+01   3.0064176e+01   3.0063690e+01   3.0063204e+01   3.0062637e+01   3.0062070e+01   3.0061364e+01   3.0060658e+01   3.0059826e+01   3.0058994e+01   3.0057991e+01   3.0056989e+01   3.0055738e+01   3.0054487e+01   3.0052944e+01   3.0051400e+01   3.0049759e+01   3.0048118e+01   3.0046483e+01   3.0044847e+01
   3.0093024e+01   3.0092567e+01   3.0092119e+01   3.0091681e+01   3.0091256e+01   3.0090847e+01   3.0090456e+01   3.0090086e+01   3.0089736e+01   3.0089407e+01   3.0089096e+01   3.0088804e+01   3.0088530e+01   3.0088274e+01   3.0088034e+01   3.0087810e+01   3.0087600e+01   3.0087403e+01   3.0087217e+01   3.0087040e+01   3.0086872e+01   3.0086712e+01   3.0086558e+01   3.0086411e+01   3.0086269e+01   3.0086132e+01   3.0085999e+01   3.0085870e+01   3.0085744e+01   3.0085622e+01   3.0085501e+01   3.0085383e+01   3.0085267e+01   3.0085152e+01   3.0085039e+01   3.0084926e+01   3.0084815e+01   3.0084705e+01   3.0084596e+01   3.0084488e+01   3.0084380e+01   3.0084273e+01   3.0084167e+01   3.0084061e+01   3.0083955e+01   3.0083849e+01   3.0083744e+01   3.0083639e+01   3.0083534e+01   3.0083429e+01   3.0083325e+01   3.0083220e+01   3.0083115e+01   3.0083011e+01   3.0082906e+01   3.0082802e+01   3.0082698e+01   3.0082593e+01   3.0082489e+01   3.0082384e+01   3.0082280e+01   3.0082176e+01   3.0082071e+01   3.0081967e+01   3.0081863e+01   3.0081758e+01   3.0081654e+01   3.0081550e+01   3.0081445e+01   3.0081341e+01   3.0081237e+01   3.0081132e+01   3.0081028e+01   3.0080924e+01   3.0080819e+01   3.0080715e+01   3.0080611e+01   3.0080506e+01   3.0080402e+01   3.0080298e+01   3.0080193e+01   3.0080089e+01   3.0079985e+01   3.0079880e+01   3.0079776e+01   3.0079672e+01   3.0079568e+01   3.0079463e+01   3.0079359e+01   3.0079255e+01   3.0079150e+01   3.0079046e+01   3.0078942e+01   3.0078837e+01   3.0078733e+01   3.0078629e+01   3.0078524e+01   3.0078420e+01   3.0078316e+01   3.0078211e+01   3.0078107e+01   3.0078002e+01   3.0077898e+01   3.0077793e+01   3.0077689e+01   3.0077584e+01   3.0077479e+01   3.0077374e+01   3.0077269e+01   3.0077164e+01   3.0077059e+01   3.0076954e+01   3.0076848e+01   3.0076743e+01   3.0076637e+01   3.0076531e+01   3.0076425e+01   3.0076318e+01   3.0076211e+01   3.0076104e+01   3.0075996e+01   3.0075888e+01   3.0075780e+01   3.0075671e+01   3.0075563e+01   3.0075453e+01   3.0075343e+01   3.0075232e+01   3.0075120e+01   3.0075008e+01   3.0074895e+01   3.0074782e+01   3.0074668e+01   3.0074552e+01   3.0074436e+01   3.0074319e+01   3.0074201e+01   3.0074081e+01   3.0073962e+01   3.0073840e+01   3.0073718e+01   3.0073593e+01   3.0073468e+01   3.0073341e+01   3.0073213e+01   3.0073083e+01   3.0072952e+01   3.0072819e+01   3.0072685e+01   3.0072549e+01   3.0072413e+01   3.0072274e+01   3.0072135e+01   3.0071995e+01   3.0071855e+01   3.0071714e+01   3.0071573e+01   3.0071432e+01   3.0071291e+01   3.0071150e+01   3.0071009e+01   3.0070866e+01   3.0070723e+01   3.0070575e+01   3.0070427e+01   3.0070273e+01   3.0070120e+01   3.0069959e+01   3.0069798e+01   3.0069627e+01   3.0069455e+01   3.0069271e+01   3.0069087e+01   3.0068888e+01   3.0068688e+01   3.0068469e+01   3.0068249e+01   3.0067999e+01   3.0067750e+01   3.0067463e+01   3.0067177e+01   3.0066853e+01   3.0066528e+01   3.0066172e+01   3.0065816e+01   3.0065440e+01   3.0065064e+01   3.0064664e+01   3.0064265e+01   3.0063835e+01   3.0063405e+01   3.0062923e+01   3.0062440e+01   3.0061880e+01   3.0061319e+01   3.0060638e+01   3.0059957e+01   3.0059141e+01   3.0058326e+01   3.0057351e+01   3.0056377e+01   3.0055168e+01   3.0053960e+01   3.0052462e+01   3.0050964e+01   3.0049340e+01   3.0047716e+01   3.0046089e+01   3.0044462e+01
   3.0092620e+01   3.0092164e+01   3.0091717e+01   3.0091284e+01   3.0090866e+01   3.0090462e+01   3.0090075e+01   3.0089706e+01   3.0089357e+01   3.0089027e+01   3.0088718e+01   3.0088428e+01   3.0088155e+01   3.0087899e+01   3.0087658e+01   3.0087433e+01   3.0087220e+01   3.0087020e+01   3.0086831e+01   3.0086652e+01   3.0086483e+01   3.0086322e+01   3.0086168e+01   3.0086020e+01   3.0085878e+01   3.0085741e+01   3.0085608e+01   3.0085479e+01   3.0085353e+01   3.0085230e+01   3.0085110e+01   3.0084991e+01   3.0084875e+01   3.0084760e+01   3.0084646e+01   3.0084534e+01   3.0084423e+01   3.0084313e+01   3.0084203e+01   3.0084095e+01   3.0083987e+01   3.0083880e+01   3.0083774e+01   3.0083668e+01   3.0083562e+01   3.0083457e+01   3.0083351e+01   3.0083246e+01   3.0083142e+01   3.0083037e+01   3.0082932e+01   3.0082828e+01   3.0082723e+01   3.0082619e+01   3.0082515e+01   3.0082410e+01   3.0082306e+01   3.0082201e+01   3.0082097e+01   3.0081993e+01   3.0081888e+01   3.0081784e+01   3.0081680e+01   3.0081576e+01   3.0081471e+01   3.0081367e+01   3.0081263e+01   3.0081159e+01   3.0081054e+01   3.0080950e+01   3.0080846e+01   3.0080741e+01   3.0080637e+01   3.0080533e+01   3.0080429e+01   3.0080324e+01   3.0080220e+01   3.0080116e+01   3.0080012e+01   3.0079907e+01   3.0079803e+01   3.0079699e+01   3.0079595e+01   3.0079490e+01   3.0079386e+01   3.0079282e+01   3.0079178e+01   3.0079073e+01   3.0078969e+01   3.0078865e+01   3.0078761e+01   3.0078656e+01   3.0078552e+01   3.0078448e+01   3.0078344e+01   3.0078239e+01   3.0078135e+01   3.0078031e+01   3.0077926e+01   3.0077822e+01   3.0077718e+01   3.0077613e+01   3.0077509e+01   3.0077404e+01   3.0077300e+01   3.0077195e+01   3.0077090e+01   3.0076985e+01   3.0076880e+01   3.0076775e+01   3.0076670e+01   3.0076565e+01   3.0076459e+01   3.0076353e+01   3.0076247e+01   3.0076141e+01   3.0076035e+01   3.0075928e+01   3.0075821e+01   3.0075714e+01   3.0075606e+01   3.0075498e+01   3.0075390e+01   3.0075281e+01   3.0075172e+01   3.0075062e+01   3.0074952e+01   3.0074840e+01   3.0074729e+01   3.0074616e+01   3.0074504e+01   3.0074389e+01   3.0074275e+01   3.0074159e+01   3.0074043e+01   3.0073925e+01   3.0073808e+01   3.0073688e+01   3.0073567e+01   3.0073445e+01   3.0073323e+01   3.0073198e+01   3.0073073e+01   3.0072945e+01   3.0072817e+01   3.0072686e+01   3.0072555e+01   3.0072421e+01   3.0072287e+01   3.0072149e+01   3.0072012e+01   3.0071872e+01   3.0071731e+01   3.0071589e+01   3.0071446e+01   3.0071301e+01   3.0071157e+01   3.0071011e+01   3.0070865e+01   3.0070718e+01   3.0070571e+01   3.0070422e+01   3.0070273e+01   3.0070120e+01   3.0069968e+01   3.0069810e+01   3.0069653e+01   3.0069490e+01   3.0069326e+01   3.0069153e+01   3.0068980e+01   3.0068795e+01   3.0068609e+01   3.0068409e+01   3.0068208e+01   3.0067987e+01   3.0067766e+01   3.0067517e+01   3.0067269e+01   3.0066985e+01   3.0066701e+01   3.0066377e+01   3.0066053e+01   3.0065690e+01   3.0065327e+01   3.0064934e+01   3.0064540e+01   3.0064117e+01   3.0063694e+01   3.0063239e+01   3.0062784e+01   3.0062283e+01   3.0061781e+01   3.0061212e+01   3.0060642e+01   3.0059967e+01   3.0059291e+01   3.0058488e+01   3.0057684e+01   3.0056729e+01   3.0055773e+01   3.0054598e+01   3.0053424e+01   3.0051970e+01   3.0050517e+01   3.0048917e+01   3.0047317e+01   3.0045697e+01   3.0044076e+01
   3.0092217e+01   3.0091760e+01   3.0091314e+01   3.0090881e+01   3.0090464e+01   3.0090063e+01   3.0089678e+01   3.0089312e+01   3.0088964e+01   3.0088637e+01   3.0088329e+01   3.0088039e+01   3.0087768e+01   3.0087512e+01   3.0087272e+01   3.0087046e+01   3.0086833e+01   3.0086632e+01   3.0086442e+01   3.0086263e+01   3.0086092e+01   3.0085930e+01   3.0085776e+01   3.0085628e+01   3.0085485e+01   3.0085348e+01   3.0085215e+01   3.0085086e+01   3.0084960e+01   3.0084837e+01   3.0084716e+01   3.0084598e+01   3.0084481e+01   3.0084366e+01   3.0084253e+01   3.0084140e+01   3.0084029e+01   3.0083919e+01   3.0083810e+01   3.0083702e+01   3.0083594e+01   3.0083487e+01   3.0083381e+01   3.0083275e+01   3.0083169e+01   3.0083064e+01   3.0082959e+01   3.0082854e+01   3.0082749e+01   3.0082644e+01   3.0082540e+01   3.0082435e+01   3.0082331e+01   3.0082227e+01   3.0082122e+01   3.0082018e+01   3.0081914e+01   3.0081810e+01   3.0081706e+01   3.0081601e+01   3.0081497e+01   3.0081392e+01   3.0081288e+01   3.0081184e+01   3.0081080e+01   3.0080976e+01   3.0080872e+01   3.0080767e+01   3.0080663e+01   3.0080559e+01   3.0080455e+01   3.0080351e+01   3.0080246e+01   3.0080142e+01   3.0080038e+01   3.0079934e+01   3.0079830e+01   3.0079725e+01   3.0079621e+01   3.0079517e+01   3.0079413e+01   3.0079309e+01   3.0079204e+01   3.0079100e+01   3.0078996e+01   3.0078892e+01   3.0078788e+01   3.0078684e+01   3.0078579e+01   3.0078475e+01   3.0078371e+01   3.0078267e+01   3.0078163e+01   3.0078059e+01   3.0077954e+01   3.0077850e+01   3.0077746e+01   3.0077642e+01   3.0077537e+01   3.0077433e+01   3.0077329e+01   3.0077224e+01   3.0077120e+01   3.0077015e+01   3.0076911e+01   3.0076806e+01   3.0076701e+01   3.0076596e+01   3.0076491e+01   3.0076386e+01   3.0076281e+01   3.0076175e+01   3.0076070e+01   3.0075964e+01   3.0075858e+01   3.0075752e+01   3.0075645e+01   3.0075539e+01   3.0075432e+01   3.0075324e+01   3.0075216e+01   3.0075108e+01   3.0075000e+01   3.0074890e+01   3.0074781e+01   3.0074671e+01   3.0074560e+01   3.0074449e+01   3.0074337e+01   3.0074224e+01   3.0074112e+01   3.0073997e+01   3.0073883e+01   3.0073766e+01   3.0073650e+01   3.0073532e+01   3.0073414e+01   3.0073294e+01   3.0073173e+01   3.0073051e+01   3.0072928e+01   3.0072802e+01   3.0072677e+01   3.0072549e+01   3.0072420e+01   3.0072289e+01   3.0072157e+01   3.0072022e+01   3.0071888e+01   3.0071749e+01   3.0071611e+01   3.0071469e+01   3.0071327e+01   3.0071182e+01   3.0071037e+01   3.0070889e+01   3.0070741e+01   3.0070590e+01   3.0070439e+01   3.0070287e+01   3.0070134e+01   3.0069979e+01   3.0069824e+01   3.0069666e+01   3.0069508e+01   3.0069347e+01   3.0069186e+01   3.0069020e+01   3.0068855e+01   3.0068680e+01   3.0068505e+01   3.0068318e+01   3.0068132e+01   3.0067929e+01   3.0067727e+01   3.0067505e+01   3.0067283e+01   3.0067036e+01   3.0066788e+01   3.0066506e+01   3.0066225e+01   3.0065901e+01   3.0065577e+01   3.0065208e+01   3.0064839e+01   3.0064428e+01   3.0064017e+01   3.0063570e+01   3.0063124e+01   3.0062644e+01   3.0062164e+01   3.0061643e+01   3.0061123e+01   3.0060544e+01   3.0059965e+01   3.0059295e+01   3.0058625e+01   3.0057834e+01   3.0057043e+01   3.0056106e+01   3.0055169e+01   3.0054028e+01   3.0052888e+01   3.0051479e+01   3.0050070e+01   3.0048495e+01   3.0046919e+01   3.0045305e+01   3.0043691e+01
   3.0091814e+01   3.0091357e+01   3.0090910e+01   3.0090477e+01   3.0090059e+01   3.0089658e+01   3.0089275e+01   3.0088911e+01   3.0088566e+01   3.0088240e+01   3.0087933e+01   3.0087645e+01   3.0087374e+01   3.0087119e+01   3.0086880e+01   3.0086654e+01   3.0086441e+01   3.0086240e+01   3.0086050e+01   3.0085870e+01   3.0085700e+01   3.0085537e+01   3.0085382e+01   3.0085234e+01   3.0085091e+01   3.0084954e+01   3.0084821e+01   3.0084692e+01   3.0084566e+01   3.0084443e+01   3.0084322e+01   3.0084204e+01   3.0084087e+01   3.0083972e+01   3.0083859e+01   3.0083747e+01   3.0083636e+01   3.0083526e+01   3.0083417e+01   3.0083309e+01   3.0083201e+01   3.0083094e+01   3.0082988e+01   3.0082882e+01   3.0082776e+01   3.0082671e+01   3.0082566e+01   3.0082461e+01   3.0082356e+01   3.0082252e+01   3.0082147e+01   3.0082043e+01   3.0081939e+01   3.0081834e+01   3.0081730e+01   3.0081626e+01   3.0081522e+01   3.0081418e+01   3.0081313e+01   3.0081209e+01   3.0081105e+01   3.0081001e+01   3.0080897e+01   3.0080793e+01   3.0080689e+01   3.0080584e+01   3.0080480e+01   3.0080376e+01   3.0080272e+01   3.0080168e+01   3.0080064e+01   3.0079960e+01   3.0079856e+01   3.0079751e+01   3.0079647e+01   3.0079543e+01   3.0079439e+01   3.0079335e+01   3.0079231e+01   3.0079127e+01   3.0079022e+01   3.0078918e+01   3.0078814e+01   3.0078710e+01   3.0078606e+01   3.0078502e+01   3.0078398e+01   3.0078294e+01   3.0078190e+01   3.0078086e+01   3.0077981e+01   3.0077877e+01   3.0077773e+01   3.0077669e+01   3.0077565e+01   3.0077461e+01   3.0077357e+01   3.0077252e+01   3.0077148e+01   3.0077044e+01   3.0076939e+01   3.0076835e+01   3.0076731e+01   3.0076626e+01   3.0076522e+01   3.0076417e+01   3.0076312e+01   3.0076207e+01   3.0076102e+01   3.0075997e+01   3.0075892e+01   3.0075786e+01   3.0075681e+01   3.0075575e+01   3.0075469e+01   3.0075363e+01   3.0075256e+01   3.0075149e+01   3.0075042e+01   3.0074934e+01   3.0074827e+01   3.0074718e+01   3.0074609e+01   3.0074500e+01   3.0074390e+01   3.0074280e+01   3.0074169e+01   3.0074058e+01   3.0073946e+01   3.0073833e+01   3.0073720e+01   3.0073605e+01   3.0073490e+01   3.0073374e+01   3.0073257e+01   3.0073139e+01   3.0073021e+01   3.0072900e+01   3.0072780e+01   3.0072657e+01   3.0072534e+01   3.0072409e+01   3.0072284e+01   3.0072155e+01   3.0072027e+01   3.0071896e+01   3.0071765e+01   3.0071630e+01   3.0071496e+01   3.0071358e+01   3.0071220e+01   3.0071078e+01   3.0070937e+01   3.0070792e+01   3.0070647e+01   3.0070498e+01   3.0070350e+01   3.0070198e+01   3.0070047e+01   3.0069892e+01   3.0069737e+01   3.0069580e+01   3.0069422e+01   3.0069261e+01   3.0069100e+01   3.0068936e+01   3.0068771e+01   3.0068602e+01   3.0068433e+01   3.0068255e+01   3.0068078e+01   3.0067888e+01   3.0067699e+01   3.0067494e+01   3.0067289e+01   3.0067065e+01   3.0066841e+01   3.0066592e+01   3.0066342e+01   3.0066061e+01   3.0065779e+01   3.0065456e+01   3.0065134e+01   3.0064765e+01   3.0064397e+01   3.0063982e+01   3.0063567e+01   3.0063110e+01   3.0062652e+01   3.0062155e+01   3.0061658e+01   3.0061117e+01   3.0060576e+01   3.0059979e+01   3.0059383e+01   3.0058704e+01   3.0058025e+01   3.0057235e+01   3.0056445e+01   3.0055517e+01   3.0054589e+01   3.0053471e+01   3.0052353e+01   3.0050984e+01   3.0049614e+01   3.0048066e+01   3.0046519e+01   3.0044912e+01   3.0043306e+01
   3.0091411e+01   3.0090954e+01   3.0090507e+01   3.0090072e+01   3.0089654e+01   3.0089253e+01   3.0088871e+01   3.0088508e+01   3.0088164e+01   3.0087840e+01   3.0087535e+01   3.0087247e+01   3.0086977e+01   3.0086723e+01   3.0086484e+01   3.0086259e+01   3.0086046e+01   3.0085845e+01   3.0085655e+01   3.0085476e+01   3.0085305e+01   3.0085143e+01   3.0084988e+01   3.0084839e+01   3.0084697e+01   3.0084559e+01   3.0084426e+01   3.0084297e+01   3.0084171e+01   3.0084048e+01   3.0083928e+01   3.0083810e+01   3.0083693e+01   3.0083578e+01   3.0083465e+01   3.0083353e+01   3.0083242e+01   3.0083132e+01   3.0083023e+01   3.0082915e+01   3.0082808e+01   3.0082701e+01   3.0082595e+01   3.0082489e+01   3.0082383e+01   3.0082278e+01   3.0082173e+01   3.0082068e+01   3.0081964e+01   3.0081859e+01   3.0081755e+01   3.0081651e+01   3.0081546e+01   3.0081442e+01   3.0081338e+01   3.0081234e+01   3.0081130e+01   3.0081026e+01   3.0080921e+01   3.0080817e+01   3.0080713e+01   3.0080609e+01   3.0080505e+01   3.0080401e+01   3.0080297e+01   3.0080193e+01   3.0080089e+01   3.0079985e+01   3.0079881e+01   3.0079777e+01   3.0079673e+01   3.0079569e+01   3.0079465e+01   3.0079361e+01   3.0079257e+01   3.0079153e+01   3.0079048e+01   3.0078944e+01   3.0078840e+01   3.0078736e+01   3.0078632e+01   3.0078528e+01   3.0078424e+01   3.0078320e+01   3.0078216e+01   3.0078112e+01   3.0078008e+01   3.0077904e+01   3.0077800e+01   3.0077696e+01   3.0077592e+01   3.0077488e+01   3.0077384e+01   3.0077280e+01   3.0077176e+01   3.0077071e+01   3.0076967e+01   3.0076863e+01   3.0076759e+01   3.0076655e+01   3.0076550e+01   3.0076446e+01   3.0076342e+01   3.0076237e+01   3.0076133e+01   3.0076028e+01   3.0075923e+01   3.0075818e+01   3.0075713e+01   3.0075608e+01   3.0075503e+01   3.0075397e+01   3.0075292e+01   3.0075186e+01   3.0075080e+01   3.0074973e+01   3.0074867e+01   3.0074760e+01   3.0074652e+01   3.0074544e+01   3.0074437e+01   3.0074328e+01   3.0074219e+01   3.0074110e+01   3.0074000e+01   3.0073889e+01   3.0073778e+01   3.0073666e+01   3.0073554e+01   3.0073441e+01   3.0073328e+01   3.0073213e+01   3.0073098e+01   3.0072981e+01   3.0072865e+01   3.0072746e+01   3.0072628e+01   3.0072507e+01   3.0072387e+01   3.0072264e+01   3.0072141e+01   3.0072016e+01   3.0071890e+01   3.0071762e+01   3.0071634e+01   3.0071503e+01   3.0071372e+01   3.0071238e+01   3.0071103e+01   3.0070966e+01   3.0070828e+01   3.0070687e+01   3.0070546e+01   3.0070401e+01   3.0070256e+01   3.0070108e+01   3.0069959e+01   3.0069807e+01   3.0069654e+01   3.0069498e+01   3.0069341e+01   3.0069181e+01   3.0069021e+01   3.0068856e+01   3.0068692e+01   3.0068524e+01   3.0068356e+01   3.0068184e+01   3.0068012e+01   3.0067831e+01   3.0067650e+01   3.0067458e+01   3.0067266e+01   3.0067059e+01   3.0066852e+01   3.0066625e+01   3.0066399e+01   3.0066148e+01   3.0065897e+01   3.0065615e+01   3.0065333e+01   3.0065012e+01   3.0064691e+01   3.0064323e+01   3.0063955e+01   3.0063536e+01   3.0063118e+01   3.0062649e+01   3.0062181e+01   3.0061666e+01   3.0061151e+01   3.0060590e+01   3.0060030e+01   3.0059415e+01   3.0058801e+01   3.0058113e+01   3.0057425e+01   3.0056636e+01   3.0055846e+01   3.0054927e+01   3.0054008e+01   3.0052913e+01   3.0051819e+01   3.0050488e+01   3.0049158e+01   3.0047638e+01   3.0046118e+01   3.0044519e+01   3.0042920e+01
   3.0091007e+01   3.0090550e+01   3.0090103e+01   3.0089668e+01   3.0089250e+01   3.0088849e+01   3.0088467e+01   3.0088105e+01   3.0087762e+01   3.0087439e+01   3.0087135e+01   3.0086849e+01   3.0086579e+01   3.0086325e+01   3.0086087e+01   3.0085862e+01   3.0085649e+01   3.0085449e+01   3.0085260e+01   3.0085080e+01   3.0084909e+01   3.0084747e+01   3.0084592e+01   3.0084444e+01   3.0084302e+01   3.0084164e+01   3.0084031e+01   3.0083902e+01   3.0083776e+01   3.0083654e+01   3.0083533e+01   3.0083415e+01   3.0083299e+01   3.0083184e+01   3.0083071e+01   3.0082959e+01   3.0082849e+01   3.0082739e+01   3.0082630e+01   3.0082522e+01   3.0082415e+01   3.0082308e+01   3.0082202e+01   3.0082096e+01   3.0081991e+01   3.0081886e+01   3.0081781e+01   3.0081676e+01   3.0081571e+01   3.0081467e+01   3.0081363e+01   3.0081258e+01   3.0081154e+01   3.0081050e+01   3.0080946e+01   3.0080842e+01   3.0080738e+01   3.0080634e+01   3.0080530e+01   3.0080426e+01   3.0080322e+01   3.0080218e+01   3.0080114e+01   3.0080010e+01   3.0079906e+01   3.0079802e+01   3.0079698e+01   3.0079594e+01   3.0079490e+01   3.0079386e+01   3.0079282e+01   3.0079178e+01   3.0079074e+01   3.0078970e+01   3.0078866e+01   3.0078762e+01   3.0078658e+01   3.0078554e+01   3.0078450e+01   3.0078346e+01   3.0078242e+01   3.0078138e+01   3.0078034e+01   3.0077930e+01   3.0077826e+01   3.0077722e+01   3.0077618e+01   3.0077514e+01   3.0077410e+01   3.0077306e+01   3.0077202e+01   3.0077098e+01   3.0076994e+01   3.0076890e+01   3.0076786e+01   3.0076682e+01   3.0076578e+01   3.0076474e+01   3.0076370e+01   3.0076266e+01   3.0076161e+01   3.0076057e+01   3.0075953e+01   3.0075848e+01   3.0075744e+01   3.0075639e+01   3.0075534e+01   3.0075430e+01   3.0075325e+01   3.0075219e+01   3.0075114e+01   3.0075009e+01   3.0074903e+01   3.0074797e+01   3.0074691e+01   3.0074584e+01   3.0074478e+01   3.0074371e+01   3.0074263e+01   3.0074155e+01   3.0074047e+01   3.0073939e+01   3.0073830e+01   3.0073720e+01   3.0073610e+01   3.0073499e+01   3.0073388e+01   3.0073276e+01   3.0073164e+01   3.0073051e+01   3.0072937e+01   3.0072822e+01   3.0072707e+01   3.0072591e+01   3.0072474e+01   3.0072355e+01   3.0072237e+01   3.0072116e+01   3.0071995e+01   3.0071873e+01   3.0071750e+01   3.0071624e+01   3.0071499e+01   3.0071371e+01   3.0071243e+01   3.0071113e+01   3.0070982e+01   3.0070848e+01   3.0070714e+01   3.0070577e+01   3.0070440e+01   3.0070299e+01   3.0070159e+01   3.0070015e+01   3.0069870e+01   3.0069722e+01   3.0069574e+01   3.0069422e+01   3.0069270e+01   3.0069113e+01   3.0068957e+01   3.0068796e+01   3.0068636e+01   3.0068471e+01   3.0068306e+01   3.0068136e+01   3.0067967e+01   3.0067793e+01   3.0067619e+01   3.0067436e+01   3.0067253e+01   3.0067058e+01   3.0066864e+01   3.0066655e+01   3.0066445e+01   3.0066216e+01   3.0065987e+01   3.0065734e+01   3.0065481e+01   3.0065197e+01   3.0064913e+01   3.0064591e+01   3.0064269e+01   3.0063901e+01   3.0063534e+01   3.0063115e+01   3.0062696e+01   3.0062224e+01   3.0061752e+01   3.0061229e+01   3.0060706e+01   3.0060132e+01   3.0059557e+01   3.0058927e+01   3.0058297e+01   3.0057595e+01   3.0056893e+01   3.0056096e+01   3.0055299e+01   3.0054380e+01   3.0053461e+01   3.0052380e+01   3.0051298e+01   3.0049997e+01   3.0048697e+01   3.0047205e+01   3.0045713e+01   3.0044124e+01   3.0042534e+01
   3.0090604e+01   3.0090147e+01   3.0089700e+01   3.0089265e+01   3.0088846e+01   3.0088446e+01   3.0088064e+01   3.0087702e+01   3.0087361e+01   3.0087038e+01   3.0086735e+01   3.0086449e+01   3.0086180e+01   3.0085927e+01   3.0085689e+01   3.0085464e+01   3.0085252e+01   3.0085052e+01   3.0084863e+01   3.0084683e+01   3.0084513e+01   3.0084351e+01   3.0084196e+01   3.0084048e+01   3.0083906e+01   3.0083769e+01   3.0083636e+01   3.0083507e+01   3.0083382e+01   3.0083259e+01   3.0083139e+01   3.0083021e+01   3.0082905e+01   3.0082790e+01   3.0082677e+01   3.0082566e+01   3.0082455e+01   3.0082345e+01   3.0082237e+01   3.0082129e+01   3.0082022e+01   3.0081915e+01   3.0081809e+01   3.0081703e+01   3.0081598e+01   3.0081493e+01   3.0081388e+01   3.0081283e+01   3.0081179e+01   3.0081075e+01   3.0080970e+01   3.0080866e+01   3.0080762e+01   3.0080658e+01   3.0080554e+01   3.0080450e+01   3.0080346e+01   3.0080242e+01   3.0080138e+01   3.0080034e+01   3.0079930e+01   3.0079826e+01   3.0079722e+01   3.0079618e+01   3.0079514e+01   3.0079410e+01   3.0079307e+01   3.0079203e+01   3.0079099e+01   3.0078995e+01   3.0078891e+01   3.0078787e+01   3.0078683e+01   3.0078579e+01   3.0078475e+01   3.0078371e+01   3.0078267e+01   3.0078163e+01   3.0078060e+01   3.0077956e+01   3.0077852e+01   3.0077748e+01   3.0077644e+01   3.0077540e+01   3.0077436e+01   3.0077332e+01   3.0077228e+01   3.0077124e+01   3.0077020e+01   3.0076916e+01   3.0076812e+01   3.0076709e+01   3.0076605e+01   3.0076501e+01   3.0076397e+01   3.0076293e+01   3.0076189e+01   3.0076085e+01   3.0075981e+01   3.0075877e+01   3.0075772e+01   3.0075668e+01   3.0075564e+01   3.0075459e+01   3.0075355e+01   3.0075250e+01   3.0075146e+01   3.0075041e+01   3.0074936e+01   3.0074831e+01   3.0074725e+01   3.0074620e+01   3.0074514e+01   3.0074408e+01   3.0074302e+01   3.0074195e+01   3.0074089e+01   3.0073981e+01   3.0073874e+01   3.0073766e+01   3.0073658e+01   3.0073549e+01   3.0073440e+01   3.0073330e+01   3.0073221e+01   3.0073110e+01   3.0072998e+01   3.0072886e+01   3.0072774e+01   3.0072660e+01   3.0072547e+01   3.0072432e+01   3.0072317e+01   3.0072200e+01   3.0072083e+01   3.0071964e+01   3.0071846e+01   3.0071725e+01   3.0071604e+01   3.0071481e+01   3.0071359e+01   3.0071233e+01   3.0071108e+01   3.0070980e+01   3.0070853e+01   3.0070722e+01   3.0070592e+01   3.0070458e+01   3.0070325e+01   3.0070188e+01   3.0070052e+01   3.0069912e+01   3.0069772e+01   3.0069628e+01   3.0069484e+01   3.0069336e+01   3.0069189e+01   3.0069037e+01   3.0068885e+01   3.0068729e+01   3.0068573e+01   3.0068412e+01   3.0068251e+01   3.0068085e+01   3.0067919e+01   3.0067748e+01   3.0067578e+01   3.0067402e+01   3.0067226e+01   3.0067041e+01   3.0066856e+01   3.0066659e+01   3.0066462e+01   3.0066250e+01   3.0066038e+01   3.0065807e+01   3.0065576e+01   3.0065320e+01   3.0065064e+01   3.0064778e+01   3.0064492e+01   3.0064170e+01   3.0063847e+01   3.0063479e+01   3.0063112e+01   3.0062693e+01   3.0062274e+01   3.0061799e+01   3.0061324e+01   3.0060792e+01   3.0060260e+01   3.0059673e+01   3.0059085e+01   3.0058439e+01   3.0057793e+01   3.0057077e+01   3.0056362e+01   3.0055557e+01   3.0054752e+01   3.0053833e+01   3.0052914e+01   3.0051846e+01   3.0050777e+01   3.0049506e+01   3.0048236e+01   3.0046771e+01   3.0045307e+01   3.0043728e+01   3.0042149e+01
   3.0090201e+01   3.0089744e+01   3.0089297e+01   3.0088862e+01   3.0088444e+01   3.0088043e+01   3.0087662e+01   3.0087301e+01   3.0086959e+01   3.0086637e+01   3.0086334e+01   3.0086049e+01   3.0085781e+01   3.0085528e+01   3.0085290e+01   3.0085066e+01   3.0084855e+01   3.0084655e+01   3.0084466e+01   3.0084287e+01   3.0084117e+01   3.0083955e+01   3.0083800e+01   3.0083652e+01   3.0083510e+01   3.0083373e+01   3.0083241e+01   3.0083112e+01   3.0082987e+01   3.0082864e+01   3.0082744e+01   3.0082626e+01   3.0082510e+01   3.0082396e+01   3.0082283e+01   3.0082172e+01   3.0082061e+01   3.0081952e+01   3.0081843e+01   3.0081735e+01   3.0081628e+01   3.0081522e+01   3.0081416e+01   3.0081310e+01   3.0081205e+01   3.0081100e+01   3.0080995e+01   3.0080891e+01   3.0080786e+01   3.0080682e+01   3.0080578e+01   3.0080474e+01   3.0080370e+01   3.0080266e+01   3.0080162e+01   3.0080058e+01   3.0079954e+01   3.0079850e+01   3.0079746e+01   3.0079642e+01   3.0079538e+01   3.0079434e+01   3.0079331e+01   3.0079227e+01   3.0079123e+01   3.0079019e+01   3.0078915e+01   3.0078811e+01   3.0078708e+01   3.0078604e+01   3.0078500e+01   3.0078396e+01   3.0078292e+01   3.0078188e+01   3.0078085e+01   3.0077981e+01   3.0077877e+01   3.0077773e+01   3.0077669e+01   3.0077565e+01   3.0077461e+01   3.0077358e+01   3.0077254e+01   3.0077150e+01   3.0077046e+01   3.0076942e+01   3.0076838e+01   3.0076734e+01   3.0076631e+01   3.0076527e+01   3.0076423e+01   3.0076319e+01   3.0076215e+01   3.0076111e+01   3.0076007e+01   3.0075903e+01   3.0075799e+01   3.0075695e+01   3.0075591e+01   3.0075487e+01   3.0075383e+01   3.0075279e+01   3.0075175e+01   3.0075070e+01   3.0074966e+01   3.0074861e+01   3.0074757e+01   3.0074652e+01   3.0074547e+01   3.0074442e+01   3.0074337e+01   3.0074231e+01   3.0074126e+01   3.0074019e+01   3.0073913e+01   3.0073807e+01   3.0073700e+01   3.0073593e+01   3.0073485e+01   3.0073377e+01   3.0073269e+01   3.0073160e+01   3.0073052e+01   3.0072942e+01   3.0072832e+01   3.0072721e+01   3.0072610e+01   3.0072497e+01   3.0072385e+01   3.0072272e+01   3.0072158e+01   3.0072043e+01   3.0071928e+01   3.0071811e+01   3.0071694e+01   3.0071575e+01   3.0071457e+01   3.0071336e+01   3.0071216e+01   3.0071093e+01   3.0070970e+01   3.0070845e+01   3.0070720e+01   3.0070592e+01   3.0070465e+01   3.0070335e+01   3.0070204e+01   3.0070071e+01   3.0069938e+01   3.0069802e+01   3.0069665e+01   3.0069525e+01   3.0069386e+01   3.0069242e+01   3.0069099e+01   3.0068952e+01   3.0068804e+01   3.0068653e+01   3.0068501e+01   3.0068345e+01   3.0068189e+01   3.0068029e+01   3.0067868e+01   3.0067702e+01   3.0067537e+01   3.0067365e+01   3.0067194e+01   3.0067018e+01   3.0066841e+01   3.0066656e+01   3.0066470e+01   3.0066272e+01   3.0066074e+01   3.0065861e+01   3.0065648e+01   3.0065415e+01   3.0065182e+01   3.0064924e+01   3.0064667e+01   3.0064379e+01   3.0064091e+01   3.0063767e+01   3.0063442e+01   3.0063074e+01   3.0062706e+01   3.0062286e+01   3.0061867e+01   3.0061391e+01   3.0060915e+01   3.0060380e+01   3.0059844e+01   3.0059249e+01   3.0058654e+01   3.0057997e+01   3.0057340e+01   3.0056612e+01   3.0055884e+01   3.0055069e+01   3.0054253e+01   3.0053330e+01   3.0052406e+01   3.0051342e+01   3.0050278e+01   3.0049027e+01   3.0047776e+01   3.0046336e+01   3.0044896e+01   3.0043330e+01   3.0041764e+01
   3.0089797e+01   3.0089341e+01   3.0088894e+01   3.0088460e+01   3.0088041e+01   3.0087641e+01   3.0087260e+01   3.0086899e+01   3.0086558e+01   3.0086237e+01   3.0085934e+01   3.0085649e+01   3.0085381e+01   3.0085129e+01   3.0084892e+01   3.0084668e+01   3.0084457e+01   3.0084257e+01   3.0084069e+01   3.0083890e+01   3.0083720e+01   3.0083558e+01   3.0083404e+01   3.0083256e+01   3.0083114e+01   3.0082978e+01   3.0082845e+01   3.0082717e+01   3.0082591e+01   3.0082469e+01   3.0082349e+01   3.0082232e+01   3.0082116e+01   3.0082002e+01   3.0081889e+01   3.0081778e+01   3.0081667e+01   3.0081558e+01   3.0081450e+01   3.0081342e+01   3.0081235e+01   3.0081129e+01   3.0081023e+01   3.0080917e+01   3.0080812e+01   3.0080707e+01   3.0080603e+01   3.0080498e+01   3.0080394e+01   3.0080290e+01   3.0080186e+01   3.0080082e+01   3.0079978e+01   3.0079874e+01   3.0079770e+01   3.0079666e+01   3.0079562e+01   3.0079459e+01   3.0079355e+01   3.0079251e+01   3.0079147e+01   3.0079043e+01   3.0078939e+01   3.0078835e+01   3.0078732e+01   3.0078628e+01   3.0078524e+01   3.0078420e+01   3.0078316e+01   3.0078213e+01   3.0078109e+01   3.0078005e+01   3.0077901e+01   3.0077798e+01   3.0077694e+01   3.0077590e+01   3.0077486e+01   3.0077382e+01   3.0077279e+01   3.0077175e+01   3.0077071e+01   3.0076967e+01   3.0076863e+01   3.0076760e+01   3.0076656e+01   3.0076552e+01   3.0076448e+01   3.0076345e+01   3.0076241e+01   3.0076137e+01   3.0076033e+01   3.0075929e+01   3.0075826e+01   3.0075722e+01   3.0075618e+01   3.0075514e+01   3.0075410e+01   3.0075306e+01   3.0075202e+01   3.0075098e+01   3.0074994e+01   3.0074890e+01   3.0074786e+01   3.0074681e+01   3.0074577e+01   3.0074473e+01   3.0074368e+01   3.0074263e+01   3.0074158e+01   3.0074053e+01   3.0073948e+01   3.0073843e+01   3.0073737e+01   3.0073631e+01   3.0073525e+01   3.0073418e+01   3.0073311e+01   3.0073204e+01   3.0073097e+01   3.0072989e+01   3.0072881e+01   3.0072772e+01   3.0072663e+01   3.0072553e+01   3.0072443e+01   3.0072332e+01   3.0072221e+01   3.0072109e+01   3.0071996e+01   3.0071883e+01   3.0071769e+01   3.0071654e+01   3.0071539e+01   3.0071422e+01   3.0071305e+01   3.0071187e+01   3.0071068e+01   3.0070948e+01   3.0070827e+01   3.0070704e+01   3.0070582e+01   3.0070457e+01   3.0070332e+01   3.0070204e+01   3.0070077e+01   3.0069947e+01   3.0069817e+01   3.0069684e+01   3.0069551e+01   3.0069415e+01   3.0069279e+01   3.0069139e+01   3.0069000e+01   3.0068857e+01   3.0068714e+01   3.0068567e+01   3.0068420e+01   3.0068269e+01   3.0068118e+01   3.0067962e+01   3.0067806e+01   3.0067646e+01   3.0067485e+01   3.0067320e+01   3.0067154e+01   3.0066983e+01   3.0066811e+01   3.0066634e+01   3.0066457e+01   3.0066271e+01   3.0066084e+01   3.0065885e+01   3.0065686e+01   3.0065471e+01   3.0065257e+01   3.0065022e+01   3.0064788e+01   3.0064528e+01   3.0064269e+01   3.0063980e+01   3.0063690e+01   3.0063364e+01   3.0063038e+01   3.0062669e+01   3.0062299e+01   3.0061879e+01   3.0061460e+01   3.0060983e+01   3.0060506e+01   3.0059967e+01   3.0059428e+01   3.0058826e+01   3.0058223e+01   3.0057555e+01   3.0056887e+01   3.0056146e+01   3.0055406e+01   3.0054580e+01   3.0053755e+01   3.0052826e+01   3.0051897e+01   3.0050838e+01   3.0049778e+01   3.0048548e+01   3.0047317e+01   3.0045901e+01   3.0044485e+01   3.0042931e+01   3.0041378e+01
   3.0089394e+01   3.0088938e+01   3.0088491e+01   3.0088057e+01   3.0087639e+01   3.0087239e+01   3.0086859e+01   3.0086498e+01   3.0086157e+01   3.0085836e+01   3.0085534e+01   3.0085250e+01   3.0084982e+01   3.0084730e+01   3.0084493e+01   3.0084270e+01   3.0084059e+01   3.0083860e+01   3.0083671e+01   3.0083493e+01   3.0083323e+01   3.0083162e+01   3.0083008e+01   3.0082860e+01   3.0082719e+01   3.0082582e+01   3.0082450e+01   3.0082321e+01   3.0082196e+01   3.0082074e+01   3.0081955e+01   3.0081837e+01   3.0081722e+01   3.0081608e+01   3.0081495e+01   3.0081384e+01   3.0081274e+01   3.0081165e+01   3.0081056e+01   3.0080949e+01   3.0080842e+01   3.0080735e+01   3.0080630e+01   3.0080524e+01   3.0080419e+01   3.0080314e+01   3.0080210e+01   3.0080105e+01   3.0080001e+01   3.0079897e+01   3.0079793e+01   3.0079689e+01   3.0079585e+01   3.0079482e+01   3.0079378e+01   3.0079274e+01   3.0079170e+01   3.0079066e+01   3.0078963e+01   3.0078859e+01   3.0078755e+01   3.0078651e+01   3.0078548e+01   3.0078444e+01   3.0078340e+01   3.0078236e+01   3.0078133e+01   3.0078029e+01   3.0077925e+01   3.0077822e+01   3.0077718e+01   3.0077614e+01   3.0077510e+01   3.0077407e+01   3.0077303e+01   3.0077199e+01   3.0077096e+01   3.0076992e+01   3.0076888e+01   3.0076785e+01   3.0076681e+01   3.0076577e+01   3.0076473e+01   3.0076370e+01   3.0076266e+01   3.0076162e+01   3.0076058e+01   3.0075955e+01   3.0075851e+01   3.0075747e+01   3.0075644e+01   3.0075540e+01   3.0075436e+01   3.0075332e+01   3.0075229e+01   3.0075125e+01   3.0075021e+01   3.0074917e+01   3.0074813e+01   3.0074709e+01   3.0074605e+01   3.0074501e+01   3.0074397e+01   3.0074293e+01   3.0074188e+01   3.0074084e+01   3.0073979e+01   3.0073875e+01   3.0073770e+01   3.0073665e+01   3.0073560e+01   3.0073454e+01   3.0073348e+01   3.0073242e+01   3.0073136e+01   3.0073030e+01   3.0072923e+01   3.0072816e+01   3.0072709e+01   3.0072600e+01   3.0072492e+01   3.0072384e+01   3.0072275e+01   3.0072165e+01   3.0072055e+01   3.0071944e+01   3.0071833e+01   3.0071721e+01   3.0071608e+01   3.0071495e+01   3.0071381e+01   3.0071266e+01   3.0071151e+01   3.0071034e+01   3.0070918e+01   3.0070799e+01   3.0070681e+01   3.0070560e+01   3.0070440e+01   3.0070317e+01   3.0070195e+01   3.0070070e+01   3.0069945e+01   3.0069818e+01   3.0069691e+01   3.0069561e+01   3.0069431e+01   3.0069298e+01   3.0069165e+01   3.0069029e+01   3.0068893e+01   3.0068754e+01   3.0068615e+01   3.0068472e+01   3.0068329e+01   3.0068182e+01   3.0068035e+01   3.0067884e+01   3.0067733e+01   3.0067578e+01   3.0067422e+01   3.0067262e+01   3.0067101e+01   3.0066936e+01   3.0066770e+01   3.0066599e+01   3.0066428e+01   3.0066251e+01   3.0066074e+01   3.0065887e+01   3.0065700e+01   3.0065501e+01   3.0065302e+01   3.0065087e+01   3.0064872e+01   3.0064636e+01   3.0064401e+01   3.0064141e+01   3.0063881e+01   3.0063590e+01   3.0063300e+01   3.0062973e+01   3.0062645e+01   3.0062275e+01   3.0061904e+01   3.0061484e+01   3.0061063e+01   3.0060585e+01   3.0060108e+01   3.0059568e+01   3.0059027e+01   3.0058421e+01   3.0057815e+01   3.0057139e+01   3.0056464e+01   3.0055714e+01   3.0054964e+01   3.0054130e+01   3.0053295e+01   3.0052359e+01   3.0051423e+01   3.0050363e+01   3.0049304e+01   3.0048084e+01   3.0046865e+01   3.0045468e+01   3.0044071e+01   3.0042532e+01   3.0040993e+01
   3.0088991e+01   3.0088535e+01   3.0088088e+01   3.0087655e+01   3.0087237e+01   3.0086838e+01   3.0086457e+01   3.0086097e+01   3.0085757e+01   3.0085436e+01   3.0085134e+01   3.0084850e+01   3.0084583e+01   3.0084331e+01   3.0084095e+01   3.0083872e+01   3.0083661e+01   3.0083462e+01   3.0083274e+01   3.0083096e+01   3.0082926e+01   3.0082765e+01   3.0082612e+01   3.0082464e+01   3.0082323e+01   3.0082186e+01   3.0082054e+01   3.0081926e+01   3.0081801e+01   3.0081680e+01   3.0081560e+01   3.0081443e+01   3.0081327e+01   3.0081214e+01   3.0081101e+01   3.0080990e+01   3.0080880e+01   3.0080771e+01   3.0080663e+01   3.0080555e+01   3.0080449e+01   3.0080342e+01   3.0080237e+01   3.0080131e+01   3.0080026e+01   3.0079922e+01   3.0079817e+01   3.0079713e+01   3.0079609e+01   3.0079505e+01   3.0079401e+01   3.0079297e+01   3.0079193e+01   3.0079089e+01   3.0078986e+01   3.0078882e+01   3.0078778e+01   3.0078674e+01   3.0078571e+01   3.0078467e+01   3.0078363e+01   3.0078260e+01   3.0078156e+01   3.0078052e+01   3.0077949e+01   3.0077845e+01   3.0077741e+01   3.0077638e+01   3.0077534e+01   3.0077430e+01   3.0077327e+01   3.0077223e+01   3.0077120e+01   3.0077016e+01   3.0076912e+01   3.0076809e+01   3.0076705e+01   3.0076601e+01   3.0076498e+01   3.0076394e+01   3.0076291e+01   3.0076187e+01   3.0076083e+01   3.0075980e+01   3.0075876e+01   3.0075772e+01   3.0075669e+01   3.0075565e+01   3.0075461e+01   3.0075358e+01   3.0075254e+01   3.0075150e+01   3.0075047e+01   3.0074943e+01   3.0074839e+01   3.0074736e+01   3.0074632e+01   3.0074528e+01   3.0074424e+01   3.0074320e+01   3.0074216e+01   3.0074112e+01   3.0074008e+01   3.0073904e+01   3.0073800e+01   3.0073695e+01   3.0073591e+01   3.0073486e+01   3.0073381e+01   3.0073276e+01   3.0073171e+01   3.0073065e+01   3.0072960e+01   3.0072854e+01   3.0072748e+01   3.0072641e+01   3.0072535e+01   3.0072427e+01   3.0072320e+01   3.0072212e+01   3.0072104e+01   3.0071995e+01   3.0071886e+01   3.0071777e+01   3.0071667e+01   3.0071556e+01   3.0071445e+01   3.0071333e+01   3.0071220e+01   3.0071107e+01   3.0070993e+01   3.0070878e+01   3.0070763e+01   3.0070647e+01   3.0070530e+01   3.0070412e+01   3.0070293e+01   3.0070173e+01   3.0070053e+01   3.0069930e+01   3.0069808e+01   3.0069683e+01   3.0069558e+01   3.0069431e+01   3.0069304e+01   3.0069174e+01   3.0069045e+01   3.0068912e+01   3.0068779e+01   3.0068643e+01   3.0068507e+01   3.0068368e+01   3.0068229e+01   3.0068086e+01   3.0067944e+01   3.0067797e+01   3.0067650e+01   3.0067499e+01   3.0067349e+01   3.0067193e+01   3.0067038e+01   3.0066878e+01   3.0066717e+01   3.0066552e+01   3.0066386e+01   3.0066215e+01   3.0066044e+01   3.0065867e+01   3.0065690e+01   3.0065503e+01   3.0065316e+01   3.0065117e+01   3.0064918e+01   3.0064702e+01   3.0064486e+01   3.0064251e+01   3.0064015e+01   3.0063754e+01   3.0063493e+01   3.0063201e+01   3.0062910e+01   3.0062581e+01   3.0062253e+01   3.0061881e+01   3.0061510e+01   3.0061088e+01   3.0060667e+01   3.0060188e+01   3.0059710e+01   3.0059168e+01   3.0058626e+01   3.0058016e+01   3.0057406e+01   3.0056724e+01   3.0056042e+01   3.0055283e+01   3.0054523e+01   3.0053679e+01   3.0052835e+01   3.0051892e+01   3.0050949e+01   3.0049889e+01   3.0048829e+01   3.0047621e+01   3.0046412e+01   3.0045034e+01   3.0043656e+01   3.0042132e+01   3.0040607e+01
   3.0088588e+01   3.0088132e+01   3.0087686e+01   3.0087252e+01   3.0086835e+01   3.0086436e+01   3.0086056e+01   3.0085696e+01   3.0085356e+01   3.0085036e+01   3.0084734e+01   3.0084451e+01   3.0084184e+01   3.0083933e+01   3.0083696e+01   3.0083473e+01   3.0083263e+01   3.0083064e+01   3.0082877e+01   3.0082699e+01   3.0082530e+01   3.0082369e+01   3.0082215e+01   3.0082068e+01   3.0081927e+01   3.0081791e+01   3.0081659e+01   3.0081531e+01   3.0081406e+01   3.0081285e+01   3.0081165e+01   3.0081048e+01   3.0080933e+01   3.0080819e+01   3.0080707e+01   3.0080596e+01   3.0080486e+01   3.0080377e+01   3.0080269e+01   3.0080162e+01   3.0080055e+01   3.0079949e+01   3.0079844e+01   3.0079738e+01   3.0079634e+01   3.0079529e+01   3.0079425e+01   3.0079320e+01   3.0079216e+01   3.0079112e+01   3.0079008e+01   3.0078905e+01   3.0078801e+01   3.0078697e+01   3.0078594e+01   3.0078490e+01   3.0078386e+01   3.0078283e+01   3.0078179e+01   3.0078076e+01   3.0077972e+01   3.0077868e+01   3.0077764e+01   3.0077661e+01   3.0077557e+01   3.0077454e+01   3.0077350e+01   3.0077247e+01   3.0077143e+01   3.0077039e+01   3.0076936e+01   3.0076832e+01   3.0076729e+01   3.0076625e+01   3.0076522e+01   3.0076418e+01   3.0076314e+01   3.0076211e+01   3.0076107e+01   3.0076004e+01   3.0075900e+01   3.0075797e+01   3.0075693e+01   3.0075589e+01   3.0075486e+01   3.0075382e+01   3.0075279e+01   3.0075175e+01   3.0075072e+01   3.0074968e+01   3.0074864e+01   3.0074761e+01   3.0074657e+01   3.0074554e+01   3.0074450e+01   3.0074346e+01   3.0074243e+01   3.0074139e+01   3.0074035e+01   3.0073931e+01   3.0073827e+01   3.0073723e+01   3.0073619e+01   3.0073515e+01   3.0073411e+01   3.0073307e+01   3.0073202e+01   3.0073097e+01   3.0072993e+01   3.0072888e+01   3.0072783e+01   3.0072677e+01   3.0072572e+01   3.0072466e+01   3.0072360e+01   3.0072253e+01   3.0072147e+01   3.0072039e+01   3.0071932e+01   3.0071824e+01   3.0071716e+01   3.0071608e+01   3.0071499e+01   3.0071389e+01   3.0071279e+01   3.0071168e+01   3.0071057e+01   3.0070945e+01   3.0070833e+01   3.0070720e+01   3.0070606e+01   3.0070491e+01   3.0070376e+01   3.0070260e+01   3.0070143e+01   3.0070025e+01   3.0069907e+01   3.0069787e+01   3.0069666e+01   3.0069544e+01   3.0069422e+01   3.0069297e+01   3.0069172e+01   3.0069045e+01   3.0068918e+01   3.0068789e+01   3.0068659e+01   3.0068526e+01   3.0068394e+01   3.0068258e+01   3.0068122e+01   3.0067983e+01   3.0067844e+01   3.0067701e+01   3.0067558e+01   3.0067412e+01   3.0067265e+01   3.0067114e+01   3.0066963e+01   3.0066808e+01   3.0066653e+01   3.0066493e+01   3.0066332e+01   3.0066167e+01   3.0066002e+01   3.0065831e+01   3.0065660e+01   3.0065483e+01   3.0065306e+01   3.0065119e+01   3.0064932e+01   3.0064733e+01   3.0064534e+01   3.0064318e+01   3.0064103e+01   3.0063867e+01   3.0063631e+01   3.0063370e+01   3.0063109e+01   3.0062817e+01   3.0062525e+01   3.0062196e+01   3.0061867e+01   3.0061494e+01   3.0061122e+01   3.0060700e+01   3.0060278e+01   3.0059798e+01   3.0059319e+01   3.0058777e+01   3.0058234e+01   3.0057622e+01   3.0057010e+01   3.0056323e+01   3.0055637e+01   3.0054872e+01   3.0054106e+01   3.0053255e+01   3.0052403e+01   3.0051453e+01   3.0050504e+01   3.0049441e+01   3.0048377e+01   3.0047174e+01   3.0045970e+01   3.0044606e+01   3.0043242e+01   3.0041732e+01   3.0040222e+01
   3.0088184e+01   3.0087729e+01   3.0087283e+01   3.0086850e+01   3.0086433e+01   3.0086034e+01   3.0085655e+01   3.0085295e+01   3.0084955e+01   3.0084635e+01   3.0084334e+01   3.0084051e+01   3.0083785e+01   3.0083534e+01   3.0083298e+01   3.0083075e+01   3.0082865e+01   3.0082667e+01   3.0082479e+01   3.0082301e+01   3.0082133e+01   3.0081972e+01   3.0081819e+01   3.0081672e+01   3.0081531e+01   3.0081395e+01   3.0081263e+01   3.0081136e+01   3.0081011e+01   3.0080890e+01   3.0080770e+01   3.0080654e+01   3.0080539e+01   3.0080425e+01   3.0080313e+01   3.0080202e+01   3.0080093e+01   3.0079984e+01   3.0079876e+01   3.0079769e+01   3.0079662e+01   3.0079556e+01   3.0079451e+01   3.0079346e+01   3.0079241e+01   3.0079136e+01   3.0079032e+01   3.0078928e+01   3.0078824e+01   3.0078720e+01   3.0078616e+01   3.0078512e+01   3.0078409e+01   3.0078305e+01   3.0078201e+01   3.0078098e+01   3.0077994e+01   3.0077891e+01   3.0077787e+01   3.0077684e+01   3.0077580e+01   3.0077476e+01   3.0077373e+01   3.0077269e+01   3.0077166e+01   3.0077062e+01   3.0076959e+01   3.0076855e+01   3.0076752e+01   3.0076648e+01   3.0076545e+01   3.0076441e+01   3.0076338e+01   3.0076234e+01   3.0076131e+01   3.0076027e+01   3.0075924e+01   3.0075820e+01   3.0075717e+01   3.0075613e+01   3.0075510e+01   3.0075406e+01   3.0075303e+01   3.0075199e+01   3.0075096e+01   3.0074992e+01   3.0074889e+01   3.0074785e+01   3.0074682e+01   3.0074578e+01   3.0074475e+01   3.0074371e+01   3.0074268e+01   3.0074164e+01   3.0074061e+01   3.0073957e+01   3.0073853e+01   3.0073750e+01   3.0073646e+01   3.0073542e+01   3.0073438e+01   3.0073334e+01   3.0073230e+01   3.0073126e+01   3.0073022e+01   3.0072918e+01   3.0072814e+01   3.0072709e+01   3.0072604e+01   3.0072499e+01   3.0072394e+01   3.0072289e+01   3.0072183e+01   3.0072078e+01   3.0071972e+01   3.0071865e+01   3.0071759e+01   3.0071652e+01   3.0071544e+01   3.0071436e+01   3.0071329e+01   3.0071220e+01   3.0071111e+01   3.0071001e+01   3.0070892e+01   3.0070781e+01   3.0070670e+01   3.0070558e+01   3.0070446e+01   3.0070332e+01   3.0070219e+01   3.0070104e+01   3.0069989e+01   3.0069873e+01   3.0069757e+01   3.0069638e+01   3.0069520e+01   3.0069400e+01   3.0069280e+01   3.0069158e+01   3.0069035e+01   3.0068911e+01   3.0068786e+01   3.0068659e+01   3.0068532e+01   3.0068403e+01   3.0068273e+01   3.0068141e+01   3.0068008e+01   3.0067872e+01   3.0067737e+01   3.0067598e+01   3.0067458e+01   3.0067316e+01   3.0067173e+01   3.0067026e+01   3.0066880e+01   3.0066729e+01   3.0066578e+01   3.0066423e+01   3.0066268e+01   3.0066108e+01   3.0065947e+01   3.0065782e+01   3.0065617e+01   3.0065446e+01   3.0065275e+01   3.0065098e+01   3.0064921e+01   3.0064735e+01   3.0064548e+01   3.0064349e+01   3.0064150e+01   3.0063934e+01   3.0063719e+01   3.0063483e+01   3.0063247e+01   3.0062986e+01   3.0062725e+01   3.0062432e+01   3.0062140e+01   3.0061810e+01   3.0061481e+01   3.0061108e+01   3.0060735e+01   3.0060312e+01   3.0059889e+01   3.0059409e+01   3.0058929e+01   3.0058385e+01   3.0057841e+01   3.0057227e+01   3.0056613e+01   3.0055923e+01   3.0055232e+01   3.0054461e+01   3.0053689e+01   3.0052830e+01   3.0051971e+01   3.0051015e+01   3.0050059e+01   3.0048992e+01   3.0047926e+01   3.0046727e+01   3.0045529e+01   3.0044178e+01   3.0042827e+01   3.0041331e+01   3.0039836e+01
   3.0087781e+01   3.0087326e+01   3.0086880e+01   3.0086448e+01   3.0086031e+01   3.0085632e+01   3.0085253e+01   3.0084894e+01   3.0084555e+01   3.0084235e+01   3.0083934e+01   3.0083652e+01   3.0083385e+01   3.0083135e+01   3.0082899e+01   3.0082677e+01   3.0082467e+01   3.0082269e+01   3.0082082e+01   3.0081904e+01   3.0081736e+01   3.0081575e+01   3.0081422e+01   3.0081276e+01   3.0081135e+01   3.0080999e+01   3.0080868e+01   3.0080740e+01   3.0080616e+01   3.0080494e+01   3.0080375e+01   3.0080259e+01   3.0080144e+01   3.0080031e+01   3.0079919e+01   3.0079808e+01   3.0079699e+01   3.0079590e+01   3.0079482e+01   3.0079375e+01   3.0079269e+01   3.0079163e+01   3.0079058e+01   3.0078953e+01   3.0078848e+01   3.0078743e+01   3.0078639e+01   3.0078535e+01   3.0078431e+01   3.0078327e+01   3.0078224e+01   3.0078120e+01   3.0078016e+01   3.0077913e+01   3.0077809e+01   3.0077706e+01   3.0077602e+01   3.0077499e+01   3.0077395e+01   3.0077292e+01   3.0077188e+01   3.0077085e+01   3.0076981e+01   3.0076878e+01   3.0076774e+01   3.0076671e+01   3.0076568e+01   3.0076464e+01   3.0076361e+01   3.0076257e+01   3.0076154e+01   3.0076050e+01   3.0075947e+01   3.0075843e+01   3.0075740e+01   3.0075637e+01   3.0075533e+01   3.0075430e+01   3.0075326e+01   3.0075223e+01   3.0075119e+01   3.0075016e+01   3.0074912e+01   3.0074809e+01   3.0074706e+01   3.0074602e+01   3.0074499e+01   3.0074395e+01   3.0074292e+01   3.0074188e+01   3.0074085e+01   3.0073982e+01   3.0073878e+01   3.0073775e+01   3.0073671e+01   3.0073568e+01   3.0073464e+01   3.0073360e+01   3.0073257e+01   3.0073153e+01   3.0073049e+01   3.0072945e+01   3.0072842e+01   3.0072737e+01   3.0072633e+01   3.0072529e+01   3.0072425e+01   3.0072320e+01   3.0072216e+01   3.0072111e+01   3.0072006e+01   3.0071901e+01   3.0071795e+01   3.0071689e+01   3.0071583e+01   3.0071477e+01   3.0071371e+01   3.0071264e+01   3.0071156e+01   3.0071049e+01   3.0070941e+01   3.0070832e+01   3.0070723e+01   3.0070614e+01   3.0070504e+01   3.0070393e+01   3.0070283e+01   3.0070171e+01   3.0070059e+01   3.0069945e+01   3.0069832e+01   3.0069717e+01   3.0069603e+01   3.0069486e+01   3.0069370e+01   3.0069252e+01   3.0069134e+01   3.0069014e+01   3.0068894e+01   3.0068771e+01   3.0068649e+01   3.0068525e+01   3.0068400e+01   3.0068273e+01   3.0068147e+01   3.0068017e+01   3.0067887e+01   3.0067755e+01   3.0067622e+01   3.0067487e+01   3.0067351e+01   3.0067212e+01   3.0067073e+01   3.0066930e+01   3.0066788e+01   3.0066641e+01   3.0066495e+01   3.0066344e+01   3.0066193e+01   3.0066038e+01   3.0065882e+01   3.0065722e+01   3.0065562e+01   3.0065397e+01   3.0065232e+01   3.0065061e+01   3.0064890e+01   3.0064714e+01   3.0064537e+01   3.0064350e+01   3.0064164e+01   3.0063965e+01   3.0063766e+01   3.0063550e+01   3.0063335e+01   3.0063099e+01   3.0062864e+01   3.0062603e+01   3.0062342e+01   3.0062049e+01   3.0061757e+01   3.0061427e+01   3.0061098e+01   3.0060724e+01   3.0060351e+01   3.0059927e+01   3.0059504e+01   3.0059023e+01   3.0058543e+01   3.0057998e+01   3.0057454e+01   3.0056839e+01   3.0056223e+01   3.0055531e+01   3.0054838e+01   3.0054063e+01   3.0053287e+01   3.0052423e+01   3.0051558e+01   3.0050596e+01   3.0049635e+01   3.0048564e+01   3.0047493e+01   3.0046295e+01   3.0045098e+01   3.0043756e+01   3.0042414e+01   3.0040932e+01   3.0039451e+01
   3.0087378e+01   3.0086923e+01   3.0086478e+01   3.0086045e+01   3.0085629e+01   3.0085231e+01   3.0084852e+01   3.0084493e+01   3.0084154e+01   3.0083835e+01   3.0083535e+01   3.0083252e+01   3.0082986e+01   3.0082736e+01   3.0082501e+01   3.0082279e+01   3.0082069e+01   3.0081872e+01   3.0081684e+01   3.0081507e+01   3.0081339e+01   3.0081179e+01   3.0081026e+01   3.0080879e+01   3.0080739e+01   3.0080603e+01   3.0080472e+01   3.0080345e+01   3.0080221e+01   3.0080099e+01   3.0079981e+01   3.0079864e+01   3.0079749e+01   3.0079636e+01   3.0079525e+01   3.0079414e+01   3.0079305e+01   3.0079196e+01   3.0079089e+01   3.0078982e+01   3.0078875e+01   3.0078770e+01   3.0078664e+01   3.0078559e+01   3.0078455e+01   3.0078350e+01   3.0078246e+01   3.0078142e+01   3.0078039e+01   3.0077935e+01   3.0077831e+01   3.0077728e+01   3.0077624e+01   3.0077520e+01   3.0077417e+01   3.0077313e+01   3.0077210e+01   3.0077107e+01   3.0077003e+01   3.0076900e+01   3.0076796e+01   3.0076693e+01   3.0076590e+01   3.0076486e+01   3.0076383e+01   3.0076280e+01   3.0076176e+01   3.0076073e+01   3.0075970e+01   3.0075866e+01   3.0075763e+01   3.0075659e+01   3.0075556e+01   3.0075453e+01   3.0075349e+01   3.0075246e+01   3.0075142e+01   3.0075039e+01   3.0074936e+01   3.0074832e+01   3.0074729e+01   3.0074626e+01   3.0074522e+01   3.0074419e+01   3.0074315e+01   3.0074212e+01   3.0074109e+01   3.0074005e+01   3.0073902e+01   3.0073799e+01   3.0073695e+01   3.0073592e+01   3.0073488e+01   3.0073385e+01   3.0073282e+01   3.0073178e+01   3.0073075e+01   3.0072971e+01   3.0072868e+01   3.0072764e+01   3.0072660e+01   3.0072556e+01   3.0072453e+01   3.0072349e+01   3.0072245e+01   3.0072140e+01   3.0072036e+01   3.0071932e+01   3.0071827e+01   3.0071722e+01   3.0071617e+01   3.0071512e+01   3.0071407e+01   3.0071301e+01   3.0071195e+01   3.0071089e+01   3.0070983e+01   3.0070876e+01   3.0070769e+01   3.0070661e+01   3.0070553e+01   3.0070444e+01   3.0070336e+01   3.0070226e+01   3.0070117e+01   3.0070006e+01   3.0069895e+01   3.0069783e+01   3.0069671e+01   3.0069558e+01   3.0069445e+01   3.0069330e+01   3.0069216e+01   3.0069099e+01   3.0068983e+01   3.0068865e+01   3.0068747e+01   3.0068627e+01   3.0068507e+01   3.0068385e+01   3.0068263e+01   3.0068139e+01   3.0068014e+01   3.0067888e+01   3.0067761e+01   3.0067631e+01   3.0067502e+01   3.0067369e+01   3.0067237e+01   3.0067101e+01   3.0066965e+01   3.0066826e+01   3.0066688e+01   3.0066545e+01   3.0066402e+01   3.0066256e+01   3.0066109e+01   3.0065958e+01   3.0065808e+01   3.0065652e+01   3.0065497e+01   3.0065337e+01   3.0065177e+01   3.0065012e+01   3.0064847e+01   3.0064676e+01   3.0064505e+01   3.0064329e+01   3.0064152e+01   3.0063966e+01   3.0063780e+01   3.0063581e+01   3.0063382e+01   3.0063167e+01   3.0062952e+01   3.0062716e+01   3.0062480e+01   3.0062219e+01   3.0061958e+01   3.0061666e+01   3.0061374e+01   3.0061044e+01   3.0060715e+01   3.0060341e+01   3.0059967e+01   3.0059543e+01   3.0059119e+01   3.0058638e+01   3.0058157e+01   3.0057612e+01   3.0057067e+01   3.0056450e+01   3.0055833e+01   3.0055139e+01   3.0054444e+01   3.0053665e+01   3.0052885e+01   3.0052016e+01   3.0051146e+01   3.0050178e+01   3.0049211e+01   3.0048135e+01   3.0047060e+01   3.0045864e+01   3.0044667e+01   3.0043334e+01   3.0042001e+01   3.0040533e+01   3.0039065e+01
   3.0086975e+01   3.0086520e+01   3.0086075e+01   3.0085643e+01   3.0085227e+01   3.0084829e+01   3.0084451e+01   3.0084092e+01   3.0083754e+01   3.0083435e+01   3.0083135e+01   3.0082853e+01   3.0082587e+01   3.0082337e+01   3.0082102e+01   3.0081881e+01   3.0081671e+01   3.0081474e+01   3.0081287e+01   3.0081110e+01   3.0080942e+01   3.0080782e+01   3.0080630e+01   3.0080483e+01   3.0080343e+01   3.0080208e+01   3.0080077e+01   3.0079949e+01   3.0079825e+01   3.0079704e+01   3.0079586e+01   3.0079470e+01   3.0079355e+01   3.0079242e+01   3.0079131e+01   3.0079020e+01   3.0078911e+01   3.0078803e+01   3.0078695e+01   3.0078588e+01   3.0078482e+01   3.0078377e+01   3.0078271e+01   3.0078167e+01   3.0078062e+01   3.0077958e+01   3.0077854e+01   3.0077750e+01   3.0077646e+01   3.0077542e+01   3.0077439e+01   3.0077335e+01   3.0077232e+01   3.0077128e+01   3.0077025e+01   3.0076922e+01   3.0076818e+01   3.0076715e+01   3.0076612e+01   3.0076508e+01   3.0076405e+01   3.0076301e+01   3.0076198e+01   3.0076095e+01   3.0075992e+01   3.0075888e+01   3.0075785e+01   3.0075682e+01   3.0075578e+01   3.0075475e+01   3.0075372e+01   3.0075268e+01   3.0075165e+01   3.0075062e+01   3.0074958e+01   3.0074855e+01   3.0074752e+01   3.0074649e+01   3.0074545e+01   3.0074442e+01   3.0074339e+01   3.0074235e+01   3.0074132e+01   3.0074029e+01   3.0073925e+01   3.0073822e+01   3.0073719e+01   3.0073615e+01   3.0073512e+01   3.0073409e+01   3.0073306e+01   3.0073202e+01   3.0073099e+01   3.0072996e+01   3.0072892e+01   3.0072789e+01   3.0072685e+01   3.0072582e+01   3.0072478e+01   3.0072375e+01   3.0072271e+01   3.0072167e+01   3.0072064e+01   3.0071960e+01   3.0071856e+01   3.0071752e+01   3.0071648e+01   3.0071543e+01   3.0071439e+01   3.0071334e+01   3.0071229e+01   3.0071124e+01   3.0071019e+01   3.0070913e+01   3.0070807e+01   3.0070701e+01   3.0070595e+01   3.0070488e+01   3.0070381e+01   3.0070273e+01   3.0070165e+01   3.0070057e+01   3.0069948e+01   3.0069839e+01   3.0069729e+01   3.0069619e+01   3.0069508e+01   3.0069396e+01   3.0069284e+01   3.0069171e+01   3.0069058e+01   3.0068943e+01   3.0068829e+01   3.0068713e+01   3.0068596e+01   3.0068479e+01   3.0068361e+01   3.0068241e+01   3.0068121e+01   3.0067999e+01   3.0067877e+01   3.0067753e+01   3.0067628e+01   3.0067501e+01   3.0067375e+01   3.0067245e+01   3.0067116e+01   3.0066983e+01   3.0066851e+01   3.0066715e+01   3.0066580e+01   3.0066441e+01   3.0066302e+01   3.0066159e+01   3.0066017e+01   3.0065870e+01   3.0065724e+01   3.0065573e+01   3.0065422e+01   3.0065267e+01   3.0065112e+01   3.0064952e+01   3.0064792e+01   3.0064627e+01   3.0064462e+01   3.0064291e+01   3.0064121e+01   3.0063944e+01   3.0063768e+01   3.0063582e+01   3.0063396e+01   3.0063197e+01   3.0062998e+01   3.0062783e+01   3.0062568e+01   3.0062333e+01   3.0062097e+01   3.0061837e+01   3.0061576e+01   3.0061284e+01   3.0060992e+01   3.0060662e+01   3.0060332e+01   3.0059959e+01   3.0059585e+01   3.0059161e+01   3.0058736e+01   3.0058255e+01   3.0057774e+01   3.0057228e+01   3.0056682e+01   3.0056065e+01   3.0055448e+01   3.0054751e+01   3.0054055e+01   3.0053274e+01   3.0052492e+01   3.0051619e+01   3.0050746e+01   3.0049774e+01   3.0048801e+01   3.0047722e+01   3.0046642e+01   3.0045445e+01   3.0044247e+01   3.0042919e+01   3.0041592e+01   3.0040136e+01   3.0038680e+01
   3.0086571e+01   3.0086117e+01   3.0085672e+01   3.0085241e+01   3.0084825e+01   3.0084427e+01   3.0084049e+01   3.0083691e+01   3.0083353e+01   3.0083035e+01   3.0082735e+01   3.0082453e+01   3.0082188e+01   3.0081939e+01   3.0081704e+01   3.0081482e+01   3.0081274e+01   3.0081076e+01   3.0080890e+01   3.0080713e+01   3.0080545e+01   3.0080386e+01   3.0080233e+01   3.0080087e+01   3.0079947e+01   3.0079812e+01   3.0079681e+01   3.0079554e+01   3.0079430e+01   3.0079310e+01   3.0079191e+01   3.0079075e+01   3.0078961e+01   3.0078848e+01   3.0078737e+01   3.0078626e+01   3.0078517e+01   3.0078409e+01   3.0078302e+01   3.0078195e+01   3.0078089e+01   3.0077983e+01   3.0077878e+01   3.0077774e+01   3.0077669e+01   3.0077565e+01   3.0077461e+01   3.0077357e+01   3.0077253e+01   3.0077150e+01   3.0077046e+01   3.0076943e+01   3.0076840e+01   3.0076736e+01   3.0076633e+01   3.0076530e+01   3.0076426e+01   3.0076323e+01   3.0076220e+01   3.0076116e+01   3.0076013e+01   3.0075910e+01   3.0075807e+01   3.0075703e+01   3.0075600e+01   3.0075497e+01   3.0075394e+01   3.0075290e+01   3.0075187e+01   3.0075084e+01   3.0074981e+01   3.0074877e+01   3.0074774e+01   3.0074671e+01   3.0074568e+01   3.0074464e+01   3.0074361e+01   3.0074258e+01   3.0074155e+01   3.0074052e+01   3.0073948e+01   3.0073845e+01   3.0073742e+01   3.0073639e+01   3.0073535e+01   3.0073432e+01   3.0073329e+01   3.0073226e+01   3.0073122e+01   3.0073019e+01   3.0072916e+01   3.0072813e+01   3.0072709e+01   3.0072606e+01   3.0072503e+01   3.0072399e+01   3.0072296e+01   3.0072193e+01   3.0072089e+01   3.0071986e+01   3.0071882e+01   3.0071778e+01   3.0071675e+01   3.0071571e+01   3.0071467e+01   3.0071363e+01   3.0071259e+01   3.0071155e+01   3.0071050e+01   3.0070945e+01   3.0070841e+01   3.0070736e+01   3.0070630e+01   3.0070525e+01   3.0070419e+01   3.0070313e+01   3.0070207e+01   3.0070100e+01   3.0069993e+01   3.0069885e+01   3.0069778e+01   3.0069669e+01   3.0069561e+01   3.0069451e+01   3.0069342e+01   3.0069231e+01   3.0069121e+01   3.0069009e+01   3.0068897e+01   3.0068784e+01   3.0068671e+01   3.0068557e+01   3.0068442e+01   3.0068326e+01   3.0068210e+01   3.0068092e+01   3.0067974e+01   3.0067854e+01   3.0067734e+01   3.0067612e+01   3.0067491e+01   3.0067366e+01   3.0067242e+01   3.0067115e+01   3.0066989e+01   3.0066859e+01   3.0066730e+01   3.0066598e+01   3.0066465e+01   3.0066330e+01   3.0066194e+01   3.0066055e+01   3.0065917e+01   3.0065774e+01   3.0065631e+01   3.0065485e+01   3.0065339e+01   3.0065188e+01   3.0065037e+01   3.0064882e+01   3.0064727e+01   3.0064567e+01   3.0064407e+01   3.0064242e+01   3.0064077e+01   3.0063907e+01   3.0063736e+01   3.0063560e+01   3.0063384e+01   3.0063198e+01   3.0063012e+01   3.0062813e+01   3.0062614e+01   3.0062399e+01   3.0062185e+01   3.0061949e+01   3.0061714e+01   3.0061454e+01   3.0061193e+01   3.0060901e+01   3.0060609e+01   3.0060280e+01   3.0059950e+01   3.0059576e+01   3.0059203e+01   3.0058778e+01   3.0058354e+01   3.0057872e+01   3.0057390e+01   3.0056844e+01   3.0056298e+01   3.0055680e+01   3.0055062e+01   3.0054364e+01   3.0053667e+01   3.0052883e+01   3.0052100e+01   3.0051223e+01   3.0050346e+01   3.0049369e+01   3.0048392e+01   3.0047308e+01   3.0046224e+01   3.0045025e+01   3.0043826e+01   3.0042504e+01   3.0041182e+01   3.0039738e+01   3.0038294e+01
   3.0086168e+01   3.0085714e+01   3.0085270e+01   3.0084838e+01   3.0084423e+01   3.0084026e+01   3.0083648e+01   3.0083290e+01   3.0082953e+01   3.0082634e+01   3.0082335e+01   3.0082054e+01   3.0081789e+01   3.0081540e+01   3.0081305e+01   3.0081084e+01   3.0080876e+01   3.0080679e+01   3.0080493e+01   3.0080316e+01   3.0080149e+01   3.0079989e+01   3.0079837e+01   3.0079691e+01   3.0079551e+01   3.0079416e+01   3.0079286e+01   3.0079159e+01   3.0079035e+01   3.0078915e+01   3.0078797e+01   3.0078681e+01   3.0078566e+01   3.0078454e+01   3.0078343e+01   3.0078233e+01   3.0078124e+01   3.0078016e+01   3.0077908e+01   3.0077802e+01   3.0077696e+01   3.0077590e+01   3.0077485e+01   3.0077381e+01   3.0077276e+01   3.0077172e+01   3.0077068e+01   3.0076965e+01   3.0076861e+01   3.0076757e+01   3.0076654e+01   3.0076551e+01   3.0076447e+01   3.0076344e+01   3.0076241e+01   3.0076138e+01   3.0076034e+01   3.0075931e+01   3.0075828e+01   3.0075724e+01   3.0075621e+01   3.0075518e+01   3.0075415e+01   3.0075312e+01   3.0075209e+01   3.0075106e+01   3.0075002e+01   3.0074899e+01   3.0074796e+01   3.0074693e+01   3.0074590e+01   3.0074486e+01   3.0074383e+01   3.0074280e+01   3.0074177e+01   3.0074074e+01   3.0073971e+01   3.0073867e+01   3.0073764e+01   3.0073661e+01   3.0073558e+01   3.0073455e+01   3.0073352e+01   3.0073248e+01   3.0073145e+01   3.0073042e+01   3.0072939e+01   3.0072836e+01   3.0072733e+01   3.0072629e+01   3.0072526e+01   3.0072423e+01   3.0072320e+01   3.0072217e+01   3.0072113e+01   3.0072010e+01   3.0071907e+01   3.0071803e+01   3.0071700e+01   3.0071597e+01   3.0071493e+01   3.0071390e+01   3.0071286e+01   3.0071182e+01   3.0071078e+01   3.0070974e+01   3.0070870e+01   3.0070766e+01   3.0070662e+01   3.0070557e+01   3.0070452e+01   3.0070347e+01   3.0070242e+01   3.0070137e+01   3.0070031e+01   3.0069925e+01   3.0069819e+01   3.0069712e+01   3.0069605e+01   3.0069498e+01   3.0069390e+01   3.0069282e+01   3.0069173e+01   3.0069064e+01   3.0068954e+01   3.0068844e+01   3.0068733e+01   3.0068622e+01   3.0068510e+01   3.0068397e+01   3.0068284e+01   3.0068170e+01   3.0068055e+01   3.0067939e+01   3.0067823e+01   3.0067705e+01   3.0067588e+01   3.0067468e+01   3.0067348e+01   3.0067226e+01   3.0067104e+01   3.0066980e+01   3.0066856e+01   3.0066729e+01   3.0066603e+01   3.0066473e+01   3.0066344e+01   3.0066212e+01   3.0066079e+01   3.0065944e+01   3.0065809e+01   3.0065670e+01   3.0065531e+01   3.0065389e+01   3.0065246e+01   3.0065100e+01   3.0064953e+01   3.0064803e+01   3.0064652e+01   3.0064497e+01   3.0064342e+01   3.0064182e+01   3.0064023e+01   3.0063858e+01   3.0063693e+01   3.0063522e+01   3.0063352e+01   3.0063176e+01   3.0063000e+01   3.0062814e+01   3.0062628e+01   3.0062429e+01   3.0062231e+01   3.0062016e+01   3.0061801e+01   3.0061566e+01   3.0061331e+01   3.0061071e+01   3.0060810e+01   3.0060518e+01   3.0060227e+01   3.0059897e+01   3.0059568e+01   3.0059194e+01   3.0058821e+01   3.0058396e+01   3.0057972e+01   3.0057490e+01   3.0057008e+01   3.0056461e+01   3.0055915e+01   3.0055297e+01   3.0054678e+01   3.0053980e+01   3.0053282e+01   3.0052497e+01   3.0051712e+01   3.0050833e+01   3.0049953e+01   3.0048973e+01   3.0047993e+01   3.0046905e+01   3.0045817e+01   3.0044616e+01   3.0043415e+01   3.0042096e+01   3.0040777e+01   3.0039343e+01   3.0037909e+01
   3.0085765e+01   3.0085311e+01   3.0084867e+01   3.0084436e+01   3.0084021e+01   3.0083624e+01   3.0083247e+01   3.0082889e+01   3.0082552e+01   3.0082234e+01   3.0081935e+01   3.0081654e+01   3.0081390e+01   3.0081141e+01   3.0080907e+01   3.0080686e+01   3.0080478e+01   3.0080281e+01   3.0080095e+01   3.0079919e+01   3.0079752e+01   3.0079593e+01   3.0079441e+01   3.0079295e+01   3.0079155e+01   3.0079020e+01   3.0078890e+01   3.0078763e+01   3.0078640e+01   3.0078520e+01   3.0078402e+01   3.0078286e+01   3.0078172e+01   3.0078060e+01   3.0077948e+01   3.0077839e+01   3.0077730e+01   3.0077622e+01   3.0077515e+01   3.0077408e+01   3.0077303e+01   3.0077197e+01   3.0077092e+01   3.0076988e+01   3.0076883e+01   3.0076779e+01   3.0076676e+01   3.0076572e+01   3.0076468e+01   3.0076365e+01   3.0076262e+01   3.0076158e+01   3.0076055e+01   3.0075952e+01   3.0075849e+01   3.0075746e+01   3.0075642e+01   3.0075539e+01   3.0075436e+01   3.0075333e+01   3.0075230e+01   3.0075127e+01   3.0075023e+01   3.0074920e+01   3.0074817e+01   3.0074714e+01   3.0074611e+01   3.0074508e+01   3.0074405e+01   3.0074302e+01   3.0074199e+01   3.0074096e+01   3.0073992e+01   3.0073889e+01   3.0073786e+01   3.0073683e+01   3.0073580e+01   3.0073477e+01   3.0073374e+01   3.0073271e+01   3.0073168e+01   3.0073064e+01   3.0072961e+01   3.0072858e+01   3.0072755e+01   3.0072652e+01   3.0072549e+01   3.0072446e+01   3.0072343e+01   3.0072240e+01   3.0072136e+01   3.0072033e+01   3.0071930e+01   3.0071827e+01   3.0071724e+01   3.0071621e+01   3.0071517e+01   3.0071414e+01   3.0071311e+01   3.0071208e+01   3.0071104e+01   3.0071001e+01   3.0070897e+01   3.0070793e+01   3.0070690e+01   3.0070586e+01   3.0070482e+01   3.0070378e+01   3.0070273e+01   3.0070169e+01   3.0070064e+01   3.0069959e+01   3.0069854e+01   3.0069749e+01   3.0069643e+01   3.0069537e+01   3.0069431e+01   3.0069324e+01   3.0069217e+01   3.0069110e+01   3.0069002e+01   3.0068894e+01   3.0068786e+01   3.0068676e+01   3.0068567e+01   3.0068457e+01   3.0068346e+01   3.0068235e+01   3.0068123e+01   3.0068010e+01   3.0067897e+01   3.0067783e+01   3.0067668e+01   3.0067552e+01   3.0067436e+01   3.0067319e+01   3.0067201e+01   3.0067081e+01   3.0066962e+01   3.0066840e+01   3.0066718e+01   3.0066594e+01   3.0066470e+01   3.0066343e+01   3.0066217e+01   3.0066087e+01   3.0065958e+01   3.0065826e+01   3.0065694e+01   3.0065558e+01   3.0065423e+01   3.0065284e+01   3.0065146e+01   3.0065003e+01   3.0064861e+01   3.0064714e+01   3.0064568e+01   3.0064418e+01   3.0064267e+01   3.0064112e+01   3.0063957e+01   3.0063798e+01   3.0063638e+01   3.0063473e+01   3.0063308e+01   3.0063138e+01   3.0062968e+01   3.0062792e+01   3.0062616e+01   3.0062430e+01   3.0062244e+01   3.0062045e+01   3.0061847e+01   3.0061633e+01   3.0061418e+01   3.0061183e+01   3.0060948e+01   3.0060688e+01   3.0060427e+01   3.0060136e+01   3.0059844e+01   3.0059515e+01   3.0059185e+01   3.0058812e+01   3.0058438e+01   3.0058014e+01   3.0057590e+01   3.0057108e+01   3.0056626e+01   3.0056079e+01   3.0055532e+01   3.0054913e+01   3.0054295e+01   3.0053596e+01   3.0052897e+01   3.0052111e+01   3.0051325e+01   3.0050443e+01   3.0049561e+01   3.0048577e+01   3.0047593e+01   3.0046502e+01   3.0045410e+01   3.0044206e+01   3.0043003e+01   3.0041687e+01   3.0040371e+01   3.0038947e+01   3.0037523e+01
   3.0085361e+01   3.0084908e+01   3.0084464e+01   3.0084033e+01   3.0083619e+01   3.0083223e+01   3.0082845e+01   3.0082488e+01   3.0082151e+01   3.0081834e+01   3.0081535e+01   3.0081254e+01   3.0080990e+01   3.0080742e+01   3.0080508e+01   3.0080288e+01   3.0080080e+01   3.0079884e+01   3.0079698e+01   3.0079522e+01   3.0079355e+01   3.0079196e+01   3.0079044e+01   3.0078899e+01   3.0078759e+01   3.0078625e+01   3.0078494e+01   3.0078368e+01   3.0078245e+01   3.0078125e+01   3.0078007e+01   3.0077891e+01   3.0077777e+01   3.0077665e+01   3.0077554e+01   3.0077445e+01   3.0077336e+01   3.0077228e+01   3.0077121e+01   3.0077015e+01   3.0076909e+01   3.0076804e+01   3.0076699e+01   3.0076595e+01   3.0076491e+01   3.0076387e+01   3.0076283e+01   3.0076179e+01   3.0076076e+01   3.0075972e+01   3.0075869e+01   3.0075766e+01   3.0075663e+01   3.0075560e+01   3.0075456e+01   3.0075353e+01   3.0075250e+01   3.0075147e+01   3.0075044e+01   3.0074941e+01   3.0074838e+01   3.0074735e+01   3.0074632e+01   3.0074529e+01   3.0074426e+01   3.0074323e+01   3.0074220e+01   3.0074117e+01   3.0074014e+01   3.0073911e+01   3.0073808e+01   3.0073705e+01   3.0073602e+01   3.0073498e+01   3.0073395e+01   3.0073292e+01   3.0073189e+01   3.0073086e+01   3.0072983e+01   3.0072880e+01   3.0072777e+01   3.0072674e+01   3.0072571e+01   3.0072468e+01   3.0072365e+01   3.0072262e+01   3.0072159e+01   3.0072056e+01   3.0071953e+01   3.0071850e+01   3.0071747e+01   3.0071644e+01   3.0071541e+01   3.0071438e+01   3.0071335e+01   3.0071231e+01   3.0071128e+01   3.0071025e+01   3.0070922e+01   3.0070818e+01   3.0070715e+01   3.0070612e+01   3.0070508e+01   3.0070405e+01   3.0070301e+01   3.0070197e+01   3.0070093e+01   3.0069989e+01   3.0069885e+01   3.0069780e+01   3.0069676e+01   3.0069571e+01   3.0069466e+01   3.0069361e+01   3.0069255e+01   3.0069149e+01   3.0069043e+01   3.0068936e+01   3.0068830e+01   3.0068722e+01   3.0068615e+01   3.0068507e+01   3.0068398e+01   3.0068289e+01   3.0068180e+01   3.0068069e+01   3.0067959e+01   3.0067848e+01   3.0067736e+01   3.0067623e+01   3.0067510e+01   3.0067396e+01   3.0067282e+01   3.0067166e+01   3.0067050e+01   3.0066932e+01   3.0066814e+01   3.0066695e+01   3.0066575e+01   3.0066454e+01   3.0066332e+01   3.0066208e+01   3.0066084e+01   3.0065957e+01   3.0065831e+01   3.0065702e+01   3.0065572e+01   3.0065440e+01   3.0065308e+01   3.0065173e+01   3.0065037e+01   3.0064899e+01   3.0064760e+01   3.0064618e+01   3.0064476e+01   3.0064329e+01   3.0064183e+01   3.0064033e+01   3.0063882e+01   3.0063728e+01   3.0063573e+01   3.0063413e+01   3.0063253e+01   3.0063089e+01   3.0062924e+01   3.0062754e+01   3.0062584e+01   3.0062408e+01   3.0062232e+01   3.0062046e+01   3.0061860e+01   3.0061662e+01   3.0061464e+01   3.0061249e+01   3.0061035e+01   3.0060800e+01   3.0060565e+01   3.0060305e+01   3.0060044e+01   3.0059753e+01   3.0059461e+01   3.0059132e+01   3.0058803e+01   3.0058430e+01   3.0058056e+01   3.0057632e+01   3.0057208e+01   3.0056726e+01   3.0056244e+01   3.0055697e+01   3.0055150e+01   3.0054531e+01   3.0053912e+01   3.0053213e+01   3.0052514e+01   3.0051727e+01   3.0050940e+01   3.0050057e+01   3.0049173e+01   3.0048187e+01   3.0047200e+01   3.0046105e+01   3.0045010e+01   3.0043804e+01   3.0042598e+01   3.0041284e+01   3.0039969e+01   3.0038553e+01   3.0037138e+01
   3.0084958e+01   3.0084505e+01   3.0084061e+01   3.0083631e+01   3.0083217e+01   3.0082821e+01   3.0082444e+01   3.0082088e+01   3.0081751e+01   3.0081434e+01   3.0081135e+01   3.0080855e+01   3.0080591e+01   3.0080343e+01   3.0080110e+01   3.0079890e+01   3.0079682e+01   3.0079486e+01   3.0079300e+01   3.0079125e+01   3.0078958e+01   3.0078799e+01   3.0078648e+01   3.0078503e+01   3.0078363e+01   3.0078229e+01   3.0078099e+01   3.0077973e+01   3.0077850e+01   3.0077730e+01   3.0077612e+01   3.0077496e+01   3.0077383e+01   3.0077271e+01   3.0077160e+01   3.0077051e+01   3.0076942e+01   3.0076834e+01   3.0076728e+01   3.0076622e+01   3.0076516e+01   3.0076411e+01   3.0076306e+01   3.0076202e+01   3.0076098e+01   3.0075994e+01   3.0075890e+01   3.0075787e+01   3.0075683e+01   3.0075580e+01   3.0075477e+01   3.0075374e+01   3.0075270e+01   3.0075167e+01   3.0075064e+01   3.0074961e+01   3.0074858e+01   3.0074755e+01   3.0074652e+01   3.0074549e+01   3.0074446e+01   3.0074343e+01   3.0074240e+01   3.0074137e+01   3.0074034e+01   3.0073931e+01   3.0073828e+01   3.0073725e+01   3.0073622e+01   3.0073519e+01   3.0073417e+01   3.0073314e+01   3.0073211e+01   3.0073108e+01   3.0073005e+01   3.0072902e+01   3.0072799e+01   3.0072696e+01   3.0072593e+01   3.0072490e+01   3.0072387e+01   3.0072284e+01   3.0072181e+01   3.0072078e+01   3.0071975e+01   3.0071872e+01   3.0071769e+01   3.0071666e+01   3.0071563e+01   3.0071460e+01   3.0071357e+01   3.0071254e+01   3.0071151e+01   3.0071048e+01   3.0070945e+01   3.0070842e+01   3.0070739e+01   3.0070636e+01   3.0070533e+01   3.0070429e+01   3.0070326e+01   3.0070223e+01   3.0070119e+01   3.0070016e+01   3.0069912e+01   3.0069808e+01   3.0069705e+01   3.0069600e+01   3.0069496e+01   3.0069392e+01   3.0069287e+01   3.0069183e+01   3.0069078e+01   3.0068972e+01   3.0068867e+01   3.0068761e+01   3.0068655e+01   3.0068549e+01   3.0068442e+01   3.0068335e+01   3.0068227e+01   3.0068119e+01   3.0068011e+01   3.0067902e+01   3.0067792e+01   3.0067682e+01   3.0067572e+01   3.0067460e+01   3.0067349e+01   3.0067236e+01   3.0067123e+01   3.0067009e+01   3.0066895e+01   3.0066779e+01   3.0066663e+01   3.0066546e+01   3.0066428e+01   3.0066308e+01   3.0066189e+01   3.0066067e+01   3.0065946e+01   3.0065822e+01   3.0065698e+01   3.0065571e+01   3.0065445e+01   3.0065316e+01   3.0065186e+01   3.0065054e+01   3.0064922e+01   3.0064787e+01   3.0064652e+01   3.0064513e+01   3.0064375e+01   3.0064233e+01   3.0064090e+01   3.0063944e+01   3.0063798e+01   3.0063648e+01   3.0063497e+01   3.0063343e+01   3.0063188e+01   3.0063028e+01   3.0062869e+01   3.0062704e+01   3.0062540e+01   3.0062370e+01   3.0062199e+01   3.0062024e+01   3.0061848e+01   3.0061662e+01   3.0061476e+01   3.0061278e+01   3.0061080e+01   3.0060866e+01   3.0060651e+01   3.0060417e+01   3.0060182e+01   3.0059922e+01   3.0059662e+01   3.0059370e+01   3.0059079e+01   3.0058750e+01   3.0058421e+01   3.0058047e+01   3.0057674e+01   3.0057250e+01   3.0056826e+01   3.0056344e+01   3.0055862e+01   3.0055315e+01   3.0054768e+01   3.0054149e+01   3.0053530e+01   3.0052831e+01   3.0052131e+01   3.0051343e+01   3.0050555e+01   3.0049670e+01   3.0048785e+01   3.0047796e+01   3.0046807e+01   3.0045708e+01   3.0044610e+01   3.0043401e+01   3.0042193e+01   3.0040880e+01   3.0039567e+01   3.0038160e+01   3.0036752e+01
   3.0084555e+01   3.0084102e+01   3.0083659e+01   3.0083229e+01   3.0082815e+01   3.0082419e+01   3.0082043e+01   3.0081687e+01   3.0081350e+01   3.0081034e+01   3.0080736e+01   3.0080456e+01   3.0080192e+01   3.0079944e+01   3.0079711e+01   3.0079491e+01   3.0079284e+01   3.0079088e+01   3.0078903e+01   3.0078728e+01   3.0078561e+01   3.0078403e+01   3.0078251e+01   3.0078106e+01   3.0077967e+01   3.0077833e+01   3.0077703e+01   3.0077577e+01   3.0077455e+01   3.0077335e+01   3.0077217e+01   3.0077102e+01   3.0076988e+01   3.0076877e+01   3.0076766e+01   3.0076657e+01   3.0076548e+01   3.0076441e+01   3.0076334e+01   3.0076228e+01   3.0076123e+01   3.0076018e+01   3.0075913e+01   3.0075809e+01   3.0075705e+01   3.0075601e+01   3.0075497e+01   3.0075394e+01   3.0075291e+01   3.0075187e+01   3.0075084e+01   3.0074981e+01   3.0074878e+01   3.0074775e+01   3.0074672e+01   3.0074569e+01   3.0074466e+01   3.0074363e+01   3.0074260e+01   3.0074157e+01   3.0074054e+01   3.0073952e+01   3.0073849e+01   3.0073746e+01   3.0073643e+01   3.0073540e+01   3.0073437e+01   3.0073334e+01   3.0073231e+01   3.0073128e+01   3.0073025e+01   3.0072923e+01   3.0072820e+01   3.0072717e+01   3.0072614e+01   3.0072511e+01   3.0072408e+01   3.0072305e+01   3.0072202e+01   3.0072099e+01   3.0071997e+01   3.0071894e+01   3.0071791e+01   3.0071688e+01   3.0071585e+01   3.0071482e+01   3.0071379e+01   3.0071276e+01   3.0071173e+01   3.0071070e+01   3.0070968e+01   3.0070865e+01   3.0070762e+01   3.0070659e+01   3.0070556e+01   3.0070453e+01   3.0070350e+01   3.0070247e+01   3.0070144e+01   3.0070040e+01   3.0069937e+01   3.0069834e+01   3.0069730e+01   3.0069627e+01   3.0069523e+01   3.0069420e+01   3.0069316e+01   3.0069212e+01   3.0069108e+01   3.0069004e+01   3.0068899e+01   3.0068794e+01   3.0068690e+01   3.0068584e+01   3.0068479e+01   3.0068373e+01   3.0068267e+01   3.0068161e+01   3.0068054e+01   3.0067947e+01   3.0067840e+01   3.0067731e+01   3.0067623e+01   3.0067514e+01   3.0067405e+01   3.0067295e+01   3.0067185e+01   3.0067073e+01   3.0066962e+01   3.0066849e+01   3.0066736e+01   3.0066622e+01   3.0066508e+01   3.0066392e+01   3.0066277e+01   3.0066159e+01   3.0066041e+01   3.0065922e+01   3.0065802e+01   3.0065681e+01   3.0065559e+01   3.0065435e+01   3.0065312e+01   3.0065185e+01   3.0065059e+01   3.0064930e+01   3.0064801e+01   3.0064669e+01   3.0064537e+01   3.0064402e+01   3.0064266e+01   3.0064128e+01   3.0063990e+01   3.0063847e+01   3.0063705e+01   3.0063559e+01   3.0063413e+01   3.0063263e+01   3.0063113e+01   3.0062958e+01   3.0062803e+01   3.0062644e+01   3.0062484e+01   3.0062320e+01   3.0062155e+01   3.0061985e+01   3.0061815e+01   3.0061640e+01   3.0061464e+01   3.0061278e+01   3.0061093e+01   3.0060895e+01   3.0060697e+01   3.0060482e+01   3.0060268e+01   3.0060033e+01   3.0059799e+01   3.0059539e+01   3.0059279e+01   3.0058987e+01   3.0058696e+01   3.0058367e+01   3.0058038e+01   3.0057665e+01   3.0057292e+01   3.0056868e+01   3.0056443e+01   3.0055962e+01   3.0055480e+01   3.0054933e+01   3.0054386e+01   3.0053767e+01   3.0053148e+01   3.0052449e+01   3.0051749e+01   3.0050961e+01   3.0050172e+01   3.0049286e+01   3.0048400e+01   3.0047409e+01   3.0046417e+01   3.0045316e+01   3.0044215e+01   3.0043004e+01   3.0041794e+01   3.0040481e+01   3.0039169e+01   3.0037768e+01   3.0036366e+01
   3.0084152e+01   3.0083699e+01   3.0083256e+01   3.0082826e+01   3.0082413e+01   3.0082017e+01   3.0081642e+01   3.0081286e+01   3.0080950e+01   3.0080633e+01   3.0080336e+01   3.0080056e+01   3.0079793e+01   3.0079546e+01   3.0079313e+01   3.0079093e+01   3.0078886e+01   3.0078691e+01   3.0078506e+01   3.0078331e+01   3.0078164e+01   3.0078006e+01   3.0077855e+01   3.0077710e+01   3.0077571e+01   3.0077437e+01   3.0077308e+01   3.0077182e+01   3.0077059e+01   3.0076940e+01   3.0076822e+01   3.0076707e+01   3.0076594e+01   3.0076482e+01   3.0076372e+01   3.0076263e+01   3.0076155e+01   3.0076047e+01   3.0075941e+01   3.0075835e+01   3.0075729e+01   3.0075624e+01   3.0075520e+01   3.0075416e+01   3.0075312e+01   3.0075208e+01   3.0075105e+01   3.0075001e+01   3.0074898e+01   3.0074795e+01   3.0074692e+01   3.0074589e+01   3.0074486e+01   3.0074383e+01   3.0074280e+01   3.0074177e+01   3.0074075e+01   3.0073972e+01   3.0073869e+01   3.0073766e+01   3.0073663e+01   3.0073560e+01   3.0073457e+01   3.0073354e+01   3.0073251e+01   3.0073149e+01   3.0073046e+01   3.0072943e+01   3.0072840e+01   3.0072737e+01   3.0072634e+01   3.0072532e+01   3.0072429e+01   3.0072326e+01   3.0072223e+01   3.0072120e+01   3.0072018e+01   3.0071915e+01   3.0071812e+01   3.0071709e+01   3.0071606e+01   3.0071503e+01   3.0071401e+01   3.0071298e+01   3.0071195e+01   3.0071092e+01   3.0070989e+01   3.0070886e+01   3.0070784e+01   3.0070681e+01   3.0070578e+01   3.0070475e+01   3.0070372e+01   3.0070269e+01   3.0070166e+01   3.0070063e+01   3.0069961e+01   3.0069857e+01   3.0069754e+01   3.0069651e+01   3.0069548e+01   3.0069445e+01   3.0069342e+01   3.0069238e+01   3.0069135e+01   3.0069031e+01   3.0068927e+01   3.0068823e+01   3.0068719e+01   3.0068615e+01   3.0068511e+01   3.0068406e+01   3.0068301e+01   3.0068196e+01   3.0068091e+01   3.0067985e+01   3.0067879e+01   3.0067773e+01   3.0067666e+01   3.0067559e+01   3.0067452e+01   3.0067344e+01   3.0067236e+01   3.0067127e+01   3.0067018e+01   3.0066908e+01   3.0066797e+01   3.0066686e+01   3.0066575e+01   3.0066462e+01   3.0066350e+01   3.0066235e+01   3.0066121e+01   3.0066006e+01   3.0065890e+01   3.0065772e+01   3.0065655e+01   3.0065536e+01   3.0065416e+01   3.0065295e+01   3.0065173e+01   3.0065049e+01   3.0064925e+01   3.0064799e+01   3.0064673e+01   3.0064544e+01   3.0064415e+01   3.0064283e+01   3.0064151e+01   3.0064016e+01   3.0063881e+01   3.0063743e+01   3.0063604e+01   3.0063462e+01   3.0063320e+01   3.0063174e+01   3.0063028e+01   3.0062878e+01   3.0062728e+01   3.0062573e+01   3.0062419e+01   3.0062259e+01   3.0062100e+01   3.0061936e+01   3.0061771e+01   3.0061601e+01   3.0061431e+01   3.0061256e+01   3.0061080e+01   3.0060895e+01   3.0060709e+01   3.0060511e+01   3.0060313e+01   3.0060099e+01   3.0059885e+01   3.0059650e+01   3.0059416e+01   3.0059156e+01   3.0058896e+01   3.0058605e+01   3.0058313e+01   3.0057984e+01   3.0057656e+01   3.0057283e+01   3.0056909e+01   3.0056485e+01   3.0056061e+01   3.0055580e+01   3.0055098e+01   3.0054551e+01   3.0054004e+01   3.0053385e+01   3.0052766e+01   3.0052067e+01   3.0051367e+01   3.0050578e+01   3.0049789e+01   3.0048902e+01   3.0048015e+01   3.0047021e+01   3.0046028e+01   3.0044924e+01   3.0043820e+01   3.0042607e+01   3.0041394e+01   3.0040082e+01   3.0038770e+01   3.0037376e+01   3.0035981e+01
   3.0083748e+01   3.0083296e+01   3.0082854e+01   3.0082424e+01   3.0082011e+01   3.0081616e+01   3.0081240e+01   3.0080885e+01   3.0080549e+01   3.0080233e+01   3.0079936e+01   3.0079657e+01   3.0079394e+01   3.0079147e+01   3.0078914e+01   3.0078695e+01   3.0078489e+01   3.0078293e+01   3.0078109e+01   3.0077934e+01   3.0077768e+01   3.0077610e+01   3.0077459e+01   3.0077314e+01   3.0077176e+01   3.0077042e+01   3.0076912e+01   3.0076787e+01   3.0076664e+01   3.0076545e+01   3.0076428e+01   3.0076313e+01   3.0076200e+01   3.0076088e+01   3.0075978e+01   3.0075869e+01   3.0075761e+01   3.0075654e+01   3.0075547e+01   3.0075441e+01   3.0075336e+01   3.0075231e+01   3.0075127e+01   3.0075023e+01   3.0074919e+01   3.0074815e+01   3.0074712e+01   3.0074609e+01   3.0074506e+01   3.0074402e+01   3.0074299e+01   3.0074197e+01   3.0074094e+01   3.0073991e+01   3.0073888e+01   3.0073785e+01   3.0073682e+01   3.0073580e+01   3.0073477e+01   3.0073374e+01   3.0073271e+01   3.0073168e+01   3.0073066e+01   3.0072963e+01   3.0072860e+01   3.0072757e+01   3.0072654e+01   3.0072552e+01   3.0072449e+01   3.0072346e+01   3.0072243e+01   3.0072141e+01   3.0072038e+01   3.0071935e+01   3.0071832e+01   3.0071730e+01   3.0071627e+01   3.0071524e+01   3.0071421e+01   3.0071319e+01   3.0071216e+01   3.0071113e+01   3.0071010e+01   3.0070908e+01   3.0070805e+01   3.0070702e+01   3.0070599e+01   3.0070497e+01   3.0070394e+01   3.0070291e+01   3.0070188e+01   3.0070085e+01   3.0069983e+01   3.0069880e+01   3.0069777e+01   3.0069674e+01   3.0069571e+01   3.0069468e+01   3.0069365e+01   3.0069262e+01   3.0069159e+01   3.0069056e+01   3.0068953e+01   3.0068849e+01   3.0068746e+01   3.0068642e+01   3.0068539e+01   3.0068435e+01   3.0068331e+01   3.0068227e+01   3.0068123e+01   3.0068018e+01   3.0067913e+01   3.0067808e+01   3.0067703e+01   3.0067597e+01   3.0067491e+01   3.0067385e+01   3.0067279e+01   3.0067171e+01   3.0067064e+01   3.0066956e+01   3.0066848e+01   3.0066739e+01   3.0066630e+01   3.0066520e+01   3.0066410e+01   3.0066299e+01   3.0066188e+01   3.0066075e+01   3.0065963e+01   3.0065849e+01   3.0065735e+01   3.0065619e+01   3.0065503e+01   3.0065386e+01   3.0065268e+01   3.0065149e+01   3.0065030e+01   3.0064908e+01   3.0064787e+01   3.0064663e+01   3.0064539e+01   3.0064413e+01   3.0064287e+01   3.0064158e+01   3.0064029e+01   3.0063897e+01   3.0063765e+01   3.0063630e+01   3.0063495e+01   3.0063357e+01   3.0063219e+01   3.0063077e+01   3.0062935e+01   3.0062789e+01   3.0062643e+01   3.0062493e+01   3.0062343e+01   3.0062189e+01   3.0062034e+01   3.0061875e+01   3.0061716e+01   3.0061551e+01   3.0061387e+01   3.0061217e+01   3.0061047e+01   3.0060872e+01   3.0060696e+01   3.0060511e+01   3.0060325e+01   3.0060128e+01   3.0059930e+01   3.0059716e+01   3.0059501e+01   3.0059267e+01   3.0059033e+01   3.0058773e+01   3.0058513e+01   3.0058222e+01   3.0057931e+01   3.0057602e+01   3.0057273e+01   3.0056900e+01   3.0056527e+01   3.0056103e+01   3.0055679e+01   3.0055198e+01   3.0054716e+01   3.0054169e+01   3.0053623e+01   3.0053004e+01   3.0052385e+01   3.0051685e+01   3.0050985e+01   3.0050196e+01   3.0049406e+01   3.0048518e+01   3.0047630e+01   3.0046636e+01   3.0045641e+01   3.0044535e+01   3.0043429e+01   3.0042213e+01   3.0040998e+01   3.0039687e+01   3.0038375e+01   3.0036985e+01   3.0035595e+01
   3.0083345e+01   3.0082893e+01   3.0082451e+01   3.0082022e+01   3.0081609e+01   3.0081214e+01   3.0080839e+01   3.0080484e+01   3.0080149e+01   3.0079833e+01   3.0079536e+01   3.0079257e+01   3.0078995e+01   3.0078748e+01   3.0078516e+01   3.0078297e+01   3.0078091e+01   3.0077896e+01   3.0077711e+01   3.0077537e+01   3.0077371e+01   3.0077213e+01   3.0077062e+01   3.0076918e+01   3.0076780e+01   3.0076646e+01   3.0076517e+01   3.0076391e+01   3.0076269e+01   3.0076150e+01   3.0076033e+01   3.0075918e+01   3.0075805e+01   3.0075694e+01   3.0075584e+01   3.0075475e+01   3.0075367e+01   3.0075260e+01   3.0075154e+01   3.0075048e+01   3.0074943e+01   3.0074838e+01   3.0074734e+01   3.0074630e+01   3.0074526e+01   3.0074423e+01   3.0074319e+01   3.0074216e+01   3.0074113e+01   3.0074010e+01   3.0073907e+01   3.0073804e+01   3.0073701e+01   3.0073599e+01   3.0073496e+01   3.0073393e+01   3.0073290e+01   3.0073188e+01   3.0073085e+01   3.0072982e+01   3.0072879e+01   3.0072777e+01   3.0072674e+01   3.0072571e+01   3.0072469e+01   3.0072366e+01   3.0072263e+01   3.0072160e+01   3.0072058e+01   3.0071955e+01   3.0071852e+01   3.0071750e+01   3.0071647e+01   3.0071544e+01   3.0071442e+01   3.0071339e+01   3.0071236e+01   3.0071134e+01   3.0071031e+01   3.0070928e+01   3.0070825e+01   3.0070723e+01   3.0070620e+01   3.0070517e+01   3.0070415e+01   3.0070312e+01   3.0070209e+01   3.0070107e+01   3.0070004e+01   3.0069901e+01   3.0069799e+01   3.0069696e+01   3.0069593e+01   3.0069490e+01   3.0069388e+01   3.0069285e+01   3.0069182e+01   3.0069079e+01   3.0068976e+01   3.0068873e+01   3.0068770e+01   3.0068667e+01   3.0068564e+01   3.0068461e+01   3.0068357e+01   3.0068254e+01   3.0068150e+01   3.0068046e+01   3.0067943e+01   3.0067838e+01   3.0067734e+01   3.0067630e+01   3.0067525e+01   3.0067420e+01   3.0067315e+01   3.0067209e+01   3.0067103e+01   3.0066997e+01   3.0066891e+01   3.0066784e+01   3.0066677e+01   3.0066569e+01   3.0066461e+01   3.0066352e+01   3.0066243e+01   3.0066133e+01   3.0066023e+01   3.0065912e+01   3.0065801e+01   3.0065688e+01   3.0065576e+01   3.0065462e+01   3.0065348e+01   3.0065232e+01   3.0065117e+01   3.0064999e+01   3.0064882e+01   3.0064763e+01   3.0064643e+01   3.0064522e+01   3.0064401e+01   3.0064277e+01   3.0064153e+01   3.0064027e+01   3.0063901e+01   3.0063772e+01   3.0063643e+01   3.0063512e+01   3.0063380e+01   3.0063245e+01   3.0063110e+01   3.0062972e+01   3.0062833e+01   3.0062692e+01   3.0062550e+01   3.0062404e+01   3.0062258e+01   3.0062108e+01   3.0061958e+01   3.0061804e+01   3.0061650e+01   3.0061490e+01   3.0061331e+01   3.0061167e+01   3.0061003e+01   3.0060833e+01   3.0060663e+01   3.0060488e+01   3.0060312e+01   3.0060127e+01   3.0059942e+01   3.0059744e+01   3.0059546e+01   3.0059332e+01   3.0059118e+01   3.0058884e+01   3.0058649e+01   3.0058390e+01   3.0058130e+01   3.0057839e+01   3.0057548e+01   3.0057219e+01   3.0056890e+01   3.0056518e+01   3.0056145e+01   3.0055721e+01   3.0055297e+01   3.0054815e+01   3.0054334e+01   3.0053787e+01   3.0053241e+01   3.0052622e+01   3.0052003e+01   3.0051303e+01   3.0050603e+01   3.0049814e+01   3.0049024e+01   3.0048135e+01   3.0047246e+01   3.0046250e+01   3.0045254e+01   3.0044145e+01   3.0043037e+01   3.0041820e+01   3.0040603e+01   3.0039291e+01   3.0037979e+01   3.0036595e+01   3.0035210e+01
   3.0082942e+01   3.0082490e+01   3.0082048e+01   3.0081619e+01   3.0081207e+01   3.0080813e+01   3.0080438e+01   3.0080083e+01   3.0079748e+01   3.0079433e+01   3.0079136e+01   3.0078858e+01   3.0078596e+01   3.0078349e+01   3.0078118e+01   3.0077899e+01   3.0077693e+01   3.0077498e+01   3.0077314e+01   3.0077140e+01   3.0076974e+01   3.0076817e+01   3.0076666e+01   3.0076522e+01   3.0076384e+01   3.0076250e+01   3.0076121e+01   3.0075996e+01   3.0075874e+01   3.0075755e+01   3.0075638e+01   3.0075524e+01   3.0075411e+01   3.0075300e+01   3.0075190e+01   3.0075081e+01   3.0074973e+01   3.0074866e+01   3.0074760e+01   3.0074655e+01   3.0074550e+01   3.0074445e+01   3.0074341e+01   3.0074237e+01   3.0074133e+01   3.0074030e+01   3.0073927e+01   3.0073824e+01   3.0073721e+01   3.0073618e+01   3.0073515e+01   3.0073412e+01   3.0073309e+01   3.0073206e+01   3.0073104e+01   3.0073001e+01   3.0072899e+01   3.0072796e+01   3.0072693e+01   3.0072591e+01   3.0072488e+01   3.0072385e+01   3.0072282e+01   3.0072180e+01   3.0072077e+01   3.0071975e+01   3.0071872e+01   3.0071769e+01   3.0071667e+01   3.0071564e+01   3.0071461e+01   3.0071359e+01   3.0071256e+01   3.0071153e+01   3.0071051e+01   3.0070948e+01   3.0070846e+01   3.0070743e+01   3.0070640e+01   3.0070538e+01   3.0070435e+01   3.0070333e+01   3.0070230e+01   3.0070127e+01   3.0070025e+01   3.0069922e+01   3.0069819e+01   3.0069717e+01   3.0069614e+01   3.0069511e+01   3.0069409e+01   3.0069306e+01   3.0069204e+01   3.0069101e+01   3.0068998e+01   3.0068895e+01   3.0068793e+01   3.0068690e+01   3.0068587e+01   3.0068484e+01   3.0068381e+01   3.0068278e+01   3.0068175e+01   3.0068072e+01   3.0067969e+01   3.0067865e+01   3.0067762e+01   3.0067658e+01   3.0067554e+01   3.0067450e+01   3.0067346e+01   3.0067241e+01   3.0067137e+01   3.0067032e+01   3.0066927e+01   3.0066821e+01   3.0066715e+01   3.0066609e+01   3.0066503e+01   3.0066396e+01   3.0066289e+01   3.0066181e+01   3.0066073e+01   3.0065964e+01   3.0065855e+01   3.0065746e+01   3.0065636e+01   3.0065525e+01   3.0065413e+01   3.0065301e+01   3.0065189e+01   3.0065075e+01   3.0064961e+01   3.0064845e+01   3.0064730e+01   3.0064613e+01   3.0064495e+01   3.0064376e+01   3.0064257e+01   3.0064136e+01   3.0064014e+01   3.0063891e+01   3.0063767e+01   3.0063641e+01   3.0063515e+01   3.0063386e+01   3.0063257e+01   3.0063126e+01   3.0062994e+01   3.0062859e+01   3.0062724e+01   3.0062586e+01   3.0062448e+01   3.0062306e+01   3.0062164e+01   3.0062019e+01   3.0061873e+01   3.0061723e+01   3.0061573e+01   3.0061419e+01   3.0061265e+01   3.0061106e+01   3.0060947e+01   3.0060783e+01   3.0060618e+01   3.0060449e+01   3.0060279e+01   3.0060104e+01   3.0059928e+01   3.0059743e+01   3.0059558e+01   3.0059360e+01   3.0059163e+01   3.0058949e+01   3.0058735e+01   3.0058501e+01   3.0058266e+01   3.0058007e+01   3.0057747e+01   3.0057456e+01   3.0057165e+01   3.0056836e+01   3.0056508e+01   3.0056135e+01   3.0055762e+01   3.0055339e+01   3.0054915e+01   3.0054433e+01   3.0053952e+01   3.0053405e+01   3.0052859e+01   3.0052240e+01   3.0051621e+01   3.0050921e+01   3.0050221e+01   3.0049431e+01   3.0048641e+01   3.0047752e+01   3.0046862e+01   3.0045865e+01   3.0044867e+01   3.0043758e+01   3.0042648e+01   3.0041429e+01   3.0040210e+01   3.0038898e+01   3.0037586e+01   3.0036205e+01   3.0034824e+01
   3.0082538e+01   3.0082087e+01   3.0081645e+01   3.0081217e+01   3.0080805e+01   3.0080411e+01   3.0080036e+01   3.0079682e+01   3.0079348e+01   3.0079033e+01   3.0078737e+01   3.0078458e+01   3.0078197e+01   3.0077951e+01   3.0077719e+01   3.0077501e+01   3.0077295e+01   3.0077101e+01   3.0076917e+01   3.0076743e+01   3.0076577e+01   3.0076420e+01   3.0076270e+01   3.0076126e+01   3.0075988e+01   3.0075855e+01   3.0075726e+01   3.0075601e+01   3.0075479e+01   3.0075360e+01   3.0075244e+01   3.0075129e+01   3.0075017e+01   3.0074906e+01   3.0074796e+01   3.0074687e+01   3.0074580e+01   3.0074473e+01   3.0074367e+01   3.0074261e+01   3.0074156e+01   3.0074052e+01   3.0073948e+01   3.0073844e+01   3.0073741e+01   3.0073637e+01   3.0073534e+01   3.0073431e+01   3.0073328e+01   3.0073225e+01   3.0073122e+01   3.0073020e+01   3.0072917e+01   3.0072814e+01   3.0072712e+01   3.0072609e+01   3.0072506e+01   3.0072404e+01   3.0072301e+01   3.0072199e+01   3.0072096e+01   3.0071993e+01   3.0071891e+01   3.0071788e+01   3.0071686e+01   3.0071583e+01   3.0071481e+01   3.0071378e+01   3.0071275e+01   3.0071173e+01   3.0071070e+01   3.0070968e+01   3.0070865e+01   3.0070763e+01   3.0070660e+01   3.0070558e+01   3.0070455e+01   3.0070352e+01   3.0070250e+01   3.0070147e+01   3.0070045e+01   3.0069942e+01   3.0069840e+01   3.0069737e+01   3.0069635e+01   3.0069532e+01   3.0069429e+01   3.0069327e+01   3.0069224e+01   3.0069122e+01   3.0069019e+01   3.0068917e+01   3.0068814e+01   3.0068711e+01   3.0068609e+01   3.0068506e+01   3.0068403e+01   3.0068301e+01   3.0068198e+01   3.0068095e+01   3.0067992e+01   3.0067889e+01   3.0067786e+01   3.0067683e+01   3.0067580e+01   3.0067476e+01   3.0067373e+01   3.0067269e+01   3.0067166e+01   3.0067061e+01   3.0066957e+01   3.0066853e+01   3.0066748e+01   3.0066643e+01   3.0066539e+01   3.0066433e+01   3.0066327e+01   3.0066221e+01   3.0066115e+01   3.0066008e+01   3.0065901e+01   3.0065793e+01   3.0065686e+01   3.0065577e+01   3.0065468e+01   3.0065358e+01   3.0065248e+01   3.0065137e+01   3.0065026e+01   3.0064914e+01   3.0064802e+01   3.0064688e+01   3.0064574e+01   3.0064459e+01   3.0064343e+01   3.0064226e+01   3.0064109e+01   3.0063990e+01   3.0063871e+01   3.0063749e+01   3.0063628e+01   3.0063505e+01   3.0063381e+01   3.0063255e+01   3.0063129e+01   3.0063000e+01   3.0062872e+01   3.0062740e+01   3.0062609e+01   3.0062474e+01   3.0062339e+01   3.0062201e+01   3.0062063e+01   3.0061921e+01   3.0061779e+01   3.0061634e+01   3.0061488e+01   3.0061338e+01   3.0061189e+01   3.0061034e+01   3.0060880e+01   3.0060721e+01   3.0060562e+01   3.0060398e+01   3.0060234e+01   3.0060065e+01   3.0059895e+01   3.0059720e+01   3.0059545e+01   3.0059359e+01   3.0059174e+01   3.0058977e+01   3.0058779e+01   3.0058565e+01   3.0058352e+01   3.0058117e+01   3.0057883e+01   3.0057624e+01   3.0057364e+01   3.0057073e+01   3.0056782e+01   3.0056454e+01   3.0056125e+01   3.0055753e+01   3.0055380e+01   3.0054956e+01   3.0054533e+01   3.0054051e+01   3.0053570e+01   3.0053024e+01   3.0052477e+01   3.0051858e+01   3.0051239e+01   3.0050539e+01   3.0049839e+01   3.0049049e+01   3.0048259e+01   3.0047369e+01   3.0046479e+01   3.0045480e+01   3.0044481e+01   3.0043370e+01   3.0042258e+01   3.0041038e+01   3.0039818e+01   3.0038505e+01   3.0037193e+01   3.0035816e+01   3.0034439e+01
   3.0082135e+01   3.0081684e+01   3.0081243e+01   3.0080815e+01   3.0080403e+01   3.0080009e+01   3.0079635e+01   3.0079281e+01   3.0078947e+01   3.0078632e+01   3.0078337e+01   3.0078059e+01   3.0077797e+01   3.0077552e+01   3.0077320e+01   3.0077103e+01   3.0076897e+01   3.0076703e+01   3.0076519e+01   3.0076346e+01   3.0076181e+01   3.0076024e+01   3.0075874e+01   3.0075730e+01   3.0075592e+01   3.0075459e+01   3.0075331e+01   3.0075206e+01   3.0075084e+01   3.0074965e+01   3.0074849e+01   3.0074735e+01   3.0074622e+01   3.0074512e+01   3.0074402e+01   3.0074294e+01   3.0074186e+01   3.0074079e+01   3.0073973e+01   3.0073868e+01   3.0073763e+01   3.0073659e+01   3.0073555e+01   3.0073451e+01   3.0073348e+01   3.0073244e+01   3.0073141e+01   3.0073038e+01   3.0072935e+01   3.0072833e+01   3.0072730e+01   3.0072627e+01   3.0072525e+01   3.0072422e+01   3.0072320e+01   3.0072217e+01   3.0072114e+01   3.0072012e+01   3.0071909e+01   3.0071807e+01   3.0071704e+01   3.0071602e+01   3.0071499e+01   3.0071397e+01   3.0071294e+01   3.0071192e+01   3.0071089e+01   3.0070987e+01   3.0070884e+01   3.0070782e+01   3.0070679e+01   3.0070577e+01   3.0070474e+01   3.0070372e+01   3.0070269e+01   3.0070167e+01   3.0070064e+01   3.0069962e+01   3.0069859e+01   3.0069757e+01   3.0069654e+01   3.0069552e+01   3.0069449e+01   3.0069347e+01   3.0069245e+01   3.0069142e+01   3.0069040e+01   3.0068937e+01   3.0068835e+01   3.0068732e+01   3.0068630e+01   3.0068527e+01   3.0068424e+01   3.0068322e+01   3.0068219e+01   3.0068117e+01   3.0068014e+01   3.0067911e+01   3.0067809e+01   3.0067706e+01   3.0067603e+01   3.0067500e+01   3.0067397e+01   3.0067294e+01   3.0067191e+01   3.0067088e+01   3.0066984e+01   3.0066881e+01   3.0066777e+01   3.0066673e+01   3.0066569e+01   3.0066465e+01   3.0066360e+01   3.0066255e+01   3.0066150e+01   3.0066045e+01   3.0065939e+01   3.0065833e+01   3.0065727e+01   3.0065620e+01   3.0065513e+01   3.0065406e+01   3.0065298e+01   3.0065189e+01   3.0065081e+01   3.0064971e+01   3.0064861e+01   3.0064750e+01   3.0064639e+01   3.0064527e+01   3.0064415e+01   3.0064301e+01   3.0064187e+01   3.0064072e+01   3.0063956e+01   3.0063839e+01   3.0063722e+01   3.0063603e+01   3.0063484e+01   3.0063363e+01   3.0063242e+01   3.0063118e+01   3.0062995e+01   3.0062869e+01   3.0062743e+01   3.0062615e+01   3.0062486e+01   3.0062354e+01   3.0062223e+01   3.0062088e+01   3.0061954e+01   3.0061816e+01   3.0061678e+01   3.0061536e+01   3.0061394e+01   3.0061249e+01   3.0061103e+01   3.0060954e+01   3.0060804e+01   3.0060650e+01   3.0060496e+01   3.0060337e+01   3.0060178e+01   3.0060014e+01   3.0059850e+01   3.0059680e+01   3.0059511e+01   3.0059336e+01   3.0059161e+01   3.0058976e+01   3.0058791e+01   3.0058593e+01   3.0058396e+01   3.0058182e+01   3.0057968e+01   3.0057734e+01   3.0057500e+01   3.0057241e+01   3.0056981e+01   3.0056690e+01   3.0056400e+01   3.0056071e+01   3.0055743e+01   3.0055370e+01   3.0054998e+01   3.0054574e+01   3.0054151e+01   3.0053669e+01   3.0053188e+01   3.0052642e+01   3.0052095e+01   3.0051476e+01   3.0050857e+01   3.0050157e+01   3.0049457e+01   3.0048667e+01   3.0047876e+01   3.0046986e+01   3.0046095e+01   3.0045095e+01   3.0044096e+01   3.0042983e+01   3.0041870e+01   3.0040649e+01   3.0039427e+01   3.0038115e+01   3.0036802e+01   3.0035428e+01   3.0034053e+01
   3.0081732e+01   3.0081281e+01   3.0080840e+01   3.0080412e+01   3.0080001e+01   3.0079607e+01   3.0079234e+01   3.0078880e+01   3.0078546e+01   3.0078232e+01   3.0077937e+01   3.0077659e+01   3.0077398e+01   3.0077153e+01   3.0076922e+01   3.0076704e+01   3.0076499e+01   3.0076305e+01   3.0076122e+01   3.0075948e+01   3.0075784e+01   3.0075627e+01   3.0075477e+01   3.0075334e+01   3.0075196e+01   3.0075063e+01   3.0074935e+01   3.0074810e+01   3.0074689e+01   3.0074570e+01   3.0074454e+01   3.0074340e+01   3.0074228e+01   3.0074117e+01   3.0074008e+01   3.0073900e+01   3.0073792e+01   3.0073686e+01   3.0073580e+01   3.0073475e+01   3.0073370e+01   3.0073266e+01   3.0073162e+01   3.0073058e+01   3.0072955e+01   3.0072852e+01   3.0072749e+01   3.0072646e+01   3.0072543e+01   3.0072440e+01   3.0072338e+01   3.0072235e+01   3.0072133e+01   3.0072030e+01   3.0071928e+01   3.0071825e+01   3.0071723e+01   3.0071620e+01   3.0071518e+01   3.0071415e+01   3.0071313e+01   3.0071210e+01   3.0071108e+01   3.0071005e+01   3.0070903e+01   3.0070800e+01   3.0070698e+01   3.0070596e+01   3.0070493e+01   3.0070391e+01   3.0070288e+01   3.0070186e+01   3.0070083e+01   3.0069981e+01   3.0069879e+01   3.0069776e+01   3.0069674e+01   3.0069571e+01   3.0069469e+01   3.0069366e+01   3.0069264e+01   3.0069162e+01   3.0069059e+01   3.0068957e+01   3.0068854e+01   3.0068752e+01   3.0068650e+01   3.0068547e+01   3.0068445e+01   3.0068342e+01   3.0068240e+01   3.0068137e+01   3.0068035e+01   3.0067932e+01   3.0067830e+01   3.0067727e+01   3.0067625e+01   3.0067522e+01   3.0067420e+01   3.0067317e+01   3.0067214e+01   3.0067111e+01   3.0067008e+01   3.0066905e+01   3.0066802e+01   3.0066699e+01   3.0066596e+01   3.0066492e+01   3.0066388e+01   3.0066285e+01   3.0066181e+01   3.0066076e+01   3.0065972e+01   3.0065867e+01   3.0065762e+01   3.0065657e+01   3.0065551e+01   3.0065445e+01   3.0065339e+01   3.0065232e+01   3.0065126e+01   3.0065018e+01   3.0064910e+01   3.0064802e+01   3.0064693e+01   3.0064583e+01   3.0064474e+01   3.0064363e+01   3.0064252e+01   3.0064140e+01   3.0064027e+01   3.0063914e+01   3.0063800e+01   3.0063685e+01   3.0063570e+01   3.0063453e+01   3.0063336e+01   3.0063217e+01   3.0063098e+01   3.0062977e+01   3.0062856e+01   3.0062732e+01   3.0062609e+01   3.0062483e+01   3.0062357e+01   3.0062229e+01   3.0062100e+01   3.0061969e+01   3.0061837e+01   3.0061703e+01   3.0061568e+01   3.0061430e+01   3.0061292e+01   3.0061151e+01   3.0061009e+01   3.0060864e+01   3.0060718e+01   3.0060569e+01   3.0060419e+01   3.0060265e+01   3.0060111e+01   3.0059952e+01   3.0059793e+01   3.0059629e+01   3.0059466e+01   3.0059296e+01   3.0059127e+01   3.0058952e+01   3.0058777e+01   3.0058592e+01   3.0058407e+01   3.0058210e+01   3.0058012e+01   3.0057798e+01   3.0057585e+01   3.0057351e+01   3.0057117e+01   3.0056857e+01   3.0056598e+01   3.0056307e+01   3.0056017e+01   3.0055689e+01   3.0055360e+01   3.0054988e+01   3.0054615e+01   3.0054192e+01   3.0053768e+01   3.0053287e+01   3.0052806e+01   3.0052260e+01   3.0051713e+01   3.0051094e+01   3.0050475e+01   3.0049775e+01   3.0049075e+01   3.0048284e+01   3.0047494e+01   3.0046602e+01   3.0045711e+01   3.0044711e+01   3.0043711e+01   3.0042597e+01   3.0041483e+01   3.0040260e+01   3.0039036e+01   3.0037724e+01   3.0036411e+01   3.0035039e+01   3.0033668e+01
   3.0081329e+01   3.0080878e+01   3.0080437e+01   3.0080010e+01   3.0079599e+01   3.0079206e+01   3.0078832e+01   3.0078479e+01   3.0078146e+01   3.0077832e+01   3.0077537e+01   3.0077260e+01   3.0076999e+01   3.0076754e+01   3.0076523e+01   3.0076306e+01   3.0076101e+01   3.0075908e+01   3.0075725e+01   3.0075551e+01   3.0075387e+01   3.0075230e+01   3.0075080e+01   3.0074937e+01   3.0074800e+01   3.0074667e+01   3.0074539e+01   3.0074415e+01   3.0074293e+01   3.0074175e+01   3.0074059e+01   3.0073945e+01   3.0073833e+01   3.0073723e+01   3.0073613e+01   3.0073505e+01   3.0073398e+01   3.0073292e+01   3.0073186e+01   3.0073081e+01   3.0072977e+01   3.0072873e+01   3.0072769e+01   3.0072665e+01   3.0072562e+01   3.0072459e+01   3.0072356e+01   3.0072253e+01   3.0072150e+01   3.0072048e+01   3.0071945e+01   3.0071843e+01   3.0071740e+01   3.0071638e+01   3.0071535e+01   3.0071433e+01   3.0071331e+01   3.0071228e+01   3.0071126e+01   3.0071023e+01   3.0070921e+01   3.0070819e+01   3.0070716e+01   3.0070614e+01   3.0070511e+01   3.0070409e+01   3.0070307e+01   3.0070204e+01   3.0070102e+01   3.0070000e+01   3.0069897e+01   3.0069795e+01   3.0069693e+01   3.0069590e+01   3.0069488e+01   3.0069385e+01   3.0069283e+01   3.0069181e+01   3.0069078e+01   3.0068976e+01   3.0068874e+01   3.0068771e+01   3.0068669e+01   3.0068567e+01   3.0068464e+01   3.0068362e+01   3.0068260e+01   3.0068157e+01   3.0068055e+01   3.0067953e+01   3.0067850e+01   3.0067748e+01   3.0067646e+01   3.0067543e+01   3.0067441e+01   3.0067338e+01   3.0067236e+01   3.0067133e+01   3.0067031e+01   3.0066928e+01   3.0066825e+01   3.0066722e+01   3.0066620e+01   3.0066517e+01   3.0066414e+01   3.0066310e+01   3.0066207e+01   3.0066104e+01   3.0066000e+01   3.0065896e+01   3.0065792e+01   3.0065688e+01   3.0065584e+01   3.0065479e+01   3.0065374e+01   3.0065269e+01   3.0065164e+01   3.0065058e+01   3.0064952e+01   3.0064845e+01   3.0064738e+01   3.0064630e+01   3.0064523e+01   3.0064414e+01   3.0064306e+01   3.0064196e+01   3.0064086e+01   3.0063976e+01   3.0063865e+01   3.0063753e+01   3.0063641e+01   3.0063527e+01   3.0063413e+01   3.0063298e+01   3.0063183e+01   3.0063066e+01   3.0062949e+01   3.0062830e+01   3.0062711e+01   3.0062590e+01   3.0062469e+01   3.0062346e+01   3.0062223e+01   3.0062097e+01   3.0061971e+01   3.0061843e+01   3.0061714e+01   3.0061583e+01   3.0061452e+01   3.0061317e+01   3.0061183e+01   3.0061045e+01   3.0060907e+01   3.0060766e+01   3.0060624e+01   3.0060479e+01   3.0060333e+01   3.0060184e+01   3.0060034e+01   3.0059880e+01   3.0059726e+01   3.0059568e+01   3.0059409e+01   3.0059245e+01   3.0059081e+01   3.0058912e+01   3.0058743e+01   3.0058568e+01   3.0058393e+01   3.0058208e+01   3.0058023e+01   3.0057826e+01   3.0057628e+01   3.0057415e+01   3.0057201e+01   3.0056968e+01   3.0056734e+01   3.0056474e+01   3.0056215e+01   3.0055925e+01   3.0055634e+01   3.0055306e+01   3.0054978e+01   3.0054605e+01   3.0054233e+01   3.0053810e+01   3.0053386e+01   3.0052905e+01   3.0052424e+01   3.0051878e+01   3.0051331e+01   3.0050712e+01   3.0050093e+01   3.0049393e+01   3.0048693e+01   3.0047902e+01   3.0047111e+01   3.0046219e+01   3.0045328e+01   3.0044327e+01   3.0043326e+01   3.0042211e+01   3.0041096e+01   3.0039871e+01   3.0038647e+01   3.0037334e+01   3.0036021e+01   3.0034652e+01   3.0033282e+01
   3.0080925e+01   3.0080475e+01   3.0080035e+01   3.0079608e+01   3.0079197e+01   3.0078804e+01   3.0078431e+01   3.0078078e+01   3.0077745e+01   3.0077432e+01   3.0077137e+01   3.0076860e+01   3.0076600e+01   3.0076355e+01   3.0076125e+01   3.0075908e+01   3.0075703e+01   3.0075510e+01   3.0075327e+01   3.0075154e+01   3.0074990e+01   3.0074833e+01   3.0074684e+01   3.0074541e+01   3.0074404e+01   3.0074271e+01   3.0074143e+01   3.0074019e+01   3.0073898e+01   3.0073780e+01   3.0073664e+01   3.0073550e+01   3.0073439e+01   3.0073328e+01   3.0073219e+01   3.0073111e+01   3.0073004e+01   3.0072898e+01   3.0072793e+01   3.0072688e+01   3.0072583e+01   3.0072479e+01   3.0072376e+01   3.0072272e+01   3.0072169e+01   3.0072066e+01   3.0071963e+01   3.0071860e+01   3.0071758e+01   3.0071655e+01   3.0071553e+01   3.0071450e+01   3.0071348e+01   3.0071246e+01   3.0071143e+01   3.0071041e+01   3.0070938e+01   3.0070836e+01   3.0070734e+01   3.0070631e+01   3.0070529e+01   3.0070427e+01   3.0070325e+01   3.0070222e+01   3.0070120e+01   3.0070018e+01   3.0069915e+01   3.0069813e+01   3.0069711e+01   3.0069609e+01   3.0069506e+01   3.0069404e+01   3.0069302e+01   3.0069199e+01   3.0069097e+01   3.0068995e+01   3.0068892e+01   3.0068790e+01   3.0068688e+01   3.0068586e+01   3.0068483e+01   3.0068381e+01   3.0068279e+01   3.0068177e+01   3.0068074e+01   3.0067972e+01   3.0067870e+01   3.0067768e+01   3.0067665e+01   3.0067563e+01   3.0067461e+01   3.0067358e+01   3.0067256e+01   3.0067154e+01   3.0067051e+01   3.0066949e+01   3.0066847e+01   3.0066744e+01   3.0066642e+01   3.0066539e+01   3.0066436e+01   3.0066334e+01   3.0066231e+01   3.0066128e+01   3.0066025e+01   3.0065922e+01   3.0065819e+01   3.0065715e+01   3.0065612e+01   3.0065508e+01   3.0065404e+01   3.0065300e+01   3.0065196e+01   3.0065091e+01   3.0064986e+01   3.0064881e+01   3.0064776e+01   3.0064670e+01   3.0064564e+01   3.0064457e+01   3.0064350e+01   3.0064243e+01   3.0064135e+01   3.0064027e+01   3.0063918e+01   3.0063809e+01   3.0063699e+01   3.0063589e+01   3.0063478e+01   3.0063366e+01   3.0063254e+01   3.0063140e+01   3.0063027e+01   3.0062911e+01   3.0062796e+01   3.0062679e+01   3.0062563e+01   3.0062444e+01   3.0062325e+01   3.0062204e+01   3.0062083e+01   3.0061960e+01   3.0061837e+01   3.0061711e+01   3.0061585e+01   3.0061457e+01   3.0061329e+01   3.0061197e+01   3.0061066e+01   3.0060932e+01   3.0060797e+01   3.0060660e+01   3.0060522e+01   3.0060380e+01   3.0060239e+01   3.0060094e+01   3.0059948e+01   3.0059799e+01   3.0059649e+01   3.0059496e+01   3.0059342e+01   3.0059183e+01   3.0059024e+01   3.0058861e+01   3.0058697e+01   3.0058528e+01   3.0058359e+01   3.0058184e+01   3.0058009e+01   3.0057824e+01   3.0057639e+01   3.0057442e+01   3.0057245e+01   3.0057032e+01   3.0056818e+01   3.0056584e+01   3.0056351e+01   3.0056091e+01   3.0055832e+01   3.0055542e+01   3.0055251e+01   3.0054923e+01   3.0054595e+01   3.0054223e+01   3.0053851e+01   3.0053427e+01   3.0053004e+01   3.0052523e+01   3.0052042e+01   3.0051496e+01   3.0050949e+01   3.0050330e+01   3.0049711e+01   3.0049011e+01   3.0048311e+01   3.0047519e+01   3.0046728e+01   3.0045836e+01   3.0044944e+01   3.0043942e+01   3.0042941e+01   3.0041825e+01   3.0040709e+01   3.0039483e+01   3.0038258e+01   3.0036945e+01   3.0035632e+01   3.0034264e+01   3.0032897e+01
   3.0080522e+01   3.0080072e+01   3.0079632e+01   3.0079205e+01   3.0078795e+01   3.0078402e+01   3.0078030e+01   3.0077677e+01   3.0077345e+01   3.0077032e+01   3.0076737e+01   3.0076461e+01   3.0076201e+01   3.0075957e+01   3.0075727e+01   3.0075510e+01   3.0075305e+01   3.0075113e+01   3.0074930e+01   3.0074757e+01   3.0074593e+01   3.0074437e+01   3.0074288e+01   3.0074145e+01   3.0074008e+01   3.0073876e+01   3.0073748e+01   3.0073624e+01   3.0073503e+01   3.0073385e+01   3.0073269e+01   3.0073156e+01   3.0073044e+01   3.0072934e+01   3.0072825e+01   3.0072717e+01   3.0072611e+01   3.0072504e+01   3.0072399e+01   3.0072294e+01   3.0072190e+01   3.0072086e+01   3.0071983e+01   3.0071879e+01   3.0071776e+01   3.0071673e+01   3.0071570e+01   3.0071468e+01   3.0071365e+01   3.0071263e+01   3.0071160e+01   3.0071058e+01   3.0070956e+01   3.0070853e+01   3.0070751e+01   3.0070649e+01   3.0070546e+01   3.0070444e+01   3.0070342e+01   3.0070239e+01   3.0070137e+01   3.0070035e+01   3.0069933e+01   3.0069831e+01   3.0069729e+01   3.0069626e+01   3.0069524e+01   3.0069422e+01   3.0069320e+01   3.0069217e+01   3.0069115e+01   3.0069013e+01   3.0068911e+01   3.0068809e+01   3.0068706e+01   3.0068604e+01   3.0068502e+01   3.0068400e+01   3.0068297e+01   3.0068195e+01   3.0068093e+01   3.0067991e+01   3.0067889e+01   3.0067786e+01   3.0067684e+01   3.0067582e+01   3.0067480e+01   3.0067378e+01   3.0067275e+01   3.0067173e+01   3.0067071e+01   3.0066969e+01   3.0066866e+01   3.0066764e+01   3.0066662e+01   3.0066560e+01   3.0066457e+01   3.0066355e+01   3.0066252e+01   3.0066150e+01   3.0066047e+01   3.0065945e+01   3.0065842e+01   3.0065739e+01   3.0065636e+01   3.0065533e+01   3.0065430e+01   3.0065327e+01   3.0065223e+01   3.0065120e+01   3.0065016e+01   3.0064912e+01   3.0064807e+01   3.0064703e+01   3.0064598e+01   3.0064493e+01   3.0064388e+01   3.0064282e+01   3.0064176e+01   3.0064069e+01   3.0063963e+01   3.0063855e+01   3.0063748e+01   3.0063639e+01   3.0063531e+01   3.0063422e+01   3.0063312e+01   3.0063201e+01   3.0063091e+01   3.0062979e+01   3.0062867e+01   3.0062753e+01   3.0062640e+01   3.0062525e+01   3.0062410e+01   3.0062293e+01   3.0062176e+01   3.0062057e+01   3.0061939e+01   3.0061818e+01   3.0061697e+01   3.0061574e+01   3.0061451e+01   3.0061325e+01   3.0061199e+01   3.0061071e+01   3.0060943e+01   3.0060812e+01   3.0060681e+01   3.0060546e+01   3.0060412e+01   3.0060274e+01   3.0060136e+01   3.0059995e+01   3.0059854e+01   3.0059709e+01   3.0059563e+01   3.0059414e+01   3.0059265e+01   3.0059111e+01   3.0058957e+01   3.0058798e+01   3.0058640e+01   3.0058476e+01   3.0058313e+01   3.0058144e+01   3.0057975e+01   3.0057800e+01   3.0057625e+01   3.0057440e+01   3.0057256e+01   3.0057059e+01   3.0056861e+01   3.0056648e+01   3.0056435e+01   3.0056201e+01   3.0055967e+01   3.0055708e+01   3.0055449e+01   3.0055159e+01   3.0054869e+01   3.0054541e+01   3.0054213e+01   3.0053840e+01   3.0053468e+01   3.0053045e+01   3.0052622e+01   3.0052141e+01   3.0051660e+01   3.0051114e+01   3.0050567e+01   3.0049948e+01   3.0049329e+01   3.0048629e+01   3.0047928e+01   3.0047137e+01   3.0046345e+01   3.0045453e+01   3.0044560e+01   3.0043558e+01   3.0042556e+01   3.0041439e+01   3.0040322e+01   3.0039096e+01   3.0037870e+01   3.0036557e+01   3.0035243e+01   3.0033877e+01   3.0032511e+01
   3.0080119e+01   3.0079669e+01   3.0079229e+01   3.0078803e+01   3.0078393e+01   3.0078001e+01   3.0077628e+01   3.0077276e+01   3.0076944e+01   3.0076631e+01   3.0076338e+01   3.0076061e+01   3.0075802e+01   3.0075558e+01   3.0075328e+01   3.0075112e+01   3.0074908e+01   3.0074715e+01   3.0074533e+01   3.0074360e+01   3.0074196e+01   3.0074040e+01   3.0073892e+01   3.0073749e+01   3.0073612e+01   3.0073480e+01   3.0073353e+01   3.0073229e+01   3.0073108e+01   3.0072990e+01   3.0072875e+01   3.0072761e+01   3.0072650e+01   3.0072540e+01   3.0072431e+01   3.0072324e+01   3.0072217e+01   3.0072111e+01   3.0072006e+01   3.0071901e+01   3.0071797e+01   3.0071693e+01   3.0071589e+01   3.0071486e+01   3.0071383e+01   3.0071280e+01   3.0071178e+01   3.0071075e+01   3.0070973e+01   3.0070870e+01   3.0070768e+01   3.0070666e+01   3.0070563e+01   3.0070461e+01   3.0070359e+01   3.0070257e+01   3.0070155e+01   3.0070052e+01   3.0069950e+01   3.0069848e+01   3.0069746e+01   3.0069644e+01   3.0069541e+01   3.0069439e+01   3.0069337e+01   3.0069235e+01   3.0069133e+01   3.0069031e+01   3.0068929e+01   3.0068826e+01   3.0068724e+01   3.0068622e+01   3.0068520e+01   3.0068418e+01   3.0068316e+01   3.0068213e+01   3.0068111e+01   3.0068009e+01   3.0067907e+01   3.0067805e+01   3.0067703e+01   3.0067600e+01   3.0067498e+01   3.0067396e+01   3.0067294e+01   3.0067192e+01   3.0067090e+01   3.0066988e+01   3.0066885e+01   3.0066783e+01   3.0066681e+01   3.0066579e+01   3.0066477e+01   3.0066375e+01   3.0066272e+01   3.0066170e+01   3.0066068e+01   3.0065965e+01   3.0065863e+01   3.0065761e+01   3.0065658e+01   3.0065556e+01   3.0065453e+01   3.0065350e+01   3.0065247e+01   3.0065144e+01   3.0065041e+01   3.0064938e+01   3.0064835e+01   3.0064731e+01   3.0064627e+01   3.0064523e+01   3.0064419e+01   3.0064315e+01   3.0064210e+01   3.0064105e+01   3.0064000e+01   3.0063894e+01   3.0063788e+01   3.0063682e+01   3.0063575e+01   3.0063468e+01   3.0063360e+01   3.0063252e+01   3.0063144e+01   3.0063034e+01   3.0062925e+01   3.0062814e+01   3.0062704e+01   3.0062592e+01   3.0062480e+01   3.0062366e+01   3.0062253e+01   3.0062138e+01   3.0062023e+01   3.0061906e+01   3.0061790e+01   3.0061671e+01   3.0061552e+01   3.0061431e+01   3.0061311e+01   3.0061188e+01   3.0061065e+01   3.0060939e+01   3.0060814e+01   3.0060685e+01   3.0060557e+01   3.0060426e+01   3.0060295e+01   3.0060161e+01   3.0060026e+01   3.0059889e+01   3.0059751e+01   3.0059610e+01   3.0059469e+01   3.0059323e+01   3.0059178e+01   3.0059029e+01   3.0058880e+01   3.0058726e+01   3.0058572e+01   3.0058414e+01   3.0058255e+01   3.0058092e+01   3.0057928e+01   3.0057759e+01   3.0057590e+01   3.0057416e+01   3.0057241e+01   3.0057056e+01   3.0056872e+01   3.0056675e+01   3.0056478e+01   3.0056265e+01   3.0056051e+01   3.0055818e+01   3.0055584e+01   3.0055325e+01   3.0055066e+01   3.0054776e+01   3.0054486e+01   3.0054158e+01   3.0053830e+01   3.0053458e+01   3.0053086e+01   3.0052663e+01   3.0052240e+01   3.0051759e+01   3.0051278e+01   3.0050731e+01   3.0050185e+01   3.0049566e+01   3.0048947e+01   3.0048246e+01   3.0047546e+01   3.0046754e+01   3.0045962e+01   3.0045069e+01   3.0044177e+01   3.0043174e+01   3.0042171e+01   3.0041053e+01   3.0039936e+01   3.0038709e+01   3.0037482e+01   3.0036168e+01   3.0034854e+01   3.0033490e+01   3.0032126e+01
   3.0079716e+01   3.0079267e+01   3.0078827e+01   3.0078401e+01   3.0077991e+01   3.0077599e+01   3.0077227e+01   3.0076875e+01   3.0076544e+01   3.0076231e+01   3.0075938e+01   3.0075662e+01   3.0075403e+01   3.0075159e+01   3.0074930e+01   3.0074714e+01   3.0074510e+01   3.0074317e+01   3.0074135e+01   3.0073963e+01   3.0073800e+01   3.0073644e+01   3.0073495e+01   3.0073353e+01   3.0073216e+01   3.0073085e+01   3.0072957e+01   3.0072833e+01   3.0072713e+01   3.0072595e+01   3.0072480e+01   3.0072367e+01   3.0072256e+01   3.0072146e+01   3.0072037e+01   3.0071930e+01   3.0071823e+01   3.0071717e+01   3.0071612e+01   3.0071508e+01   3.0071404e+01   3.0071300e+01   3.0071196e+01   3.0071093e+01   3.0070990e+01   3.0070888e+01   3.0070785e+01   3.0070682e+01   3.0070580e+01   3.0070478e+01   3.0070375e+01   3.0070273e+01   3.0070171e+01   3.0070069e+01   3.0069967e+01   3.0069865e+01   3.0069762e+01   3.0069660e+01   3.0069558e+01   3.0069456e+01   3.0069354e+01   3.0069252e+01   3.0069150e+01   3.0069048e+01   3.0068946e+01   3.0068844e+01   3.0068742e+01   3.0068639e+01   3.0068537e+01   3.0068435e+01   3.0068333e+01   3.0068231e+01   3.0068129e+01   3.0068027e+01   3.0067925e+01   3.0067823e+01   3.0067721e+01   3.0067619e+01   3.0067516e+01   3.0067414e+01   3.0067312e+01   3.0067210e+01   3.0067108e+01   3.0067006e+01   3.0066904e+01   3.0066802e+01   3.0066700e+01   3.0066598e+01   3.0066496e+01   3.0066394e+01   3.0066291e+01   3.0066189e+01   3.0066087e+01   3.0065985e+01   3.0065883e+01   3.0065781e+01   3.0065679e+01   3.0065576e+01   3.0065474e+01   3.0065372e+01   3.0065269e+01   3.0065167e+01   3.0065064e+01   3.0064961e+01   3.0064859e+01   3.0064756e+01   3.0064653e+01   3.0064550e+01   3.0064446e+01   3.0064343e+01   3.0064239e+01   3.0064135e+01   3.0064031e+01   3.0063927e+01   3.0063822e+01   3.0063717e+01   3.0063612e+01   3.0063506e+01   3.0063400e+01   3.0063294e+01   3.0063187e+01   3.0063080e+01   3.0062973e+01   3.0062865e+01   3.0062756e+01   3.0062647e+01   3.0062538e+01   3.0062427e+01   3.0062317e+01   3.0062205e+01   3.0062093e+01   3.0061979e+01   3.0061866e+01   3.0061751e+01   3.0061636e+01   3.0061520e+01   3.0061403e+01   3.0061284e+01   3.0061166e+01   3.0061045e+01   3.0060924e+01   3.0060801e+01   3.0060678e+01   3.0060553e+01   3.0060428e+01   3.0060299e+01   3.0060171e+01   3.0060040e+01   3.0059909e+01   3.0059775e+01   3.0059641e+01   3.0059503e+01   3.0059366e+01   3.0059225e+01   3.0059083e+01   3.0058938e+01   3.0058793e+01   3.0058644e+01   3.0058495e+01   3.0058341e+01   3.0058188e+01   3.0058029e+01   3.0057871e+01   3.0057708e+01   3.0057544e+01   3.0057375e+01   3.0057206e+01   3.0057032e+01   3.0056857e+01   3.0056673e+01   3.0056488e+01   3.0056291e+01   3.0056094e+01   3.0055881e+01   3.0055668e+01   3.0055434e+01   3.0055201e+01   3.0054942e+01   3.0054683e+01   3.0054393e+01   3.0054103e+01   3.0053775e+01   3.0053448e+01   3.0053076e+01   3.0052704e+01   3.0052281e+01   3.0051857e+01   3.0051377e+01   3.0050896e+01   3.0050349e+01   3.0049803e+01   3.0049184e+01   3.0048565e+01   3.0047864e+01   3.0047163e+01   3.0046371e+01   3.0045579e+01   3.0044686e+01   3.0043793e+01   3.0042790e+01   3.0041786e+01   3.0040668e+01   3.0039550e+01   3.0038322e+01   3.0037095e+01   3.0035781e+01   3.0034466e+01   3.0033103e+01   3.0031741e+01
   3.0079312e+01   3.0078863e+01   3.0078424e+01   3.0077998e+01   3.0077589e+01   3.0077197e+01   3.0076826e+01   3.0076474e+01   3.0076143e+01   3.0075831e+01   3.0075538e+01   3.0075262e+01   3.0075004e+01   3.0074760e+01   3.0074531e+01   3.0074315e+01   3.0074112e+01   3.0073920e+01   3.0073738e+01   3.0073566e+01   3.0073403e+01   3.0073247e+01   3.0073099e+01   3.0072957e+01   3.0072820e+01   3.0072689e+01   3.0072562e+01   3.0072438e+01   3.0072318e+01   3.0072200e+01   3.0072085e+01   3.0071972e+01   3.0071861e+01   3.0071752e+01   3.0071643e+01   3.0071536e+01   3.0071429e+01   3.0071324e+01   3.0071219e+01   3.0071114e+01   3.0071010e+01   3.0070907e+01   3.0070804e+01   3.0070700e+01   3.0070598e+01   3.0070495e+01   3.0070392e+01   3.0070290e+01   3.0070188e+01   3.0070085e+01   3.0069983e+01   3.0069881e+01   3.0069779e+01   3.0069677e+01   3.0069575e+01   3.0069473e+01   3.0069371e+01   3.0069268e+01   3.0069166e+01   3.0069064e+01   3.0068962e+01   3.0068860e+01   3.0068758e+01   3.0068656e+01   3.0068554e+01   3.0068452e+01   3.0068350e+01   3.0068248e+01   3.0068146e+01   3.0068044e+01   3.0067942e+01   3.0067840e+01   3.0067738e+01   3.0067636e+01   3.0067534e+01   3.0067432e+01   3.0067330e+01   3.0067228e+01   3.0067126e+01   3.0067024e+01   3.0066922e+01   3.0066820e+01   3.0066718e+01   3.0066616e+01   3.0066514e+01   3.0066412e+01   3.0066310e+01   3.0066208e+01   3.0066106e+01   3.0066004e+01   3.0065902e+01   3.0065800e+01   3.0065698e+01   3.0065596e+01   3.0065493e+01   3.0065391e+01   3.0065289e+01   3.0065187e+01   3.0065085e+01   3.0064983e+01   3.0064880e+01   3.0064778e+01   3.0064675e+01   3.0064573e+01   3.0064470e+01   3.0064367e+01   3.0064264e+01   3.0064161e+01   3.0064058e+01   3.0063954e+01   3.0063851e+01   3.0063747e+01   3.0063643e+01   3.0063538e+01   3.0063434e+01   3.0063329e+01   3.0063224e+01   3.0063118e+01   3.0063013e+01   3.0062906e+01   3.0062800e+01   3.0062693e+01   3.0062585e+01   3.0062477e+01   3.0062369e+01   3.0062260e+01   3.0062150e+01   3.0062040e+01   3.0061929e+01   3.0061818e+01   3.0061706e+01   3.0061593e+01   3.0061479e+01   3.0061365e+01   3.0061250e+01   3.0061133e+01   3.0061017e+01   3.0060898e+01   3.0060779e+01   3.0060659e+01   3.0060538e+01   3.0060415e+01   3.0060292e+01   3.0060167e+01   3.0060042e+01   3.0059914e+01   3.0059785e+01   3.0059654e+01   3.0059524e+01   3.0059389e+01   3.0059255e+01   3.0059118e+01   3.0058980e+01   3.0058839e+01   3.0058698e+01   3.0058553e+01   3.0058408e+01   3.0058259e+01   3.0058110e+01   3.0057957e+01   3.0057803e+01   3.0057645e+01   3.0057487e+01   3.0057323e+01   3.0057160e+01   3.0056991e+01   3.0056822e+01   3.0056648e+01   3.0056473e+01   3.0056289e+01   3.0056104e+01   3.0055908e+01   3.0055711e+01   3.0055498e+01   3.0055285e+01   3.0055051e+01   3.0054818e+01   3.0054559e+01   3.0054300e+01   3.0054010e+01   3.0053720e+01   3.0053393e+01   3.0053065e+01   3.0052693e+01   3.0052321e+01   3.0051898e+01   3.0051475e+01   3.0050994e+01   3.0050514e+01   3.0049967e+01   3.0049421e+01   3.0048802e+01   3.0048183e+01   3.0047482e+01   3.0046781e+01   3.0045989e+01   3.0045196e+01   3.0044303e+01   3.0043409e+01   3.0042405e+01   3.0041401e+01   3.0040283e+01   3.0039164e+01   3.0037936e+01   3.0036708e+01   3.0035393e+01   3.0034078e+01   3.0032717e+01   3.0031355e+01
   3.0078909e+01   3.0078460e+01   3.0078021e+01   3.0077596e+01   3.0077187e+01   3.0076796e+01   3.0076425e+01   3.0076073e+01   3.0075742e+01   3.0075431e+01   3.0075138e+01   3.0074863e+01   3.0074604e+01   3.0074361e+01   3.0074133e+01   3.0073917e+01   3.0073714e+01   3.0073522e+01   3.0073341e+01   3.0073169e+01   3.0073006e+01   3.0072851e+01   3.0072702e+01   3.0072561e+01   3.0072424e+01   3.0072293e+01   3.0072166e+01   3.0072043e+01   3.0071923e+01   3.0071805e+01   3.0071691e+01   3.0071578e+01   3.0071467e+01   3.0071357e+01   3.0071249e+01   3.0071142e+01   3.0071036e+01   3.0070930e+01   3.0070825e+01   3.0070721e+01   3.0070617e+01   3.0070514e+01   3.0070410e+01   3.0070308e+01   3.0070205e+01   3.0070102e+01   3.0070000e+01   3.0069897e+01   3.0069795e+01   3.0069693e+01   3.0069591e+01   3.0069489e+01   3.0069387e+01   3.0069285e+01   3.0069183e+01   3.0069081e+01   3.0068979e+01   3.0068877e+01   3.0068775e+01   3.0068673e+01   3.0068571e+01   3.0068469e+01   3.0068367e+01   3.0068265e+01   3.0068163e+01   3.0068061e+01   3.0067959e+01   3.0067857e+01   3.0067755e+01   3.0067653e+01   3.0067551e+01   3.0067449e+01   3.0067347e+01   3.0067245e+01   3.0067143e+01   3.0067041e+01   3.0066939e+01   3.0066837e+01   3.0066736e+01   3.0066634e+01   3.0066532e+01   3.0066430e+01   3.0066328e+01   3.0066226e+01   3.0066124e+01   3.0066022e+01   3.0065920e+01   3.0065818e+01   3.0065716e+01   3.0065614e+01   3.0065512e+01   3.0065410e+01   3.0065308e+01   3.0065206e+01   3.0065104e+01   3.0065002e+01   3.0064900e+01   3.0064798e+01   3.0064696e+01   3.0064593e+01   3.0064491e+01   3.0064389e+01   3.0064286e+01   3.0064184e+01   3.0064081e+01   3.0063978e+01   3.0063876e+01   3.0063773e+01   3.0063670e+01   3.0063566e+01   3.0063463e+01   3.0063359e+01   3.0063255e+01   3.0063150e+01   3.0063046e+01   3.0062941e+01   3.0062836e+01   3.0062731e+01   3.0062625e+01   3.0062519e+01   3.0062412e+01   3.0062305e+01   3.0062198e+01   3.0062090e+01   3.0061982e+01   3.0061872e+01   3.0061763e+01   3.0061653e+01   3.0061542e+01   3.0061431e+01   3.0061319e+01   3.0061206e+01   3.0061093e+01   3.0060978e+01   3.0060863e+01   3.0060747e+01   3.0060630e+01   3.0060512e+01   3.0060393e+01   3.0060273e+01   3.0060152e+01   3.0060029e+01   3.0059906e+01   3.0059781e+01   3.0059656e+01   3.0059528e+01   3.0059400e+01   3.0059269e+01   3.0059138e+01   3.0059004e+01   3.0058870e+01   3.0058732e+01   3.0058595e+01   3.0058454e+01   3.0058313e+01   3.0058168e+01   3.0058023e+01   3.0057874e+01   3.0057725e+01   3.0057572e+01   3.0057418e+01   3.0057260e+01   3.0057102e+01   3.0056939e+01   3.0056776e+01   3.0056607e+01   3.0056438e+01   3.0056264e+01   3.0056089e+01   3.0055905e+01   3.0055721e+01   3.0055524e+01   3.0055327e+01   3.0055114e+01   3.0054901e+01   3.0054668e+01   3.0054435e+01   3.0054176e+01   3.0053917e+01   3.0053627e+01   3.0053337e+01   3.0053010e+01   3.0052682e+01   3.0052311e+01   3.0051939e+01   3.0051516e+01   3.0051093e+01   3.0050612e+01   3.0050132e+01   3.0049585e+01   3.0049039e+01   3.0048420e+01   3.0047801e+01   3.0047100e+01   3.0046398e+01   3.0045606e+01   3.0044813e+01   3.0043919e+01   3.0043026e+01   3.0042021e+01   3.0041017e+01   3.0039898e+01   3.0038778e+01   3.0037549e+01   3.0036321e+01   3.0035006e+01   3.0033691e+01   3.0032330e+01   3.0030969e+01
   3.0078506e+01   3.0078058e+01   3.0077619e+01   3.0077193e+01   3.0076785e+01   3.0076394e+01   3.0076023e+01   3.0075672e+01   3.0075342e+01   3.0075031e+01   3.0074738e+01   3.0074463e+01   3.0074205e+01   3.0073963e+01   3.0073734e+01   3.0073519e+01   3.0073316e+01   3.0073124e+01   3.0072943e+01   3.0072772e+01   3.0072609e+01   3.0072454e+01   3.0072306e+01   3.0072164e+01   3.0072028e+01   3.0071897e+01   3.0071770e+01   3.0071647e+01   3.0071527e+01   3.0071410e+01   3.0071296e+01   3.0071183e+01   3.0071072e+01   3.0070963e+01   3.0070855e+01   3.0070748e+01   3.0070642e+01   3.0070536e+01   3.0070432e+01   3.0070327e+01   3.0070224e+01   3.0070120e+01   3.0070017e+01   3.0069914e+01   3.0069812e+01   3.0069709e+01   3.0069607e+01   3.0069505e+01   3.0069403e+01   3.0069300e+01   3.0069198e+01   3.0069096e+01   3.0068994e+01   3.0068892e+01   3.0068790e+01   3.0068689e+01   3.0068587e+01   3.0068485e+01   3.0068383e+01   3.0068281e+01   3.0068179e+01   3.0068077e+01   3.0067975e+01   3.0067873e+01   3.0067771e+01   3.0067670e+01   3.0067568e+01   3.0067466e+01   3.0067364e+01   3.0067262e+01   3.0067160e+01   3.0067058e+01   3.0066956e+01   3.0066855e+01   3.0066753e+01   3.0066651e+01   3.0066549e+01   3.0066447e+01   3.0066345e+01   3.0066243e+01   3.0066141e+01   3.0066039e+01   3.0065938e+01   3.0065836e+01   3.0065734e+01   3.0065632e+01   3.0065530e+01   3.0065428e+01   3.0065326e+01   3.0065224e+01   3.0065122e+01   3.0065021e+01   3.0064919e+01   3.0064817e+01   3.0064715e+01   3.0064613e+01   3.0064511e+01   3.0064409e+01   3.0064307e+01   3.0064204e+01   3.0064102e+01   3.0064000e+01   3.0063898e+01   3.0063795e+01   3.0063693e+01   3.0063590e+01   3.0063487e+01   3.0063384e+01   3.0063281e+01   3.0063178e+01   3.0063074e+01   3.0062970e+01   3.0062867e+01   3.0062762e+01   3.0062658e+01   3.0062553e+01   3.0062448e+01   3.0062343e+01   3.0062237e+01   3.0062131e+01   3.0062025e+01   3.0061918e+01   3.0061810e+01   3.0061702e+01   3.0061594e+01   3.0061485e+01   3.0061376e+01   3.0061266e+01   3.0061155e+01   3.0061044e+01   3.0060932e+01   3.0060819e+01   3.0060706e+01   3.0060591e+01   3.0060476e+01   3.0060360e+01   3.0060244e+01   3.0060125e+01   3.0060007e+01   3.0059886e+01   3.0059766e+01   3.0059643e+01   3.0059520e+01   3.0059395e+01   3.0059270e+01   3.0059142e+01   3.0059014e+01   3.0058883e+01   3.0058752e+01   3.0058618e+01   3.0058484e+01   3.0058347e+01   3.0058210e+01   3.0058069e+01   3.0057928e+01   3.0057783e+01   3.0057638e+01   3.0057489e+01   3.0057340e+01   3.0057187e+01   3.0057034e+01   3.0056876e+01   3.0056718e+01   3.0056554e+01   3.0056391e+01   3.0056223e+01   3.0056054e+01   3.0055880e+01   3.0055705e+01   3.0055521e+01   3.0055337e+01   3.0055140e+01   3.0054944e+01   3.0054731e+01   3.0054518e+01   3.0054285e+01   3.0054052e+01   3.0053793e+01   3.0053534e+01   3.0053245e+01   3.0052955e+01   3.0052627e+01   3.0052300e+01   3.0051928e+01   3.0051557e+01   3.0051134e+01   3.0050711e+01   3.0050230e+01   3.0049749e+01   3.0049203e+01   3.0048657e+01   3.0048038e+01   3.0047419e+01   3.0046717e+01   3.0046016e+01   3.0045223e+01   3.0044431e+01   3.0043536e+01   3.0042642e+01   3.0041637e+01   3.0040632e+01   3.0039512e+01   3.0038392e+01   3.0037163e+01   3.0035934e+01   3.0034619e+01   3.0033304e+01   3.0031944e+01   3.0030584e+01
   3.0078102e+01   3.0077654e+01   3.0077216e+01   3.0076791e+01   3.0076383e+01   3.0075992e+01   3.0075622e+01   3.0075272e+01   3.0074941e+01   3.0074630e+01   3.0074338e+01   3.0074064e+01   3.0073806e+01   3.0073564e+01   3.0073336e+01   3.0073121e+01   3.0072918e+01   3.0072727e+01   3.0072546e+01   3.0072375e+01   3.0072212e+01   3.0072057e+01   3.0071910e+01   3.0071768e+01   3.0071632e+01   3.0071501e+01   3.0071375e+01   3.0071252e+01   3.0071132e+01   3.0071015e+01   3.0070901e+01   3.0070788e+01   3.0070678e+01   3.0070569e+01   3.0070461e+01   3.0070354e+01   3.0070248e+01   3.0070143e+01   3.0070038e+01   3.0069934e+01   3.0069830e+01   3.0069727e+01   3.0069624e+01   3.0069521e+01   3.0069419e+01   3.0069316e+01   3.0069214e+01   3.0069112e+01   3.0069010e+01   3.0068908e+01   3.0068806e+01   3.0068704e+01   3.0068602e+01   3.0068500e+01   3.0068398e+01   3.0068296e+01   3.0068195e+01   3.0068093e+01   3.0067991e+01   3.0067889e+01   3.0067787e+01   3.0067685e+01   3.0067584e+01   3.0067482e+01   3.0067380e+01   3.0067278e+01   3.0067176e+01   3.0067075e+01   3.0066973e+01   3.0066871e+01   3.0066769e+01   3.0066667e+01   3.0066565e+01   3.0066464e+01   3.0066362e+01   3.0066260e+01   3.0066158e+01   3.0066056e+01   3.0065955e+01   3.0065853e+01   3.0065751e+01   3.0065649e+01   3.0065547e+01   3.0065446e+01   3.0065344e+01   3.0065242e+01   3.0065140e+01   3.0065038e+01   3.0064936e+01   3.0064835e+01   3.0064733e+01   3.0064631e+01   3.0064529e+01   3.0064427e+01   3.0064325e+01   3.0064223e+01   3.0064121e+01   3.0064019e+01   3.0063917e+01   3.0063815e+01   3.0063713e+01   3.0063611e+01   3.0063509e+01   3.0063406e+01   3.0063304e+01   3.0063201e+01   3.0063098e+01   3.0062995e+01   3.0062893e+01   3.0062789e+01   3.0062686e+01   3.0062582e+01   3.0062478e+01   3.0062374e+01   3.0062270e+01   3.0062165e+01   3.0062060e+01   3.0061955e+01   3.0061849e+01   3.0061743e+01   3.0061637e+01   3.0061530e+01   3.0061423e+01   3.0061315e+01   3.0061207e+01   3.0061098e+01   3.0060989e+01   3.0060878e+01   3.0060768e+01   3.0060657e+01   3.0060545e+01   3.0060432e+01   3.0060319e+01   3.0060204e+01   3.0060090e+01   3.0059973e+01   3.0059857e+01   3.0059739e+01   3.0059620e+01   3.0059500e+01   3.0059380e+01   3.0059257e+01   3.0059134e+01   3.0059009e+01   3.0058884e+01   3.0058756e+01   3.0058628e+01   3.0058497e+01   3.0058367e+01   3.0058233e+01   3.0058099e+01   3.0057962e+01   3.0057824e+01   3.0057684e+01   3.0057543e+01   3.0057398e+01   3.0057253e+01   3.0057104e+01   3.0056956e+01   3.0056802e+01   3.0056649e+01   3.0056491e+01   3.0056333e+01   3.0056170e+01   3.0056007e+01   3.0055838e+01   3.0055670e+01   3.0055496e+01   3.0055321e+01   3.0055137e+01   3.0054953e+01   3.0054757e+01   3.0054560e+01   3.0054347e+01   3.0054135e+01   3.0053901e+01   3.0053668e+01   3.0053410e+01   3.0053151e+01   3.0052862e+01   3.0052572e+01   3.0052245e+01   3.0051917e+01   3.0051546e+01   3.0051174e+01   3.0050752e+01   3.0050329e+01   3.0049848e+01   3.0049368e+01   3.0048821e+01   3.0048275e+01   3.0047656e+01   3.0047037e+01   3.0046335e+01   3.0045634e+01   3.0044841e+01   3.0044048e+01   3.0043153e+01   3.0042258e+01   3.0041253e+01   3.0040248e+01   3.0039127e+01   3.0038007e+01   3.0036777e+01   3.0035548e+01   3.0034232e+01   3.0032917e+01   3.0031558e+01   3.0030199e+01
   3.0077699e+01   3.0077251e+01   3.0076813e+01   3.0076389e+01   3.0075981e+01   3.0075591e+01   3.0075221e+01   3.0074871e+01   3.0074541e+01   3.0074230e+01   3.0073939e+01   3.0073664e+01   3.0073407e+01   3.0073165e+01   3.0072937e+01   3.0072723e+01   3.0072520e+01   3.0072329e+01   3.0072149e+01   3.0071978e+01   3.0071815e+01   3.0071661e+01   3.0071513e+01   3.0071372e+01   3.0071237e+01   3.0071106e+01   3.0070980e+01   3.0070857e+01   3.0070737e+01   3.0070621e+01   3.0070506e+01   3.0070394e+01   3.0070284e+01   3.0070175e+01   3.0070067e+01   3.0069960e+01   3.0069854e+01   3.0069749e+01   3.0069645e+01   3.0069541e+01   3.0069437e+01   3.0069334e+01   3.0069231e+01   3.0069129e+01   3.0069026e+01   3.0068924e+01   3.0068822e+01   3.0068719e+01   3.0068617e+01   3.0068516e+01   3.0068414e+01   3.0068312e+01   3.0068210e+01   3.0068108e+01   3.0068006e+01   3.0067905e+01   3.0067803e+01   3.0067701e+01   3.0067600e+01   3.0067498e+01   3.0067396e+01   3.0067294e+01   3.0067192e+01   3.0067090e+01   3.0066989e+01   3.0066887e+01   3.0066785e+01   3.0066683e+01   3.0066582e+01   3.0066480e+01   3.0066378e+01   3.0066276e+01   3.0066175e+01   3.0066073e+01   3.0065971e+01   3.0065869e+01   3.0065768e+01   3.0065666e+01   3.0065564e+01   3.0065462e+01   3.0065361e+01   3.0065259e+01   3.0065157e+01   3.0065055e+01   3.0064954e+01   3.0064852e+01   3.0064750e+01   3.0064648e+01   3.0064547e+01   3.0064445e+01   3.0064343e+01   3.0064241e+01   3.0064140e+01   3.0064038e+01   3.0063936e+01   3.0063834e+01   3.0063732e+01   3.0063630e+01   3.0063528e+01   3.0063426e+01   3.0063324e+01   3.0063222e+01   3.0063120e+01   3.0063017e+01   3.0062915e+01   3.0062812e+01   3.0062710e+01   3.0062607e+01   3.0062504e+01   3.0062401e+01   3.0062298e+01   3.0062194e+01   3.0062090e+01   3.0061986e+01   3.0061882e+01   3.0061777e+01   3.0061672e+01   3.0061567e+01   3.0061462e+01   3.0061355e+01   3.0061249e+01   3.0061142e+01   3.0061035e+01   3.0060927e+01   3.0060819e+01   3.0060710e+01   3.0060601e+01   3.0060491e+01   3.0060381e+01   3.0060269e+01   3.0060158e+01   3.0060045e+01   3.0059932e+01   3.0059817e+01   3.0059703e+01   3.0059587e+01   3.0059470e+01   3.0059352e+01   3.0059234e+01   3.0059114e+01   3.0058993e+01   3.0058871e+01   3.0058748e+01   3.0058623e+01   3.0058498e+01   3.0058370e+01   3.0058242e+01   3.0058112e+01   3.0057981e+01   3.0057847e+01   3.0057713e+01   3.0057576e+01   3.0057439e+01   3.0057298e+01   3.0057158e+01   3.0057013e+01   3.0056868e+01   3.0056720e+01   3.0056571e+01   3.0056418e+01   3.0056264e+01   3.0056107e+01   3.0055949e+01   3.0055786e+01   3.0055623e+01   3.0055454e+01   3.0055286e+01   3.0055112e+01   3.0054937e+01   3.0054754e+01   3.0054570e+01   3.0054373e+01   3.0054177e+01   3.0053964e+01   3.0053751e+01   3.0053518e+01   3.0053285e+01   3.0053027e+01   3.0052769e+01   3.0052479e+01   3.0052189e+01   3.0051862e+01   3.0051535e+01   3.0051163e+01   3.0050792e+01   3.0050369e+01   3.0049947e+01   3.0049466e+01   3.0048986e+01   3.0048440e+01   3.0047894e+01   3.0047274e+01   3.0046655e+01   3.0045953e+01   3.0045252e+01   3.0044458e+01   3.0043665e+01   3.0042770e+01   3.0041875e+01   3.0040869e+01   3.0039864e+01   3.0038743e+01   3.0037622e+01   3.0036391e+01   3.0035161e+01   3.0033846e+01   3.0032530e+01   3.0031171e+01   3.0029813e+01
   3.0077296e+01   3.0076848e+01   3.0076411e+01   3.0075986e+01   3.0075579e+01   3.0075189e+01   3.0074819e+01   3.0074470e+01   3.0074140e+01   3.0073830e+01   3.0073539e+01   3.0073265e+01   3.0073008e+01   3.0072766e+01   3.0072539e+01   3.0072325e+01   3.0072123e+01   3.0071932e+01   3.0071752e+01   3.0071581e+01   3.0071419e+01   3.0071265e+01   3.0071117e+01   3.0070976e+01   3.0070841e+01   3.0070710e+01   3.0070584e+01   3.0070462e+01   3.0070342e+01   3.0070226e+01   3.0070112e+01   3.0070000e+01   3.0069889e+01   3.0069781e+01   3.0069673e+01   3.0069567e+01   3.0069461e+01   3.0069356e+01   3.0069252e+01   3.0069148e+01   3.0069044e+01   3.0068941e+01   3.0068838e+01   3.0068736e+01   3.0068633e+01   3.0068531e+01   3.0068429e+01   3.0068327e+01   3.0068225e+01   3.0068123e+01   3.0068021e+01   3.0067920e+01   3.0067818e+01   3.0067716e+01   3.0067614e+01   3.0067513e+01   3.0067411e+01   3.0067309e+01   3.0067207e+01   3.0067106e+01   3.0067004e+01   3.0066902e+01   3.0066801e+01   3.0066699e+01   3.0066597e+01   3.0066496e+01   3.0066394e+01   3.0066292e+01   3.0066190e+01   3.0066089e+01   3.0065987e+01   3.0065885e+01   3.0065784e+01   3.0065682e+01   3.0065580e+01   3.0065479e+01   3.0065377e+01   3.0065275e+01   3.0065174e+01   3.0065072e+01   3.0064970e+01   3.0064869e+01   3.0064767e+01   3.0064665e+01   3.0064564e+01   3.0064462e+01   3.0064360e+01   3.0064259e+01   3.0064157e+01   3.0064055e+01   3.0063953e+01   3.0063852e+01   3.0063750e+01   3.0063648e+01   3.0063546e+01   3.0063445e+01   3.0063343e+01   3.0063241e+01   3.0063139e+01   3.0063037e+01   3.0062935e+01   3.0062833e+01   3.0062731e+01   3.0062629e+01   3.0062526e+01   3.0062424e+01   3.0062321e+01   3.0062218e+01   3.0062116e+01   3.0062012e+01   3.0061909e+01   3.0061806e+01   3.0061702e+01   3.0061598e+01   3.0061494e+01   3.0061389e+01   3.0061284e+01   3.0061179e+01   3.0061074e+01   3.0060968e+01   3.0060862e+01   3.0060755e+01   3.0060648e+01   3.0060540e+01   3.0060432e+01   3.0060323e+01   3.0060214e+01   3.0060104e+01   3.0059994e+01   3.0059882e+01   3.0059771e+01   3.0059658e+01   3.0059545e+01   3.0059431e+01   3.0059316e+01   3.0059200e+01   3.0059084e+01   3.0058966e+01   3.0058847e+01   3.0058727e+01   3.0058607e+01   3.0058484e+01   3.0058362e+01   3.0058237e+01   3.0058112e+01   3.0057984e+01   3.0057856e+01   3.0057726e+01   3.0057595e+01   3.0057462e+01   3.0057328e+01   3.0057191e+01   3.0057054e+01   3.0056913e+01   3.0056772e+01   3.0056628e+01   3.0056483e+01   3.0056335e+01   3.0056186e+01   3.0056033e+01   3.0055880e+01   3.0055722e+01   3.0055564e+01   3.0055401e+01   3.0055238e+01   3.0055070e+01   3.0054902e+01   3.0054728e+01   3.0054554e+01   3.0054370e+01   3.0054186e+01   3.0053989e+01   3.0053793e+01   3.0053580e+01   3.0053368e+01   3.0053135e+01   3.0052902e+01   3.0052644e+01   3.0052386e+01   3.0052096e+01   3.0051807e+01   3.0051480e+01   3.0051153e+01   3.0050781e+01   3.0050410e+01   3.0049987e+01   3.0049565e+01   3.0049084e+01   3.0048604e+01   3.0048058e+01   3.0047512e+01   3.0046892e+01   3.0046273e+01   3.0045571e+01   3.0044870e+01   3.0044076e+01   3.0043283e+01   3.0042387e+01   3.0041492e+01   3.0040486e+01   3.0039479e+01   3.0038358e+01   3.0037236e+01   3.0036006e+01   3.0034775e+01   3.0033459e+01   3.0032143e+01   3.0030785e+01   3.0029427e+01
   3.0076893e+01   3.0076446e+01   3.0076008e+01   3.0075584e+01   3.0075177e+01   3.0074788e+01   3.0074418e+01   3.0074069e+01   3.0073740e+01   3.0073430e+01   3.0073139e+01   3.0072866e+01   3.0072609e+01   3.0072367e+01   3.0072140e+01   3.0071926e+01   3.0071725e+01   3.0071534e+01   3.0071354e+01   3.0071184e+01   3.0071022e+01   3.0070868e+01   3.0070721e+01   3.0070580e+01   3.0070445e+01   3.0070315e+01   3.0070189e+01   3.0070066e+01   3.0069947e+01   3.0069831e+01   3.0069717e+01   3.0069605e+01   3.0069495e+01   3.0069386e+01   3.0069279e+01   3.0069173e+01   3.0069067e+01   3.0068962e+01   3.0068858e+01   3.0068755e+01   3.0068651e+01   3.0068548e+01   3.0068446e+01   3.0068343e+01   3.0068241e+01   3.0068139e+01   3.0068037e+01   3.0067935e+01   3.0067833e+01   3.0067731e+01   3.0067629e+01   3.0067527e+01   3.0067426e+01   3.0067324e+01   3.0067222e+01   3.0067121e+01   3.0067019e+01   3.0066917e+01   3.0066816e+01   3.0066714e+01   3.0066612e+01   3.0066511e+01   3.0066409e+01   3.0066308e+01   3.0066206e+01   3.0066104e+01   3.0066003e+01   3.0065901e+01   3.0065799e+01   3.0065698e+01   3.0065596e+01   3.0065494e+01   3.0065393e+01   3.0065291e+01   3.0065190e+01   3.0065088e+01   3.0064986e+01   3.0064885e+01   3.0064783e+01   3.0064682e+01   3.0064580e+01   3.0064478e+01   3.0064377e+01   3.0064275e+01   3.0064174e+01   3.0064072e+01   3.0063970e+01   3.0063869e+01   3.0063767e+01   3.0063665e+01   3.0063564e+01   3.0063462e+01   3.0063360e+01   3.0063259e+01   3.0063157e+01   3.0063055e+01   3.0062954e+01   3.0062852e+01   3.0062750e+01   3.0062648e+01   3.0062546e+01   3.0062444e+01   3.0062342e+01   3.0062240e+01   3.0062138e+01   3.0062035e+01   3.0061933e+01   3.0061830e+01   3.0061727e+01   3.0061624e+01   3.0061521e+01   3.0061417e+01   3.0061314e+01   3.0061210e+01   3.0061106e+01   3.0061001e+01   3.0060897e+01   3.0060791e+01   3.0060686e+01   3.0060580e+01   3.0060474e+01   3.0060367e+01   3.0060260e+01   3.0060153e+01   3.0060045e+01   3.0059936e+01   3.0059827e+01   3.0059717e+01   3.0059607e+01   3.0059495e+01   3.0059384e+01   3.0059271e+01   3.0059158e+01   3.0059044e+01   3.0058930e+01   3.0058813e+01   3.0058697e+01   3.0058579e+01   3.0058461e+01   3.0058341e+01   3.0058221e+01   3.0058098e+01   3.0057976e+01   3.0057851e+01   3.0057726e+01   3.0057598e+01   3.0057471e+01   3.0057340e+01   3.0057210e+01   3.0057076e+01   3.0056942e+01   3.0056805e+01   3.0056669e+01   3.0056528e+01   3.0056387e+01   3.0056243e+01   3.0056098e+01   3.0055950e+01   3.0055801e+01   3.0055648e+01   3.0055495e+01   3.0055337e+01   3.0055180e+01   3.0055017e+01   3.0054854e+01   3.0054686e+01   3.0054518e+01   3.0054344e+01   3.0054170e+01   3.0053986e+01   3.0053802e+01   3.0053606e+01   3.0053409e+01   3.0053197e+01   3.0052985e+01   3.0052752e+01   3.0052519e+01   3.0052261e+01   3.0052003e+01   3.0051713e+01   3.0051424e+01   3.0051097e+01   3.0050770e+01   3.0050399e+01   3.0050028e+01   3.0049605e+01   3.0049183e+01   3.0048702e+01   3.0048222e+01   3.0047676e+01   3.0047130e+01   3.0046511e+01   3.0045891e+01   3.0045189e+01   3.0044488e+01   3.0043694e+01   3.0042900e+01   3.0042004e+01   3.0041109e+01   3.0040102e+01   3.0039095e+01   3.0037973e+01   3.0036851e+01   3.0035620e+01   3.0034389e+01   3.0033073e+01   3.0031757e+01   3.0030399e+01   3.0029041e+01
   3.0076489e+01   3.0076042e+01   3.0075605e+01   3.0075182e+01   3.0074775e+01   3.0074386e+01   3.0074017e+01   3.0073668e+01   3.0073339e+01   3.0073030e+01   3.0072739e+01   3.0072466e+01   3.0072210e+01   3.0071969e+01   3.0071742e+01   3.0071528e+01   3.0071327e+01   3.0071137e+01   3.0070957e+01   3.0070787e+01   3.0070625e+01   3.0070471e+01   3.0070325e+01   3.0070184e+01   3.0070049e+01   3.0069919e+01   3.0069793e+01   3.0069671e+01   3.0069552e+01   3.0069436e+01   3.0069322e+01   3.0069210e+01   3.0069100e+01   3.0068992e+01   3.0068885e+01   3.0068778e+01   3.0068673e+01   3.0068569e+01   3.0068465e+01   3.0068361e+01   3.0068258e+01   3.0068155e+01   3.0068052e+01   3.0067950e+01   3.0067848e+01   3.0067746e+01   3.0067644e+01   3.0067542e+01   3.0067440e+01   3.0067338e+01   3.0067237e+01   3.0067135e+01   3.0067033e+01   3.0066932e+01   3.0066830e+01   3.0066729e+01   3.0066627e+01   3.0066526e+01   3.0066424e+01   3.0066323e+01   3.0066221e+01   3.0066119e+01   3.0066018e+01   3.0065916e+01   3.0065814e+01   3.0065713e+01   3.0065611e+01   3.0065510e+01   3.0065408e+01   3.0065307e+01   3.0065205e+01   3.0065104e+01   3.0065002e+01   3.0064900e+01   3.0064799e+01   3.0064697e+01   3.0064596e+01   3.0064494e+01   3.0064393e+01   3.0064291e+01   3.0064190e+01   3.0064088e+01   3.0063987e+01   3.0063885e+01   3.0063783e+01   3.0063682e+01   3.0063580e+01   3.0063479e+01   3.0063377e+01   3.0063276e+01   3.0063174e+01   3.0063073e+01   3.0062971e+01   3.0062869e+01   3.0062768e+01   3.0062666e+01   3.0062564e+01   3.0062463e+01   3.0062361e+01   3.0062259e+01   3.0062157e+01   3.0062055e+01   3.0061953e+01   3.0061851e+01   3.0061749e+01   3.0061646e+01   3.0061544e+01   3.0061441e+01   3.0061339e+01   3.0061236e+01   3.0061133e+01   3.0061029e+01   3.0060926e+01   3.0060822e+01   3.0060718e+01   3.0060613e+01   3.0060509e+01   3.0060403e+01   3.0060298e+01   3.0060192e+01   3.0060086e+01   3.0059980e+01   3.0059873e+01   3.0059765e+01   3.0059657e+01   3.0059549e+01   3.0059440e+01   3.0059330e+01   3.0059220e+01   3.0059108e+01   3.0058997e+01   3.0058884e+01   3.0058772e+01   3.0058657e+01   3.0058543e+01   3.0058427e+01   3.0058311e+01   3.0058193e+01   3.0058075e+01   3.0057955e+01   3.0057835e+01   3.0057712e+01   3.0057590e+01   3.0057465e+01   3.0057340e+01   3.0057213e+01   3.0057085e+01   3.0056955e+01   3.0056824e+01   3.0056691e+01   3.0056557e+01   3.0056420e+01   3.0056283e+01   3.0056143e+01   3.0056002e+01   3.0055858e+01   3.0055713e+01   3.0055565e+01   3.0055416e+01   3.0055263e+01   3.0055111e+01   3.0054953e+01   3.0054795e+01   3.0054633e+01   3.0054470e+01   3.0054302e+01   3.0054134e+01   3.0053960e+01   3.0053786e+01   3.0053602e+01   3.0053418e+01   3.0053222e+01   3.0053026e+01   3.0052814e+01   3.0052601e+01   3.0052369e+01   3.0052136e+01   3.0051878e+01   3.0051620e+01   3.0051331e+01   3.0051041e+01   3.0050715e+01   3.0050388e+01   3.0050017e+01   3.0049646e+01   3.0049223e+01   3.0048801e+01   3.0048321e+01   3.0047840e+01   3.0047294e+01   3.0046749e+01   3.0046129e+01   3.0045510e+01   3.0044808e+01   3.0044106e+01   3.0043312e+01   3.0042518e+01   3.0041622e+01   3.0040726e+01   3.0039719e+01   3.0038712e+01   3.0037589e+01   3.0036467e+01   3.0035235e+01   3.0034003e+01   3.0032687e+01   3.0031371e+01   3.0030013e+01   3.0028655e+01
   3.0076086e+01   3.0075639e+01   3.0075203e+01   3.0074779e+01   3.0074373e+01   3.0073984e+01   3.0073616e+01   3.0073267e+01   3.0072939e+01   3.0072630e+01   3.0072339e+01   3.0072067e+01   3.0071811e+01   3.0071570e+01   3.0071343e+01   3.0071130e+01   3.0070929e+01   3.0070739e+01   3.0070560e+01   3.0070390e+01   3.0070228e+01   3.0070075e+01   3.0069928e+01   3.0069788e+01   3.0069653e+01   3.0069523e+01   3.0069398e+01   3.0069276e+01   3.0069157e+01   3.0069041e+01   3.0068927e+01   3.0068816e+01   3.0068706e+01   3.0068598e+01   3.0068490e+01   3.0068384e+01   3.0068279e+01   3.0068175e+01   3.0068071e+01   3.0067967e+01   3.0067864e+01   3.0067762e+01   3.0067659e+01   3.0067557e+01   3.0067455e+01   3.0067353e+01   3.0067251e+01   3.0067149e+01   3.0067047e+01   3.0066946e+01   3.0066844e+01   3.0066743e+01   3.0066641e+01   3.0066540e+01   3.0066438e+01   3.0066336e+01   3.0066235e+01   3.0066134e+01   3.0066032e+01   3.0065931e+01   3.0065829e+01   3.0065727e+01   3.0065626e+01   3.0065524e+01   3.0065423e+01   3.0065321e+01   3.0065220e+01   3.0065119e+01   3.0065017e+01   3.0064916e+01   3.0064814e+01   3.0064713e+01   3.0064611e+01   3.0064510e+01   3.0064408e+01   3.0064307e+01   3.0064205e+01   3.0064104e+01   3.0064002e+01   3.0063901e+01   3.0063799e+01   3.0063698e+01   3.0063596e+01   3.0063495e+01   3.0063393e+01   3.0063292e+01   3.0063190e+01   3.0063089e+01   3.0062988e+01   3.0062886e+01   3.0062785e+01   3.0062683e+01   3.0062582e+01   3.0062480e+01   3.0062378e+01   3.0062277e+01   3.0062175e+01   3.0062074e+01   3.0061972e+01   3.0061870e+01   3.0061768e+01   3.0061666e+01   3.0061564e+01   3.0061462e+01   3.0061360e+01   3.0061258e+01   3.0061155e+01   3.0061053e+01   3.0060950e+01   3.0060847e+01   3.0060744e+01   3.0060641e+01   3.0060537e+01   3.0060434e+01   3.0060330e+01   3.0060225e+01   3.0060121e+01   3.0060016e+01   3.0059910e+01   3.0059805e+01   3.0059699e+01   3.0059592e+01   3.0059485e+01   3.0059378e+01   3.0059270e+01   3.0059161e+01   3.0059052e+01   3.0058943e+01   3.0058833e+01   3.0058721e+01   3.0058610e+01   3.0058498e+01   3.0058385e+01   3.0058271e+01   3.0058156e+01   3.0058040e+01   3.0057924e+01   3.0057806e+01   3.0057688e+01   3.0057568e+01   3.0057448e+01   3.0057326e+01   3.0057204e+01   3.0057079e+01   3.0056954e+01   3.0056827e+01   3.0056699e+01   3.0056569e+01   3.0056439e+01   3.0056305e+01   3.0056172e+01   3.0056035e+01   3.0055898e+01   3.0055758e+01   3.0055617e+01   3.0055473e+01   3.0055329e+01   3.0055180e+01   3.0055032e+01   3.0054879e+01   3.0054726e+01   3.0054568e+01   3.0054411e+01   3.0054248e+01   3.0054086e+01   3.0053918e+01   3.0053749e+01   3.0053576e+01   3.0053402e+01   3.0053218e+01   3.0053035e+01   3.0052839e+01   3.0052642e+01   3.0052430e+01   3.0052218e+01   3.0051985e+01   3.0051753e+01   3.0051495e+01   3.0051237e+01   3.0050948e+01   3.0050659e+01   3.0050332e+01   3.0050005e+01   3.0049634e+01   3.0049264e+01   3.0048841e+01   3.0048419e+01   3.0047939e+01   3.0047459e+01   3.0046913e+01   3.0046367e+01   3.0045748e+01   3.0045128e+01   3.0044426e+01   3.0043724e+01   3.0042930e+01   3.0042136e+01   3.0041240e+01   3.0040343e+01   3.0039336e+01   3.0038328e+01   3.0037205e+01   3.0036082e+01   3.0034850e+01   3.0033618e+01   3.0032301e+01   3.0030984e+01   3.0029627e+01   3.0028270e+01
   3.0075683e+01   3.0075237e+01   3.0074800e+01   3.0074377e+01   3.0073971e+01   3.0073583e+01   3.0073214e+01   3.0072866e+01   3.0072538e+01   3.0072230e+01   3.0071940e+01   3.0071667e+01   3.0071412e+01   3.0071171e+01   3.0070945e+01   3.0070732e+01   3.0070531e+01   3.0070342e+01   3.0070162e+01   3.0069993e+01   3.0069832e+01   3.0069678e+01   3.0069532e+01   3.0069392e+01   3.0069257e+01   3.0069128e+01   3.0069002e+01   3.0068880e+01   3.0068762e+01   3.0068646e+01   3.0068533e+01   3.0068421e+01   3.0068312e+01   3.0068203e+01   3.0068096e+01   3.0067991e+01   3.0067886e+01   3.0067781e+01   3.0067677e+01   3.0067574e+01   3.0067471e+01   3.0067368e+01   3.0067266e+01   3.0067164e+01   3.0067062e+01   3.0066960e+01   3.0066858e+01   3.0066756e+01   3.0066655e+01   3.0066553e+01   3.0066452e+01   3.0066350e+01   3.0066249e+01   3.0066147e+01   3.0066046e+01   3.0065944e+01   3.0065843e+01   3.0065742e+01   3.0065640e+01   3.0065539e+01   3.0065437e+01   3.0065336e+01   3.0065234e+01   3.0065133e+01   3.0065032e+01   3.0064930e+01   3.0064829e+01   3.0064727e+01   3.0064626e+01   3.0064524e+01   3.0064423e+01   3.0064322e+01   3.0064220e+01   3.0064119e+01   3.0064017e+01   3.0063916e+01   3.0063815e+01   3.0063713e+01   3.0063612e+01   3.0063510e+01   3.0063409e+01   3.0063308e+01   3.0063206e+01   3.0063105e+01   3.0063003e+01   3.0062902e+01   3.0062801e+01   3.0062699e+01   3.0062598e+01   3.0062496e+01   3.0062395e+01   3.0062293e+01   3.0062192e+01   3.0062091e+01   3.0061989e+01   3.0061888e+01   3.0061786e+01   3.0061684e+01   3.0061583e+01   3.0061481e+01   3.0061379e+01   3.0061277e+01   3.0061176e+01   3.0061074e+01   3.0060971e+01   3.0060869e+01   3.0060767e+01   3.0060664e+01   3.0060562e+01   3.0060459e+01   3.0060356e+01   3.0060253e+01   3.0060149e+01   3.0060045e+01   3.0059942e+01   3.0059837e+01   3.0059733e+01   3.0059628e+01   3.0059523e+01   3.0059417e+01   3.0059311e+01   3.0059204e+01   3.0059098e+01   3.0058990e+01   3.0058883e+01   3.0058774e+01   3.0058665e+01   3.0058555e+01   3.0058446e+01   3.0058334e+01   3.0058223e+01   3.0058111e+01   3.0057998e+01   3.0057884e+01   3.0057770e+01   3.0057654e+01   3.0057538e+01   3.0057420e+01   3.0057302e+01   3.0057182e+01   3.0057062e+01   3.0056940e+01   3.0056818e+01   3.0056693e+01   3.0056568e+01   3.0056441e+01   3.0056313e+01   3.0056183e+01   3.0056053e+01   3.0055920e+01   3.0055786e+01   3.0055649e+01   3.0055513e+01   3.0055372e+01   3.0055232e+01   3.0055088e+01   3.0054944e+01   3.0054795e+01   3.0054647e+01   3.0054494e+01   3.0054341e+01   3.0054184e+01   3.0054026e+01   3.0053864e+01   3.0053701e+01   3.0053533e+01   3.0053365e+01   3.0053192e+01   3.0053018e+01   3.0052835e+01   3.0052651e+01   3.0052455e+01   3.0052259e+01   3.0052047e+01   3.0051835e+01   3.0051602e+01   3.0051370e+01   3.0051112e+01   3.0050854e+01   3.0050565e+01   3.0050276e+01   3.0049950e+01   3.0049623e+01   3.0049252e+01   3.0048882e+01   3.0048460e+01   3.0048038e+01   3.0047557e+01   3.0047077e+01   3.0046532e+01   3.0045986e+01   3.0045366e+01   3.0044747e+01   3.0044045e+01   3.0043343e+01   3.0042549e+01   3.0041754e+01   3.0040858e+01   3.0039961e+01   3.0038953e+01   3.0037945e+01   3.0036821e+01   3.0035697e+01   3.0034465e+01   3.0033232e+01   3.0031915e+01   3.0030598e+01   3.0029241e+01   3.0027884e+01
   3.0075279e+01   3.0074833e+01   3.0074397e+01   3.0073975e+01   3.0073568e+01   3.0073181e+01   3.0072813e+01   3.0072465e+01   3.0072138e+01   3.0071829e+01   3.0071540e+01   3.0071268e+01   3.0071013e+01   3.0070773e+01   3.0070547e+01   3.0070334e+01   3.0070133e+01   3.0069944e+01   3.0069765e+01   3.0069596e+01   3.0069435e+01   3.0069282e+01   3.0069136e+01   3.0068996e+01   3.0068861e+01   3.0068732e+01   3.0068607e+01   3.0068485e+01   3.0068367e+01   3.0068251e+01   3.0068138e+01   3.0068027e+01   3.0067917e+01   3.0067809e+01   3.0067703e+01   3.0067597e+01   3.0067492e+01   3.0067388e+01   3.0067284e+01   3.0067181e+01   3.0067078e+01   3.0066975e+01   3.0066873e+01   3.0066771e+01   3.0066669e+01   3.0066567e+01   3.0066465e+01   3.0066364e+01   3.0066262e+01   3.0066161e+01   3.0066059e+01   3.0065958e+01   3.0065857e+01   3.0065755e+01   3.0065654e+01   3.0065553e+01   3.0065451e+01   3.0065350e+01   3.0065249e+01   3.0065147e+01   3.0065046e+01   3.0064944e+01   3.0064843e+01   3.0064741e+01   3.0064640e+01   3.0064539e+01   3.0064437e+01   3.0064336e+01   3.0064235e+01   3.0064133e+01   3.0064032e+01   3.0063931e+01   3.0063829e+01   3.0063728e+01   3.0063627e+01   3.0063525e+01   3.0063424e+01   3.0063323e+01   3.0063221e+01   3.0063120e+01   3.0063019e+01   3.0062917e+01   3.0062816e+01   3.0062715e+01   3.0062613e+01   3.0062512e+01   3.0062411e+01   3.0062309e+01   3.0062208e+01   3.0062107e+01   3.0062005e+01   3.0061904e+01   3.0061802e+01   3.0061701e+01   3.0061600e+01   3.0061498e+01   3.0061397e+01   3.0061295e+01   3.0061194e+01   3.0061092e+01   3.0060990e+01   3.0060889e+01   3.0060787e+01   3.0060685e+01   3.0060583e+01   3.0060481e+01   3.0060378e+01   3.0060276e+01   3.0060173e+01   3.0060070e+01   3.0059968e+01   3.0059864e+01   3.0059761e+01   3.0059657e+01   3.0059553e+01   3.0059449e+01   3.0059345e+01   3.0059240e+01   3.0059135e+01   3.0059029e+01   3.0058923e+01   3.0058817e+01   3.0058710e+01   3.0058603e+01   3.0058495e+01   3.0058387e+01   3.0058278e+01   3.0058168e+01   3.0058058e+01   3.0057947e+01   3.0057836e+01   3.0057724e+01   3.0057611e+01   3.0057497e+01   3.0057383e+01   3.0057267e+01   3.0057151e+01   3.0057033e+01   3.0056916e+01   3.0056796e+01   3.0056676e+01   3.0056554e+01   3.0056431e+01   3.0056307e+01   3.0056182e+01   3.0056055e+01   3.0055928e+01   3.0055797e+01   3.0055667e+01   3.0055534e+01   3.0055401e+01   3.0055264e+01   3.0055127e+01   3.0054987e+01   3.0054847e+01   3.0054703e+01   3.0054559e+01   3.0054410e+01   3.0054262e+01   3.0054109e+01   3.0053957e+01   3.0053799e+01   3.0053642e+01   3.0053480e+01   3.0053317e+01   3.0053149e+01   3.0052981e+01   3.0052808e+01   3.0052634e+01   3.0052451e+01   3.0052267e+01   3.0052071e+01   3.0051876e+01   3.0051664e+01   3.0051451e+01   3.0051219e+01   3.0050987e+01   3.0050729e+01   3.0050472e+01   3.0050183e+01   3.0049894e+01   3.0049567e+01   3.0049241e+01   3.0048870e+01   3.0048500e+01   3.0048078e+01   3.0047656e+01   3.0047176e+01   3.0046696e+01   3.0046150e+01   3.0045604e+01   3.0044985e+01   3.0044366e+01   3.0043664e+01   3.0042961e+01   3.0042167e+01   3.0041373e+01   3.0040476e+01   3.0039579e+01   3.0038570e+01   3.0037562e+01   3.0036437e+01   3.0035313e+01   3.0034080e+01   3.0032847e+01   3.0031530e+01   3.0030212e+01   3.0028856e+01   3.0027499e+01
   3.0074876e+01   3.0074430e+01   3.0073994e+01   3.0073572e+01   3.0073166e+01   3.0072779e+01   3.0072412e+01   3.0072064e+01   3.0071737e+01   3.0071429e+01   3.0071140e+01   3.0070868e+01   3.0070613e+01   3.0070374e+01   3.0070148e+01   3.0069936e+01   3.0069736e+01   3.0069547e+01   3.0069368e+01   3.0069199e+01   3.0069038e+01   3.0068885e+01   3.0068739e+01   3.0068600e+01   3.0068466e+01   3.0068336e+01   3.0068211e+01   3.0068090e+01   3.0067972e+01   3.0067856e+01   3.0067743e+01   3.0067632e+01   3.0067523e+01   3.0067415e+01   3.0067309e+01   3.0067203e+01   3.0067098e+01   3.0066994e+01   3.0066891e+01   3.0066788e+01   3.0066685e+01   3.0066582e+01   3.0066480e+01   3.0066378e+01   3.0066276e+01   3.0066174e+01   3.0066073e+01   3.0065971e+01   3.0065870e+01   3.0065768e+01   3.0065667e+01   3.0065566e+01   3.0065464e+01   3.0065363e+01   3.0065262e+01   3.0065160e+01   3.0065059e+01   3.0064958e+01   3.0064857e+01   3.0064755e+01   3.0064654e+01   3.0064553e+01   3.0064451e+01   3.0064350e+01   3.0064249e+01   3.0064147e+01   3.0064046e+01   3.0063945e+01   3.0063844e+01   3.0063742e+01   3.0063641e+01   3.0063540e+01   3.0063438e+01   3.0063337e+01   3.0063236e+01   3.0063135e+01   3.0063033e+01   3.0062932e+01   3.0062831e+01   3.0062729e+01   3.0062628e+01   3.0062527e+01   3.0062426e+01   3.0062324e+01   3.0062223e+01   3.0062122e+01   3.0062021e+01   3.0061919e+01   3.0061818e+01   3.0061717e+01   3.0061616e+01   3.0061514e+01   3.0061413e+01   3.0061312e+01   3.0061210e+01   3.0061109e+01   3.0061007e+01   3.0060906e+01   3.0060805e+01   3.0060703e+01   3.0060601e+01   3.0060500e+01   3.0060398e+01   3.0060296e+01   3.0060194e+01   3.0060092e+01   3.0059990e+01   3.0059887e+01   3.0059785e+01   3.0059682e+01   3.0059579e+01   3.0059476e+01   3.0059373e+01   3.0059269e+01   3.0059165e+01   3.0059061e+01   3.0058957e+01   3.0058852e+01   3.0058747e+01   3.0058641e+01   3.0058536e+01   3.0058429e+01   3.0058323e+01   3.0058215e+01   3.0058108e+01   3.0057999e+01   3.0057891e+01   3.0057781e+01   3.0057671e+01   3.0057560e+01   3.0057449e+01   3.0057337e+01   3.0057224e+01   3.0057110e+01   3.0056996e+01   3.0056880e+01   3.0056765e+01   3.0056647e+01   3.0056529e+01   3.0056409e+01   3.0056290e+01   3.0056168e+01   3.0056045e+01   3.0055921e+01   3.0055796e+01   3.0055669e+01   3.0055542e+01   3.0055412e+01   3.0055282e+01   3.0055148e+01   3.0055015e+01   3.0054879e+01   3.0054742e+01   3.0054602e+01   3.0054462e+01   3.0054318e+01   3.0054174e+01   3.0054026e+01   3.0053877e+01   3.0053725e+01   3.0053572e+01   3.0053415e+01   3.0053258e+01   3.0053095e+01   3.0052933e+01   3.0052765e+01   3.0052597e+01   3.0052424e+01   3.0052250e+01   3.0052067e+01   3.0051884e+01   3.0051688e+01   3.0051492e+01   3.0051280e+01   3.0051068e+01   3.0050836e+01   3.0050604e+01   3.0050347e+01   3.0050089e+01   3.0049800e+01   3.0049512e+01   3.0049185e+01   3.0048859e+01   3.0048489e+01   3.0048118e+01   3.0047696e+01   3.0047275e+01   3.0046795e+01   3.0046315e+01   3.0045769e+01   3.0045223e+01   3.0044604e+01   3.0043985e+01   3.0043283e+01   3.0042581e+01   3.0041786e+01   3.0040991e+01   3.0040094e+01   3.0039197e+01   3.0038188e+01   3.0037179e+01   3.0036054e+01   3.0034929e+01   3.0033696e+01   3.0032462e+01   3.0031144e+01   3.0029826e+01   3.0028470e+01   3.0027113e+01
   3.0074473e+01   3.0074027e+01   3.0073592e+01   3.0073170e+01   3.0072764e+01   3.0072377e+01   3.0072010e+01   3.0071663e+01   3.0071336e+01   3.0071029e+01   3.0070740e+01   3.0070469e+01   3.0070214e+01   3.0069975e+01   3.0069750e+01   3.0069538e+01   3.0069338e+01   3.0069149e+01   3.0068971e+01   3.0068802e+01   3.0068641e+01   3.0068489e+01   3.0068343e+01   3.0068204e+01   3.0068070e+01   3.0067941e+01   3.0067816e+01   3.0067695e+01   3.0067577e+01   3.0067461e+01   3.0067349e+01   3.0067238e+01   3.0067129e+01   3.0067021e+01   3.0066915e+01   3.0066809e+01   3.0066705e+01   3.0066601e+01   3.0066497e+01   3.0066394e+01   3.0066292e+01   3.0066189e+01   3.0066087e+01   3.0065985e+01   3.0065883e+01   3.0065782e+01   3.0065680e+01   3.0065579e+01   3.0065477e+01   3.0065376e+01   3.0065275e+01   3.0065173e+01   3.0065072e+01   3.0064971e+01   3.0064870e+01   3.0064768e+01   3.0064667e+01   3.0064566e+01   3.0064465e+01   3.0064363e+01   3.0064262e+01   3.0064161e+01   3.0064060e+01   3.0063959e+01   3.0063857e+01   3.0063756e+01   3.0063655e+01   3.0063554e+01   3.0063452e+01   3.0063351e+01   3.0063250e+01   3.0063149e+01   3.0063048e+01   3.0062946e+01   3.0062845e+01   3.0062744e+01   3.0062643e+01   3.0062541e+01   3.0062440e+01   3.0062339e+01   3.0062238e+01   3.0062137e+01   3.0062035e+01   3.0061934e+01   3.0061833e+01   3.0061732e+01   3.0061631e+01   3.0061529e+01   3.0061428e+01   3.0061327e+01   3.0061226e+01   3.0061125e+01   3.0061023e+01   3.0060922e+01   3.0060821e+01   3.0060720e+01   3.0060618e+01   3.0060517e+01   3.0060415e+01   3.0060314e+01   3.0060212e+01   3.0060111e+01   3.0060009e+01   3.0059907e+01   3.0059805e+01   3.0059703e+01   3.0059601e+01   3.0059499e+01   3.0059397e+01   3.0059294e+01   3.0059191e+01   3.0059088e+01   3.0058985e+01   3.0058881e+01   3.0058777e+01   3.0058673e+01   3.0058569e+01   3.0058464e+01   3.0058359e+01   3.0058254e+01   3.0058148e+01   3.0058042e+01   3.0057935e+01   3.0057828e+01   3.0057720e+01   3.0057612e+01   3.0057504e+01   3.0057394e+01   3.0057284e+01   3.0057173e+01   3.0057062e+01   3.0056950e+01   3.0056838e+01   3.0056724e+01   3.0056610e+01   3.0056494e+01   3.0056378e+01   3.0056260e+01   3.0056143e+01   3.0056023e+01   3.0055903e+01   3.0055781e+01   3.0055659e+01   3.0055535e+01   3.0055410e+01   3.0055283e+01   3.0055156e+01   3.0055026e+01   3.0054896e+01   3.0054763e+01   3.0054630e+01   3.0054493e+01   3.0054357e+01   3.0054217e+01   3.0054077e+01   3.0053933e+01   3.0053789e+01   3.0053641e+01   3.0053493e+01   3.0053340e+01   3.0053188e+01   3.0053030e+01   3.0052873e+01   3.0052711e+01   3.0052549e+01   3.0052381e+01   3.0052213e+01   3.0052040e+01   3.0051867e+01   3.0051683e+01   3.0051500e+01   3.0051305e+01   3.0051109e+01   3.0050897e+01   3.0050685e+01   3.0050453e+01   3.0050221e+01   3.0049964e+01   3.0049706e+01   3.0049418e+01   3.0049129e+01   3.0048803e+01   3.0048477e+01   3.0048107e+01   3.0047736e+01   3.0047315e+01   3.0046893e+01   3.0046413e+01   3.0045934e+01   3.0045388e+01   3.0044842e+01   3.0044223e+01   3.0043604e+01   3.0042902e+01   3.0042200e+01   3.0041405e+01   3.0040610e+01   3.0039713e+01   3.0038815e+01   3.0037806e+01   3.0036796e+01   3.0035671e+01   3.0034546e+01   3.0033311e+01   3.0032077e+01   3.0030759e+01   3.0029441e+01   3.0028084e+01   3.0026728e+01
   3.0074070e+01   3.0073625e+01   3.0073189e+01   3.0072768e+01   3.0072362e+01   3.0071976e+01   3.0071609e+01   3.0071262e+01   3.0070936e+01   3.0070629e+01   3.0070340e+01   3.0070069e+01   3.0069815e+01   3.0069576e+01   3.0069351e+01   3.0069139e+01   3.0068940e+01   3.0068751e+01   3.0068573e+01   3.0068404e+01   3.0068244e+01   3.0068092e+01   3.0067946e+01   3.0067807e+01   3.0067674e+01   3.0067545e+01   3.0067420e+01   3.0067299e+01   3.0067181e+01   3.0067066e+01   3.0066954e+01   3.0066843e+01   3.0066734e+01   3.0066627e+01   3.0066520e+01   3.0066415e+01   3.0066311e+01   3.0066207e+01   3.0066104e+01   3.0066001e+01   3.0065898e+01   3.0065796e+01   3.0065694e+01   3.0065592e+01   3.0065491e+01   3.0065389e+01   3.0065288e+01   3.0065186e+01   3.0065085e+01   3.0064983e+01   3.0064882e+01   3.0064781e+01   3.0064680e+01   3.0064579e+01   3.0064477e+01   3.0064376e+01   3.0064275e+01   3.0064174e+01   3.0064073e+01   3.0063971e+01   3.0063870e+01   3.0063769e+01   3.0063668e+01   3.0063567e+01   3.0063466e+01   3.0063365e+01   3.0063264e+01   3.0063162e+01   3.0063061e+01   3.0062960e+01   3.0062859e+01   3.0062758e+01   3.0062657e+01   3.0062556e+01   3.0062454e+01   3.0062353e+01   3.0062252e+01   3.0062151e+01   3.0062050e+01   3.0061949e+01   3.0061847e+01   3.0061746e+01   3.0061645e+01   3.0061544e+01   3.0061443e+01   3.0061342e+01   3.0061241e+01   3.0061140e+01   3.0061038e+01   3.0060937e+01   3.0060836e+01   3.0060735e+01   3.0060634e+01   3.0060533e+01   3.0060431e+01   3.0060330e+01   3.0060229e+01   3.0060128e+01   3.0060026e+01   3.0059925e+01   3.0059823e+01   3.0059722e+01   3.0059620e+01   3.0059518e+01   3.0059417e+01   3.0059315e+01   3.0059213e+01   3.0059110e+01   3.0059008e+01   3.0058905e+01   3.0058803e+01   3.0058700e+01   3.0058597e+01   3.0058493e+01   3.0058389e+01   3.0058285e+01   3.0058181e+01   3.0058076e+01   3.0057972e+01   3.0057866e+01   3.0057761e+01   3.0057654e+01   3.0057548e+01   3.0057440e+01   3.0057333e+01   3.0057225e+01   3.0057116e+01   3.0057007e+01   3.0056897e+01   3.0056786e+01   3.0056675e+01   3.0056563e+01   3.0056451e+01   3.0056337e+01   3.0056223e+01   3.0056107e+01   3.0055992e+01   3.0055874e+01   3.0055756e+01   3.0055637e+01   3.0055517e+01   3.0055395e+01   3.0055273e+01   3.0055149e+01   3.0055025e+01   3.0054898e+01   3.0054770e+01   3.0054641e+01   3.0054511e+01   3.0054378e+01   3.0054244e+01   3.0054108e+01   3.0053972e+01   3.0053832e+01   3.0053692e+01   3.0053548e+01   3.0053404e+01   3.0053256e+01   3.0053108e+01   3.0052956e+01   3.0052803e+01   3.0052646e+01   3.0052489e+01   3.0052327e+01   3.0052165e+01   3.0051997e+01   3.0051830e+01   3.0051656e+01   3.0051483e+01   3.0051300e+01   3.0051117e+01   3.0050921e+01   3.0050726e+01   3.0050514e+01   3.0050303e+01   3.0050071e+01   3.0049839e+01   3.0049581e+01   3.0049324e+01   3.0049036e+01   3.0048747e+01   3.0048421e+01   3.0048096e+01   3.0047725e+01   3.0047355e+01   3.0046934e+01   3.0046512e+01   3.0046032e+01   3.0045553e+01   3.0045007e+01   3.0044462e+01   3.0043843e+01   3.0043223e+01   3.0042521e+01   3.0041819e+01   3.0041024e+01   3.0040229e+01   3.0039332e+01   3.0038434e+01   3.0037424e+01   3.0036415e+01   3.0035289e+01   3.0034163e+01   3.0032928e+01   3.0031692e+01   3.0030374e+01   3.0029055e+01   3.0027699e+01   3.0026342e+01
   3.0073666e+01   3.0073221e+01   3.0072787e+01   3.0072365e+01   3.0071960e+01   3.0071574e+01   3.0071208e+01   3.0070861e+01   3.0070535e+01   3.0070228e+01   3.0069940e+01   3.0069670e+01   3.0069416e+01   3.0069177e+01   3.0068952e+01   3.0068741e+01   3.0068542e+01   3.0068353e+01   3.0068176e+01   3.0068007e+01   3.0067847e+01   3.0067695e+01   3.0067550e+01   3.0067411e+01   3.0067277e+01   3.0067149e+01   3.0067024e+01   3.0066904e+01   3.0066786e+01   3.0066671e+01   3.0066559e+01   3.0066448e+01   3.0066339e+01   3.0066232e+01   3.0066126e+01   3.0066021e+01   3.0065917e+01   3.0065813e+01   3.0065710e+01   3.0065607e+01   3.0065505e+01   3.0065403e+01   3.0065301e+01   3.0065199e+01   3.0065098e+01   3.0064996e+01   3.0064895e+01   3.0064793e+01   3.0064692e+01   3.0064591e+01   3.0064490e+01   3.0064389e+01   3.0064288e+01   3.0064186e+01   3.0064085e+01   3.0063984e+01   3.0063883e+01   3.0063782e+01   3.0063681e+01   3.0063580e+01   3.0063479e+01   3.0063378e+01   3.0063277e+01   3.0063176e+01   3.0063074e+01   3.0062973e+01   3.0062872e+01   3.0062771e+01   3.0062670e+01   3.0062569e+01   3.0062468e+01   3.0062367e+01   3.0062266e+01   3.0062165e+01   3.0062064e+01   3.0061962e+01   3.0061861e+01   3.0061760e+01   3.0061659e+01   3.0061558e+01   3.0061457e+01   3.0061356e+01   3.0061255e+01   3.0061154e+01   3.0061053e+01   3.0060952e+01   3.0060851e+01   3.0060750e+01   3.0060649e+01   3.0060548e+01   3.0060446e+01   3.0060345e+01   3.0060244e+01   3.0060143e+01   3.0060042e+01   3.0059941e+01   3.0059839e+01   3.0059738e+01   3.0059637e+01   3.0059536e+01   3.0059434e+01   3.0059333e+01   3.0059231e+01   3.0059129e+01   3.0059028e+01   3.0058926e+01   3.0058824e+01   3.0058722e+01   3.0058619e+01   3.0058517e+01   3.0058414e+01   3.0058311e+01   3.0058208e+01   3.0058105e+01   3.0058001e+01   3.0057897e+01   3.0057793e+01   3.0057689e+01   3.0057584e+01   3.0057478e+01   3.0057373e+01   3.0057267e+01   3.0057160e+01   3.0057053e+01   3.0056946e+01   3.0056837e+01   3.0056729e+01   3.0056620e+01   3.0056510e+01   3.0056399e+01   3.0056288e+01   3.0056176e+01   3.0056064e+01   3.0055950e+01   3.0055836e+01   3.0055721e+01   3.0055605e+01   3.0055488e+01   3.0055370e+01   3.0055251e+01   3.0055131e+01   3.0055009e+01   3.0054887e+01   3.0054763e+01   3.0054639e+01   3.0054512e+01   3.0054385e+01   3.0054255e+01   3.0054125e+01   3.0053992e+01   3.0053859e+01   3.0053723e+01   3.0053587e+01   3.0053447e+01   3.0053307e+01   3.0053163e+01   3.0053019e+01   3.0052871e+01   3.0052723e+01   3.0052571e+01   3.0052419e+01   3.0052262e+01   3.0052105e+01   3.0051943e+01   3.0051781e+01   3.0051613e+01   3.0051446e+01   3.0051273e+01   3.0051099e+01   3.0050917e+01   3.0050734e+01   3.0050538e+01   3.0050343e+01   3.0050131e+01   3.0049920e+01   3.0049688e+01   3.0049456e+01   3.0049199e+01   3.0048942e+01   3.0048654e+01   3.0048366e+01   3.0048040e+01   3.0047714e+01   3.0047344e+01   3.0046974e+01   3.0046552e+01   3.0046131e+01   3.0045652e+01   3.0045172e+01   3.0044627e+01   3.0044081e+01   3.0043462e+01   3.0042843e+01   3.0042141e+01   3.0041439e+01   3.0040644e+01   3.0039849e+01   3.0038951e+01   3.0038053e+01   3.0037043e+01   3.0036033e+01   3.0034906e+01   3.0033780e+01   3.0032544e+01   3.0031308e+01   3.0029989e+01   3.0028669e+01   3.0027313e+01   3.0025957e+01
   3.0073263e+01   3.0072818e+01   3.0072384e+01   3.0071963e+01   3.0071558e+01   3.0071173e+01   3.0070806e+01   3.0070460e+01   3.0070135e+01   3.0069828e+01   3.0069540e+01   3.0069270e+01   3.0069017e+01   3.0068778e+01   3.0068554e+01   3.0068343e+01   3.0068144e+01   3.0067956e+01   3.0067778e+01   3.0067610e+01   3.0067450e+01   3.0067298e+01   3.0067153e+01   3.0067015e+01   3.0066881e+01   3.0066753e+01   3.0066629e+01   3.0066508e+01   3.0066391e+01   3.0066276e+01   3.0066164e+01   3.0066053e+01   3.0065945e+01   3.0065838e+01   3.0065732e+01   3.0065627e+01   3.0065523e+01   3.0065419e+01   3.0065316e+01   3.0065214e+01   3.0065112e+01   3.0065010e+01   3.0064908e+01   3.0064806e+01   3.0064705e+01   3.0064603e+01   3.0064502e+01   3.0064401e+01   3.0064300e+01   3.0064198e+01   3.0064097e+01   3.0063996e+01   3.0063895e+01   3.0063794e+01   3.0063693e+01   3.0063592e+01   3.0063491e+01   3.0063390e+01   3.0063289e+01   3.0063188e+01   3.0063087e+01   3.0062986e+01   3.0062885e+01   3.0062784e+01   3.0062683e+01   3.0062582e+01   3.0062481e+01   3.0062380e+01   3.0062279e+01   3.0062178e+01   3.0062077e+01   3.0061976e+01   3.0061875e+01   3.0061774e+01   3.0061673e+01   3.0061572e+01   3.0061471e+01   3.0061370e+01   3.0061269e+01   3.0061168e+01   3.0061067e+01   3.0060966e+01   3.0060865e+01   3.0060764e+01   3.0060663e+01   3.0060562e+01   3.0060461e+01   3.0060360e+01   3.0060259e+01   3.0060158e+01   3.0060057e+01   3.0059956e+01   3.0059855e+01   3.0059754e+01   3.0059652e+01   3.0059551e+01   3.0059450e+01   3.0059349e+01   3.0059248e+01   3.0059146e+01   3.0059045e+01   3.0058944e+01   3.0058842e+01   3.0058741e+01   3.0058639e+01   3.0058537e+01   3.0058435e+01   3.0058333e+01   3.0058231e+01   3.0058128e+01   3.0058026e+01   3.0057923e+01   3.0057820e+01   3.0057717e+01   3.0057613e+01   3.0057509e+01   3.0057405e+01   3.0057301e+01   3.0057196e+01   3.0057091e+01   3.0056985e+01   3.0056879e+01   3.0056773e+01   3.0056666e+01   3.0056558e+01   3.0056450e+01   3.0056342e+01   3.0056233e+01   3.0056123e+01   3.0056012e+01   3.0055902e+01   3.0055789e+01   3.0055677e+01   3.0055564e+01   3.0055450e+01   3.0055334e+01   3.0055219e+01   3.0055101e+01   3.0054984e+01   3.0054864e+01   3.0054745e+01   3.0054623e+01   3.0054501e+01   3.0054377e+01   3.0054253e+01   3.0054126e+01   3.0053999e+01   3.0053869e+01   3.0053740e+01   3.0053607e+01   3.0053474e+01   3.0053338e+01   3.0053202e+01   3.0053062e+01   3.0052922e+01   3.0052778e+01   3.0052635e+01   3.0052487e+01   3.0052339e+01   3.0052187e+01   3.0052035e+01   3.0051878e+01   3.0051721e+01   3.0051559e+01   3.0051397e+01   3.0051230e+01   3.0051062e+01   3.0050889e+01   3.0050716e+01   3.0050533e+01   3.0050351e+01   3.0050155e+01   3.0049960e+01   3.0049749e+01   3.0049537e+01   3.0049306e+01   3.0049074e+01   3.0048817e+01   3.0048560e+01   3.0048272e+01   3.0047984e+01   3.0047658e+01   3.0047333e+01   3.0046963e+01   3.0046593e+01   3.0046172e+01   3.0045751e+01   3.0045271e+01   3.0044792e+01   3.0044246e+01   3.0043701e+01   3.0043082e+01   3.0042463e+01   3.0041761e+01   3.0041058e+01   3.0040264e+01   3.0039469e+01   3.0038571e+01   3.0037672e+01   3.0036662e+01   3.0035652e+01   3.0034525e+01   3.0033398e+01   3.0032161e+01   3.0030924e+01   3.0029604e+01   3.0028284e+01   3.0026928e+01   3.0025571e+01
   3.0072860e+01   3.0072416e+01   3.0071981e+01   3.0071560e+01   3.0071156e+01   3.0070771e+01   3.0070405e+01   3.0070060e+01   3.0069734e+01   3.0069428e+01   3.0069141e+01   3.0068871e+01   3.0068617e+01   3.0068379e+01   3.0068155e+01   3.0067945e+01   3.0067746e+01   3.0067558e+01   3.0067381e+01   3.0067213e+01   3.0067054e+01   3.0066902e+01   3.0066757e+01   3.0066619e+01   3.0066486e+01   3.0066357e+01   3.0066233e+01   3.0066113e+01   3.0065996e+01   3.0065881e+01   3.0065769e+01   3.0065659e+01   3.0065551e+01   3.0065444e+01   3.0065338e+01   3.0065233e+01   3.0065129e+01   3.0065026e+01   3.0064923e+01   3.0064821e+01   3.0064718e+01   3.0064617e+01   3.0064515e+01   3.0064413e+01   3.0064312e+01   3.0064210e+01   3.0064109e+01   3.0064008e+01   3.0063907e+01   3.0063806e+01   3.0063705e+01   3.0063604e+01   3.0063503e+01   3.0063402e+01   3.0063301e+01   3.0063200e+01   3.0063099e+01   3.0062998e+01   3.0062897e+01   3.0062796e+01   3.0062695e+01   3.0062594e+01   3.0062493e+01   3.0062392e+01   3.0062291e+01   3.0062191e+01   3.0062090e+01   3.0061989e+01   3.0061888e+01   3.0061787e+01   3.0061686e+01   3.0061585e+01   3.0061484e+01   3.0061383e+01   3.0061282e+01   3.0061181e+01   3.0061080e+01   3.0060979e+01   3.0060878e+01   3.0060777e+01   3.0060676e+01   3.0060575e+01   3.0060475e+01   3.0060374e+01   3.0060273e+01   3.0060172e+01   3.0060071e+01   3.0059970e+01   3.0059869e+01   3.0059768e+01   3.0059667e+01   3.0059566e+01   3.0059465e+01   3.0059364e+01   3.0059263e+01   3.0059162e+01   3.0059061e+01   3.0058960e+01   3.0058859e+01   3.0058757e+01   3.0058656e+01   3.0058555e+01   3.0058453e+01   3.0058352e+01   3.0058250e+01   3.0058148e+01   3.0058047e+01   3.0057945e+01   3.0057843e+01   3.0057740e+01   3.0057638e+01   3.0057535e+01   3.0057432e+01   3.0057329e+01   3.0057225e+01   3.0057121e+01   3.0057017e+01   3.0056913e+01   3.0056808e+01   3.0056703e+01   3.0056598e+01   3.0056492e+01   3.0056385e+01   3.0056278e+01   3.0056171e+01   3.0056063e+01   3.0055955e+01   3.0055845e+01   3.0055736e+01   3.0055625e+01   3.0055515e+01   3.0055403e+01   3.0055291e+01   3.0055177e+01   3.0055063e+01   3.0054948e+01   3.0054832e+01   3.0054715e+01   3.0054598e+01   3.0054478e+01   3.0054359e+01   3.0054237e+01   3.0054116e+01   3.0053991e+01   3.0053867e+01   3.0053740e+01   3.0053614e+01   3.0053484e+01   3.0053354e+01   3.0053222e+01   3.0053089e+01   3.0052953e+01   3.0052817e+01   3.0052677e+01   3.0052537e+01   3.0052394e+01   3.0052250e+01   3.0052102e+01   3.0051955e+01   3.0051803e+01   3.0051651e+01   3.0051494e+01   3.0051337e+01   3.0051175e+01   3.0051014e+01   3.0050846e+01   3.0050679e+01   3.0050506e+01   3.0050333e+01   3.0050150e+01   3.0049968e+01   3.0049773e+01   3.0049577e+01   3.0049366e+01   3.0049155e+01   3.0048923e+01   3.0048692e+01   3.0048435e+01   3.0048178e+01   3.0047890e+01   3.0047603e+01   3.0047277e+01   3.0046952e+01   3.0046582e+01   3.0046212e+01   3.0045791e+01   3.0045370e+01   3.0044891e+01   3.0044411e+01   3.0043866e+01   3.0043321e+01   3.0042702e+01   3.0042083e+01   3.0041381e+01   3.0040678e+01   3.0039883e+01   3.0039088e+01   3.0038190e+01   3.0037292e+01   3.0036281e+01   3.0035271e+01   3.0034143e+01   3.0033016e+01   3.0031778e+01   3.0030540e+01   3.0029220e+01   3.0027899e+01   3.0026542e+01   3.0025186e+01
   3.0072457e+01   3.0072013e+01   3.0071579e+01   3.0071158e+01   3.0070754e+01   3.0070369e+01   3.0070004e+01   3.0069659e+01   3.0069334e+01   3.0069028e+01   3.0068741e+01   3.0068471e+01   3.0068218e+01   3.0067981e+01   3.0067757e+01   3.0067547e+01   3.0067348e+01   3.0067161e+01   3.0066984e+01   3.0066816e+01   3.0066657e+01   3.0066505e+01   3.0066361e+01   3.0066223e+01   3.0066090e+01   3.0065962e+01   3.0065838e+01   3.0065718e+01   3.0065601e+01   3.0065486e+01   3.0065374e+01   3.0065264e+01   3.0065156e+01   3.0065049e+01   3.0064944e+01   3.0064839e+01   3.0064735e+01   3.0064632e+01   3.0064530e+01   3.0064427e+01   3.0064325e+01   3.0064223e+01   3.0064122e+01   3.0064020e+01   3.0063919e+01   3.0063818e+01   3.0063717e+01   3.0063615e+01   3.0063514e+01   3.0063413e+01   3.0063312e+01   3.0063212e+01   3.0063111e+01   3.0063010e+01   3.0062909e+01   3.0062808e+01   3.0062707e+01   3.0062606e+01   3.0062506e+01   3.0062405e+01   3.0062304e+01   3.0062203e+01   3.0062102e+01   3.0062001e+01   3.0061900e+01   3.0061799e+01   3.0061698e+01   3.0061597e+01   3.0061497e+01   3.0061396e+01   3.0061295e+01   3.0061194e+01   3.0061093e+01   3.0060992e+01   3.0060891e+01   3.0060790e+01   3.0060689e+01   3.0060589e+01   3.0060488e+01   3.0060387e+01   3.0060286e+01   3.0060185e+01   3.0060084e+01   3.0059983e+01   3.0059883e+01   3.0059782e+01   3.0059681e+01   3.0059580e+01   3.0059479e+01   3.0059378e+01   3.0059277e+01   3.0059177e+01   3.0059076e+01   3.0058975e+01   3.0058874e+01   3.0058773e+01   3.0058672e+01   3.0058571e+01   3.0058470e+01   3.0058369e+01   3.0058267e+01   3.0058166e+01   3.0058065e+01   3.0057963e+01   3.0057862e+01   3.0057760e+01   3.0057658e+01   3.0057556e+01   3.0057454e+01   3.0057352e+01   3.0057249e+01   3.0057147e+01   3.0057044e+01   3.0056941e+01   3.0056837e+01   3.0056734e+01   3.0056630e+01   3.0056525e+01   3.0056421e+01   3.0056316e+01   3.0056210e+01   3.0056104e+01   3.0055998e+01   3.0055891e+01   3.0055784e+01   3.0055676e+01   3.0055568e+01   3.0055459e+01   3.0055349e+01   3.0055239e+01   3.0055128e+01   3.0055016e+01   3.0054904e+01   3.0054791e+01   3.0054677e+01   3.0054562e+01   3.0054446e+01   3.0054329e+01   3.0054212e+01   3.0054093e+01   3.0053973e+01   3.0053852e+01   3.0053730e+01   3.0053606e+01   3.0053482e+01   3.0053355e+01   3.0053229e+01   3.0053099e+01   3.0052970e+01   3.0052837e+01   3.0052704e+01   3.0052568e+01   3.0052432e+01   3.0052293e+01   3.0052153e+01   3.0052010e+01   3.0051866e+01   3.0051719e+01   3.0051571e+01   3.0051419e+01   3.0051267e+01   3.0051110e+01   3.0050954e+01   3.0050792e+01   3.0050630e+01   3.0050463e+01   3.0050296e+01   3.0050123e+01   3.0049951e+01   3.0049768e+01   3.0049585e+01   3.0049390e+01   3.0049195e+01   3.0048984e+01   3.0048773e+01   3.0048542e+01   3.0048310e+01   3.0048054e+01   3.0047797e+01   3.0047509e+01   3.0047222e+01   3.0046896e+01   3.0046571e+01   3.0046201e+01   3.0045832e+01   3.0045411e+01   3.0044990e+01   3.0044511e+01   3.0044032e+01   3.0043486e+01   3.0042941e+01   3.0042322e+01   3.0041703e+01   3.0041001e+01   3.0040299e+01   3.0039504e+01   3.0038709e+01   3.0037811e+01   3.0036912e+01   3.0035902e+01   3.0034891e+01   3.0033763e+01   3.0032635e+01   3.0031396e+01   3.0030157e+01   3.0028836e+01   3.0027514e+01   3.0026157e+01   3.0024801e+01
   3.0072053e+01   3.0071610e+01   3.0071176e+01   3.0070756e+01   3.0070352e+01   3.0069968e+01   3.0069603e+01   3.0069258e+01   3.0068933e+01   3.0068628e+01   3.0068341e+01   3.0068072e+01   3.0067819e+01   3.0067582e+01   3.0067359e+01   3.0067149e+01   3.0066950e+01   3.0066763e+01   3.0066587e+01   3.0066419e+01   3.0066260e+01   3.0066109e+01   3.0065965e+01   3.0065827e+01   3.0065694e+01   3.0065566e+01   3.0065442e+01   3.0065322e+01   3.0065206e+01   3.0065091e+01   3.0064980e+01   3.0064870e+01   3.0064762e+01   3.0064655e+01   3.0064550e+01   3.0064445e+01   3.0064342e+01   3.0064239e+01   3.0064136e+01   3.0064034e+01   3.0063932e+01   3.0063830e+01   3.0063729e+01   3.0063628e+01   3.0063526e+01   3.0063425e+01   3.0063324e+01   3.0063223e+01   3.0063122e+01   3.0063021e+01   3.0062920e+01   3.0062819e+01   3.0062718e+01   3.0062618e+01   3.0062517e+01   3.0062416e+01   3.0062315e+01   3.0062214e+01   3.0062114e+01   3.0062013e+01   3.0061912e+01   3.0061811e+01   3.0061710e+01   3.0061609e+01   3.0061509e+01   3.0061408e+01   3.0061307e+01   3.0061206e+01   3.0061105e+01   3.0061004e+01   3.0060904e+01   3.0060803e+01   3.0060702e+01   3.0060601e+01   3.0060500e+01   3.0060400e+01   3.0060299e+01   3.0060198e+01   3.0060097e+01   3.0059996e+01   3.0059896e+01   3.0059795e+01   3.0059694e+01   3.0059593e+01   3.0059493e+01   3.0059392e+01   3.0059291e+01   3.0059190e+01   3.0059089e+01   3.0058989e+01   3.0058888e+01   3.0058787e+01   3.0058686e+01   3.0058585e+01   3.0058485e+01   3.0058384e+01   3.0058283e+01   3.0058182e+01   3.0058081e+01   3.0057980e+01   3.0057879e+01   3.0057777e+01   3.0057676e+01   3.0057575e+01   3.0057473e+01   3.0057372e+01   3.0057270e+01   3.0057168e+01   3.0057066e+01   3.0056964e+01   3.0056861e+01   3.0056759e+01   3.0056656e+01   3.0056553e+01   3.0056450e+01   3.0056346e+01   3.0056242e+01   3.0056138e+01   3.0056033e+01   3.0055928e+01   3.0055823e+01   3.0055717e+01   3.0055611e+01   3.0055504e+01   3.0055397e+01   3.0055289e+01   3.0055181e+01   3.0055072e+01   3.0054963e+01   3.0054852e+01   3.0054742e+01   3.0054630e+01   3.0054518e+01   3.0054404e+01   3.0054291e+01   3.0054176e+01   3.0054060e+01   3.0053943e+01   3.0053826e+01   3.0053707e+01   3.0053588e+01   3.0053466e+01   3.0053345e+01   3.0053221e+01   3.0053097e+01   3.0052970e+01   3.0052844e+01   3.0052714e+01   3.0052585e+01   3.0052452e+01   3.0052319e+01   3.0052184e+01   3.0052048e+01   3.0051908e+01   3.0051769e+01   3.0051625e+01   3.0051482e+01   3.0051335e+01   3.0051187e+01   3.0051035e+01   3.0050884e+01   3.0050727e+01   3.0050570e+01   3.0050409e+01   3.0050247e+01   3.0050080e+01   3.0049913e+01   3.0049741e+01   3.0049568e+01   3.0049386e+01   3.0049203e+01   3.0049008e+01   3.0048813e+01   3.0048602e+01   3.0048391e+01   3.0048160e+01   3.0047929e+01   3.0047673e+01   3.0047416e+01   3.0047129e+01   3.0046841e+01   3.0046516e+01   3.0046191e+01   3.0045821e+01   3.0045452e+01   3.0045031e+01   3.0044610e+01   3.0044131e+01   3.0043652e+01   3.0043107e+01   3.0042562e+01   3.0041943e+01   3.0041324e+01   3.0040622e+01   3.0039920e+01   3.0039124e+01   3.0038329e+01   3.0037431e+01   3.0036533e+01   3.0035522e+01   3.0034511e+01   3.0033382e+01   3.0032253e+01   3.0031014e+01   3.0029775e+01   3.0028452e+01   3.0027129e+01   3.0025772e+01   3.0024415e+01
   3.0071650e+01   3.0071207e+01   3.0070773e+01   3.0070353e+01   3.0069950e+01   3.0069566e+01   3.0069201e+01   3.0068857e+01   3.0068533e+01   3.0068228e+01   3.0067941e+01   3.0067673e+01   3.0067420e+01   3.0067183e+01   3.0066960e+01   3.0066750e+01   3.0066553e+01   3.0066366e+01   3.0066189e+01   3.0066022e+01   3.0065863e+01   3.0065712e+01   3.0065568e+01   3.0065430e+01   3.0065298e+01   3.0065170e+01   3.0065047e+01   3.0064927e+01   3.0064811e+01   3.0064697e+01   3.0064585e+01   3.0064475e+01   3.0064368e+01   3.0064261e+01   3.0064156e+01   3.0064052e+01   3.0063948e+01   3.0063845e+01   3.0063743e+01   3.0063641e+01   3.0063539e+01   3.0063437e+01   3.0063336e+01   3.0063235e+01   3.0063134e+01   3.0063033e+01   3.0062932e+01   3.0062831e+01   3.0062730e+01   3.0062629e+01   3.0062528e+01   3.0062427e+01   3.0062326e+01   3.0062226e+01   3.0062125e+01   3.0062024e+01   3.0061923e+01   3.0061822e+01   3.0061722e+01   3.0061621e+01   3.0061520e+01   3.0061420e+01   3.0061319e+01   3.0061218e+01   3.0061117e+01   3.0061017e+01   3.0060916e+01   3.0060815e+01   3.0060714e+01   3.0060614e+01   3.0060513e+01   3.0060412e+01   3.0060312e+01   3.0060211e+01   3.0060110e+01   3.0060009e+01   3.0059909e+01   3.0059808e+01   3.0059707e+01   3.0059607e+01   3.0059506e+01   3.0059405e+01   3.0059304e+01   3.0059204e+01   3.0059103e+01   3.0059002e+01   3.0058902e+01   3.0058801e+01   3.0058700e+01   3.0058599e+01   3.0058499e+01   3.0058398e+01   3.0058297e+01   3.0058197e+01   3.0058096e+01   3.0057995e+01   3.0057894e+01   3.0057793e+01   3.0057692e+01   3.0057591e+01   3.0057490e+01   3.0057389e+01   3.0057288e+01   3.0057186e+01   3.0057085e+01   3.0056984e+01   3.0056882e+01   3.0056780e+01   3.0056678e+01   3.0056576e+01   3.0056474e+01   3.0056371e+01   3.0056268e+01   3.0056165e+01   3.0056062e+01   3.0055959e+01   3.0055855e+01   3.0055751e+01   3.0055646e+01   3.0055541e+01   3.0055436e+01   3.0055330e+01   3.0055224e+01   3.0055117e+01   3.0055010e+01   3.0054903e+01   3.0054795e+01   3.0054686e+01   3.0054576e+01   3.0054466e+01   3.0054356e+01   3.0054244e+01   3.0054132e+01   3.0054019e+01   3.0053905e+01   3.0053790e+01   3.0053675e+01   3.0053558e+01   3.0053441e+01   3.0053322e+01   3.0053203e+01   3.0053081e+01   3.0052960e+01   3.0052836e+01   3.0052712e+01   3.0052586e+01   3.0052459e+01   3.0052330e+01   3.0052201e+01   3.0052068e+01   3.0051936e+01   3.0051800e+01   3.0051664e+01   3.0051525e+01   3.0051385e+01   3.0051242e+01   3.0051099e+01   3.0050952e+01   3.0050804e+01   3.0050653e+01   3.0050501e+01   3.0050345e+01   3.0050188e+01   3.0050027e+01   3.0049865e+01   3.0049698e+01   3.0049532e+01   3.0049359e+01   3.0049186e+01   3.0049004e+01   3.0048822e+01   3.0048627e+01   3.0048432e+01   3.0048221e+01   3.0048011e+01   3.0047780e+01   3.0047549e+01   3.0047292e+01   3.0047036e+01   3.0046749e+01   3.0046461e+01   3.0046136e+01   3.0045811e+01   3.0045442e+01   3.0045072e+01   3.0044652e+01   3.0044231e+01   3.0043752e+01   3.0043273e+01   3.0042728e+01   3.0042183e+01   3.0041564e+01   3.0040945e+01   3.0040243e+01   3.0039541e+01   3.0038746e+01   3.0037950e+01   3.0037052e+01   3.0036154e+01   3.0035142e+01   3.0034131e+01   3.0033002e+01   3.0031873e+01   3.0030633e+01   3.0029393e+01   3.0028069e+01   3.0026745e+01   3.0025387e+01   3.0024029e+01
   3.0071247e+01   3.0070804e+01   3.0070371e+01   3.0069951e+01   3.0069548e+01   3.0069164e+01   3.0068800e+01   3.0068456e+01   3.0068132e+01   3.0067827e+01   3.0067542e+01   3.0067273e+01   3.0067021e+01   3.0066785e+01   3.0066562e+01   3.0066352e+01   3.0066155e+01   3.0065968e+01   3.0065792e+01   3.0065625e+01   3.0065467e+01   3.0065316e+01   3.0065172e+01   3.0065034e+01   3.0064902e+01   3.0064775e+01   3.0064651e+01   3.0064532e+01   3.0064415e+01   3.0064302e+01   3.0064190e+01   3.0064081e+01   3.0063973e+01   3.0063867e+01   3.0063762e+01   3.0063658e+01   3.0063554e+01   3.0063452e+01   3.0063349e+01   3.0063248e+01   3.0063146e+01   3.0063045e+01   3.0062943e+01   3.0062842e+01   3.0062741e+01   3.0062640e+01   3.0062539e+01   3.0062438e+01   3.0062338e+01   3.0062237e+01   3.0062136e+01   3.0062035e+01   3.0061935e+01   3.0061834e+01   3.0061733e+01   3.0061632e+01   3.0061532e+01   3.0061431e+01   3.0061330e+01   3.0061230e+01   3.0061129e+01   3.0061028e+01   3.0060927e+01   3.0060827e+01   3.0060726e+01   3.0060626e+01   3.0060525e+01   3.0060424e+01   3.0060324e+01   3.0060223e+01   3.0060122e+01   3.0060022e+01   3.0059921e+01   3.0059820e+01   3.0059720e+01   3.0059619e+01   3.0059518e+01   3.0059418e+01   3.0059317e+01   3.0059217e+01   3.0059116e+01   3.0059015e+01   3.0058915e+01   3.0058814e+01   3.0058713e+01   3.0058613e+01   3.0058512e+01   3.0058412e+01   3.0058311e+01   3.0058210e+01   3.0058110e+01   3.0058009e+01   3.0057908e+01   3.0057808e+01   3.0057707e+01   3.0057606e+01   3.0057505e+01   3.0057405e+01   3.0057304e+01   3.0057203e+01   3.0057102e+01   3.0057001e+01   3.0056900e+01   3.0056798e+01   3.0056697e+01   3.0056596e+01   3.0056494e+01   3.0056392e+01   3.0056290e+01   3.0056188e+01   3.0056086e+01   3.0055984e+01   3.0055881e+01   3.0055778e+01   3.0055675e+01   3.0055571e+01   3.0055468e+01   3.0055363e+01   3.0055259e+01   3.0055154e+01   3.0055049e+01   3.0054943e+01   3.0054838e+01   3.0054731e+01   3.0054624e+01   3.0054516e+01   3.0054408e+01   3.0054299e+01   3.0054190e+01   3.0054080e+01   3.0053970e+01   3.0053858e+01   3.0053746e+01   3.0053633e+01   3.0053520e+01   3.0053405e+01   3.0053290e+01   3.0053173e+01   3.0053056e+01   3.0052937e+01   3.0052818e+01   3.0052696e+01   3.0052575e+01   3.0052452e+01   3.0052328e+01   3.0052201e+01   3.0052075e+01   3.0051946e+01   3.0051817e+01   3.0051684e+01   3.0051552e+01   3.0051416e+01   3.0051281e+01   3.0051141e+01   3.0051002e+01   3.0050859e+01   3.0050716e+01   3.0050569e+01   3.0050421e+01   3.0050270e+01   3.0050118e+01   3.0049962e+01   3.0049806e+01   3.0049644e+01   3.0049483e+01   3.0049316e+01   3.0049150e+01   3.0048977e+01   3.0048805e+01   3.0048623e+01   3.0048441e+01   3.0048246e+01   3.0048051e+01   3.0047841e+01   3.0047630e+01   3.0047399e+01   3.0047168e+01   3.0046912e+01   3.0046656e+01   3.0046369e+01   3.0046081e+01   3.0045756e+01   3.0045432e+01   3.0045062e+01   3.0044693e+01   3.0044273e+01   3.0043852e+01   3.0043373e+01   3.0042894e+01   3.0042349e+01   3.0041804e+01   3.0041185e+01   3.0040566e+01   3.0039864e+01   3.0039162e+01   3.0038367e+01   3.0037572e+01   3.0036673e+01   3.0035775e+01   3.0034763e+01   3.0033752e+01   3.0032623e+01   3.0031493e+01   3.0030252e+01   3.0029011e+01   3.0027686e+01   3.0026361e+01   3.0025002e+01   3.0023644e+01
   3.0070843e+01   3.0070401e+01   3.0069968e+01   3.0069549e+01   3.0069146e+01   3.0068763e+01   3.0068399e+01   3.0068055e+01   3.0067731e+01   3.0067427e+01   3.0067142e+01   3.0066874e+01   3.0066622e+01   3.0066386e+01   3.0066163e+01   3.0065954e+01   3.0065757e+01   3.0065571e+01   3.0065395e+01   3.0065228e+01   3.0065070e+01   3.0064919e+01   3.0064776e+01   3.0064638e+01   3.0064506e+01   3.0064379e+01   3.0064256e+01   3.0064137e+01   3.0064020e+01   3.0063907e+01   3.0063796e+01   3.0063687e+01   3.0063579e+01   3.0063473e+01   3.0063368e+01   3.0063264e+01   3.0063161e+01   3.0063059e+01   3.0062956e+01   3.0062855e+01   3.0062753e+01   3.0062652e+01   3.0062551e+01   3.0062450e+01   3.0062349e+01   3.0062248e+01   3.0062147e+01   3.0062047e+01   3.0061946e+01   3.0061845e+01   3.0061744e+01   3.0061644e+01   3.0061543e+01   3.0061443e+01   3.0061342e+01   3.0061241e+01   3.0061141e+01   3.0061040e+01   3.0060939e+01   3.0060839e+01   3.0060738e+01   3.0060638e+01   3.0060537e+01   3.0060437e+01   3.0060336e+01   3.0060235e+01   3.0060135e+01   3.0060034e+01   3.0059934e+01   3.0059833e+01   3.0059733e+01   3.0059632e+01   3.0059532e+01   3.0059431e+01   3.0059331e+01   3.0059230e+01   3.0059129e+01   3.0059029e+01   3.0058928e+01   3.0058828e+01   3.0058727e+01   3.0058627e+01   3.0058526e+01   3.0058426e+01   3.0058325e+01   3.0058225e+01   3.0058124e+01   3.0058023e+01   3.0057923e+01   3.0057822e+01   3.0057722e+01   3.0057621e+01   3.0057521e+01   3.0057420e+01   3.0057319e+01   3.0057219e+01   3.0057118e+01   3.0057017e+01   3.0056917e+01   3.0056816e+01   3.0056715e+01   3.0056614e+01   3.0056513e+01   3.0056412e+01   3.0056310e+01   3.0056209e+01   3.0056107e+01   3.0056006e+01   3.0055904e+01   3.0055802e+01   3.0055700e+01   3.0055597e+01   3.0055495e+01   3.0055392e+01   3.0055289e+01   3.0055185e+01   3.0055082e+01   3.0054978e+01   3.0054873e+01   3.0054769e+01   3.0054664e+01   3.0054558e+01   3.0054452e+01   3.0054346e+01   3.0054239e+01   3.0054131e+01   3.0054023e+01   3.0053914e+01   3.0053806e+01   3.0053695e+01   3.0053585e+01   3.0053474e+01   3.0053362e+01   3.0053249e+01   3.0053136e+01   3.0053021e+01   3.0052906e+01   3.0052789e+01   3.0052672e+01   3.0052553e+01   3.0052434e+01   3.0052313e+01   3.0052192e+01   3.0052068e+01   3.0051945e+01   3.0051819e+01   3.0051692e+01   3.0051563e+01   3.0051434e+01   3.0051302e+01   3.0051170e+01   3.0051034e+01   3.0050899e+01   3.0050759e+01   3.0050620e+01   3.0050477e+01   3.0050334e+01   3.0050187e+01   3.0050040e+01   3.0049889e+01   3.0049737e+01   3.0049581e+01   3.0049425e+01   3.0049264e+01   3.0049103e+01   3.0048936e+01   3.0048769e+01   3.0048597e+01   3.0048425e+01   3.0048243e+01   3.0048061e+01   3.0047866e+01   3.0047672e+01   3.0047461e+01   3.0047251e+01   3.0047020e+01   3.0046789e+01   3.0046533e+01   3.0046277e+01   3.0045990e+01   3.0045703e+01   3.0045378e+01   3.0045053e+01   3.0044684e+01   3.0044315e+01   3.0043894e+01   3.0043474e+01   3.0042995e+01   3.0042516e+01   3.0041971e+01   3.0041426e+01   3.0040807e+01   3.0040188e+01   3.0039486e+01   3.0038784e+01   3.0037989e+01   3.0037193e+01   3.0036295e+01   3.0035396e+01   3.0034385e+01   3.0033373e+01   3.0032244e+01   3.0031114e+01   3.0029872e+01   3.0028631e+01   3.0027304e+01   3.0025978e+01   3.0024618e+01   3.0023259e+01
   3.0070440e+01   3.0069998e+01   3.0069565e+01   3.0069147e+01   3.0068745e+01   3.0068361e+01   3.0067998e+01   3.0067654e+01   3.0067331e+01   3.0067027e+01   3.0066742e+01   3.0066474e+01   3.0066223e+01   3.0065987e+01   3.0065765e+01   3.0065556e+01   3.0065359e+01   3.0065173e+01   3.0064998e+01   3.0064831e+01   3.0064673e+01   3.0064523e+01   3.0064380e+01   3.0064242e+01   3.0064111e+01   3.0063984e+01   3.0063861e+01   3.0063741e+01   3.0063625e+01   3.0063512e+01   3.0063401e+01   3.0063292e+01   3.0063185e+01   3.0063079e+01   3.0062974e+01   3.0062870e+01   3.0062768e+01   3.0062665e+01   3.0062563e+01   3.0062462e+01   3.0062361e+01   3.0062259e+01   3.0062159e+01   3.0062058e+01   3.0061957e+01   3.0061856e+01   3.0061756e+01   3.0061655e+01   3.0061554e+01   3.0061454e+01   3.0061353e+01   3.0061253e+01   3.0061152e+01   3.0061052e+01   3.0060951e+01   3.0060851e+01   3.0060750e+01   3.0060650e+01   3.0060549e+01   3.0060449e+01   3.0060348e+01   3.0060247e+01   3.0060147e+01   3.0060046e+01   3.0059946e+01   3.0059845e+01   3.0059745e+01   3.0059645e+01   3.0059544e+01   3.0059444e+01   3.0059343e+01   3.0059243e+01   3.0059142e+01   3.0059042e+01   3.0058941e+01   3.0058841e+01   3.0058740e+01   3.0058640e+01   3.0058540e+01   3.0058439e+01   3.0058339e+01   3.0058238e+01   3.0058138e+01   3.0058037e+01   3.0057937e+01   3.0057836e+01   3.0057736e+01   3.0057635e+01   3.0057535e+01   3.0057434e+01   3.0057334e+01   3.0057233e+01   3.0057133e+01   3.0057032e+01   3.0056932e+01   3.0056831e+01   3.0056731e+01   3.0056630e+01   3.0056529e+01   3.0056428e+01   3.0056328e+01   3.0056227e+01   3.0056126e+01   3.0056025e+01   3.0055924e+01   3.0055822e+01   3.0055721e+01   3.0055619e+01   3.0055517e+01   3.0055415e+01   3.0055313e+01   3.0055211e+01   3.0055109e+01   3.0055006e+01   3.0054903e+01   3.0054799e+01   3.0054696e+01   3.0054592e+01   3.0054488e+01   3.0054383e+01   3.0054278e+01   3.0054173e+01   3.0054067e+01   3.0053960e+01   3.0053854e+01   3.0053746e+01   3.0053638e+01   3.0053530e+01   3.0053421e+01   3.0053311e+01   3.0053201e+01   3.0053089e+01   3.0052978e+01   3.0052865e+01   3.0052751e+01   3.0052637e+01   3.0052522e+01   3.0052405e+01   3.0052288e+01   3.0052170e+01   3.0052051e+01   3.0051930e+01   3.0051809e+01   3.0051685e+01   3.0051562e+01   3.0051436e+01   3.0051310e+01   3.0051181e+01   3.0051052e+01   3.0050920e+01   3.0050787e+01   3.0050652e+01   3.0050517e+01   3.0050378e+01   3.0050239e+01   3.0050096e+01   3.0049953e+01   3.0049806e+01   3.0049659e+01   3.0049508e+01   3.0049356e+01   3.0049200e+01   3.0049044e+01   3.0048883e+01   3.0048722e+01   3.0048556e+01   3.0048389e+01   3.0048217e+01   3.0048045e+01   3.0047863e+01   3.0047681e+01   3.0047486e+01   3.0047292e+01   3.0047082e+01   3.0046871e+01   3.0046641e+01   3.0046410e+01   3.0046154e+01   3.0045898e+01   3.0045611e+01   3.0045324e+01   3.0045000e+01   3.0044675e+01   3.0044306e+01   3.0043937e+01   3.0043516e+01   3.0043096e+01   3.0042617e+01   3.0042138e+01   3.0041593e+01   3.0041049e+01   3.0040430e+01   3.0039810e+01   3.0039108e+01   3.0038406e+01   3.0037610e+01   3.0036815e+01   3.0035916e+01   3.0035018e+01   3.0034006e+01   3.0032994e+01   3.0031865e+01   3.0030735e+01   3.0029492e+01   3.0028250e+01   3.0026923e+01   3.0025595e+01   3.0024234e+01   3.0022873e+01
   3.0070037e+01   3.0069595e+01   3.0069163e+01   3.0068745e+01   3.0068343e+01   3.0067960e+01   3.0067597e+01   3.0067253e+01   3.0066930e+01   3.0066627e+01   3.0066342e+01   3.0066075e+01   3.0065824e+01   3.0065588e+01   3.0065366e+01   3.0065158e+01   3.0064961e+01   3.0064776e+01   3.0064600e+01   3.0064434e+01   3.0064276e+01   3.0064126e+01   3.0063983e+01   3.0063846e+01   3.0063715e+01   3.0063588e+01   3.0063465e+01   3.0063346e+01   3.0063230e+01   3.0063117e+01   3.0063007e+01   3.0062898e+01   3.0062791e+01   3.0062685e+01   3.0062580e+01   3.0062477e+01   3.0062374e+01   3.0062272e+01   3.0062170e+01   3.0062069e+01   3.0061968e+01   3.0061867e+01   3.0061766e+01   3.0061666e+01   3.0061565e+01   3.0061465e+01   3.0061364e+01   3.0061264e+01   3.0061164e+01   3.0061063e+01   3.0060963e+01   3.0060862e+01   3.0060762e+01   3.0060662e+01   3.0060561e+01   3.0060461e+01   3.0060361e+01   3.0060260e+01   3.0060160e+01   3.0060060e+01   3.0059959e+01   3.0059859e+01   3.0059759e+01   3.0059658e+01   3.0059558e+01   3.0059458e+01   3.0059357e+01   3.0059257e+01   3.0059157e+01   3.0059056e+01   3.0058956e+01   3.0058856e+01   3.0058755e+01   3.0058655e+01   3.0058555e+01   3.0058454e+01   3.0058354e+01   3.0058253e+01   3.0058153e+01   3.0058053e+01   3.0057952e+01   3.0057852e+01   3.0057752e+01   3.0057651e+01   3.0057551e+01   3.0057451e+01   3.0057350e+01   3.0057250e+01   3.0057149e+01   3.0057049e+01   3.0056949e+01   3.0056848e+01   3.0056748e+01   3.0056647e+01   3.0056547e+01   3.0056446e+01   3.0056346e+01   3.0056245e+01   3.0056145e+01   3.0056044e+01   3.0055943e+01   3.0055842e+01   3.0055741e+01   3.0055640e+01   3.0055539e+01   3.0055438e+01   3.0055337e+01   3.0055235e+01   3.0055134e+01   3.0055032e+01   3.0054930e+01   3.0054827e+01   3.0054725e+01   3.0054622e+01   3.0054519e+01   3.0054416e+01   3.0054313e+01   3.0054209e+01   3.0054105e+01   3.0054000e+01   3.0053895e+01   3.0053790e+01   3.0053684e+01   3.0053578e+01   3.0053471e+01   3.0053364e+01   3.0053256e+01   3.0053147e+01   3.0053039e+01   3.0052929e+01   3.0052819e+01   3.0052707e+01   3.0052596e+01   3.0052483e+01   3.0052370e+01   3.0052255e+01   3.0052141e+01   3.0052024e+01   3.0051907e+01   3.0051789e+01   3.0051670e+01   3.0051549e+01   3.0051428e+01   3.0051305e+01   3.0051181e+01   3.0051055e+01   3.0050929e+01   3.0050800e+01   3.0050672e+01   3.0050540e+01   3.0050408e+01   3.0050272e+01   3.0050137e+01   3.0049998e+01   3.0049859e+01   3.0049716e+01   3.0049574e+01   3.0049427e+01   3.0049280e+01   3.0049129e+01   3.0048977e+01   3.0048821e+01   3.0048665e+01   3.0048504e+01   3.0048344e+01   3.0048177e+01   3.0048011e+01   3.0047839e+01   3.0047666e+01   3.0047485e+01   3.0047303e+01   3.0047109e+01   3.0046914e+01   3.0046704e+01   3.0046494e+01   3.0046263e+01   3.0046033e+01   3.0045777e+01   3.0045521e+01   3.0045234e+01   3.0044947e+01   3.0044623e+01   3.0044298e+01   3.0043929e+01   3.0043560e+01   3.0043140e+01   3.0042719e+01   3.0042241e+01   3.0041762e+01   3.0041217e+01   3.0040672e+01   3.0040053e+01   3.0039434e+01   3.0038731e+01   3.0038029e+01   3.0037233e+01   3.0036438e+01   3.0035539e+01   3.0034640e+01   3.0033628e+01   3.0032616e+01   3.0031486e+01   3.0030356e+01   3.0029114e+01   3.0027872e+01   3.0026543e+01   3.0025215e+01   3.0023851e+01   3.0022488e+01
   3.0069634e+01   3.0069193e+01   3.0068761e+01   3.0068343e+01   3.0067942e+01   3.0067559e+01   3.0067196e+01   3.0066853e+01   3.0066531e+01   3.0066227e+01   3.0065943e+01   3.0065676e+01   3.0065425e+01   3.0065190e+01   3.0064968e+01   3.0064760e+01   3.0064563e+01   3.0064378e+01   3.0064203e+01   3.0064037e+01   3.0063880e+01   3.0063730e+01   3.0063587e+01   3.0063450e+01   3.0063319e+01   3.0063192e+01   3.0063070e+01   3.0062951e+01   3.0062835e+01   3.0062723e+01   3.0062612e+01   3.0062503e+01   3.0062396e+01   3.0062291e+01   3.0062187e+01   3.0062083e+01   3.0061981e+01   3.0061879e+01   3.0061777e+01   3.0061676e+01   3.0061575e+01   3.0061475e+01   3.0061374e+01   3.0061274e+01   3.0061174e+01   3.0061074e+01   3.0060973e+01   3.0060873e+01   3.0060773e+01   3.0060673e+01   3.0060573e+01   3.0060473e+01   3.0060373e+01   3.0060273e+01   3.0060172e+01   3.0060072e+01   3.0059972e+01   3.0059872e+01   3.0059772e+01   3.0059671e+01   3.0059571e+01   3.0059471e+01   3.0059371e+01   3.0059270e+01   3.0059170e+01   3.0059070e+01   3.0058970e+01   3.0058869e+01   3.0058769e+01   3.0058669e+01   3.0058569e+01   3.0058468e+01   3.0058368e+01   3.0058268e+01   3.0058168e+01   3.0058067e+01   3.0057967e+01   3.0057867e+01   3.0057767e+01   3.0057666e+01   3.0057566e+01   3.0057466e+01   3.0057366e+01   3.0057265e+01   3.0057165e+01   3.0057065e+01   3.0056964e+01   3.0056864e+01   3.0056764e+01   3.0056663e+01   3.0056563e+01   3.0056463e+01   3.0056362e+01   3.0056262e+01   3.0056162e+01   3.0056061e+01   3.0055961e+01   3.0055860e+01   3.0055760e+01   3.0055659e+01   3.0055559e+01   3.0055458e+01   3.0055357e+01   3.0055256e+01   3.0055155e+01   3.0055054e+01   3.0054953e+01   3.0054851e+01   3.0054750e+01   3.0054648e+01   3.0054546e+01   3.0054444e+01   3.0054341e+01   3.0054239e+01   3.0054136e+01   3.0054033e+01   3.0053930e+01   3.0053826e+01   3.0053722e+01   3.0053617e+01   3.0053512e+01   3.0053407e+01   3.0053301e+01   3.0053195e+01   3.0053089e+01   3.0052981e+01   3.0052874e+01   3.0052765e+01   3.0052657e+01   3.0052547e+01   3.0052437e+01   3.0052325e+01   3.0052214e+01   3.0052101e+01   3.0051988e+01   3.0051874e+01   3.0051759e+01   3.0051643e+01   3.0051526e+01   3.0051408e+01   3.0051289e+01   3.0051168e+01   3.0051047e+01   3.0050924e+01   3.0050801e+01   3.0050675e+01   3.0050549e+01   3.0050420e+01   3.0050292e+01   3.0050160e+01   3.0050028e+01   3.0049892e+01   3.0049757e+01   3.0049618e+01   3.0049480e+01   3.0049337e+01   3.0049194e+01   3.0049048e+01   3.0048901e+01   3.0048750e+01   3.0048599e+01   3.0048443e+01   3.0048287e+01   3.0048126e+01   3.0047965e+01   3.0047799e+01   3.0047632e+01   3.0047460e+01   3.0047288e+01   3.0047107e+01   3.0046925e+01   3.0046731e+01   3.0046537e+01   3.0046326e+01   3.0046116e+01   3.0045886e+01   3.0045655e+01   3.0045400e+01   3.0045144e+01   3.0044857e+01   3.0044570e+01   3.0044246e+01   3.0043921e+01   3.0043552e+01   3.0043183e+01   3.0042763e+01   3.0042343e+01   3.0041864e+01   3.0041385e+01   3.0040840e+01   3.0040295e+01   3.0039676e+01   3.0039057e+01   3.0038354e+01   3.0037652e+01   3.0036856e+01   3.0036060e+01   3.0035161e+01   3.0034262e+01   3.0033250e+01   3.0032238e+01   3.0031108e+01   3.0029978e+01   3.0028735e+01   3.0027493e+01   3.0026163e+01   3.0024834e+01   3.0023468e+01   3.0022102e+01
   3.0069230e+01   3.0068790e+01   3.0068359e+01   3.0067942e+01   3.0067541e+01   3.0067159e+01   3.0066796e+01   3.0066454e+01   3.0066131e+01   3.0065829e+01   3.0065544e+01   3.0065278e+01   3.0065027e+01   3.0064792e+01   3.0064571e+01   3.0064363e+01   3.0064167e+01   3.0063982e+01   3.0063807e+01   3.0063641e+01   3.0063484e+01   3.0063334e+01   3.0063191e+01   3.0063055e+01   3.0062924e+01   3.0062797e+01   3.0062675e+01   3.0062556e+01   3.0062441e+01   3.0062328e+01   3.0062218e+01   3.0062109e+01   3.0062003e+01   3.0061897e+01   3.0061793e+01   3.0061690e+01   3.0061588e+01   3.0061486e+01   3.0061385e+01   3.0061284e+01   3.0061184e+01   3.0061083e+01   3.0060983e+01   3.0060883e+01   3.0060783e+01   3.0060683e+01   3.0060583e+01   3.0060483e+01   3.0060383e+01   3.0060284e+01   3.0060184e+01   3.0060084e+01   3.0059984e+01   3.0059884e+01   3.0059785e+01   3.0059685e+01   3.0059585e+01   3.0059485e+01   3.0059385e+01   3.0059285e+01   3.0059185e+01   3.0059085e+01   3.0058985e+01   3.0058885e+01   3.0058785e+01   3.0058685e+01   3.0058585e+01   3.0058485e+01   3.0058385e+01   3.0058284e+01   3.0058184e+01   3.0058084e+01   3.0057984e+01   3.0057884e+01   3.0057784e+01   3.0057684e+01   3.0057583e+01   3.0057483e+01   3.0057383e+01   3.0057283e+01   3.0057183e+01   3.0057083e+01   3.0056982e+01   3.0056882e+01   3.0056782e+01   3.0056682e+01   3.0056582e+01   3.0056481e+01   3.0056381e+01   3.0056281e+01   3.0056181e+01   3.0056081e+01   3.0055980e+01   3.0055880e+01   3.0055780e+01   3.0055679e+01   3.0055579e+01   3.0055479e+01   3.0055378e+01   3.0055278e+01   3.0055177e+01   3.0055076e+01   3.0054976e+01   3.0054875e+01   3.0054774e+01   3.0054673e+01   3.0054572e+01   3.0054470e+01   3.0054369e+01   3.0054267e+01   3.0054166e+01   3.0054063e+01   3.0053961e+01   3.0053859e+01   3.0053756e+01   3.0053653e+01   3.0053550e+01   3.0053446e+01   3.0053342e+01   3.0053237e+01   3.0053133e+01   3.0053028e+01   3.0052922e+01   3.0052816e+01   3.0052710e+01   3.0052602e+01   3.0052495e+01   3.0052386e+01   3.0052278e+01   3.0052168e+01   3.0052058e+01   3.0051947e+01   3.0051836e+01   3.0051723e+01   3.0051610e+01   3.0051496e+01   3.0051381e+01   3.0051265e+01   3.0051148e+01   3.0051030e+01   3.0050911e+01   3.0050791e+01   3.0050670e+01   3.0050547e+01   3.0050424e+01   3.0050298e+01   3.0050172e+01   3.0050043e+01   3.0049914e+01   3.0049783e+01   3.0049651e+01   3.0049516e+01   3.0049381e+01   3.0049242e+01   3.0049103e+01   3.0048960e+01   3.0048818e+01   3.0048671e+01   3.0048524e+01   3.0048373e+01   3.0048222e+01   3.0048066e+01   3.0047911e+01   3.0047750e+01   3.0047589e+01   3.0047423e+01   3.0047256e+01   3.0047084e+01   3.0046912e+01   3.0046731e+01   3.0046549e+01   3.0046355e+01   3.0046161e+01   3.0045951e+01   3.0045741e+01   3.0045510e+01   3.0045280e+01   3.0045024e+01   3.0044769e+01   3.0044482e+01   3.0044195e+01   3.0043871e+01   3.0043546e+01   3.0043177e+01   3.0042808e+01   3.0042388e+01   3.0041968e+01   3.0041489e+01   3.0041010e+01   3.0040465e+01   3.0039920e+01   3.0039300e+01   3.0038681e+01   3.0037978e+01   3.0037275e+01   3.0036479e+01   3.0035683e+01   3.0034784e+01   3.0033885e+01   3.0032872e+01   3.0031860e+01   3.0030730e+01   3.0029600e+01   3.0028358e+01   3.0027116e+01   3.0025787e+01   3.0024458e+01   3.0023087e+01   3.0021717e+01
   3.0068827e+01   3.0068388e+01   3.0067958e+01   3.0067541e+01   3.0067141e+01   3.0066759e+01   3.0066397e+01   3.0066055e+01   3.0065733e+01   3.0065431e+01   3.0065147e+01   3.0064881e+01   3.0064631e+01   3.0064396e+01   3.0064175e+01   3.0063967e+01   3.0063771e+01   3.0063587e+01   3.0063412e+01   3.0063246e+01   3.0063089e+01   3.0062940e+01   3.0062798e+01   3.0062661e+01   3.0062530e+01   3.0062404e+01   3.0062282e+01   3.0062164e+01   3.0062049e+01   3.0061936e+01   3.0061826e+01   3.0061718e+01   3.0061611e+01   3.0061506e+01   3.0061402e+01   3.0061300e+01   3.0061198e+01   3.0061096e+01   3.0060995e+01   3.0060894e+01   3.0060794e+01   3.0060694e+01   3.0060594e+01   3.0060494e+01   3.0060394e+01   3.0060294e+01   3.0060195e+01   3.0060095e+01   3.0059996e+01   3.0059896e+01   3.0059796e+01   3.0059697e+01   3.0059597e+01   3.0059498e+01   3.0059398e+01   3.0059298e+01   3.0059199e+01   3.0059099e+01   3.0058999e+01   3.0058899e+01   3.0058799e+01   3.0058699e+01   3.0058599e+01   3.0058499e+01   3.0058399e+01   3.0058300e+01   3.0058200e+01   3.0058100e+01   3.0058000e+01   3.0057900e+01   3.0057800e+01   3.0057700e+01   3.0057600e+01   3.0057500e+01   3.0057400e+01   3.0057300e+01   3.0057200e+01   3.0057100e+01   3.0057000e+01   3.0056900e+01   3.0056800e+01   3.0056699e+01   3.0056599e+01   3.0056499e+01   3.0056399e+01   3.0056299e+01   3.0056199e+01   3.0056099e+01   3.0055999e+01   3.0055899e+01   3.0055799e+01   3.0055698e+01   3.0055598e+01   3.0055498e+01   3.0055398e+01   3.0055298e+01   3.0055197e+01   3.0055097e+01   3.0054997e+01   3.0054896e+01   3.0054796e+01   3.0054695e+01   3.0054595e+01   3.0054494e+01   3.0054393e+01   3.0054292e+01   3.0054191e+01   3.0054090e+01   3.0053988e+01   3.0053887e+01   3.0053785e+01   3.0053683e+01   3.0053581e+01   3.0053478e+01   3.0053376e+01   3.0053273e+01   3.0053170e+01   3.0053066e+01   3.0052962e+01   3.0052858e+01   3.0052753e+01   3.0052648e+01   3.0052543e+01   3.0052437e+01   3.0052330e+01   3.0052223e+01   3.0052116e+01   3.0052008e+01   3.0051899e+01   3.0051789e+01   3.0051680e+01   3.0051569e+01   3.0051458e+01   3.0051345e+01   3.0051232e+01   3.0051118e+01   3.0051003e+01   3.0050887e+01   3.0050771e+01   3.0050652e+01   3.0050534e+01   3.0050413e+01   3.0050292e+01   3.0050169e+01   3.0050046e+01   3.0049920e+01   3.0049795e+01   3.0049666e+01   3.0049537e+01   3.0049406e+01   3.0049274e+01   3.0049139e+01   3.0049004e+01   3.0048865e+01   3.0048726e+01   3.0048584e+01   3.0048441e+01   3.0048295e+01   3.0048148e+01   3.0047997e+01   3.0047846e+01   3.0047690e+01   3.0047534e+01   3.0047374e+01   3.0047213e+01   3.0047047e+01   3.0046880e+01   3.0046708e+01   3.0046536e+01   3.0046355e+01   3.0046173e+01   3.0045979e+01   3.0045785e+01   3.0045575e+01   3.0045365e+01   3.0045135e+01   3.0044905e+01   3.0044649e+01   3.0044393e+01   3.0044107e+01   3.0043820e+01   3.0043495e+01   3.0043171e+01   3.0042802e+01   3.0042433e+01   3.0042013e+01   3.0041592e+01   3.0041113e+01   3.0040634e+01   3.0040089e+01   3.0039544e+01   3.0038925e+01   3.0038305e+01   3.0037602e+01   3.0036899e+01   3.0036103e+01   3.0035307e+01   3.0034407e+01   3.0033507e+01   3.0032495e+01   3.0031482e+01   3.0030352e+01   3.0029222e+01   3.0027980e+01   3.0026739e+01   3.0025410e+01   3.0024081e+01   3.0022706e+01   3.0021331e+01
   3.0068424e+01   3.0067985e+01   3.0067556e+01   3.0067140e+01   3.0066740e+01   3.0066359e+01   3.0065998e+01   3.0065657e+01   3.0065335e+01   3.0065034e+01   3.0064750e+01   3.0064484e+01   3.0064235e+01   3.0064001e+01   3.0063780e+01   3.0063573e+01   3.0063378e+01   3.0063193e+01   3.0063019e+01   3.0062854e+01   3.0062697e+01   3.0062549e+01   3.0062407e+01   3.0062271e+01   3.0062140e+01   3.0062014e+01   3.0061893e+01   3.0061775e+01   3.0061660e+01   3.0061548e+01   3.0061438e+01   3.0061330e+01   3.0061224e+01   3.0061119e+01   3.0061016e+01   3.0060913e+01   3.0060811e+01   3.0060710e+01   3.0060609e+01   3.0060509e+01   3.0060409e+01   3.0060308e+01   3.0060208e+01   3.0060109e+01   3.0060009e+01   3.0059909e+01   3.0059810e+01   3.0059710e+01   3.0059611e+01   3.0059511e+01   3.0059412e+01   3.0059312e+01   3.0059213e+01   3.0059113e+01   3.0059014e+01   3.0058914e+01   3.0058815e+01   3.0058715e+01   3.0058615e+01   3.0058516e+01   3.0058416e+01   3.0058316e+01   3.0058217e+01   3.0058117e+01   3.0058017e+01   3.0057917e+01   3.0057818e+01   3.0057718e+01   3.0057618e+01   3.0057518e+01   3.0057418e+01   3.0057318e+01   3.0057219e+01   3.0057119e+01   3.0057019e+01   3.0056919e+01   3.0056819e+01   3.0056719e+01   3.0056619e+01   3.0056519e+01   3.0056419e+01   3.0056319e+01   3.0056219e+01   3.0056119e+01   3.0056019e+01   3.0055919e+01   3.0055819e+01   3.0055719e+01   3.0055619e+01   3.0055519e+01   3.0055419e+01   3.0055319e+01   3.0055219e+01   3.0055119e+01   3.0055019e+01   3.0054919e+01   3.0054819e+01   3.0054718e+01   3.0054618e+01   3.0054518e+01   3.0054417e+01   3.0054317e+01   3.0054216e+01   3.0054116e+01   3.0054015e+01   3.0053914e+01   3.0053813e+01   3.0053712e+01   3.0053611e+01   3.0053509e+01   3.0053408e+01   3.0053306e+01   3.0053204e+01   3.0053102e+01   3.0052999e+01   3.0052896e+01   3.0052793e+01   3.0052690e+01   3.0052586e+01   3.0052482e+01   3.0052377e+01   3.0052272e+01   3.0052167e+01   3.0052061e+01   3.0051955e+01   3.0051848e+01   3.0051740e+01   3.0051632e+01   3.0051524e+01   3.0051414e+01   3.0051305e+01   3.0051194e+01   3.0051083e+01   3.0050970e+01   3.0050857e+01   3.0050743e+01   3.0050629e+01   3.0050512e+01   3.0050396e+01   3.0050278e+01   3.0050159e+01   3.0050039e+01   3.0049918e+01   3.0049795e+01   3.0049672e+01   3.0049546e+01   3.0049421e+01   3.0049292e+01   3.0049163e+01   3.0049032e+01   3.0048900e+01   3.0048765e+01   3.0048630e+01   3.0048491e+01   3.0048353e+01   3.0048210e+01   3.0048068e+01   3.0047921e+01   3.0047774e+01   3.0047623e+01   3.0047472e+01   3.0047317e+01   3.0047161e+01   3.0047000e+01   3.0046839e+01   3.0046673e+01   3.0046507e+01   3.0046335e+01   3.0046163e+01   3.0045981e+01   3.0045800e+01   3.0045606e+01   3.0045412e+01   3.0045202e+01   3.0044992e+01   3.0044761e+01   3.0044531e+01   3.0044276e+01   3.0044020e+01   3.0043733e+01   3.0043446e+01   3.0043122e+01   3.0042797e+01   3.0042428e+01   3.0042059e+01   3.0041639e+01   3.0041218e+01   3.0040739e+01   3.0040260e+01   3.0039715e+01   3.0039170e+01   3.0038550e+01   3.0037930e+01   3.0037227e+01   3.0036524e+01   3.0035728e+01   3.0034931e+01   3.0034031e+01   3.0033131e+01   3.0032118e+01   3.0031105e+01   3.0029975e+01   3.0028845e+01   3.0027603e+01   3.0026362e+01   3.0025033e+01   3.0023703e+01   3.0022324e+01   3.0020944e+01
   3.0068021e+01   3.0067583e+01   3.0067154e+01   3.0066739e+01   3.0066340e+01   3.0065960e+01   3.0065599e+01   3.0065259e+01   3.0064938e+01   3.0064637e+01   3.0064354e+01   3.0064089e+01   3.0063840e+01   3.0063607e+01   3.0063387e+01   3.0063180e+01   3.0062985e+01   3.0062801e+01   3.0062628e+01   3.0062463e+01   3.0062307e+01   3.0062159e+01   3.0062017e+01   3.0061882e+01   3.0061752e+01   3.0061626e+01   3.0061505e+01   3.0061388e+01   3.0061273e+01   3.0061162e+01   3.0061052e+01   3.0060945e+01   3.0060839e+01   3.0060735e+01   3.0060632e+01   3.0060529e+01   3.0060428e+01   3.0060327e+01   3.0060226e+01   3.0060126e+01   3.0060025e+01   3.0059925e+01   3.0059826e+01   3.0059726e+01   3.0059626e+01   3.0059526e+01   3.0059427e+01   3.0059327e+01   3.0059228e+01   3.0059128e+01   3.0059029e+01   3.0058929e+01   3.0058830e+01   3.0058730e+01   3.0058631e+01   3.0058531e+01   3.0058432e+01   3.0058332e+01   3.0058233e+01   3.0058133e+01   3.0058033e+01   3.0057934e+01   3.0057834e+01   3.0057735e+01   3.0057635e+01   3.0057535e+01   3.0057436e+01   3.0057336e+01   3.0057236e+01   3.0057137e+01   3.0057037e+01   3.0056937e+01   3.0056837e+01   3.0056737e+01   3.0056638e+01   3.0056538e+01   3.0056438e+01   3.0056338e+01   3.0056238e+01   3.0056138e+01   3.0056039e+01   3.0055939e+01   3.0055839e+01   3.0055739e+01   3.0055639e+01   3.0055539e+01   3.0055439e+01   3.0055340e+01   3.0055240e+01   3.0055140e+01   3.0055040e+01   3.0054940e+01   3.0054840e+01   3.0054740e+01   3.0054640e+01   3.0054540e+01   3.0054440e+01   3.0054340e+01   3.0054239e+01   3.0054139e+01   3.0054039e+01   3.0053939e+01   3.0053838e+01   3.0053738e+01   3.0053637e+01   3.0053536e+01   3.0053436e+01   3.0053334e+01   3.0053233e+01   3.0053132e+01   3.0053031e+01   3.0052929e+01   3.0052827e+01   3.0052725e+01   3.0052622e+01   3.0052519e+01   3.0052417e+01   3.0052313e+01   3.0052210e+01   3.0052105e+01   3.0052001e+01   3.0051896e+01   3.0051791e+01   3.0051685e+01   3.0051579e+01   3.0051472e+01   3.0051365e+01   3.0051257e+01   3.0051148e+01   3.0051039e+01   3.0050929e+01   3.0050818e+01   3.0050707e+01   3.0050595e+01   3.0050482e+01   3.0050368e+01   3.0050254e+01   3.0050138e+01   3.0050021e+01   3.0049903e+01   3.0049785e+01   3.0049664e+01   3.0049544e+01   3.0049421e+01   3.0049298e+01   3.0049172e+01   3.0049047e+01   3.0048918e+01   3.0048790e+01   3.0048658e+01   3.0048526e+01   3.0048391e+01   3.0048256e+01   3.0048118e+01   3.0047979e+01   3.0047836e+01   3.0047694e+01   3.0047547e+01   3.0047401e+01   3.0047250e+01   3.0047099e+01   3.0046943e+01   3.0046787e+01   3.0046626e+01   3.0046466e+01   3.0046300e+01   3.0046133e+01   3.0045961e+01   3.0045789e+01   3.0045608e+01   3.0045426e+01   3.0045232e+01   3.0045038e+01   3.0044828e+01   3.0044618e+01   3.0044388e+01   3.0044158e+01   3.0043902e+01   3.0043647e+01   3.0043360e+01   3.0043073e+01   3.0042748e+01   3.0042424e+01   3.0042055e+01   3.0041686e+01   3.0041265e+01   3.0040845e+01   3.0040365e+01   3.0039886e+01   3.0039341e+01   3.0038795e+01   3.0038176e+01   3.0037556e+01   3.0036852e+01   3.0036149e+01   3.0035352e+01   3.0034555e+01   3.0033655e+01   3.0032754e+01   3.0031741e+01   3.0030728e+01   3.0029598e+01   3.0028467e+01   3.0027226e+01   3.0025985e+01   3.0024655e+01   3.0023325e+01   3.0021942e+01   3.0020558e+01
   3.0067617e+01   3.0067180e+01   3.0066753e+01   3.0066338e+01   3.0065940e+01   3.0065561e+01   3.0065201e+01   3.0064861e+01   3.0064541e+01   3.0064241e+01   3.0063959e+01   3.0063694e+01   3.0063446e+01   3.0063213e+01   3.0062994e+01   3.0062788e+01   3.0062594e+01   3.0062410e+01   3.0062237e+01   3.0062073e+01   3.0061918e+01   3.0061770e+01   3.0061629e+01   3.0061494e+01   3.0061364e+01   3.0061239e+01   3.0061119e+01   3.0061002e+01   3.0060888e+01   3.0060776e+01   3.0060667e+01   3.0060560e+01   3.0060455e+01   3.0060351e+01   3.0060248e+01   3.0060146e+01   3.0060045e+01   3.0059944e+01   3.0059844e+01   3.0059743e+01   3.0059643e+01   3.0059544e+01   3.0059444e+01   3.0059344e+01   3.0059245e+01   3.0059145e+01   3.0059045e+01   3.0058946e+01   3.0058846e+01   3.0058747e+01   3.0058648e+01   3.0058548e+01   3.0058449e+01   3.0058349e+01   3.0058250e+01   3.0058151e+01   3.0058051e+01   3.0057952e+01   3.0057852e+01   3.0057753e+01   3.0057653e+01   3.0057554e+01   3.0057454e+01   3.0057355e+01   3.0057255e+01   3.0057155e+01   3.0057056e+01   3.0056956e+01   3.0056857e+01   3.0056757e+01   3.0056657e+01   3.0056558e+01   3.0056458e+01   3.0056358e+01   3.0056259e+01   3.0056159e+01   3.0056059e+01   3.0055959e+01   3.0055860e+01   3.0055760e+01   3.0055660e+01   3.0055560e+01   3.0055461e+01   3.0055361e+01   3.0055261e+01   3.0055161e+01   3.0055062e+01   3.0054962e+01   3.0054862e+01   3.0054762e+01   3.0054663e+01   3.0054563e+01   3.0054463e+01   3.0054363e+01   3.0054263e+01   3.0054163e+01   3.0054063e+01   3.0053963e+01   3.0053863e+01   3.0053763e+01   3.0053663e+01   3.0053563e+01   3.0053462e+01   3.0053362e+01   3.0053261e+01   3.0053161e+01   3.0053060e+01   3.0052959e+01   3.0052858e+01   3.0052757e+01   3.0052656e+01   3.0052554e+01   3.0052452e+01   3.0052350e+01   3.0052248e+01   3.0052145e+01   3.0052042e+01   3.0051939e+01   3.0051835e+01   3.0051731e+01   3.0051627e+01   3.0051522e+01   3.0051417e+01   3.0051311e+01   3.0051205e+01   3.0051098e+01   3.0050991e+01   3.0050883e+01   3.0050775e+01   3.0050666e+01   3.0050556e+01   3.0050446e+01   3.0050335e+01   3.0050222e+01   3.0050110e+01   3.0049996e+01   3.0049882e+01   3.0049765e+01   3.0049649e+01   3.0049531e+01   3.0049413e+01   3.0049293e+01   3.0049172e+01   3.0049049e+01   3.0048926e+01   3.0048801e+01   3.0048675e+01   3.0048547e+01   3.0048418e+01   3.0048286e+01   3.0048155e+01   3.0048020e+01   3.0047885e+01   3.0047746e+01   3.0047608e+01   3.0047465e+01   3.0047323e+01   3.0047176e+01   3.0047030e+01   3.0046879e+01   3.0046728e+01   3.0046572e+01   3.0046416e+01   3.0046255e+01   3.0046095e+01   3.0045928e+01   3.0045762e+01   3.0045590e+01   3.0045418e+01   3.0045236e+01   3.0045055e+01   3.0044861e+01   3.0044667e+01   3.0044457e+01   3.0044247e+01   3.0044016e+01   3.0043786e+01   3.0043531e+01   3.0043275e+01   3.0042988e+01   3.0042701e+01   3.0042377e+01   3.0042052e+01   3.0041683e+01   3.0041314e+01   3.0040893e+01   3.0040472e+01   3.0039993e+01   3.0039514e+01   3.0038968e+01   3.0038422e+01   3.0037802e+01   3.0037182e+01   3.0036478e+01   3.0035775e+01   3.0034977e+01   3.0034180e+01   3.0033279e+01   3.0032379e+01   3.0031365e+01   3.0030351e+01   3.0029221e+01   3.0028090e+01   3.0026848e+01   3.0025607e+01   3.0024275e+01   3.0022943e+01   3.0021557e+01   3.0020172e+01
   3.0067214e+01   3.0066778e+01   3.0066351e+01   3.0065937e+01   3.0065540e+01   3.0065162e+01   3.0064803e+01   3.0064464e+01   3.0064145e+01   3.0063845e+01   3.0063564e+01   3.0063300e+01   3.0063053e+01   3.0062820e+01   3.0062602e+01   3.0062396e+01   3.0062202e+01   3.0062020e+01   3.0061847e+01   3.0061684e+01   3.0061529e+01   3.0061381e+01   3.0061241e+01   3.0061106e+01   3.0060977e+01   3.0060853e+01   3.0060732e+01   3.0060616e+01   3.0060502e+01   3.0060391e+01   3.0060283e+01   3.0060176e+01   3.0060071e+01   3.0059967e+01   3.0059865e+01   3.0059763e+01   3.0059662e+01   3.0059561e+01   3.0059461e+01   3.0059361e+01   3.0059262e+01   3.0059162e+01   3.0059062e+01   3.0058963e+01   3.0058863e+01   3.0058764e+01   3.0058664e+01   3.0058565e+01   3.0058466e+01   3.0058366e+01   3.0058267e+01   3.0058168e+01   3.0058068e+01   3.0057969e+01   3.0057870e+01   3.0057770e+01   3.0057671e+01   3.0057571e+01   3.0057472e+01   3.0057373e+01   3.0057273e+01   3.0057173e+01   3.0057074e+01   3.0056974e+01   3.0056875e+01   3.0056775e+01   3.0056676e+01   3.0056576e+01   3.0056477e+01   3.0056377e+01   3.0056278e+01   3.0056178e+01   3.0056079e+01   3.0055979e+01   3.0055879e+01   3.0055780e+01   3.0055680e+01   3.0055581e+01   3.0055481e+01   3.0055381e+01   3.0055282e+01   3.0055182e+01   3.0055083e+01   3.0054983e+01   3.0054883e+01   3.0054784e+01   3.0054684e+01   3.0054584e+01   3.0054485e+01   3.0054385e+01   3.0054285e+01   3.0054186e+01   3.0054086e+01   3.0053986e+01   3.0053886e+01   3.0053786e+01   3.0053687e+01   3.0053587e+01   3.0053487e+01   3.0053387e+01   3.0053287e+01   3.0053187e+01   3.0053086e+01   3.0052986e+01   3.0052886e+01   3.0052785e+01   3.0052685e+01   3.0052584e+01   3.0052483e+01   3.0052382e+01   3.0052281e+01   3.0052179e+01   3.0052077e+01   3.0051975e+01   3.0051873e+01   3.0051771e+01   3.0051668e+01   3.0051565e+01   3.0051461e+01   3.0051357e+01   3.0051253e+01   3.0051148e+01   3.0051044e+01   3.0050938e+01   3.0050832e+01   3.0050725e+01   3.0050618e+01   3.0050510e+01   3.0050402e+01   3.0050293e+01   3.0050184e+01   3.0050073e+01   3.0049962e+01   3.0049850e+01   3.0049737e+01   3.0049623e+01   3.0049509e+01   3.0049393e+01   3.0049277e+01   3.0049159e+01   3.0049041e+01   3.0048921e+01   3.0048800e+01   3.0048677e+01   3.0048555e+01   3.0048429e+01   3.0048303e+01   3.0048175e+01   3.0048047e+01   3.0047915e+01   3.0047783e+01   3.0047648e+01   3.0047514e+01   3.0047375e+01   3.0047236e+01   3.0047094e+01   3.0046952e+01   3.0046805e+01   3.0046658e+01   3.0046507e+01   3.0046356e+01   3.0046201e+01   3.0046045e+01   3.0045884e+01   3.0045723e+01   3.0045557e+01   3.0045391e+01   3.0045219e+01   3.0045047e+01   3.0044865e+01   3.0044684e+01   3.0044489e+01   3.0044295e+01   3.0044085e+01   3.0043875e+01   3.0043645e+01   3.0043415e+01   3.0043159e+01   3.0042903e+01   3.0042616e+01   3.0042330e+01   3.0042005e+01   3.0041680e+01   3.0041311e+01   3.0040942e+01   3.0040521e+01   3.0040100e+01   3.0039620e+01   3.0039141e+01   3.0038595e+01   3.0038049e+01   3.0037429e+01   3.0036808e+01   3.0036104e+01   3.0035400e+01   3.0034603e+01   3.0033805e+01   3.0032904e+01   3.0032003e+01   3.0030989e+01   3.0029975e+01   3.0028844e+01   3.0027713e+01   3.0026471e+01   3.0025229e+01   3.0023895e+01   3.0022561e+01   3.0021173e+01   3.0019785e+01
   3.0066811e+01   3.0066375e+01   3.0065949e+01   3.0065537e+01   3.0065141e+01   3.0064763e+01   3.0064405e+01   3.0064067e+01   3.0063748e+01   3.0063449e+01   3.0063169e+01   3.0062906e+01   3.0062659e+01   3.0062427e+01   3.0062209e+01   3.0062004e+01   3.0061811e+01   3.0061629e+01   3.0061457e+01   3.0061294e+01   3.0061140e+01   3.0060993e+01   3.0060853e+01   3.0060718e+01   3.0060590e+01   3.0060466e+01   3.0060346e+01   3.0060230e+01   3.0060116e+01   3.0060006e+01   3.0059898e+01   3.0059791e+01   3.0059687e+01   3.0059583e+01   3.0059481e+01   3.0059380e+01   3.0059279e+01   3.0059179e+01   3.0059079e+01   3.0058979e+01   3.0058879e+01   3.0058780e+01   3.0058681e+01   3.0058581e+01   3.0058482e+01   3.0058383e+01   3.0058284e+01   3.0058184e+01   3.0058085e+01   3.0057986e+01   3.0057887e+01   3.0057787e+01   3.0057688e+01   3.0057589e+01   3.0057490e+01   3.0057391e+01   3.0057291e+01   3.0057192e+01   3.0057093e+01   3.0056993e+01   3.0056894e+01   3.0056794e+01   3.0056695e+01   3.0056596e+01   3.0056496e+01   3.0056397e+01   3.0056297e+01   3.0056198e+01   3.0056098e+01   3.0055999e+01   3.0055900e+01   3.0055800e+01   3.0055701e+01   3.0055601e+01   3.0055502e+01   3.0055402e+01   3.0055303e+01   3.0055203e+01   3.0055104e+01   3.0055004e+01   3.0054905e+01   3.0054805e+01   3.0054706e+01   3.0054606e+01   3.0054507e+01   3.0054407e+01   3.0054307e+01   3.0054208e+01   3.0054108e+01   3.0054009e+01   3.0053909e+01   3.0053810e+01   3.0053710e+01   3.0053610e+01   3.0053511e+01   3.0053411e+01   3.0053311e+01   3.0053211e+01   3.0053112e+01   3.0053012e+01   3.0052912e+01   3.0052812e+01   3.0052712e+01   3.0052612e+01   3.0052511e+01   3.0052411e+01   3.0052310e+01   3.0052210e+01   3.0052109e+01   3.0052008e+01   3.0051907e+01   3.0051805e+01   3.0051704e+01   3.0051602e+01   3.0051500e+01   3.0051397e+01   3.0051295e+01   3.0051192e+01   3.0051088e+01   3.0050985e+01   3.0050881e+01   3.0050776e+01   3.0050671e+01   3.0050565e+01   3.0050460e+01   3.0050353e+01   3.0050246e+01   3.0050138e+01   3.0050030e+01   3.0049921e+01   3.0049812e+01   3.0049701e+01   3.0049591e+01   3.0049478e+01   3.0049366e+01   3.0049252e+01   3.0049138e+01   3.0049022e+01   3.0048906e+01   3.0048788e+01   3.0048670e+01   3.0048550e+01   3.0048430e+01   3.0048307e+01   3.0048184e+01   3.0048059e+01   3.0047933e+01   3.0047805e+01   3.0047677e+01   3.0047545e+01   3.0047414e+01   3.0047279e+01   3.0047144e+01   3.0047005e+01   3.0046867e+01   3.0046724e+01   3.0046582e+01   3.0046435e+01   3.0046289e+01   3.0046138e+01   3.0045987e+01   3.0045831e+01   3.0045675e+01   3.0045515e+01   3.0045354e+01   3.0045187e+01   3.0045021e+01   3.0044849e+01   3.0044677e+01   3.0044495e+01   3.0044314e+01   3.0044120e+01   3.0043926e+01   3.0043716e+01   3.0043505e+01   3.0043275e+01   3.0043045e+01   3.0042789e+01   3.0042533e+01   3.0042246e+01   3.0041959e+01   3.0041635e+01   3.0041310e+01   3.0040940e+01   3.0040571e+01   3.0040150e+01   3.0039729e+01   3.0039249e+01   3.0038769e+01   3.0038223e+01   3.0037677e+01   3.0037057e+01   3.0036436e+01   3.0035732e+01   3.0035027e+01   3.0034229e+01   3.0033431e+01   3.0032530e+01   3.0031628e+01   3.0030614e+01   3.0029599e+01   3.0028468e+01   3.0027336e+01   3.0026093e+01   3.0024849e+01   3.0023513e+01   3.0022177e+01   3.0020788e+01   3.0019399e+01
   3.0066407e+01   3.0065973e+01   3.0065548e+01   3.0065136e+01   3.0064741e+01   3.0064364e+01   3.0064007e+01   3.0063669e+01   3.0063352e+01   3.0063054e+01   3.0062774e+01   3.0062512e+01   3.0062266e+01   3.0062034e+01   3.0061817e+01   3.0061613e+01   3.0061420e+01   3.0061239e+01   3.0061067e+01   3.0060905e+01   3.0060751e+01   3.0060604e+01   3.0060464e+01   3.0060331e+01   3.0060203e+01   3.0060079e+01   3.0059960e+01   3.0059844e+01   3.0059731e+01   3.0059621e+01   3.0059513e+01   3.0059407e+01   3.0059302e+01   3.0059199e+01   3.0059097e+01   3.0058996e+01   3.0058896e+01   3.0058796e+01   3.0058696e+01   3.0058597e+01   3.0058498e+01   3.0058398e+01   3.0058299e+01   3.0058200e+01   3.0058101e+01   3.0058002e+01   3.0057903e+01   3.0057804e+01   3.0057705e+01   3.0057606e+01   3.0057507e+01   3.0057407e+01   3.0057308e+01   3.0057209e+01   3.0057110e+01   3.0057011e+01   3.0056912e+01   3.0056813e+01   3.0056713e+01   3.0056614e+01   3.0056515e+01   3.0056415e+01   3.0056316e+01   3.0056217e+01   3.0056117e+01   3.0056018e+01   3.0055919e+01   3.0055819e+01   3.0055720e+01   3.0055621e+01   3.0055521e+01   3.0055422e+01   3.0055323e+01   3.0055223e+01   3.0055124e+01   3.0055024e+01   3.0054925e+01   3.0054826e+01   3.0054726e+01   3.0054627e+01   3.0054527e+01   3.0054428e+01   3.0054329e+01   3.0054229e+01   3.0054130e+01   3.0054030e+01   3.0053931e+01   3.0053831e+01   3.0053732e+01   3.0053633e+01   3.0053533e+01   3.0053434e+01   3.0053334e+01   3.0053235e+01   3.0053135e+01   3.0053035e+01   3.0052936e+01   3.0052836e+01   3.0052737e+01   3.0052637e+01   3.0052537e+01   3.0052437e+01   3.0052337e+01   3.0052237e+01   3.0052137e+01   3.0052036e+01   3.0051936e+01   3.0051835e+01   3.0051735e+01   3.0051634e+01   3.0051533e+01   3.0051432e+01   3.0051330e+01   3.0051228e+01   3.0051126e+01   3.0051024e+01   3.0050922e+01   3.0050819e+01   3.0050716e+01   3.0050612e+01   3.0050508e+01   3.0050403e+01   3.0050299e+01   3.0050193e+01   3.0050088e+01   3.0049981e+01   3.0049874e+01   3.0049766e+01   3.0049659e+01   3.0049550e+01   3.0049440e+01   3.0049330e+01   3.0049219e+01   3.0049107e+01   3.0048995e+01   3.0048881e+01   3.0048767e+01   3.0048652e+01   3.0048536e+01   3.0048418e+01   3.0048300e+01   3.0048180e+01   3.0048059e+01   3.0047937e+01   3.0047814e+01   3.0047689e+01   3.0047563e+01   3.0047435e+01   3.0047307e+01   3.0047175e+01   3.0047044e+01   3.0046909e+01   3.0046774e+01   3.0046636e+01   3.0046497e+01   3.0046355e+01   3.0046212e+01   3.0046066e+01   3.0045919e+01   3.0045768e+01   3.0045617e+01   3.0045462e+01   3.0045306e+01   3.0045145e+01   3.0044984e+01   3.0044818e+01   3.0044652e+01   3.0044480e+01   3.0044308e+01   3.0044126e+01   3.0043944e+01   3.0043750e+01   3.0043556e+01   3.0043346e+01   3.0043136e+01   3.0042905e+01   3.0042675e+01   3.0042419e+01   3.0042163e+01   3.0041876e+01   3.0041589e+01   3.0041264e+01   3.0040939e+01   3.0040570e+01   3.0040200e+01   3.0039779e+01   3.0039358e+01   3.0038878e+01   3.0038398e+01   3.0037852e+01   3.0037305e+01   3.0036684e+01   3.0036063e+01   3.0035359e+01   3.0034654e+01   3.0033856e+01   3.0033057e+01   3.0032155e+01   3.0031253e+01   3.0030238e+01   3.0029223e+01   3.0028091e+01   3.0026959e+01   3.0025715e+01   3.0024470e+01   3.0023132e+01   3.0021793e+01   3.0020403e+01   3.0019012e+01
   3.0066004e+01   3.0065570e+01   3.0065146e+01   3.0064735e+01   3.0064341e+01   3.0063965e+01   3.0063608e+01   3.0063272e+01   3.0062956e+01   3.0062658e+01   3.0062379e+01   3.0062118e+01   3.0061872e+01   3.0061642e+01   3.0061425e+01   3.0061221e+01   3.0061029e+01   3.0060848e+01   3.0060677e+01   3.0060515e+01   3.0060362e+01   3.0060216e+01   3.0060077e+01   3.0059943e+01   3.0059816e+01   3.0059692e+01   3.0059573e+01   3.0059458e+01   3.0059345e+01   3.0059236e+01   3.0059128e+01   3.0059023e+01   3.0058919e+01   3.0058816e+01   3.0058714e+01   3.0058613e+01   3.0058513e+01   3.0058413e+01   3.0058314e+01   3.0058215e+01   3.0058116e+01   3.0058017e+01   3.0057918e+01   3.0057819e+01   3.0057720e+01   3.0057621e+01   3.0057522e+01   3.0057423e+01   3.0057325e+01   3.0057226e+01   3.0057127e+01   3.0057028e+01   3.0056929e+01   3.0056830e+01   3.0056731e+01   3.0056631e+01   3.0056532e+01   3.0056433e+01   3.0056334e+01   3.0056235e+01   3.0056136e+01   3.0056037e+01   3.0055938e+01   3.0055838e+01   3.0055739e+01   3.0055640e+01   3.0055541e+01   3.0055442e+01   3.0055342e+01   3.0055243e+01   3.0055144e+01   3.0055044e+01   3.0054945e+01   3.0054846e+01   3.0054747e+01   3.0054647e+01   3.0054548e+01   3.0054449e+01   3.0054349e+01   3.0054250e+01   3.0054151e+01   3.0054052e+01   3.0053952e+01   3.0053853e+01   3.0053754e+01   3.0053654e+01   3.0053555e+01   3.0053456e+01   3.0053356e+01   3.0053257e+01   3.0053158e+01   3.0053058e+01   3.0052959e+01   3.0052860e+01   3.0052760e+01   3.0052661e+01   3.0052561e+01   3.0052462e+01   3.0052362e+01   3.0052262e+01   3.0052163e+01   3.0052063e+01   3.0051963e+01   3.0051863e+01   3.0051763e+01   3.0051663e+01   3.0051562e+01   3.0051462e+01   3.0051361e+01   3.0051261e+01   3.0051160e+01   3.0051058e+01   3.0050957e+01   3.0050855e+01   3.0050754e+01   3.0050651e+01   3.0050549e+01   3.0050446e+01   3.0050343e+01   3.0050240e+01   3.0050136e+01   3.0050031e+01   3.0049927e+01   3.0049821e+01   3.0049716e+01   3.0049609e+01   3.0049503e+01   3.0049395e+01   3.0049288e+01   3.0049179e+01   3.0049070e+01   3.0048959e+01   3.0048849e+01   3.0048737e+01   3.0048625e+01   3.0048511e+01   3.0048397e+01   3.0048281e+01   3.0048166e+01   3.0048048e+01   3.0047930e+01   3.0047810e+01   3.0047690e+01   3.0047567e+01   3.0047445e+01   3.0047319e+01   3.0047194e+01   3.0047066e+01   3.0046937e+01   3.0046806e+01   3.0046675e+01   3.0046540e+01   3.0046405e+01   3.0046267e+01   3.0046128e+01   3.0045986e+01   3.0045844e+01   3.0045697e+01   3.0045551e+01   3.0045400e+01   3.0045249e+01   3.0045093e+01   3.0044937e+01   3.0044777e+01   3.0044616e+01   3.0044449e+01   3.0044283e+01   3.0044111e+01   3.0043939e+01   3.0043757e+01   3.0043576e+01   3.0043382e+01   3.0043187e+01   3.0042977e+01   3.0042767e+01   3.0042537e+01   3.0042306e+01   3.0042050e+01   3.0041795e+01   3.0041507e+01   3.0041220e+01   3.0040895e+01   3.0040570e+01   3.0040200e+01   3.0039831e+01   3.0039409e+01   3.0038988e+01   3.0038508e+01   3.0038027e+01   3.0037481e+01   3.0036934e+01   3.0036313e+01   3.0035692e+01   3.0034987e+01   3.0034282e+01   3.0033483e+01   3.0032684e+01   3.0031782e+01   3.0030879e+01   3.0029864e+01   3.0028848e+01   3.0027715e+01   3.0026582e+01   3.0025336e+01   3.0024090e+01   3.0022749e+01   3.0021409e+01   3.0020017e+01   3.0018625e+01
   3.0065601e+01   3.0065168e+01   3.0064745e+01   3.0064335e+01   3.0063941e+01   3.0063566e+01   3.0063210e+01   3.0062875e+01   3.0062559e+01   3.0062263e+01   3.0061984e+01   3.0061724e+01   3.0061479e+01   3.0061249e+01   3.0061033e+01   3.0060830e+01   3.0060639e+01   3.0060458e+01   3.0060288e+01   3.0060126e+01   3.0059973e+01   3.0059828e+01   3.0059689e+01   3.0059556e+01   3.0059429e+01   3.0059306e+01   3.0059187e+01   3.0059072e+01   3.0058960e+01   3.0058851e+01   3.0058744e+01   3.0058638e+01   3.0058535e+01   3.0058432e+01   3.0058331e+01   3.0058230e+01   3.0058130e+01   3.0058031e+01   3.0057932e+01   3.0057833e+01   3.0057734e+01   3.0057635e+01   3.0057537e+01   3.0057438e+01   3.0057339e+01   3.0057241e+01   3.0057142e+01   3.0057043e+01   3.0056944e+01   3.0056846e+01   3.0056747e+01   3.0056648e+01   3.0056549e+01   3.0056450e+01   3.0056351e+01   3.0056252e+01   3.0056153e+01   3.0056054e+01   3.0055955e+01   3.0055856e+01   3.0055757e+01   3.0055658e+01   3.0055559e+01   3.0055460e+01   3.0055361e+01   3.0055262e+01   3.0055163e+01   3.0055064e+01   3.0054964e+01   3.0054865e+01   3.0054766e+01   3.0054667e+01   3.0054568e+01   3.0054469e+01   3.0054369e+01   3.0054270e+01   3.0054171e+01   3.0054072e+01   3.0053973e+01   3.0053874e+01   3.0053774e+01   3.0053675e+01   3.0053576e+01   3.0053477e+01   3.0053378e+01   3.0053278e+01   3.0053179e+01   3.0053080e+01   3.0052981e+01   3.0052881e+01   3.0052782e+01   3.0052683e+01   3.0052584e+01   3.0052484e+01   3.0052385e+01   3.0052286e+01   3.0052186e+01   3.0052087e+01   3.0051987e+01   3.0051888e+01   3.0051788e+01   3.0051689e+01   3.0051589e+01   3.0051489e+01   3.0051389e+01   3.0051289e+01   3.0051189e+01   3.0051088e+01   3.0050988e+01   3.0050887e+01   3.0050786e+01   3.0050685e+01   3.0050584e+01   3.0050483e+01   3.0050381e+01   3.0050279e+01   3.0050177e+01   3.0050074e+01   3.0049971e+01   3.0049867e+01   3.0049764e+01   3.0049659e+01   3.0049555e+01   3.0049450e+01   3.0049344e+01   3.0049238e+01   3.0049132e+01   3.0049024e+01   3.0048916e+01   3.0048808e+01   3.0048699e+01   3.0048588e+01   3.0048478e+01   3.0048366e+01   3.0048254e+01   3.0048140e+01   3.0048027e+01   3.0047911e+01   3.0047795e+01   3.0047678e+01   3.0047560e+01   3.0047440e+01   3.0047320e+01   3.0047198e+01   3.0047075e+01   3.0046950e+01   3.0046825e+01   3.0046696e+01   3.0046568e+01   3.0046437e+01   3.0046306e+01   3.0046171e+01   3.0046036e+01   3.0045898e+01   3.0045759e+01   3.0045617e+01   3.0045475e+01   3.0045329e+01   3.0045182e+01   3.0045031e+01   3.0044880e+01   3.0044725e+01   3.0044569e+01   3.0044408e+01   3.0044247e+01   3.0044081e+01   3.0043915e+01   3.0043743e+01   3.0043571e+01   3.0043389e+01   3.0043207e+01   3.0043013e+01   3.0042819e+01   3.0042609e+01   3.0042398e+01   3.0042168e+01   3.0041937e+01   3.0041682e+01   3.0041426e+01   3.0041138e+01   3.0040851e+01   3.0040526e+01   3.0040201e+01   3.0039831e+01   3.0039461e+01   3.0039039e+01   3.0038618e+01   3.0038137e+01   3.0037657e+01   3.0037110e+01   3.0036563e+01   3.0035942e+01   3.0035320e+01   3.0034615e+01   3.0033909e+01   3.0033110e+01   3.0032311e+01   3.0031408e+01   3.0030505e+01   3.0029489e+01   3.0028473e+01   3.0027339e+01   3.0026205e+01   3.0024958e+01   3.0023710e+01   3.0022367e+01   3.0021025e+01   3.0019632e+01   3.0018239e+01
   3.0065198e+01   3.0064766e+01   3.0064343e+01   3.0063934e+01   3.0063541e+01   3.0063167e+01   3.0062812e+01   3.0062477e+01   3.0062163e+01   3.0061867e+01   3.0061589e+01   3.0061329e+01   3.0061085e+01   3.0060856e+01   3.0060641e+01   3.0060439e+01   3.0060248e+01   3.0060068e+01   3.0059898e+01   3.0059737e+01   3.0059585e+01   3.0059440e+01   3.0059301e+01   3.0059169e+01   3.0059042e+01   3.0058920e+01   3.0058802e+01   3.0058687e+01   3.0058575e+01   3.0058466e+01   3.0058359e+01   3.0058254e+01   3.0058151e+01   3.0058049e+01   3.0057948e+01   3.0057848e+01   3.0057748e+01   3.0057649e+01   3.0057550e+01   3.0057451e+01   3.0057352e+01   3.0057254e+01   3.0057155e+01   3.0057057e+01   3.0056958e+01   3.0056860e+01   3.0056761e+01   3.0056663e+01   3.0056564e+01   3.0056466e+01   3.0056367e+01   3.0056268e+01   3.0056169e+01   3.0056071e+01   3.0055972e+01   3.0055873e+01   3.0055774e+01   3.0055676e+01   3.0055577e+01   3.0055478e+01   3.0055379e+01   3.0055280e+01   3.0055181e+01   3.0055082e+01   3.0054983e+01   3.0054884e+01   3.0054785e+01   3.0054686e+01   3.0054587e+01   3.0054488e+01   3.0054389e+01   3.0054290e+01   3.0054191e+01   3.0054091e+01   3.0053992e+01   3.0053893e+01   3.0053794e+01   3.0053695e+01   3.0053596e+01   3.0053497e+01   3.0053398e+01   3.0053299e+01   3.0053200e+01   3.0053101e+01   3.0053002e+01   3.0052903e+01   3.0052803e+01   3.0052704e+01   3.0052605e+01   3.0052506e+01   3.0052407e+01   3.0052308e+01   3.0052209e+01   3.0052109e+01   3.0052010e+01   3.0051911e+01   3.0051812e+01   3.0051712e+01   3.0051613e+01   3.0051514e+01   3.0051414e+01   3.0051315e+01   3.0051215e+01   3.0051115e+01   3.0051015e+01   3.0050915e+01   3.0050815e+01   3.0050715e+01   3.0050615e+01   3.0050514e+01   3.0050413e+01   3.0050312e+01   3.0050211e+01   3.0050110e+01   3.0050008e+01   3.0049906e+01   3.0049804e+01   3.0049702e+01   3.0049599e+01   3.0049495e+01   3.0049392e+01   3.0049288e+01   3.0049183e+01   3.0049078e+01   3.0048973e+01   3.0048867e+01   3.0048760e+01   3.0048653e+01   3.0048545e+01   3.0048437e+01   3.0048328e+01   3.0048218e+01   3.0048108e+01   3.0047996e+01   3.0047884e+01   3.0047770e+01   3.0047657e+01   3.0047541e+01   3.0047426e+01   3.0047308e+01   3.0047191e+01   3.0047071e+01   3.0046951e+01   3.0046828e+01   3.0046706e+01   3.0046581e+01   3.0046456e+01   3.0046328e+01   3.0046200e+01   3.0046068e+01   3.0045937e+01   3.0045802e+01   3.0045668e+01   3.0045529e+01   3.0045391e+01   3.0045249e+01   3.0045107e+01   3.0044960e+01   3.0044814e+01   3.0044663e+01   3.0044512e+01   3.0044357e+01   3.0044201e+01   3.0044040e+01   3.0043879e+01   3.0043713e+01   3.0043547e+01   3.0043375e+01   3.0043203e+01   3.0043021e+01   3.0042839e+01   3.0042645e+01   3.0042451e+01   3.0042241e+01   3.0042031e+01   3.0041800e+01   3.0041570e+01   3.0041314e+01   3.0041058e+01   3.0040770e+01   3.0040483e+01   3.0040158e+01   3.0039832e+01   3.0039462e+01   3.0039092e+01   3.0038671e+01   3.0038249e+01   3.0037768e+01   3.0037287e+01   3.0036740e+01   3.0036193e+01   3.0035571e+01   3.0034949e+01   3.0034243e+01   3.0033538e+01   3.0032738e+01   3.0031939e+01   3.0031035e+01   3.0030131e+01   3.0029115e+01   3.0028098e+01   3.0026963e+01   3.0025828e+01   3.0024579e+01   3.0023329e+01   3.0021984e+01   3.0020640e+01   3.0019246e+01   3.0017853e+01
   3.0064794e+01   3.0064363e+01   3.0063942e+01   3.0063533e+01   3.0063141e+01   3.0062768e+01   3.0062414e+01   3.0062080e+01   3.0061766e+01   3.0061471e+01   3.0061195e+01   3.0060935e+01   3.0060692e+01   3.0060463e+01   3.0060249e+01   3.0060047e+01   3.0059857e+01   3.0059678e+01   3.0059508e+01   3.0059348e+01   3.0059196e+01   3.0059051e+01   3.0058914e+01   3.0058782e+01   3.0058655e+01   3.0058533e+01   3.0058416e+01   3.0058301e+01   3.0058190e+01   3.0058081e+01   3.0057975e+01   3.0057870e+01   3.0057767e+01   3.0057666e+01   3.0057565e+01   3.0057465e+01   3.0057365e+01   3.0057266e+01   3.0057168e+01   3.0057069e+01   3.0056971e+01   3.0056873e+01   3.0056774e+01   3.0056676e+01   3.0056578e+01   3.0056479e+01   3.0056381e+01   3.0056282e+01   3.0056184e+01   3.0056085e+01   3.0055987e+01   3.0055888e+01   3.0055790e+01   3.0055691e+01   3.0055593e+01   3.0055494e+01   3.0055395e+01   3.0055296e+01   3.0055198e+01   3.0055099e+01   3.0055000e+01   3.0054901e+01   3.0054802e+01   3.0054704e+01   3.0054605e+01   3.0054506e+01   3.0054407e+01   3.0054308e+01   3.0054209e+01   3.0054110e+01   3.0054011e+01   3.0053912e+01   3.0053813e+01   3.0053714e+01   3.0053615e+01   3.0053516e+01   3.0053417e+01   3.0053319e+01   3.0053220e+01   3.0053121e+01   3.0053022e+01   3.0052923e+01   3.0052824e+01   3.0052725e+01   3.0052626e+01   3.0052527e+01   3.0052428e+01   3.0052329e+01   3.0052230e+01   3.0052131e+01   3.0052032e+01   3.0051933e+01   3.0051833e+01   3.0051734e+01   3.0051635e+01   3.0051536e+01   3.0051437e+01   3.0051338e+01   3.0051239e+01   3.0051139e+01   3.0051040e+01   3.0050940e+01   3.0050841e+01   3.0050741e+01   3.0050642e+01   3.0050542e+01   3.0050442e+01   3.0050342e+01   3.0050242e+01   3.0050141e+01   3.0050041e+01   3.0049940e+01   3.0049839e+01   3.0049737e+01   3.0049636e+01   3.0049534e+01   3.0049432e+01   3.0049329e+01   3.0049227e+01   3.0049123e+01   3.0049020e+01   3.0048916e+01   3.0048812e+01   3.0048707e+01   3.0048602e+01   3.0048495e+01   3.0048389e+01   3.0048282e+01   3.0048175e+01   3.0048066e+01   3.0047957e+01   3.0047847e+01   3.0047737e+01   3.0047625e+01   3.0047514e+01   3.0047400e+01   3.0047287e+01   3.0047171e+01   3.0047056e+01   3.0046939e+01   3.0046821e+01   3.0046701e+01   3.0046581e+01   3.0046459e+01   3.0046337e+01   3.0046212e+01   3.0046087e+01   3.0045959e+01   3.0045831e+01   3.0045700e+01   3.0045568e+01   3.0045434e+01   3.0045299e+01   3.0045161e+01   3.0045023e+01   3.0044881e+01   3.0044739e+01   3.0044592e+01   3.0044446e+01   3.0044295e+01   3.0044144e+01   3.0043989e+01   3.0043833e+01   3.0043672e+01   3.0043511e+01   3.0043345e+01   3.0043179e+01   3.0043007e+01   3.0042835e+01   3.0042653e+01   3.0042471e+01   3.0042277e+01   3.0042083e+01   3.0041873e+01   3.0041663e+01   3.0041432e+01   3.0041202e+01   3.0040946e+01   3.0040690e+01   3.0040402e+01   3.0040115e+01   3.0039789e+01   3.0039464e+01   3.0039094e+01   3.0038724e+01   3.0038302e+01   3.0037880e+01   3.0037399e+01   3.0036918e+01   3.0036370e+01   3.0035823e+01   3.0035201e+01   3.0034578e+01   3.0033872e+01   3.0033166e+01   3.0032366e+01   3.0031566e+01   3.0030662e+01   3.0029758e+01   3.0028741e+01   3.0027723e+01   3.0026587e+01   3.0025451e+01   3.0024200e+01   3.0022948e+01   3.0021602e+01   3.0020255e+01   3.0018861e+01   3.0017466e+01
   3.0064391e+01   3.0063961e+01   3.0063540e+01   3.0063133e+01   3.0062742e+01   3.0062369e+01   3.0062016e+01   3.0061683e+01   3.0061370e+01   3.0061075e+01   3.0060800e+01   3.0060541e+01   3.0060298e+01   3.0060071e+01   3.0059857e+01   3.0059655e+01   3.0059466e+01   3.0059287e+01   3.0059118e+01   3.0058959e+01   3.0058807e+01   3.0058663e+01   3.0058526e+01   3.0058394e+01   3.0058268e+01   3.0058147e+01   3.0058029e+01   3.0057915e+01   3.0057805e+01   3.0057696e+01   3.0057590e+01   3.0057486e+01   3.0057383e+01   3.0057282e+01   3.0057181e+01   3.0057082e+01   3.0056983e+01   3.0056884e+01   3.0056785e+01   3.0056687e+01   3.0056589e+01   3.0056491e+01   3.0056393e+01   3.0056295e+01   3.0056197e+01   3.0056098e+01   3.0056000e+01   3.0055902e+01   3.0055804e+01   3.0055705e+01   3.0055607e+01   3.0055509e+01   3.0055410e+01   3.0055312e+01   3.0055213e+01   3.0055115e+01   3.0055016e+01   3.0054918e+01   3.0054819e+01   3.0054721e+01   3.0054622e+01   3.0054523e+01   3.0054424e+01   3.0054325e+01   3.0054227e+01   3.0054128e+01   3.0054029e+01   3.0053930e+01   3.0053831e+01   3.0053733e+01   3.0053634e+01   3.0053535e+01   3.0053436e+01   3.0053337e+01   3.0053238e+01   3.0053140e+01   3.0053041e+01   3.0052942e+01   3.0052843e+01   3.0052744e+01   3.0052645e+01   3.0052546e+01   3.0052448e+01   3.0052349e+01   3.0052250e+01   3.0052151e+01   3.0052052e+01   3.0051953e+01   3.0051854e+01   3.0051755e+01   3.0051656e+01   3.0051558e+01   3.0051459e+01   3.0051360e+01   3.0051261e+01   3.0051162e+01   3.0051063e+01   3.0050963e+01   3.0050864e+01   3.0050765e+01   3.0050666e+01   3.0050567e+01   3.0050467e+01   3.0050368e+01   3.0050268e+01   3.0050168e+01   3.0050069e+01   3.0049968e+01   3.0049868e+01   3.0049768e+01   3.0049668e+01   3.0049567e+01   3.0049466e+01   3.0049365e+01   3.0049263e+01   3.0049162e+01   3.0049060e+01   3.0048957e+01   3.0048855e+01   3.0048752e+01   3.0048648e+01   3.0048544e+01   3.0048440e+01   3.0048335e+01   3.0048230e+01   3.0048124e+01   3.0048018e+01   3.0047911e+01   3.0047804e+01   3.0047695e+01   3.0047587e+01   3.0047477e+01   3.0047367e+01   3.0047255e+01   3.0047143e+01   3.0047030e+01   3.0046917e+01   3.0046801e+01   3.0046686e+01   3.0046569e+01   3.0046451e+01   3.0046332e+01   3.0046212e+01   3.0046090e+01   3.0045968e+01   3.0045843e+01   3.0045718e+01   3.0045590e+01   3.0045462e+01   3.0045331e+01   3.0045200e+01   3.0045065e+01   3.0044931e+01   3.0044793e+01   3.0044655e+01   3.0044513e+01   3.0044371e+01   3.0044224e+01   3.0044078e+01   3.0043927e+01   3.0043776e+01   3.0043621e+01   3.0043465e+01   3.0043305e+01   3.0043144e+01   3.0042978e+01   3.0042811e+01   3.0042639e+01   3.0042467e+01   3.0042286e+01   3.0042104e+01   3.0041910e+01   3.0041716e+01   3.0041505e+01   3.0041295e+01   3.0041065e+01   3.0040834e+01   3.0040578e+01   3.0040322e+01   3.0040034e+01   3.0039747e+01   3.0039422e+01   3.0039096e+01   3.0038726e+01   3.0038355e+01   3.0037933e+01   3.0037511e+01   3.0037030e+01   3.0036549e+01   3.0036001e+01   3.0035453e+01   3.0034831e+01   3.0034208e+01   3.0033502e+01   3.0032795e+01   3.0031995e+01   3.0031194e+01   3.0030290e+01   3.0029385e+01   3.0028367e+01   3.0027349e+01   3.0026212e+01   3.0025074e+01   3.0023821e+01   3.0022568e+01   3.0021219e+01   3.0019871e+01   3.0018475e+01   3.0017079e+01
   3.0063988e+01   3.0063559e+01   3.0063139e+01   3.0062732e+01   3.0062342e+01   3.0061970e+01   3.0061618e+01   3.0061286e+01   3.0060973e+01   3.0060680e+01   3.0060405e+01   3.0060147e+01   3.0059905e+01   3.0059678e+01   3.0059464e+01   3.0059264e+01   3.0059075e+01   3.0058897e+01   3.0058728e+01   3.0058569e+01   3.0058418e+01   3.0058275e+01   3.0058138e+01   3.0058007e+01   3.0057881e+01   3.0057760e+01   3.0057643e+01   3.0057530e+01   3.0057419e+01   3.0057311e+01   3.0057206e+01   3.0057102e+01   3.0056999e+01   3.0056898e+01   3.0056798e+01   3.0056699e+01   3.0056600e+01   3.0056501e+01   3.0056403e+01   3.0056305e+01   3.0056207e+01   3.0056109e+01   3.0056012e+01   3.0055914e+01   3.0055816e+01   3.0055718e+01   3.0055620e+01   3.0055522e+01   3.0055423e+01   3.0055325e+01   3.0055227e+01   3.0055129e+01   3.0055031e+01   3.0054932e+01   3.0054834e+01   3.0054735e+01   3.0054637e+01   3.0054538e+01   3.0054440e+01   3.0054342e+01   3.0054243e+01   3.0054144e+01   3.0054046e+01   3.0053947e+01   3.0053848e+01   3.0053750e+01   3.0053651e+01   3.0053552e+01   3.0053454e+01   3.0053355e+01   3.0053256e+01   3.0053158e+01   3.0053059e+01   3.0052960e+01   3.0052861e+01   3.0052763e+01   3.0052664e+01   3.0052565e+01   3.0052467e+01   3.0052368e+01   3.0052269e+01   3.0052170e+01   3.0052072e+01   3.0051973e+01   3.0051874e+01   3.0051775e+01   3.0051676e+01   3.0051578e+01   3.0051479e+01   3.0051380e+01   3.0051281e+01   3.0051182e+01   3.0051084e+01   3.0050985e+01   3.0050886e+01   3.0050787e+01   3.0050688e+01   3.0050589e+01   3.0050490e+01   3.0050391e+01   3.0050292e+01   3.0050193e+01   3.0050093e+01   3.0049994e+01   3.0049894e+01   3.0049795e+01   3.0049695e+01   3.0049595e+01   3.0049495e+01   3.0049395e+01   3.0049295e+01   3.0049194e+01   3.0049093e+01   3.0048992e+01   3.0048891e+01   3.0048789e+01   3.0048688e+01   3.0048585e+01   3.0048483e+01   3.0048380e+01   3.0048277e+01   3.0048173e+01   3.0048069e+01   3.0047964e+01   3.0047859e+01   3.0047753e+01   3.0047647e+01   3.0047540e+01   3.0047433e+01   3.0047324e+01   3.0047216e+01   3.0047106e+01   3.0046996e+01   3.0046885e+01   3.0046773e+01   3.0046660e+01   3.0046547e+01   3.0046432e+01   3.0046316e+01   3.0046199e+01   3.0046082e+01   3.0045962e+01   3.0045843e+01   3.0045721e+01   3.0045599e+01   3.0045474e+01   3.0045349e+01   3.0045221e+01   3.0045093e+01   3.0044962e+01   3.0044831e+01   3.0044697e+01   3.0044563e+01   3.0044425e+01   3.0044287e+01   3.0044145e+01   3.0044003e+01   3.0043856e+01   3.0043710e+01   3.0043559e+01   3.0043409e+01   3.0043253e+01   3.0043098e+01   3.0042937e+01   3.0042776e+01   3.0042610e+01   3.0042444e+01   3.0042272e+01   3.0042100e+01   3.0041918e+01   3.0041736e+01   3.0041542e+01   3.0041348e+01   3.0041138e+01   3.0040928e+01   3.0040697e+01   3.0040466e+01   3.0040210e+01   3.0039954e+01   3.0039667e+01   3.0039379e+01   3.0039054e+01   3.0038728e+01   3.0038358e+01   3.0037987e+01   3.0037565e+01   3.0037143e+01   3.0036661e+01   3.0036180e+01   3.0035632e+01   3.0035084e+01   3.0034461e+01   3.0033838e+01   3.0033131e+01   3.0032424e+01   3.0031623e+01   3.0030822e+01   3.0029917e+01   3.0029012e+01   3.0027993e+01   3.0026974e+01   3.0025836e+01   3.0024697e+01   3.0023442e+01   3.0022187e+01   3.0020837e+01   3.0019486e+01   3.0018089e+01   3.0016692e+01
   3.0063584e+01   3.0063156e+01   3.0062737e+01   3.0062331e+01   3.0061942e+01   3.0061571e+01   3.0061220e+01   3.0060888e+01   3.0060577e+01   3.0060284e+01   3.0060010e+01   3.0059752e+01   3.0059511e+01   3.0059285e+01   3.0059072e+01   3.0058872e+01   3.0058684e+01   3.0058506e+01   3.0058339e+01   3.0058180e+01   3.0058030e+01   3.0057886e+01   3.0057750e+01   3.0057620e+01   3.0057494e+01   3.0057374e+01   3.0057257e+01   3.0057144e+01   3.0057034e+01   3.0056926e+01   3.0056821e+01   3.0056717e+01   3.0056615e+01   3.0056515e+01   3.0056415e+01   3.0056316e+01   3.0056217e+01   3.0056119e+01   3.0056021e+01   3.0055923e+01   3.0055826e+01   3.0055728e+01   3.0055630e+01   3.0055532e+01   3.0055435e+01   3.0055337e+01   3.0055239e+01   3.0055141e+01   3.0055043e+01   3.0054945e+01   3.0054847e+01   3.0054749e+01   3.0054651e+01   3.0054553e+01   3.0054454e+01   3.0054356e+01   3.0054258e+01   3.0054159e+01   3.0054061e+01   3.0053963e+01   3.0053864e+01   3.0053766e+01   3.0053667e+01   3.0053569e+01   3.0053470e+01   3.0053372e+01   3.0053273e+01   3.0053175e+01   3.0053076e+01   3.0052977e+01   3.0052879e+01   3.0052780e+01   3.0052682e+01   3.0052583e+01   3.0052484e+01   3.0052386e+01   3.0052287e+01   3.0052189e+01   3.0052090e+01   3.0051991e+01   3.0051893e+01   3.0051794e+01   3.0051695e+01   3.0051597e+01   3.0051498e+01   3.0051399e+01   3.0051301e+01   3.0051202e+01   3.0051103e+01   3.0051005e+01   3.0050906e+01   3.0050807e+01   3.0050709e+01   3.0050610e+01   3.0050511e+01   3.0050412e+01   3.0050314e+01   3.0050215e+01   3.0050116e+01   3.0050017e+01   3.0049918e+01   3.0049819e+01   3.0049719e+01   3.0049620e+01   3.0049521e+01   3.0049421e+01   3.0049322e+01   3.0049222e+01   3.0049122e+01   3.0049022e+01   3.0048922e+01   3.0048821e+01   3.0048721e+01   3.0048620e+01   3.0048519e+01   3.0048417e+01   3.0048315e+01   3.0048213e+01   3.0048111e+01   3.0048008e+01   3.0047905e+01   3.0047801e+01   3.0047697e+01   3.0047592e+01   3.0047488e+01   3.0047382e+01   3.0047276e+01   3.0047169e+01   3.0047062e+01   3.0046954e+01   3.0046845e+01   3.0046736e+01   3.0046626e+01   3.0046514e+01   3.0046403e+01   3.0046290e+01   3.0046177e+01   3.0046062e+01   3.0045947e+01   3.0045830e+01   3.0045712e+01   3.0045593e+01   3.0045473e+01   3.0045351e+01   3.0045230e+01   3.0045105e+01   3.0044980e+01   3.0044852e+01   3.0044725e+01   3.0044594e+01   3.0044463e+01   3.0044329e+01   3.0044194e+01   3.0044056e+01   3.0043918e+01   3.0043776e+01   3.0043635e+01   3.0043488e+01   3.0043342e+01   3.0043192e+01   3.0043041e+01   3.0042885e+01   3.0042730e+01   3.0042569e+01   3.0042409e+01   3.0042243e+01   3.0042076e+01   3.0041904e+01   3.0041732e+01   3.0041551e+01   3.0041369e+01   3.0041175e+01   3.0040981e+01   3.0040771e+01   3.0040560e+01   3.0040330e+01   3.0040099e+01   3.0039843e+01   3.0039587e+01   3.0039299e+01   3.0039012e+01   3.0038686e+01   3.0038361e+01   3.0037990e+01   3.0037619e+01   3.0037197e+01   3.0036775e+01   3.0036293e+01   3.0035811e+01   3.0035263e+01   3.0034715e+01   3.0034091e+01   3.0033468e+01   3.0032761e+01   3.0032054e+01   3.0031252e+01   3.0030451e+01   3.0029545e+01   3.0028639e+01   3.0027620e+01   3.0026600e+01   3.0025460e+01   3.0024320e+01   3.0023063e+01   3.0021806e+01   3.0020454e+01   3.0019102e+01   3.0017704e+01   3.0016305e+01
   3.0063181e+01   3.0062753e+01   3.0062335e+01   3.0061930e+01   3.0061542e+01   3.0061172e+01   3.0060822e+01   3.0060491e+01   3.0060180e+01   3.0059888e+01   3.0059615e+01   3.0059358e+01   3.0059118e+01   3.0058892e+01   3.0058680e+01   3.0058481e+01   3.0058293e+01   3.0058116e+01   3.0057949e+01   3.0057791e+01   3.0057641e+01   3.0057498e+01   3.0057362e+01   3.0057232e+01   3.0057107e+01   3.0056987e+01   3.0056871e+01   3.0056758e+01   3.0056649e+01   3.0056542e+01   3.0056436e+01   3.0056333e+01   3.0056232e+01   3.0056131e+01   3.0056031e+01   3.0055933e+01   3.0055834e+01   3.0055736e+01   3.0055639e+01   3.0055541e+01   3.0055444e+01   3.0055346e+01   3.0055249e+01   3.0055151e+01   3.0055054e+01   3.0054956e+01   3.0054859e+01   3.0054761e+01   3.0054663e+01   3.0054565e+01   3.0054467e+01   3.0054369e+01   3.0054271e+01   3.0054173e+01   3.0054075e+01   3.0053977e+01   3.0053879e+01   3.0053781e+01   3.0053683e+01   3.0053584e+01   3.0053486e+01   3.0053387e+01   3.0053289e+01   3.0053191e+01   3.0053092e+01   3.0052994e+01   3.0052895e+01   3.0052797e+01   3.0052698e+01   3.0052600e+01   3.0052501e+01   3.0052403e+01   3.0052304e+01   3.0052206e+01   3.0052107e+01   3.0052009e+01   3.0051910e+01   3.0051812e+01   3.0051713e+01   3.0051615e+01   3.0051516e+01   3.0051418e+01   3.0051319e+01   3.0051221e+01   3.0051122e+01   3.0051024e+01   3.0050925e+01   3.0050827e+01   3.0050728e+01   3.0050629e+01   3.0050531e+01   3.0050432e+01   3.0050334e+01   3.0050235e+01   3.0050136e+01   3.0050038e+01   3.0049939e+01   3.0049840e+01   3.0049741e+01   3.0049643e+01   3.0049544e+01   3.0049445e+01   3.0049346e+01   3.0049247e+01   3.0049147e+01   3.0049048e+01   3.0048948e+01   3.0048849e+01   3.0048749e+01   3.0048649e+01   3.0048549e+01   3.0048448e+01   3.0048348e+01   3.0048247e+01   3.0048146e+01   3.0048045e+01   3.0047943e+01   3.0047841e+01   3.0047739e+01   3.0047636e+01   3.0047533e+01   3.0047429e+01   3.0047326e+01   3.0047221e+01   3.0047116e+01   3.0047011e+01   3.0046905e+01   3.0046798e+01   3.0046691e+01   3.0046583e+01   3.0046475e+01   3.0046365e+01   3.0046256e+01   3.0046144e+01   3.0046033e+01   3.0045920e+01   3.0045807e+01   3.0045692e+01   3.0045577e+01   3.0045460e+01   3.0045343e+01   3.0045224e+01   3.0045104e+01   3.0044982e+01   3.0044860e+01   3.0044736e+01   3.0044611e+01   3.0044484e+01   3.0044356e+01   3.0044225e+01   3.0044094e+01   3.0043960e+01   3.0043826e+01   3.0043688e+01   3.0043550e+01   3.0043408e+01   3.0043267e+01   3.0043121e+01   3.0042974e+01   3.0042824e+01   3.0042673e+01   3.0042518e+01   3.0042362e+01   3.0042202e+01   3.0042041e+01   3.0041875e+01   3.0041709e+01   3.0041537e+01   3.0041365e+01   3.0041183e+01   3.0041002e+01   3.0040808e+01   3.0040614e+01   3.0040403e+01   3.0040193e+01   3.0039962e+01   3.0039732e+01   3.0039476e+01   3.0039220e+01   3.0038932e+01   3.0038644e+01   3.0038319e+01   3.0037993e+01   3.0037622e+01   3.0037252e+01   3.0036829e+01   3.0036406e+01   3.0035925e+01   3.0035443e+01   3.0034894e+01   3.0034346e+01   3.0033722e+01   3.0033098e+01   3.0032391e+01   3.0031683e+01   3.0030881e+01   3.0030079e+01   3.0029173e+01   3.0028267e+01   3.0027246e+01   3.0026225e+01   3.0025084e+01   3.0023943e+01   3.0022684e+01   3.0021426e+01   3.0020072e+01   3.0018718e+01   3.0017318e+01   3.0015919e+01
   3.0062778e+01   3.0062351e+01   3.0061933e+01   3.0061530e+01   3.0061142e+01   3.0060773e+01   3.0060423e+01   3.0060094e+01   3.0059784e+01   3.0059493e+01   3.0059220e+01   3.0058964e+01   3.0058724e+01   3.0058499e+01   3.0058288e+01   3.0058089e+01   3.0057902e+01   3.0057726e+01   3.0057559e+01   3.0057401e+01   3.0057252e+01   3.0057110e+01   3.0056974e+01   3.0056845e+01   3.0056721e+01   3.0056601e+01   3.0056485e+01   3.0056373e+01   3.0056263e+01   3.0056157e+01   3.0056052e+01   3.0055949e+01   3.0055848e+01   3.0055747e+01   3.0055648e+01   3.0055550e+01   3.0055452e+01   3.0055354e+01   3.0055257e+01   3.0055159e+01   3.0055062e+01   3.0054965e+01   3.0054868e+01   3.0054770e+01   3.0054673e+01   3.0054576e+01   3.0054478e+01   3.0054380e+01   3.0054283e+01   3.0054185e+01   3.0054087e+01   3.0053989e+01   3.0053891e+01   3.0053794e+01   3.0053696e+01   3.0053598e+01   3.0053500e+01   3.0053401e+01   3.0053303e+01   3.0053205e+01   3.0053107e+01   3.0053009e+01   3.0052911e+01   3.0052812e+01   3.0052714e+01   3.0052616e+01   3.0052517e+01   3.0052419e+01   3.0052321e+01   3.0052222e+01   3.0052124e+01   3.0052026e+01   3.0051927e+01   3.0051829e+01   3.0051730e+01   3.0051632e+01   3.0051534e+01   3.0051435e+01   3.0051337e+01   3.0051239e+01   3.0051140e+01   3.0051042e+01   3.0050943e+01   3.0050845e+01   3.0050746e+01   3.0050648e+01   3.0050550e+01   3.0050451e+01   3.0050353e+01   3.0050254e+01   3.0050156e+01   3.0050057e+01   3.0049959e+01   3.0049860e+01   3.0049762e+01   3.0049663e+01   3.0049565e+01   3.0049466e+01   3.0049367e+01   3.0049268e+01   3.0049170e+01   3.0049071e+01   3.0048972e+01   3.0048873e+01   3.0048774e+01   3.0048674e+01   3.0048575e+01   3.0048476e+01   3.0048376e+01   3.0048276e+01   3.0048176e+01   3.0048076e+01   3.0047975e+01   3.0047875e+01   3.0047774e+01   3.0047672e+01   3.0047571e+01   3.0047469e+01   3.0047367e+01   3.0047264e+01   3.0047162e+01   3.0047058e+01   3.0046954e+01   3.0046850e+01   3.0046745e+01   3.0046640e+01   3.0046534e+01   3.0046427e+01   3.0046321e+01   3.0046212e+01   3.0046104e+01   3.0045995e+01   3.0045885e+01   3.0045774e+01   3.0045663e+01   3.0045550e+01   3.0045437e+01   3.0045322e+01   3.0045207e+01   3.0045091e+01   3.0044974e+01   3.0044854e+01   3.0044735e+01   3.0044613e+01   3.0044491e+01   3.0044367e+01   3.0044242e+01   3.0044115e+01   3.0043987e+01   3.0043857e+01   3.0043726e+01   3.0043592e+01   3.0043458e+01   3.0043320e+01   3.0043182e+01   3.0043040e+01   3.0042899e+01   3.0042753e+01   3.0042607e+01   3.0042456e+01   3.0042306e+01   3.0042150e+01   3.0041995e+01   3.0041834e+01   3.0041674e+01   3.0041508e+01   3.0041342e+01   3.0041170e+01   3.0040998e+01   3.0040816e+01   3.0040635e+01   3.0040440e+01   3.0040246e+01   3.0040036e+01   3.0039826e+01   3.0039595e+01   3.0039365e+01   3.0039108e+01   3.0038852e+01   3.0038565e+01   3.0038277e+01   3.0037951e+01   3.0037626e+01   3.0037255e+01   3.0036884e+01   3.0036461e+01   3.0036038e+01   3.0035556e+01   3.0035074e+01   3.0034526e+01   3.0033977e+01   3.0033353e+01   3.0032729e+01   3.0032021e+01   3.0031313e+01   3.0030511e+01   3.0029708e+01   3.0028801e+01   3.0027894e+01   3.0026873e+01   3.0025851e+01   3.0024708e+01   3.0023566e+01   3.0022306e+01   3.0021045e+01   3.0019689e+01   3.0018334e+01   3.0016933e+01   3.0015532e+01
   3.0062375e+01   3.0061949e+01   3.0061532e+01   3.0061129e+01   3.0060742e+01   3.0060374e+01   3.0060025e+01   3.0059696e+01   3.0059387e+01   3.0059097e+01   3.0058825e+01   3.0058570e+01   3.0058331e+01   3.0058106e+01   3.0057896e+01   3.0057698e+01   3.0057511e+01   3.0057335e+01   3.0057169e+01   3.0057012e+01   3.0056863e+01   3.0056721e+01   3.0056587e+01   3.0056457e+01   3.0056334e+01   3.0056214e+01   3.0056099e+01   3.0055987e+01   3.0055878e+01   3.0055772e+01   3.0055667e+01   3.0055565e+01   3.0055464e+01   3.0055364e+01   3.0055265e+01   3.0055167e+01   3.0055069e+01   3.0054972e+01   3.0054874e+01   3.0054777e+01   3.0054680e+01   3.0054583e+01   3.0054486e+01   3.0054389e+01   3.0054292e+01   3.0054195e+01   3.0054098e+01   3.0054000e+01   3.0053903e+01   3.0053805e+01   3.0053707e+01   3.0053610e+01   3.0053512e+01   3.0053414e+01   3.0053316e+01   3.0053218e+01   3.0053120e+01   3.0053022e+01   3.0052924e+01   3.0052826e+01   3.0052728e+01   3.0052630e+01   3.0052532e+01   3.0052434e+01   3.0052336e+01   3.0052238e+01   3.0052139e+01   3.0052041e+01   3.0051943e+01   3.0051845e+01   3.0051746e+01   3.0051648e+01   3.0051550e+01   3.0051452e+01   3.0051353e+01   3.0051255e+01   3.0051157e+01   3.0051059e+01   3.0050960e+01   3.0050862e+01   3.0050764e+01   3.0050665e+01   3.0050567e+01   3.0050469e+01   3.0050371e+01   3.0050272e+01   3.0050174e+01   3.0050076e+01   3.0049977e+01   3.0049879e+01   3.0049781e+01   3.0049682e+01   3.0049584e+01   3.0049485e+01   3.0049387e+01   3.0049288e+01   3.0049190e+01   3.0049092e+01   3.0048993e+01   3.0048894e+01   3.0048796e+01   3.0048697e+01   3.0048598e+01   3.0048499e+01   3.0048400e+01   3.0048301e+01   3.0048202e+01   3.0048102e+01   3.0048003e+01   3.0047903e+01   3.0047803e+01   3.0047703e+01   3.0047603e+01   3.0047502e+01   3.0047401e+01   3.0047300e+01   3.0047199e+01   3.0047097e+01   3.0046995e+01   3.0046892e+01   3.0046790e+01   3.0046686e+01   3.0046583e+01   3.0046478e+01   3.0046374e+01   3.0046269e+01   3.0046163e+01   3.0046056e+01   3.0045950e+01   3.0045842e+01   3.0045734e+01   3.0045624e+01   3.0045515e+01   3.0045404e+01   3.0045293e+01   3.0045180e+01   3.0045067e+01   3.0044953e+01   3.0044838e+01   3.0044721e+01   3.0044604e+01   3.0044485e+01   3.0044366e+01   3.0044244e+01   3.0044122e+01   3.0043998e+01   3.0043874e+01   3.0043746e+01   3.0043619e+01   3.0043488e+01   3.0043358e+01   3.0043224e+01   3.0043090e+01   3.0042952e+01   3.0042814e+01   3.0042672e+01   3.0042531e+01   3.0042385e+01   3.0042239e+01   3.0042088e+01   3.0041938e+01   3.0041783e+01   3.0041627e+01   3.0041467e+01   3.0041306e+01   3.0041140e+01   3.0040974e+01   3.0040802e+01   3.0040630e+01   3.0040449e+01   3.0040267e+01   3.0040073e+01   3.0039879e+01   3.0039669e+01   3.0039459e+01   3.0039228e+01   3.0038997e+01   3.0038741e+01   3.0038485e+01   3.0038197e+01   3.0037910e+01   3.0037584e+01   3.0037258e+01   3.0036887e+01   3.0036516e+01   3.0036093e+01   3.0035671e+01   3.0035188e+01   3.0034706e+01   3.0034157e+01   3.0033608e+01   3.0032984e+01   3.0032360e+01   3.0031651e+01   3.0030943e+01   3.0030140e+01   3.0029337e+01   3.0028429e+01   3.0027522e+01   3.0026499e+01   3.0025477e+01   3.0024333e+01   3.0023189e+01   3.0021927e+01   3.0020665e+01   3.0019307e+01   3.0017950e+01   3.0016548e+01   3.0015146e+01
   3.0061971e+01   3.0061546e+01   3.0061131e+01   3.0060728e+01   3.0060342e+01   3.0059975e+01   3.0059627e+01   3.0059299e+01   3.0058990e+01   3.0058701e+01   3.0058430e+01   3.0058176e+01   3.0057937e+01   3.0057714e+01   3.0057504e+01   3.0057306e+01   3.0057120e+01   3.0056945e+01   3.0056779e+01   3.0056623e+01   3.0056474e+01   3.0056333e+01   3.0056199e+01   3.0056070e+01   3.0055947e+01   3.0055828e+01   3.0055713e+01   3.0055601e+01   3.0055493e+01   3.0055387e+01   3.0055283e+01   3.0055181e+01   3.0055080e+01   3.0054980e+01   3.0054882e+01   3.0054784e+01   3.0054686e+01   3.0054589e+01   3.0054492e+01   3.0054395e+01   3.0054299e+01   3.0054202e+01   3.0054105e+01   3.0054008e+01   3.0053911e+01   3.0053814e+01   3.0053717e+01   3.0053620e+01   3.0053522e+01   3.0053425e+01   3.0053327e+01   3.0053230e+01   3.0053132e+01   3.0053035e+01   3.0052937e+01   3.0052839e+01   3.0052741e+01   3.0052644e+01   3.0052546e+01   3.0052448e+01   3.0052350e+01   3.0052252e+01   3.0052154e+01   3.0052056e+01   3.0051958e+01   3.0051860e+01   3.0051761e+01   3.0051663e+01   3.0051565e+01   3.0051467e+01   3.0051369e+01   3.0051271e+01   3.0051173e+01   3.0051075e+01   3.0050976e+01   3.0050878e+01   3.0050780e+01   3.0050682e+01   3.0050584e+01   3.0050486e+01   3.0050387e+01   3.0050289e+01   3.0050191e+01   3.0050093e+01   3.0049995e+01   3.0049897e+01   3.0049798e+01   3.0049700e+01   3.0049602e+01   3.0049504e+01   3.0049405e+01   3.0049307e+01   3.0049209e+01   3.0049111e+01   3.0049012e+01   3.0048914e+01   3.0048816e+01   3.0048717e+01   3.0048619e+01   3.0048520e+01   3.0048422e+01   3.0048323e+01   3.0048224e+01   3.0048126e+01   3.0048027e+01   3.0047928e+01   3.0047829e+01   3.0047729e+01   3.0047630e+01   3.0047530e+01   3.0047430e+01   3.0047330e+01   3.0047230e+01   3.0047130e+01   3.0047029e+01   3.0046928e+01   3.0046827e+01   3.0046725e+01   3.0046623e+01   3.0046521e+01   3.0046418e+01   3.0046315e+01   3.0046211e+01   3.0046107e+01   3.0046003e+01   3.0045897e+01   3.0045792e+01   3.0045686e+01   3.0045579e+01   3.0045471e+01   3.0045363e+01   3.0045254e+01   3.0045145e+01   3.0045034e+01   3.0044923e+01   3.0044810e+01   3.0044698e+01   3.0044583e+01   3.0044468e+01   3.0044352e+01   3.0044235e+01   3.0044116e+01   3.0043997e+01   3.0043875e+01   3.0043754e+01   3.0043629e+01   3.0043505e+01   3.0043378e+01   3.0043250e+01   3.0043120e+01   3.0042989e+01   3.0042855e+01   3.0042721e+01   3.0042584e+01   3.0042446e+01   3.0042304e+01   3.0042163e+01   3.0042017e+01   3.0041871e+01   3.0041721e+01   3.0041570e+01   3.0041415e+01   3.0041260e+01   3.0041099e+01   3.0040939e+01   3.0040773e+01   3.0040607e+01   3.0040435e+01   3.0040263e+01   3.0040082e+01   3.0039900e+01   3.0039706e+01   3.0039512e+01   3.0039302e+01   3.0039091e+01   3.0038861e+01   3.0038630e+01   3.0038374e+01   3.0038118e+01   3.0037830e+01   3.0037542e+01   3.0037217e+01   3.0036891e+01   3.0036520e+01   3.0036149e+01   3.0035726e+01   3.0035303e+01   3.0034820e+01   3.0034338e+01   3.0033789e+01   3.0033239e+01   3.0032615e+01   3.0031990e+01   3.0031282e+01   3.0030573e+01   3.0029769e+01   3.0028966e+01   3.0028058e+01   3.0027149e+01   3.0026126e+01   3.0025102e+01   3.0023957e+01   3.0022812e+01   3.0021548e+01   3.0020284e+01   3.0018925e+01   3.0017566e+01   3.0016163e+01   3.0014760e+01
   3.0061568e+01   3.0061144e+01   3.0060729e+01   3.0060327e+01   3.0059943e+01   3.0059576e+01   3.0059229e+01   3.0058902e+01   3.0058594e+01   3.0058305e+01   3.0058035e+01   3.0057781e+01   3.0057544e+01   3.0057321e+01   3.0057112e+01   3.0056915e+01   3.0056729e+01   3.0056555e+01   3.0056390e+01   3.0056234e+01   3.0056086e+01   3.0055945e+01   3.0055811e+01   3.0055683e+01   3.0055560e+01   3.0055441e+01   3.0055327e+01   3.0055216e+01   3.0055108e+01   3.0055002e+01   3.0054898e+01   3.0054796e+01   3.0054696e+01   3.0054597e+01   3.0054498e+01   3.0054401e+01   3.0054303e+01   3.0054207e+01   3.0054110e+01   3.0054013e+01   3.0053917e+01   3.0053820e+01   3.0053724e+01   3.0053627e+01   3.0053530e+01   3.0053433e+01   3.0053336e+01   3.0053239e+01   3.0053142e+01   3.0053045e+01   3.0052947e+01   3.0052850e+01   3.0052753e+01   3.0052655e+01   3.0052557e+01   3.0052460e+01   3.0052362e+01   3.0052264e+01   3.0052167e+01   3.0052069e+01   3.0051971e+01   3.0051873e+01   3.0051775e+01   3.0051677e+01   3.0051579e+01   3.0051481e+01   3.0051383e+01   3.0051285e+01   3.0051187e+01   3.0051089e+01   3.0050991e+01   3.0050893e+01   3.0050795e+01   3.0050697e+01   3.0050599e+01   3.0050501e+01   3.0050403e+01   3.0050305e+01   3.0050207e+01   3.0050109e+01   3.0050011e+01   3.0049913e+01   3.0049815e+01   3.0049717e+01   3.0049619e+01   3.0049521e+01   3.0049423e+01   3.0049325e+01   3.0049227e+01   3.0049128e+01   3.0049030e+01   3.0048932e+01   3.0048834e+01   3.0048736e+01   3.0048638e+01   3.0048539e+01   3.0048441e+01   3.0048343e+01   3.0048245e+01   3.0048146e+01   3.0048048e+01   3.0047949e+01   3.0047851e+01   3.0047752e+01   3.0047653e+01   3.0047554e+01   3.0047455e+01   3.0047356e+01   3.0047257e+01   3.0047157e+01   3.0047058e+01   3.0046958e+01   3.0046858e+01   3.0046757e+01   3.0046657e+01   3.0046556e+01   3.0046455e+01   3.0046353e+01   3.0046251e+01   3.0046149e+01   3.0046046e+01   3.0045943e+01   3.0045840e+01   3.0045736e+01   3.0045632e+01   3.0045526e+01   3.0045421e+01   3.0045315e+01   3.0045208e+01   3.0045100e+01   3.0044993e+01   3.0044884e+01   3.0044774e+01   3.0044664e+01   3.0044553e+01   3.0044440e+01   3.0044328e+01   3.0044213e+01   3.0044099e+01   3.0043982e+01   3.0043865e+01   3.0043746e+01   3.0043627e+01   3.0043506e+01   3.0043385e+01   3.0043260e+01   3.0043136e+01   3.0043009e+01   3.0042882e+01   3.0042751e+01   3.0042621e+01   3.0042487e+01   3.0042353e+01   3.0042215e+01   3.0042078e+01   3.0041936e+01   3.0041795e+01   3.0041649e+01   3.0041503e+01   3.0041353e+01   3.0041202e+01   3.0041047e+01   3.0040892e+01   3.0040732e+01   3.0040571e+01   3.0040405e+01   3.0040239e+01   3.0040068e+01   3.0039896e+01   3.0039714e+01   3.0039533e+01   3.0039339e+01   3.0039145e+01   3.0038934e+01   3.0038724e+01   3.0038494e+01   3.0038263e+01   3.0038007e+01   3.0037751e+01   3.0037463e+01   3.0037175e+01   3.0036849e+01   3.0036523e+01   3.0036152e+01   3.0035781e+01   3.0035358e+01   3.0034935e+01   3.0034452e+01   3.0033970e+01   3.0033420e+01   3.0032871e+01   3.0032246e+01   3.0031621e+01   3.0030912e+01   3.0030203e+01   3.0029399e+01   3.0028595e+01   3.0027686e+01   3.0026777e+01   3.0025753e+01   3.0024728e+01   3.0023581e+01   3.0022435e+01   3.0021169e+01   3.0019904e+01   3.0018543e+01   3.0017182e+01   3.0015778e+01   3.0014373e+01
   3.0061165e+01   3.0060741e+01   3.0060327e+01   3.0059927e+01   3.0059543e+01   3.0059177e+01   3.0058831e+01   3.0058504e+01   3.0058198e+01   3.0057910e+01   3.0057640e+01   3.0057387e+01   3.0057150e+01   3.0056928e+01   3.0056719e+01   3.0056523e+01   3.0056338e+01   3.0056164e+01   3.0056000e+01   3.0055844e+01   3.0055697e+01   3.0055557e+01   3.0055423e+01   3.0055296e+01   3.0055173e+01   3.0055055e+01   3.0054941e+01   3.0054830e+01   3.0054722e+01   3.0054617e+01   3.0054514e+01   3.0054412e+01   3.0054312e+01   3.0054213e+01   3.0054115e+01   3.0054018e+01   3.0053921e+01   3.0053824e+01   3.0053728e+01   3.0053631e+01   3.0053535e+01   3.0053439e+01   3.0053342e+01   3.0053246e+01   3.0053149e+01   3.0053052e+01   3.0052955e+01   3.0052859e+01   3.0052762e+01   3.0052664e+01   3.0052567e+01   3.0052470e+01   3.0052373e+01   3.0052275e+01   3.0052178e+01   3.0052081e+01   3.0051983e+01   3.0051886e+01   3.0051788e+01   3.0051691e+01   3.0051593e+01   3.0051495e+01   3.0051397e+01   3.0051299e+01   3.0051201e+01   3.0051104e+01   3.0051006e+01   3.0050908e+01   3.0050810e+01   3.0050712e+01   3.0050614e+01   3.0050516e+01   3.0050418e+01   3.0050320e+01   3.0050222e+01   3.0050125e+01   3.0050027e+01   3.0049929e+01   3.0049831e+01   3.0049733e+01   3.0049635e+01   3.0049537e+01   3.0049439e+01   3.0049341e+01   3.0049243e+01   3.0049145e+01   3.0049047e+01   3.0048949e+01   3.0048851e+01   3.0048753e+01   3.0048655e+01   3.0048557e+01   3.0048459e+01   3.0048361e+01   3.0048263e+01   3.0048165e+01   3.0048067e+01   3.0047969e+01   3.0047870e+01   3.0047772e+01   3.0047674e+01   3.0047575e+01   3.0047477e+01   3.0047378e+01   3.0047280e+01   3.0047181e+01   3.0047082e+01   3.0046983e+01   3.0046884e+01   3.0046784e+01   3.0046685e+01   3.0046585e+01   3.0046485e+01   3.0046385e+01   3.0046284e+01   3.0046183e+01   3.0046082e+01   3.0045981e+01   3.0045879e+01   3.0045777e+01   3.0045675e+01   3.0045572e+01   3.0045468e+01   3.0045364e+01   3.0045260e+01   3.0045155e+01   3.0045050e+01   3.0044944e+01   3.0044837e+01   3.0044730e+01   3.0044622e+01   3.0044513e+01   3.0044404e+01   3.0044293e+01   3.0044183e+01   3.0044070e+01   3.0043958e+01   3.0043843e+01   3.0043729e+01   3.0043612e+01   3.0043496e+01   3.0043377e+01   3.0043258e+01   3.0043137e+01   3.0043015e+01   3.0042891e+01   3.0042767e+01   3.0042640e+01   3.0042513e+01   3.0042383e+01   3.0042252e+01   3.0042118e+01   3.0041985e+01   3.0041847e+01   3.0041710e+01   3.0041568e+01   3.0041427e+01   3.0041281e+01   3.0041135e+01   3.0040985e+01   3.0040835e+01   3.0040680e+01   3.0040524e+01   3.0040364e+01   3.0040204e+01   3.0040038e+01   3.0039872e+01   3.0039700e+01   3.0039528e+01   3.0039347e+01   3.0039165e+01   3.0038971e+01   3.0038777e+01   3.0038567e+01   3.0038357e+01   3.0038126e+01   3.0037896e+01   3.0037640e+01   3.0037383e+01   3.0037096e+01   3.0036808e+01   3.0036482e+01   3.0036156e+01   3.0035785e+01   3.0035414e+01   3.0034990e+01   3.0034567e+01   3.0034084e+01   3.0033602e+01   3.0033052e+01   3.0032502e+01   3.0031877e+01   3.0031252e+01   3.0030542e+01   3.0029833e+01   3.0029029e+01   3.0028224e+01   3.0027315e+01   3.0026405e+01   3.0025379e+01   3.0024354e+01   3.0023206e+01   3.0022058e+01   3.0020791e+01   3.0019524e+01   3.0018161e+01   3.0016798e+01   3.0015392e+01   3.0013987e+01
   3.0060762e+01   3.0060339e+01   3.0059926e+01   3.0059526e+01   3.0059143e+01   3.0058778e+01   3.0058433e+01   3.0058107e+01   3.0057801e+01   3.0057514e+01   3.0057245e+01   3.0056993e+01   3.0056757e+01   3.0056535e+01   3.0056327e+01   3.0056132e+01   3.0055947e+01   3.0055774e+01   3.0055610e+01   3.0055455e+01   3.0055308e+01   3.0055169e+01   3.0055035e+01   3.0054908e+01   3.0054786e+01   3.0054668e+01   3.0054555e+01   3.0054444e+01   3.0054337e+01   3.0054232e+01   3.0054129e+01   3.0054028e+01   3.0053928e+01   3.0053830e+01   3.0053732e+01   3.0053635e+01   3.0053538e+01   3.0053442e+01   3.0053346e+01   3.0053249e+01   3.0053153e+01   3.0053057e+01   3.0052961e+01   3.0052865e+01   3.0052768e+01   3.0052672e+01   3.0052575e+01   3.0052478e+01   3.0052381e+01   3.0052284e+01   3.0052187e+01   3.0052090e+01   3.0051993e+01   3.0051896e+01   3.0051799e+01   3.0051701e+01   3.0051604e+01   3.0051507e+01   3.0051409e+01   3.0051312e+01   3.0051214e+01   3.0051117e+01   3.0051019e+01   3.0050921e+01   3.0050823e+01   3.0050726e+01   3.0050628e+01   3.0050530e+01   3.0050432e+01   3.0050334e+01   3.0050237e+01   3.0050139e+01   3.0050041e+01   3.0049943e+01   3.0049845e+01   3.0049748e+01   3.0049650e+01   3.0049552e+01   3.0049454e+01   3.0049356e+01   3.0049259e+01   3.0049161e+01   3.0049063e+01   3.0048965e+01   3.0048867e+01   3.0048769e+01   3.0048672e+01   3.0048574e+01   3.0048476e+01   3.0048378e+01   3.0048280e+01   3.0048182e+01   3.0048084e+01   3.0047986e+01   3.0047888e+01   3.0047790e+01   3.0047692e+01   3.0047594e+01   3.0047496e+01   3.0047398e+01   3.0047300e+01   3.0047201e+01   3.0047103e+01   3.0047004e+01   3.0046906e+01   3.0046807e+01   3.0046708e+01   3.0046609e+01   3.0046510e+01   3.0046411e+01   3.0046312e+01   3.0046212e+01   3.0046112e+01   3.0046012e+01   3.0045912e+01   3.0045811e+01   3.0045710e+01   3.0045609e+01   3.0045507e+01   3.0045405e+01   3.0045303e+01   3.0045200e+01   3.0045097e+01   3.0044993e+01   3.0044889e+01   3.0044784e+01   3.0044679e+01   3.0044573e+01   3.0044467e+01   3.0044359e+01   3.0044252e+01   3.0044143e+01   3.0044034e+01   3.0043923e+01   3.0043812e+01   3.0043700e+01   3.0043588e+01   3.0043474e+01   3.0043359e+01   3.0043243e+01   3.0043126e+01   3.0043008e+01   3.0042889e+01   3.0042768e+01   3.0042646e+01   3.0042522e+01   3.0042398e+01   3.0042271e+01   3.0042144e+01   3.0042014e+01   3.0041884e+01   3.0041750e+01   3.0041616e+01   3.0041479e+01   3.0041341e+01   3.0041200e+01   3.0041059e+01   3.0040913e+01   3.0040767e+01   3.0040617e+01   3.0040467e+01   3.0040312e+01   3.0040157e+01   3.0039997e+01   3.0039836e+01   3.0039670e+01   3.0039505e+01   3.0039333e+01   3.0039161e+01   3.0038980e+01   3.0038798e+01   3.0038604e+01   3.0038410e+01   3.0038200e+01   3.0037990e+01   3.0037759e+01   3.0037529e+01   3.0037272e+01   3.0037016e+01   3.0036728e+01   3.0036440e+01   3.0036114e+01   3.0035788e+01   3.0035417e+01   3.0035046e+01   3.0034623e+01   3.0034199e+01   3.0033716e+01   3.0033234e+01   3.0032684e+01   3.0032134e+01   3.0031508e+01   3.0030883e+01   3.0030173e+01   3.0029463e+01   3.0028658e+01   3.0027853e+01   3.0026943e+01   3.0026033e+01   3.0025006e+01   3.0023980e+01   3.0022830e+01   3.0021681e+01   3.0020412e+01   3.0019143e+01   3.0017779e+01   3.0016415e+01   3.0015007e+01   3.0013600e+01
   3.0060358e+01   3.0059937e+01   3.0059524e+01   3.0059125e+01   3.0058743e+01   3.0058379e+01   3.0058034e+01   3.0057710e+01   3.0057404e+01   3.0057118e+01   3.0056850e+01   3.0056599e+01   3.0056363e+01   3.0056142e+01   3.0055935e+01   3.0055740e+01   3.0055556e+01   3.0055384e+01   3.0055220e+01   3.0055066e+01   3.0054919e+01   3.0054780e+01   3.0054648e+01   3.0054521e+01   3.0054399e+01   3.0054282e+01   3.0054169e+01   3.0054059e+01   3.0053952e+01   3.0053847e+01   3.0053745e+01   3.0053644e+01   3.0053544e+01   3.0053446e+01   3.0053349e+01   3.0053252e+01   3.0053155e+01   3.0053059e+01   3.0052963e+01   3.0052868e+01   3.0052772e+01   3.0052676e+01   3.0052580e+01   3.0052484e+01   3.0052387e+01   3.0052291e+01   3.0052194e+01   3.0052098e+01   3.0052001e+01   3.0051904e+01   3.0051807e+01   3.0051711e+01   3.0051614e+01   3.0051516e+01   3.0051419e+01   3.0051322e+01   3.0051225e+01   3.0051128e+01   3.0051031e+01   3.0050933e+01   3.0050836e+01   3.0050738e+01   3.0050640e+01   3.0050543e+01   3.0050445e+01   3.0050348e+01   3.0050250e+01   3.0050152e+01   3.0050055e+01   3.0049957e+01   3.0049859e+01   3.0049762e+01   3.0049664e+01   3.0049566e+01   3.0049469e+01   3.0049371e+01   3.0049273e+01   3.0049175e+01   3.0049078e+01   3.0048980e+01   3.0048882e+01   3.0048785e+01   3.0048687e+01   3.0048589e+01   3.0048491e+01   3.0048394e+01   3.0048296e+01   3.0048198e+01   3.0048100e+01   3.0048003e+01   3.0047905e+01   3.0047807e+01   3.0047709e+01   3.0047611e+01   3.0047514e+01   3.0047416e+01   3.0047318e+01   3.0047220e+01   3.0047122e+01   3.0047024e+01   3.0046926e+01   3.0046827e+01   3.0046729e+01   3.0046631e+01   3.0046532e+01   3.0046434e+01   3.0046335e+01   3.0046236e+01   3.0046137e+01   3.0046038e+01   3.0045939e+01   3.0045839e+01   3.0045740e+01   3.0045640e+01   3.0045539e+01   3.0045439e+01   3.0045338e+01   3.0045237e+01   3.0045135e+01   3.0045033e+01   3.0044931e+01   3.0044828e+01   3.0044725e+01   3.0044622e+01   3.0044518e+01   3.0044413e+01   3.0044308e+01   3.0044202e+01   3.0044096e+01   3.0043988e+01   3.0043881e+01   3.0043772e+01   3.0043663e+01   3.0043553e+01   3.0043442e+01   3.0043330e+01   3.0043218e+01   3.0043104e+01   3.0042990e+01   3.0042873e+01   3.0042757e+01   3.0042638e+01   3.0042520e+01   3.0042398e+01   3.0042277e+01   3.0042153e+01   3.0042029e+01   3.0041902e+01   3.0041776e+01   3.0041645e+01   3.0041515e+01   3.0041382e+01   3.0041248e+01   3.0041111e+01   3.0040973e+01   3.0040832e+01   3.0040691e+01   3.0040545e+01   3.0040399e+01   3.0040249e+01   3.0040099e+01   3.0039944e+01   3.0039789e+01   3.0039629e+01   3.0039469e+01   3.0039303e+01   3.0039137e+01   3.0038965e+01   3.0038794e+01   3.0038612e+01   3.0038431e+01   3.0038237e+01   3.0038043e+01   3.0037833e+01   3.0037622e+01   3.0037392e+01   3.0037161e+01   3.0036905e+01   3.0036649e+01   3.0036361e+01   3.0036073e+01   3.0035747e+01   3.0035421e+01   3.0035050e+01   3.0034678e+01   3.0034255e+01   3.0033831e+01   3.0033348e+01   3.0032865e+01   3.0032315e+01   3.0031765e+01   3.0031139e+01   3.0030514e+01   3.0029804e+01   3.0029093e+01   3.0028288e+01   3.0027483e+01   3.0026572e+01   3.0025660e+01   3.0024633e+01   3.0023606e+01   3.0022455e+01   3.0021304e+01   3.0020034e+01   3.0018763e+01   3.0017397e+01   3.0016031e+01   3.0014622e+01   3.0013213e+01
   3.0059955e+01   3.0059534e+01   3.0059123e+01   3.0058725e+01   3.0058343e+01   3.0057980e+01   3.0057636e+01   3.0057312e+01   3.0057008e+01   3.0056722e+01   3.0056455e+01   3.0056204e+01   3.0055970e+01   3.0055749e+01   3.0055543e+01   3.0055348e+01   3.0055165e+01   3.0054993e+01   3.0054830e+01   3.0054676e+01   3.0054530e+01   3.0054392e+01   3.0054260e+01   3.0054133e+01   3.0054012e+01   3.0053895e+01   3.0053783e+01   3.0053673e+01   3.0053567e+01   3.0053462e+01   3.0053360e+01   3.0053260e+01   3.0053161e+01   3.0053063e+01   3.0052966e+01   3.0052869e+01   3.0052773e+01   3.0052677e+01   3.0052581e+01   3.0052486e+01   3.0052390e+01   3.0052294e+01   3.0052198e+01   3.0052103e+01   3.0052006e+01   3.0051910e+01   3.0051814e+01   3.0051717e+01   3.0051621e+01   3.0051524e+01   3.0051427e+01   3.0051331e+01   3.0051234e+01   3.0051137e+01   3.0051040e+01   3.0050943e+01   3.0050846e+01   3.0050749e+01   3.0050651e+01   3.0050554e+01   3.0050457e+01   3.0050359e+01   3.0050262e+01   3.0050165e+01   3.0050067e+01   3.0049970e+01   3.0049872e+01   3.0049775e+01   3.0049677e+01   3.0049579e+01   3.0049482e+01   3.0049384e+01   3.0049287e+01   3.0049189e+01   3.0049092e+01   3.0048994e+01   3.0048896e+01   3.0048799e+01   3.0048701e+01   3.0048604e+01   3.0048506e+01   3.0048408e+01   3.0048311e+01   3.0048213e+01   3.0048116e+01   3.0048018e+01   3.0047920e+01   3.0047823e+01   3.0047725e+01   3.0047627e+01   3.0047530e+01   3.0047432e+01   3.0047334e+01   3.0047237e+01   3.0047139e+01   3.0047041e+01   3.0046943e+01   3.0046845e+01   3.0046748e+01   3.0046650e+01   3.0046552e+01   3.0046454e+01   3.0046355e+01   3.0046257e+01   3.0046159e+01   3.0046060e+01   3.0045962e+01   3.0045863e+01   3.0045764e+01   3.0045665e+01   3.0045566e+01   3.0045466e+01   3.0045367e+01   3.0045267e+01   3.0045167e+01   3.0045066e+01   3.0044966e+01   3.0044865e+01   3.0044763e+01   3.0044661e+01   3.0044560e+01   3.0044457e+01   3.0044354e+01   3.0044250e+01   3.0044147e+01   3.0044042e+01   3.0043937e+01   3.0043831e+01   3.0043725e+01   3.0043618e+01   3.0043510e+01   3.0043402e+01   3.0043293e+01   3.0043183e+01   3.0043072e+01   3.0042960e+01   3.0042848e+01   3.0042734e+01   3.0042620e+01   3.0042504e+01   3.0042388e+01   3.0042269e+01   3.0042150e+01   3.0042029e+01   3.0041908e+01   3.0041784e+01   3.0041660e+01   3.0041534e+01   3.0041407e+01   3.0041277e+01   3.0041147e+01   3.0041013e+01   3.0040880e+01   3.0040742e+01   3.0040605e+01   3.0040464e+01   3.0040323e+01   3.0040177e+01   3.0040032e+01   3.0039882e+01   3.0039731e+01   3.0039576e+01   3.0039421e+01   3.0039261e+01   3.0039101e+01   3.0038935e+01   3.0038770e+01   3.0038598e+01   3.0038426e+01   3.0038245e+01   3.0038063e+01   3.0037870e+01   3.0037676e+01   3.0037465e+01   3.0037255e+01   3.0037025e+01   3.0036794e+01   3.0036538e+01   3.0036282e+01   3.0035994e+01   3.0035706e+01   3.0035380e+01   3.0035054e+01   3.0034682e+01   3.0034311e+01   3.0033887e+01   3.0033464e+01   3.0032981e+01   3.0032497e+01   3.0031947e+01   3.0031397e+01   3.0030771e+01   3.0030145e+01   3.0029434e+01   3.0028723e+01   3.0027918e+01   3.0027112e+01   3.0026200e+01   3.0025288e+01   3.0024260e+01   3.0023231e+01   3.0022080e+01   3.0020928e+01   3.0019656e+01   3.0018383e+01   3.0017016e+01   3.0015648e+01   3.0014237e+01   3.0012827e+01
   3.0059552e+01   3.0059132e+01   3.0058721e+01   3.0058324e+01   3.0057943e+01   3.0057581e+01   3.0057238e+01   3.0056915e+01   3.0056611e+01   3.0056326e+01   3.0056060e+01   3.0055810e+01   3.0055576e+01   3.0055356e+01   3.0055150e+01   3.0054957e+01   3.0054774e+01   3.0054602e+01   3.0054440e+01   3.0054287e+01   3.0054141e+01   3.0054003e+01   3.0053872e+01   3.0053746e+01   3.0053625e+01   3.0053509e+01   3.0053396e+01   3.0053287e+01   3.0053181e+01   3.0053077e+01   3.0052975e+01   3.0052875e+01   3.0052777e+01   3.0052679e+01   3.0052582e+01   3.0052486e+01   3.0052390e+01   3.0052295e+01   3.0052199e+01   3.0052104e+01   3.0052008e+01   3.0051913e+01   3.0051817e+01   3.0051721e+01   3.0051625e+01   3.0051529e+01   3.0051433e+01   3.0051337e+01   3.0051241e+01   3.0051144e+01   3.0051047e+01   3.0050951e+01   3.0050854e+01   3.0050757e+01   3.0050660e+01   3.0050563e+01   3.0050466e+01   3.0050369e+01   3.0050272e+01   3.0050175e+01   3.0050078e+01   3.0049981e+01   3.0049884e+01   3.0049786e+01   3.0049689e+01   3.0049591e+01   3.0049494e+01   3.0049397e+01   3.0049299e+01   3.0049202e+01   3.0049104e+01   3.0049007e+01   3.0048910e+01   3.0048812e+01   3.0048715e+01   3.0048617e+01   3.0048520e+01   3.0048422e+01   3.0048325e+01   3.0048227e+01   3.0048130e+01   3.0048032e+01   3.0047935e+01   3.0047837e+01   3.0047740e+01   3.0047642e+01   3.0047545e+01   3.0047447e+01   3.0047350e+01   3.0047252e+01   3.0047155e+01   3.0047057e+01   3.0046960e+01   3.0046862e+01   3.0046764e+01   3.0046667e+01   3.0046569e+01   3.0046471e+01   3.0046373e+01   3.0046276e+01   3.0046178e+01   3.0046080e+01   3.0045982e+01   3.0045884e+01   3.0045785e+01   3.0045687e+01   3.0045589e+01   3.0045490e+01   3.0045391e+01   3.0045292e+01   3.0045193e+01   3.0045094e+01   3.0044994e+01   3.0044895e+01   3.0044795e+01   3.0044694e+01   3.0044594e+01   3.0044493e+01   3.0044391e+01   3.0044290e+01   3.0044188e+01   3.0044085e+01   3.0043982e+01   3.0043879e+01   3.0043775e+01   3.0043671e+01   3.0043566e+01   3.0043460e+01   3.0043354e+01   3.0043247e+01   3.0043140e+01   3.0043031e+01   3.0042923e+01   3.0042812e+01   3.0042702e+01   3.0042590e+01   3.0042478e+01   3.0042364e+01   3.0042250e+01   3.0042134e+01   3.0042018e+01   3.0041900e+01   3.0041781e+01   3.0041660e+01   3.0041539e+01   3.0041415e+01   3.0041292e+01   3.0041165e+01   3.0041038e+01   3.0040908e+01   3.0040778e+01   3.0040645e+01   3.0040511e+01   3.0040374e+01   3.0040237e+01   3.0040096e+01   3.0039955e+01   3.0039809e+01   3.0039664e+01   3.0039514e+01   3.0039364e+01   3.0039209e+01   3.0039054e+01   3.0038894e+01   3.0038734e+01   3.0038568e+01   3.0038402e+01   3.0038231e+01   3.0038059e+01   3.0037878e+01   3.0037696e+01   3.0037502e+01   3.0037308e+01   3.0037098e+01   3.0036888e+01   3.0036657e+01   3.0036427e+01   3.0036171e+01   3.0035914e+01   3.0035626e+01   3.0035339e+01   3.0035012e+01   3.0034686e+01   3.0034315e+01   3.0033943e+01   3.0033520e+01   3.0033096e+01   3.0032613e+01   3.0032129e+01   3.0031579e+01   3.0031028e+01   3.0030402e+01   3.0029776e+01   3.0029065e+01   3.0028353e+01   3.0027547e+01   3.0026741e+01   3.0025828e+01   3.0024916e+01   3.0023887e+01   3.0022857e+01   3.0021704e+01   3.0020551e+01   3.0019277e+01   3.0018004e+01   3.0016634e+01   3.0015264e+01   3.0013852e+01   3.0012441e+01
   3.0059148e+01   3.0058729e+01   3.0058319e+01   3.0057923e+01   3.0057543e+01   3.0057182e+01   3.0056840e+01   3.0056517e+01   3.0056215e+01   3.0055931e+01   3.0055665e+01   3.0055416e+01   3.0055182e+01   3.0054963e+01   3.0054758e+01   3.0054565e+01   3.0054383e+01   3.0054212e+01   3.0054050e+01   3.0053897e+01   3.0053753e+01   3.0053615e+01   3.0053484e+01   3.0053358e+01   3.0053238e+01   3.0053122e+01   3.0053010e+01   3.0052901e+01   3.0052795e+01   3.0052692e+01   3.0052590e+01   3.0052491e+01   3.0052392e+01   3.0052295e+01   3.0052198e+01   3.0052103e+01   3.0052007e+01   3.0051912e+01   3.0051817e+01   3.0051722e+01   3.0051626e+01   3.0051531e+01   3.0051436e+01   3.0051340e+01   3.0051244e+01   3.0051149e+01   3.0051053e+01   3.0050956e+01   3.0050860e+01   3.0050764e+01   3.0050667e+01   3.0050571e+01   3.0050474e+01   3.0050378e+01   3.0050281e+01   3.0050184e+01   3.0050087e+01   3.0049991e+01   3.0049894e+01   3.0049797e+01   3.0049700e+01   3.0049602e+01   3.0049505e+01   3.0049408e+01   3.0049311e+01   3.0049213e+01   3.0049116e+01   3.0049019e+01   3.0048922e+01   3.0048824e+01   3.0048727e+01   3.0048630e+01   3.0048532e+01   3.0048435e+01   3.0048338e+01   3.0048240e+01   3.0048143e+01   3.0048046e+01   3.0047948e+01   3.0047851e+01   3.0047753e+01   3.0047656e+01   3.0047559e+01   3.0047461e+01   3.0047364e+01   3.0047267e+01   3.0047169e+01   3.0047072e+01   3.0046974e+01   3.0046877e+01   3.0046780e+01   3.0046682e+01   3.0046585e+01   3.0046487e+01   3.0046390e+01   3.0046292e+01   3.0046195e+01   3.0046097e+01   3.0045999e+01   3.0045902e+01   3.0045804e+01   3.0045706e+01   3.0045608e+01   3.0045510e+01   3.0045412e+01   3.0045314e+01   3.0045215e+01   3.0045117e+01   3.0045018e+01   3.0044919e+01   3.0044820e+01   3.0044721e+01   3.0044622e+01   3.0044522e+01   3.0044422e+01   3.0044322e+01   3.0044222e+01   3.0044121e+01   3.0044020e+01   3.0043918e+01   3.0043816e+01   3.0043714e+01   3.0043611e+01   3.0043507e+01   3.0043404e+01   3.0043299e+01   3.0043195e+01   3.0043089e+01   3.0042983e+01   3.0042876e+01   3.0042769e+01   3.0042661e+01   3.0042552e+01   3.0042442e+01   3.0042332e+01   3.0042220e+01   3.0042108e+01   3.0041994e+01   3.0041880e+01   3.0041764e+01   3.0041649e+01   3.0041530e+01   3.0041412e+01   3.0041291e+01   3.0041170e+01   3.0041046e+01   3.0040923e+01   3.0040796e+01   3.0040670e+01   3.0040540e+01   3.0040410e+01   3.0040276e+01   3.0040143e+01   3.0040006e+01   3.0039869e+01   3.0039728e+01   3.0039587e+01   3.0039441e+01   3.0039296e+01   3.0039146e+01   3.0038996e+01   3.0038841e+01   3.0038686e+01   3.0038526e+01   3.0038366e+01   3.0038200e+01   3.0038035e+01   3.0037863e+01   3.0037692e+01   3.0037510e+01   3.0037329e+01   3.0037135e+01   3.0036941e+01   3.0036731e+01   3.0036521e+01   3.0036290e+01   3.0036060e+01   3.0035803e+01   3.0035547e+01   3.0035259e+01   3.0034971e+01   3.0034645e+01   3.0034319e+01   3.0033947e+01   3.0033576e+01   3.0033152e+01   3.0032728e+01   3.0032245e+01   3.0031761e+01   3.0031210e+01   3.0030659e+01   3.0030033e+01   3.0029407e+01   3.0028695e+01   3.0027984e+01   3.0027177e+01   3.0026370e+01   3.0025457e+01   3.0024544e+01   3.0023514e+01   3.0022483e+01   3.0021329e+01   3.0020174e+01   3.0018899e+01   3.0017624e+01   3.0016253e+01   3.0014881e+01   3.0013468e+01   3.0012054e+01
   3.0058745e+01   3.0058327e+01   3.0057918e+01   3.0057522e+01   3.0057143e+01   3.0056783e+01   3.0056442e+01   3.0056120e+01   3.0055818e+01   3.0055535e+01   3.0055270e+01   3.0055021e+01   3.0054789e+01   3.0054571e+01   3.0054366e+01   3.0054173e+01   3.0053992e+01   3.0053822e+01   3.0053660e+01   3.0053508e+01   3.0053364e+01   3.0053227e+01   3.0053096e+01   3.0052971e+01   3.0052851e+01   3.0052735e+01   3.0052624e+01   3.0052515e+01   3.0052410e+01   3.0052307e+01   3.0052206e+01   3.0052106e+01   3.0052008e+01   3.0051911e+01   3.0051815e+01   3.0051719e+01   3.0051624e+01   3.0051529e+01   3.0051434e+01   3.0051339e+01   3.0051244e+01   3.0051149e+01   3.0051054e+01   3.0050959e+01   3.0050863e+01   3.0050768e+01   3.0050672e+01   3.0050576e+01   3.0050480e+01   3.0050384e+01   3.0050287e+01   3.0050191e+01   3.0050094e+01   3.0049998e+01   3.0049901e+01   3.0049805e+01   3.0049708e+01   3.0049611e+01   3.0049515e+01   3.0049418e+01   3.0049321e+01   3.0049224e+01   3.0049127e+01   3.0049030e+01   3.0048932e+01   3.0048835e+01   3.0048738e+01   3.0048641e+01   3.0048544e+01   3.0048447e+01   3.0048349e+01   3.0048252e+01   3.0048155e+01   3.0048058e+01   3.0047961e+01   3.0047863e+01   3.0047766e+01   3.0047669e+01   3.0047572e+01   3.0047474e+01   3.0047377e+01   3.0047280e+01   3.0047183e+01   3.0047085e+01   3.0046988e+01   3.0046891e+01   3.0046793e+01   3.0046696e+01   3.0046599e+01   3.0046502e+01   3.0046404e+01   3.0046307e+01   3.0046210e+01   3.0046112e+01   3.0046015e+01   3.0045918e+01   3.0045820e+01   3.0045723e+01   3.0045625e+01   3.0045527e+01   3.0045430e+01   3.0045332e+01   3.0045234e+01   3.0045136e+01   3.0045038e+01   3.0044940e+01   3.0044842e+01   3.0044744e+01   3.0044645e+01   3.0044546e+01   3.0044448e+01   3.0044348e+01   3.0044249e+01   3.0044149e+01   3.0044050e+01   3.0043950e+01   3.0043849e+01   3.0043748e+01   3.0043648e+01   3.0043546e+01   3.0043444e+01   3.0043342e+01   3.0043239e+01   3.0043136e+01   3.0043033e+01   3.0042928e+01   3.0042824e+01   3.0042718e+01   3.0042613e+01   3.0042506e+01   3.0042399e+01   3.0042290e+01   3.0042182e+01   3.0042072e+01   3.0041962e+01   3.0041850e+01   3.0041738e+01   3.0041624e+01   3.0041511e+01   3.0041395e+01   3.0041279e+01   3.0041161e+01   3.0041042e+01   3.0040922e+01   3.0040801e+01   3.0040677e+01   3.0040554e+01   3.0040427e+01   3.0040301e+01   3.0040171e+01   3.0040041e+01   3.0039908e+01   3.0039775e+01   3.0039638e+01   3.0039501e+01   3.0039360e+01   3.0039219e+01   3.0039073e+01   3.0038928e+01   3.0038778e+01   3.0038628e+01   3.0038473e+01   3.0038319e+01   3.0038159e+01   3.0037999e+01   3.0037833e+01   3.0037667e+01   3.0037496e+01   3.0037324e+01   3.0037143e+01   3.0036962e+01   3.0036768e+01   3.0036574e+01   3.0036364e+01   3.0036153e+01   3.0035923e+01   3.0035692e+01   3.0035436e+01   3.0035180e+01   3.0034892e+01   3.0034604e+01   3.0034278e+01   3.0033951e+01   3.0033580e+01   3.0033208e+01   3.0032784e+01   3.0032360e+01   3.0031877e+01   3.0031393e+01   3.0030842e+01   3.0030291e+01   3.0029664e+01   3.0029037e+01   3.0028326e+01   3.0027614e+01   3.0026806e+01   3.0025999e+01   3.0025085e+01   3.0024172e+01   3.0023140e+01   3.0022109e+01   3.0020954e+01   3.0019798e+01   3.0018521e+01   3.0017244e+01   3.0015871e+01   3.0014498e+01   3.0013082e+01   3.0011667e+01
   3.0058342e+01   3.0057924e+01   3.0057516e+01   3.0057122e+01   3.0056743e+01   3.0056384e+01   3.0056043e+01   3.0055723e+01   3.0055422e+01   3.0055139e+01   3.0054875e+01   3.0054627e+01   3.0054395e+01   3.0054178e+01   3.0053974e+01   3.0053782e+01   3.0053601e+01   3.0053431e+01   3.0053271e+01   3.0053119e+01   3.0052975e+01   3.0052838e+01   3.0052708e+01   3.0052584e+01   3.0052464e+01   3.0052349e+01   3.0052238e+01   3.0052130e+01   3.0052025e+01   3.0051922e+01   3.0051821e+01   3.0051722e+01   3.0051624e+01   3.0051528e+01   3.0051432e+01   3.0051336e+01   3.0051242e+01   3.0051147e+01   3.0051052e+01   3.0050957e+01   3.0050863e+01   3.0050768e+01   3.0050673e+01   3.0050578e+01   3.0050482e+01   3.0050387e+01   3.0050291e+01   3.0050196e+01   3.0050100e+01   3.0050004e+01   3.0049907e+01   3.0049811e+01   3.0049715e+01   3.0049618e+01   3.0049522e+01   3.0049425e+01   3.0049329e+01   3.0049232e+01   3.0049136e+01   3.0049039e+01   3.0048942e+01   3.0048845e+01   3.0048748e+01   3.0048651e+01   3.0048554e+01   3.0048457e+01   3.0048360e+01   3.0048263e+01   3.0048166e+01   3.0048069e+01   3.0047972e+01   3.0047875e+01   3.0047778e+01   3.0047681e+01   3.0047584e+01   3.0047486e+01   3.0047389e+01   3.0047292e+01   3.0047195e+01   3.0047098e+01   3.0047001e+01   3.0046904e+01   3.0046806e+01   3.0046709e+01   3.0046612e+01   3.0046515e+01   3.0046418e+01   3.0046321e+01   3.0046224e+01   3.0046126e+01   3.0046029e+01   3.0045932e+01   3.0045835e+01   3.0045737e+01   3.0045640e+01   3.0045543e+01   3.0045446e+01   3.0045348e+01   3.0045251e+01   3.0045153e+01   3.0045056e+01   3.0044958e+01   3.0044860e+01   3.0044763e+01   3.0044665e+01   3.0044567e+01   3.0044469e+01   3.0044370e+01   3.0044272e+01   3.0044173e+01   3.0044075e+01   3.0043976e+01   3.0043877e+01   3.0043777e+01   3.0043677e+01   3.0043577e+01   3.0043477e+01   3.0043376e+01   3.0043276e+01   3.0043174e+01   3.0043073e+01   3.0042970e+01   3.0042868e+01   3.0042765e+01   3.0042661e+01   3.0042557e+01   3.0042453e+01   3.0042347e+01   3.0042242e+01   3.0042135e+01   3.0042028e+01   3.0041920e+01   3.0041812e+01   3.0041702e+01   3.0041592e+01   3.0041480e+01   3.0041368e+01   3.0041255e+01   3.0041141e+01   3.0041025e+01   3.0040909e+01   3.0040791e+01   3.0040673e+01   3.0040553e+01   3.0040432e+01   3.0040308e+01   3.0040185e+01   3.0040059e+01   3.0039932e+01   3.0039802e+01   3.0039673e+01   3.0039540e+01   3.0039406e+01   3.0039269e+01   3.0039133e+01   3.0038992e+01   3.0038851e+01   3.0038705e+01   3.0038560e+01   3.0038410e+01   3.0038261e+01   3.0038106e+01   3.0037951e+01   3.0037791e+01   3.0037631e+01   3.0037465e+01   3.0037300e+01   3.0037128e+01   3.0036957e+01   3.0036775e+01   3.0036594e+01   3.0036400e+01   3.0036206e+01   3.0035996e+01   3.0035786e+01   3.0035556e+01   3.0035325e+01   3.0035069e+01   3.0034812e+01   3.0034525e+01   3.0034237e+01   3.0033910e+01   3.0033584e+01   3.0033212e+01   3.0032841e+01   3.0032416e+01   3.0031992e+01   3.0031509e+01   3.0031025e+01   3.0030473e+01   3.0029922e+01   3.0029295e+01   3.0028668e+01   3.0027956e+01   3.0027244e+01   3.0026436e+01   3.0025628e+01   3.0024714e+01   3.0023799e+01   3.0022767e+01   3.0021735e+01   3.0020578e+01   3.0019422e+01   3.0018143e+01   3.0016865e+01   3.0015490e+01   3.0014115e+01   3.0012697e+01   3.0011280e+01
   3.0057939e+01   3.0057522e+01   3.0057115e+01   3.0056721e+01   3.0056344e+01   3.0055985e+01   3.0055645e+01   3.0055325e+01   3.0055025e+01   3.0054743e+01   3.0054480e+01   3.0054233e+01   3.0054002e+01   3.0053785e+01   3.0053582e+01   3.0053390e+01   3.0053210e+01   3.0053041e+01   3.0052881e+01   3.0052730e+01   3.0052586e+01   3.0052450e+01   3.0052320e+01   3.0052196e+01   3.0052077e+01   3.0051963e+01   3.0051852e+01   3.0051744e+01   3.0051640e+01   3.0051537e+01   3.0051437e+01   3.0051338e+01   3.0051241e+01   3.0051145e+01   3.0051049e+01   3.0050954e+01   3.0050859e+01   3.0050765e+01   3.0050670e+01   3.0050576e+01   3.0050481e+01   3.0050387e+01   3.0050292e+01   3.0050197e+01   3.0050102e+01   3.0050006e+01   3.0049911e+01   3.0049815e+01   3.0049719e+01   3.0049624e+01   3.0049528e+01   3.0049432e+01   3.0049335e+01   3.0049239e+01   3.0049143e+01   3.0049046e+01   3.0048950e+01   3.0048854e+01   3.0048757e+01   3.0048661e+01   3.0048564e+01   3.0048467e+01   3.0048370e+01   3.0048273e+01   3.0048176e+01   3.0048079e+01   3.0047982e+01   3.0047885e+01   3.0047788e+01   3.0047691e+01   3.0047594e+01   3.0047497e+01   3.0047400e+01   3.0047303e+01   3.0047206e+01   3.0047109e+01   3.0047013e+01   3.0046915e+01   3.0046818e+01   3.0046721e+01   3.0046624e+01   3.0046527e+01   3.0046430e+01   3.0046333e+01   3.0046236e+01   3.0046139e+01   3.0046042e+01   3.0045945e+01   3.0045848e+01   3.0045751e+01   3.0045654e+01   3.0045557e+01   3.0045460e+01   3.0045363e+01   3.0045266e+01   3.0045168e+01   3.0045071e+01   3.0044974e+01   3.0044877e+01   3.0044779e+01   3.0044682e+01   3.0044584e+01   3.0044487e+01   3.0044389e+01   3.0044291e+01   3.0044193e+01   3.0044095e+01   3.0043997e+01   3.0043899e+01   3.0043800e+01   3.0043702e+01   3.0043603e+01   3.0043504e+01   3.0043404e+01   3.0043305e+01   3.0043205e+01   3.0043105e+01   3.0043004e+01   3.0042904e+01   3.0042802e+01   3.0042701e+01   3.0042599e+01   3.0042496e+01   3.0042393e+01   3.0042290e+01   3.0042186e+01   3.0042082e+01   3.0041976e+01   3.0041871e+01   3.0041764e+01   3.0041658e+01   3.0041549e+01   3.0041441e+01   3.0041331e+01   3.0041222e+01   3.0041110e+01   3.0040998e+01   3.0040885e+01   3.0040771e+01   3.0040656e+01   3.0040540e+01   3.0040422e+01   3.0040304e+01   3.0040183e+01   3.0040063e+01   3.0039939e+01   3.0039816e+01   3.0039690e+01   3.0039563e+01   3.0039434e+01   3.0039304e+01   3.0039171e+01   3.0039038e+01   3.0038901e+01   3.0038764e+01   3.0038624e+01   3.0038483e+01   3.0038337e+01   3.0038192e+01   3.0038043e+01   3.0037893e+01   3.0037738e+01   3.0037583e+01   3.0037423e+01   3.0037264e+01   3.0037098e+01   3.0036932e+01   3.0036761e+01   3.0036589e+01   3.0036408e+01   3.0036227e+01   3.0036033e+01   3.0035839e+01   3.0035629e+01   3.0035419e+01   3.0035188e+01   3.0034958e+01   3.0034701e+01   3.0034445e+01   3.0034157e+01   3.0033869e+01   3.0033543e+01   3.0033216e+01   3.0032845e+01   3.0032473e+01   3.0032049e+01   3.0031624e+01   3.0031140e+01   3.0030657e+01   3.0030105e+01   3.0029554e+01   3.0028926e+01   3.0028299e+01   3.0027586e+01   3.0026874e+01   3.0026066e+01   3.0025257e+01   3.0024342e+01   3.0023427e+01   3.0022394e+01   3.0021361e+01   3.0020203e+01   3.0019045e+01   3.0017765e+01   3.0016485e+01   3.0015109e+01   3.0013732e+01   3.0012313e+01   3.0010894e+01
   3.0057535e+01   3.0057119e+01   3.0056713e+01   3.0056320e+01   3.0055944e+01   3.0055586e+01   3.0055247e+01   3.0054928e+01   3.0054628e+01   3.0054348e+01   3.0054085e+01   3.0053839e+01   3.0053608e+01   3.0053392e+01   3.0053189e+01   3.0052999e+01   3.0052819e+01   3.0052650e+01   3.0052491e+01   3.0052340e+01   3.0052198e+01   3.0052062e+01   3.0051933e+01   3.0051809e+01   3.0051690e+01   3.0051576e+01   3.0051466e+01   3.0051359e+01   3.0051254e+01   3.0051152e+01   3.0051052e+01   3.0050954e+01   3.0050857e+01   3.0050761e+01   3.0050666e+01   3.0050571e+01   3.0050477e+01   3.0050382e+01   3.0050288e+01   3.0050194e+01   3.0050100e+01   3.0050005e+01   3.0049911e+01   3.0049816e+01   3.0049721e+01   3.0049626e+01   3.0049530e+01   3.0049435e+01   3.0049339e+01   3.0049244e+01   3.0049148e+01   3.0049052e+01   3.0048956e+01   3.0048860e+01   3.0048763e+01   3.0048667e+01   3.0048571e+01   3.0048474e+01   3.0048378e+01   3.0048281e+01   3.0048185e+01   3.0048088e+01   3.0047991e+01   3.0047895e+01   3.0047798e+01   3.0047701e+01   3.0047604e+01   3.0047507e+01   3.0047411e+01   3.0047314e+01   3.0047217e+01   3.0047120e+01   3.0047023e+01   3.0046926e+01   3.0046829e+01   3.0046733e+01   3.0046636e+01   3.0046539e+01   3.0046442e+01   3.0046345e+01   3.0046248e+01   3.0046151e+01   3.0046054e+01   3.0045957e+01   3.0045860e+01   3.0045763e+01   3.0045667e+01   3.0045570e+01   3.0045473e+01   3.0045376e+01   3.0045279e+01   3.0045182e+01   3.0045085e+01   3.0044988e+01   3.0044891e+01   3.0044794e+01   3.0044697e+01   3.0044600e+01   3.0044502e+01   3.0044405e+01   3.0044308e+01   3.0044210e+01   3.0044113e+01   3.0044015e+01   3.0043918e+01   3.0043820e+01   3.0043722e+01   3.0043624e+01   3.0043526e+01   3.0043427e+01   3.0043329e+01   3.0043230e+01   3.0043131e+01   3.0043032e+01   3.0042933e+01   3.0042833e+01   3.0042733e+01   3.0042632e+01   3.0042532e+01   3.0042430e+01   3.0042329e+01   3.0042227e+01   3.0042125e+01   3.0042022e+01   3.0041919e+01   3.0041815e+01   3.0041711e+01   3.0041605e+01   3.0041500e+01   3.0041394e+01   3.0041287e+01   3.0041179e+01   3.0041071e+01   3.0040961e+01   3.0040851e+01   3.0040740e+01   3.0040629e+01   3.0040515e+01   3.0040402e+01   3.0040286e+01   3.0040171e+01   3.0040053e+01   3.0039935e+01   3.0039814e+01   3.0039694e+01   3.0039571e+01   3.0039447e+01   3.0039321e+01   3.0039195e+01   3.0039065e+01   3.0038936e+01   3.0038803e+01   3.0038670e+01   3.0038533e+01   3.0038396e+01   3.0038255e+01   3.0038115e+01   3.0037970e+01   3.0037824e+01   3.0037675e+01   3.0037525e+01   3.0037370e+01   3.0037216e+01   3.0037056e+01   3.0036896e+01   3.0036730e+01   3.0036565e+01   3.0036393e+01   3.0036222e+01   3.0036041e+01   3.0035859e+01   3.0035666e+01   3.0035472e+01   3.0035262e+01   3.0035051e+01   3.0034821e+01   3.0034590e+01   3.0034334e+01   3.0034078e+01   3.0033790e+01   3.0033502e+01   3.0033175e+01   3.0032849e+01   3.0032477e+01   3.0032105e+01   3.0031681e+01   3.0031257e+01   3.0030772e+01   3.0030288e+01   3.0029737e+01   3.0029185e+01   3.0028557e+01   3.0027930e+01   3.0027217e+01   3.0026504e+01   3.0025695e+01   3.0024887e+01   3.0023971e+01   3.0023055e+01   3.0022021e+01   3.0020987e+01   3.0019828e+01   3.0018669e+01   3.0017388e+01   3.0016106e+01   3.0014728e+01   3.0013349e+01   3.0011928e+01   3.0010507e+01
   3.0057132e+01   3.0056717e+01   3.0056311e+01   3.0055920e+01   3.0055544e+01   3.0055187e+01   3.0054849e+01   3.0054531e+01   3.0054232e+01   3.0053952e+01   3.0053690e+01   3.0053444e+01   3.0053215e+01   3.0052999e+01   3.0052797e+01   3.0052607e+01   3.0052428e+01   3.0052260e+01   3.0052101e+01   3.0051951e+01   3.0051809e+01   3.0051673e+01   3.0051544e+01   3.0051421e+01   3.0051303e+01   3.0051189e+01   3.0051079e+01   3.0050973e+01   3.0050869e+01   3.0050767e+01   3.0050667e+01   3.0050569e+01   3.0050473e+01   3.0050377e+01   3.0050282e+01   3.0050188e+01   3.0050093e+01   3.0050000e+01   3.0049906e+01   3.0049812e+01   3.0049718e+01   3.0049624e+01   3.0049529e+01   3.0049435e+01   3.0049340e+01   3.0049245e+01   3.0049150e+01   3.0049054e+01   3.0048959e+01   3.0048863e+01   3.0048768e+01   3.0048672e+01   3.0048576e+01   3.0048480e+01   3.0048384e+01   3.0048288e+01   3.0048191e+01   3.0048095e+01   3.0047999e+01   3.0047902e+01   3.0047806e+01   3.0047710e+01   3.0047613e+01   3.0047516e+01   3.0047420e+01   3.0047323e+01   3.0047226e+01   3.0047130e+01   3.0047033e+01   3.0046936e+01   3.0046839e+01   3.0046743e+01   3.0046646e+01   3.0046549e+01   3.0046452e+01   3.0046356e+01   3.0046259e+01   3.0046162e+01   3.0046065e+01   3.0045969e+01   3.0045872e+01   3.0045775e+01   3.0045678e+01   3.0045581e+01   3.0045485e+01   3.0045388e+01   3.0045291e+01   3.0045194e+01   3.0045097e+01   3.0045000e+01   3.0044904e+01   3.0044807e+01   3.0044710e+01   3.0044613e+01   3.0044516e+01   3.0044419e+01   3.0044322e+01   3.0044225e+01   3.0044128e+01   3.0044031e+01   3.0043934e+01   3.0043836e+01   3.0043739e+01   3.0043642e+01   3.0043544e+01   3.0043447e+01   3.0043349e+01   3.0043251e+01   3.0043153e+01   3.0043055e+01   3.0042956e+01   3.0042857e+01   3.0042759e+01   3.0042659e+01   3.0042560e+01   3.0042460e+01   3.0042361e+01   3.0042260e+01   3.0042160e+01   3.0042059e+01   3.0041958e+01   3.0041856e+01   3.0041754e+01   3.0041651e+01   3.0041548e+01   3.0041444e+01   3.0041340e+01   3.0041235e+01   3.0041129e+01   3.0041023e+01   3.0040916e+01   3.0040808e+01   3.0040701e+01   3.0040591e+01   3.0040481e+01   3.0040370e+01   3.0040259e+01   3.0040145e+01   3.0040032e+01   3.0039917e+01   3.0039801e+01   3.0039683e+01   3.0039565e+01   3.0039445e+01   3.0039325e+01   3.0039202e+01   3.0039078e+01   3.0038952e+01   3.0038826e+01   3.0038697e+01   3.0038567e+01   3.0038434e+01   3.0038301e+01   3.0038165e+01   3.0038028e+01   3.0037887e+01   3.0037747e+01   3.0037602e+01   3.0037456e+01   3.0037307e+01   3.0037157e+01   3.0037003e+01   3.0036848e+01   3.0036688e+01   3.0036528e+01   3.0036363e+01   3.0036197e+01   3.0036026e+01   3.0035854e+01   3.0035673e+01   3.0035492e+01   3.0035298e+01   3.0035104e+01   3.0034894e+01   3.0034684e+01   3.0034454e+01   3.0034223e+01   3.0033967e+01   3.0033710e+01   3.0033422e+01   3.0033134e+01   3.0032808e+01   3.0032481e+01   3.0032109e+01   3.0031738e+01   3.0031313e+01   3.0030889e+01   3.0030404e+01   3.0029920e+01   3.0029368e+01   3.0028816e+01   3.0028188e+01   3.0027561e+01   3.0026847e+01   3.0026134e+01   3.0025325e+01   3.0024516e+01   3.0023599e+01   3.0022683e+01   3.0021648e+01   3.0020614e+01   3.0019453e+01   3.0018293e+01   3.0017010e+01   3.0015727e+01   3.0014347e+01   3.0012966e+01   3.0011543e+01   3.0010121e+01
   3.0056729e+01   3.0056315e+01   3.0055910e+01   3.0055519e+01   3.0055144e+01   3.0054788e+01   3.0054451e+01   3.0054133e+01   3.0053835e+01   3.0053556e+01   3.0053295e+01   3.0053050e+01   3.0052821e+01   3.0052606e+01   3.0052405e+01   3.0052215e+01   3.0052037e+01   3.0051870e+01   3.0051711e+01   3.0051562e+01   3.0051420e+01   3.0051285e+01   3.0051157e+01   3.0051034e+01   3.0050916e+01   3.0050803e+01   3.0050693e+01   3.0050587e+01   3.0050483e+01   3.0050382e+01   3.0050283e+01   3.0050185e+01   3.0050089e+01   3.0049993e+01   3.0049899e+01   3.0049804e+01   3.0049711e+01   3.0049617e+01   3.0049523e+01   3.0049430e+01   3.0049336e+01   3.0049242e+01   3.0049148e+01   3.0049053e+01   3.0048959e+01   3.0048864e+01   3.0048769e+01   3.0048674e+01   3.0048579e+01   3.0048483e+01   3.0048388e+01   3.0048292e+01   3.0048196e+01   3.0048100e+01   3.0048004e+01   3.0047909e+01   3.0047812e+01   3.0047716e+01   3.0047620e+01   3.0047524e+01   3.0047428e+01   3.0047331e+01   3.0047235e+01   3.0047138e+01   3.0047042e+01   3.0046945e+01   3.0046848e+01   3.0046752e+01   3.0046655e+01   3.0046559e+01   3.0046462e+01   3.0046365e+01   3.0046269e+01   3.0046172e+01   3.0046075e+01   3.0045979e+01   3.0045882e+01   3.0045785e+01   3.0045689e+01   3.0045592e+01   3.0045495e+01   3.0045399e+01   3.0045302e+01   3.0045205e+01   3.0045109e+01   3.0045012e+01   3.0044915e+01   3.0044819e+01   3.0044722e+01   3.0044625e+01   3.0044528e+01   3.0044432e+01   3.0044335e+01   3.0044238e+01   3.0044141e+01   3.0044044e+01   3.0043948e+01   3.0043851e+01   3.0043754e+01   3.0043657e+01   3.0043560e+01   3.0043463e+01   3.0043365e+01   3.0043268e+01   3.0043171e+01   3.0043073e+01   3.0042976e+01   3.0042878e+01   3.0042780e+01   3.0042682e+01   3.0042583e+01   3.0042485e+01   3.0042386e+01   3.0042287e+01   3.0042188e+01   3.0042088e+01   3.0041989e+01   3.0041888e+01   3.0041788e+01   3.0041687e+01   3.0041586e+01   3.0041484e+01   3.0041382e+01   3.0041279e+01   3.0041176e+01   3.0041073e+01   3.0040969e+01   3.0040864e+01   3.0040759e+01   3.0040652e+01   3.0040546e+01   3.0040438e+01   3.0040330e+01   3.0040221e+01   3.0040111e+01   3.0040000e+01   3.0039889e+01   3.0039776e+01   3.0039662e+01   3.0039547e+01   3.0039432e+01   3.0039314e+01   3.0039196e+01   3.0039076e+01   3.0038956e+01   3.0038833e+01   3.0038710e+01   3.0038583e+01   3.0038457e+01   3.0038328e+01   3.0038199e+01   3.0038066e+01   3.0037933e+01   3.0037796e+01   3.0037660e+01   3.0037519e+01   3.0037379e+01   3.0037234e+01   3.0037089e+01   3.0036939e+01   3.0036789e+01   3.0036635e+01   3.0036480e+01   3.0036320e+01   3.0036161e+01   3.0035995e+01   3.0035830e+01   3.0035658e+01   3.0035487e+01   3.0035306e+01   3.0035125e+01   3.0034931e+01   3.0034737e+01   3.0034527e+01   3.0034317e+01   3.0034086e+01   3.0033856e+01   3.0033599e+01   3.0033343e+01   3.0033055e+01   3.0032767e+01   3.0032440e+01   3.0032114e+01   3.0031742e+01   3.0031370e+01   3.0030945e+01   3.0030521e+01   3.0030036e+01   3.0029552e+01   3.0029000e+01   3.0028448e+01   3.0027820e+01   3.0027191e+01   3.0026478e+01   3.0025764e+01   3.0024954e+01   3.0024145e+01   3.0023228e+01   3.0022311e+01   3.0021275e+01   3.0020240e+01   3.0019078e+01   3.0017917e+01   3.0016632e+01   3.0015348e+01   3.0013966e+01   3.0012583e+01   3.0011159e+01   3.0009734e+01
   3.0056325e+01   3.0055912e+01   3.0055508e+01   3.0055118e+01   3.0054744e+01   3.0054389e+01   3.0054053e+01   3.0053736e+01   3.0053439e+01   3.0053161e+01   3.0052900e+01   3.0052656e+01   3.0052428e+01   3.0052213e+01   3.0052013e+01   3.0051824e+01   3.0051646e+01   3.0051479e+01   3.0051321e+01   3.0051172e+01   3.0051031e+01   3.0050897e+01   3.0050769e+01   3.0050646e+01   3.0050529e+01   3.0050416e+01   3.0050307e+01   3.0050201e+01   3.0050098e+01   3.0049997e+01   3.0049898e+01   3.0049801e+01   3.0049705e+01   3.0049610e+01   3.0049515e+01   3.0049421e+01   3.0049328e+01   3.0049234e+01   3.0049141e+01   3.0049048e+01   3.0048954e+01   3.0048860e+01   3.0048766e+01   3.0048672e+01   3.0048578e+01   3.0048483e+01   3.0048388e+01   3.0048293e+01   3.0048198e+01   3.0048103e+01   3.0048008e+01   3.0047912e+01   3.0047816e+01   3.0047721e+01   3.0047625e+01   3.0047529e+01   3.0047433e+01   3.0047337e+01   3.0047241e+01   3.0047145e+01   3.0047049e+01   3.0046953e+01   3.0046856e+01   3.0046760e+01   3.0046663e+01   3.0046567e+01   3.0046470e+01   3.0046374e+01   3.0046277e+01   3.0046181e+01   3.0046084e+01   3.0045988e+01   3.0045891e+01   3.0045795e+01   3.0045698e+01   3.0045602e+01   3.0045505e+01   3.0045409e+01   3.0045312e+01   3.0045216e+01   3.0045119e+01   3.0045023e+01   3.0044926e+01   3.0044829e+01   3.0044733e+01   3.0044636e+01   3.0044540e+01   3.0044443e+01   3.0044347e+01   3.0044250e+01   3.0044153e+01   3.0044057e+01   3.0043960e+01   3.0043863e+01   3.0043767e+01   3.0043670e+01   3.0043573e+01   3.0043476e+01   3.0043380e+01   3.0043283e+01   3.0043186e+01   3.0043089e+01   3.0042992e+01   3.0042894e+01   3.0042797e+01   3.0042700e+01   3.0042602e+01   3.0042504e+01   3.0042407e+01   3.0042309e+01   3.0042211e+01   3.0042112e+01   3.0042014e+01   3.0041915e+01   3.0041816e+01   3.0041716e+01   3.0041616e+01   3.0041516e+01   3.0041416e+01   3.0041315e+01   3.0041214e+01   3.0041112e+01   3.0041011e+01   3.0040908e+01   3.0040805e+01   3.0040701e+01   3.0040598e+01   3.0040493e+01   3.0040388e+01   3.0040281e+01   3.0040175e+01   3.0040067e+01   3.0039960e+01   3.0039850e+01   3.0039741e+01   3.0039630e+01   3.0039519e+01   3.0039406e+01   3.0039293e+01   3.0039177e+01   3.0039062e+01   3.0038945e+01   3.0038827e+01   3.0038707e+01   3.0038587e+01   3.0038464e+01   3.0038341e+01   3.0038215e+01   3.0038089e+01   3.0037959e+01   3.0037830e+01   3.0037697e+01   3.0037565e+01   3.0037428e+01   3.0037292e+01   3.0037151e+01   3.0037010e+01   3.0036866e+01   3.0036721e+01   3.0036571e+01   3.0036422e+01   3.0036267e+01   3.0036113e+01   3.0035953e+01   3.0035793e+01   3.0035628e+01   3.0035462e+01   3.0035291e+01   3.0035120e+01   3.0034938e+01   3.0034757e+01   3.0034563e+01   3.0034369e+01   3.0034159e+01   3.0033949e+01   3.0033719e+01   3.0033488e+01   3.0033232e+01   3.0032976e+01   3.0032687e+01   3.0032399e+01   3.0032073e+01   3.0031746e+01   3.0031374e+01   3.0031002e+01   3.0030577e+01   3.0030153e+01   3.0029668e+01   3.0029184e+01   3.0028631e+01   3.0028079e+01   3.0027451e+01   3.0026822e+01   3.0026108e+01   3.0025394e+01   3.0024584e+01   3.0023774e+01   3.0022856e+01   3.0021939e+01   3.0020902e+01   3.0019866e+01   3.0018703e+01   3.0017541e+01   3.0016255e+01   3.0014969e+01   3.0013585e+01   3.0012201e+01   3.0010774e+01   3.0009348e+01
   3.0055922e+01   3.0055509e+01   3.0055107e+01   3.0054717e+01   3.0054344e+01   3.0053990e+01   3.0053654e+01   3.0053339e+01   3.0053042e+01   3.0052765e+01   3.0052505e+01   3.0052262e+01   3.0052034e+01   3.0051821e+01   3.0051620e+01   3.0051432e+01   3.0051255e+01   3.0051089e+01   3.0050932e+01   3.0050783e+01   3.0050642e+01   3.0050508e+01   3.0050381e+01   3.0050259e+01   3.0050142e+01   3.0050030e+01   3.0049921e+01   3.0049816e+01   3.0049713e+01   3.0049612e+01   3.0049514e+01   3.0049417e+01   3.0049321e+01   3.0049226e+01   3.0049132e+01   3.0049038e+01   3.0048945e+01   3.0048852e+01   3.0048759e+01   3.0048666e+01   3.0048572e+01   3.0048479e+01   3.0048385e+01   3.0048291e+01   3.0048197e+01   3.0048102e+01   3.0048008e+01   3.0047913e+01   3.0047818e+01   3.0047723e+01   3.0047628e+01   3.0047532e+01   3.0047437e+01   3.0047341e+01   3.0047246e+01   3.0047150e+01   3.0047054e+01   3.0046958e+01   3.0046863e+01   3.0046767e+01   3.0046671e+01   3.0046574e+01   3.0046478e+01   3.0046382e+01   3.0046285e+01   3.0046189e+01   3.0046092e+01   3.0045996e+01   3.0045900e+01   3.0045803e+01   3.0045707e+01   3.0045611e+01   3.0045514e+01   3.0045418e+01   3.0045321e+01   3.0045225e+01   3.0045128e+01   3.0045032e+01   3.0044936e+01   3.0044839e+01   3.0044743e+01   3.0044646e+01   3.0044550e+01   3.0044453e+01   3.0044357e+01   3.0044261e+01   3.0044164e+01   3.0044068e+01   3.0043971e+01   3.0043875e+01   3.0043778e+01   3.0043682e+01   3.0043585e+01   3.0043489e+01   3.0043392e+01   3.0043295e+01   3.0043199e+01   3.0043102e+01   3.0043005e+01   3.0042909e+01   3.0042812e+01   3.0042715e+01   3.0042618e+01   3.0042521e+01   3.0042424e+01   3.0042326e+01   3.0042229e+01   3.0042131e+01   3.0042034e+01   3.0041936e+01   3.0041838e+01   3.0041739e+01   3.0041641e+01   3.0041542e+01   3.0041443e+01   3.0041344e+01   3.0041244e+01   3.0041144e+01   3.0041044e+01   3.0040943e+01   3.0040842e+01   3.0040741e+01   3.0040639e+01   3.0040537e+01   3.0040434e+01   3.0040330e+01   3.0040227e+01   3.0040122e+01   3.0040017e+01   3.0039911e+01   3.0039805e+01   3.0039697e+01   3.0039589e+01   3.0039480e+01   3.0039371e+01   3.0039260e+01   3.0039149e+01   3.0039036e+01   3.0038923e+01   3.0038808e+01   3.0038693e+01   3.0038575e+01   3.0038458e+01   3.0038337e+01   3.0038217e+01   3.0038095e+01   3.0037972e+01   3.0037846e+01   3.0037720e+01   3.0037591e+01   3.0037462e+01   3.0037329e+01   3.0037196e+01   3.0037060e+01   3.0036923e+01   3.0036783e+01   3.0036642e+01   3.0036498e+01   3.0036353e+01   3.0036203e+01   3.0036054e+01   3.0035899e+01   3.0035745e+01   3.0035585e+01   3.0035426e+01   3.0035260e+01   3.0035095e+01   3.0034923e+01   3.0034752e+01   3.0034571e+01   3.0034390e+01   3.0034196e+01   3.0034002e+01   3.0033792e+01   3.0033582e+01   3.0033351e+01   3.0033121e+01   3.0032865e+01   3.0032608e+01   3.0032320e+01   3.0032032e+01   3.0031705e+01   3.0031379e+01   3.0031006e+01   3.0030634e+01   3.0030210e+01   3.0029785e+01   3.0029300e+01   3.0028815e+01   3.0028263e+01   3.0027710e+01   3.0027082e+01   3.0026453e+01   3.0025739e+01   3.0025024e+01   3.0024214e+01   3.0023403e+01   3.0022485e+01   3.0021566e+01   3.0020529e+01   3.0019492e+01   3.0018328e+01   3.0017164e+01   3.0015877e+01   3.0014590e+01   3.0013204e+01   3.0011818e+01   3.0010389e+01   3.0008961e+01
   3.0055519e+01   3.0055107e+01   3.0054705e+01   3.0054317e+01   3.0053944e+01   3.0053591e+01   3.0053256e+01   3.0052941e+01   3.0052646e+01   3.0052369e+01   3.0052110e+01   3.0051868e+01   3.0051641e+01   3.0051428e+01   3.0051228e+01   3.0051041e+01   3.0050864e+01   3.0050698e+01   3.0050542e+01   3.0050394e+01   3.0050253e+01   3.0050120e+01   3.0049993e+01   3.0049872e+01   3.0049755e+01   3.0049643e+01   3.0049535e+01   3.0049430e+01   3.0049328e+01   3.0049228e+01   3.0049129e+01   3.0049033e+01   3.0048937e+01   3.0048843e+01   3.0048749e+01   3.0048656e+01   3.0048563e+01   3.0048470e+01   3.0048377e+01   3.0048284e+01   3.0048191e+01   3.0048097e+01   3.0048004e+01   3.0047910e+01   3.0047816e+01   3.0047722e+01   3.0047627e+01   3.0047533e+01   3.0047438e+01   3.0047343e+01   3.0047248e+01   3.0047153e+01   3.0047057e+01   3.0046962e+01   3.0046866e+01   3.0046771e+01   3.0046675e+01   3.0046579e+01   3.0046484e+01   3.0046388e+01   3.0046292e+01   3.0046196e+01   3.0046100e+01   3.0046003e+01   3.0045907e+01   3.0045811e+01   3.0045715e+01   3.0045618e+01   3.0045522e+01   3.0045426e+01   3.0045330e+01   3.0045233e+01   3.0045137e+01   3.0045041e+01   3.0044944e+01   3.0044848e+01   3.0044752e+01   3.0044655e+01   3.0044559e+01   3.0044463e+01   3.0044366e+01   3.0044270e+01   3.0044174e+01   3.0044077e+01   3.0043981e+01   3.0043885e+01   3.0043788e+01   3.0043692e+01   3.0043596e+01   3.0043499e+01   3.0043403e+01   3.0043307e+01   3.0043210e+01   3.0043114e+01   3.0043017e+01   3.0042921e+01   3.0042824e+01   3.0042728e+01   3.0042631e+01   3.0042534e+01   3.0042438e+01   3.0042341e+01   3.0042244e+01   3.0042147e+01   3.0042050e+01   3.0041953e+01   3.0041856e+01   3.0041758e+01   3.0041661e+01   3.0041563e+01   3.0041465e+01   3.0041367e+01   3.0041268e+01   3.0041169e+01   3.0041071e+01   3.0040971e+01   3.0040872e+01   3.0040772e+01   3.0040672e+01   3.0040571e+01   3.0040471e+01   3.0040369e+01   3.0040268e+01   3.0040165e+01   3.0040063e+01   3.0039959e+01   3.0039856e+01   3.0039751e+01   3.0039646e+01   3.0039540e+01   3.0039434e+01   3.0039327e+01   3.0039219e+01   3.0039110e+01   3.0039001e+01   3.0038890e+01   3.0038779e+01   3.0038666e+01   3.0038553e+01   3.0038438e+01   3.0038323e+01   3.0038206e+01   3.0038088e+01   3.0037968e+01   3.0037848e+01   3.0037726e+01   3.0037603e+01   3.0037477e+01   3.0037351e+01   3.0037222e+01   3.0037093e+01   3.0036961e+01   3.0036828e+01   3.0036692e+01   3.0036555e+01   3.0036415e+01   3.0036274e+01   3.0036130e+01   3.0035985e+01   3.0035835e+01   3.0035686e+01   3.0035532e+01   3.0035377e+01   3.0035218e+01   3.0035058e+01   3.0034893e+01   3.0034727e+01   3.0034556e+01   3.0034385e+01   3.0034204e+01   3.0034022e+01   3.0033829e+01   3.0033635e+01   3.0033425e+01   3.0033215e+01   3.0032984e+01   3.0032753e+01   3.0032497e+01   3.0032241e+01   3.0031953e+01   3.0031664e+01   3.0031338e+01   3.0031011e+01   3.0030639e+01   3.0030267e+01   3.0029842e+01   3.0029417e+01   3.0028932e+01   3.0028447e+01   3.0027894e+01   3.0027342e+01   3.0026713e+01   3.0026084e+01   3.0025369e+01   3.0024654e+01   3.0023843e+01   3.0023032e+01   3.0022113e+01   3.0021194e+01   3.0020156e+01   3.0019118e+01   3.0017953e+01   3.0016789e+01   3.0015500e+01   3.0014211e+01   3.0012823e+01   3.0011435e+01   3.0010005e+01   3.0008575e+01
   3.0055116e+01   3.0054705e+01   3.0054304e+01   3.0053916e+01   3.0053545e+01   3.0053192e+01   3.0052858e+01   3.0052544e+01   3.0052249e+01   3.0051973e+01   3.0051715e+01   3.0051473e+01   3.0051247e+01   3.0051035e+01   3.0050836e+01   3.0050649e+01   3.0050474e+01   3.0050308e+01   3.0050152e+01   3.0050004e+01   3.0049865e+01   3.0049732e+01   3.0049605e+01   3.0049484e+01   3.0049368e+01   3.0049257e+01   3.0049149e+01   3.0049044e+01   3.0048942e+01   3.0048843e+01   3.0048745e+01   3.0048648e+01   3.0048553e+01   3.0048459e+01   3.0048366e+01   3.0048273e+01   3.0048180e+01   3.0048087e+01   3.0047995e+01   3.0047902e+01   3.0047809e+01   3.0047716e+01   3.0047623e+01   3.0047529e+01   3.0047435e+01   3.0047341e+01   3.0047247e+01   3.0047152e+01   3.0047058e+01   3.0046963e+01   3.0046868e+01   3.0046773e+01   3.0046678e+01   3.0046582e+01   3.0046487e+01   3.0046391e+01   3.0046296e+01   3.0046200e+01   3.0046105e+01   3.0046009e+01   3.0045913e+01   3.0045817e+01   3.0045721e+01   3.0045625e+01   3.0045529e+01   3.0045433e+01   3.0045337e+01   3.0045241e+01   3.0045145e+01   3.0045048e+01   3.0044952e+01   3.0044856e+01   3.0044760e+01   3.0044664e+01   3.0044567e+01   3.0044471e+01   3.0044375e+01   3.0044279e+01   3.0044182e+01   3.0044086e+01   3.0043990e+01   3.0043894e+01   3.0043798e+01   3.0043701e+01   3.0043605e+01   3.0043509e+01   3.0043413e+01   3.0043316e+01   3.0043220e+01   3.0043124e+01   3.0043028e+01   3.0042931e+01   3.0042835e+01   3.0042739e+01   3.0042642e+01   3.0042546e+01   3.0042450e+01   3.0042353e+01   3.0042257e+01   3.0042160e+01   3.0042064e+01   3.0041967e+01   3.0041870e+01   3.0041773e+01   3.0041677e+01   3.0041579e+01   3.0041482e+01   3.0041385e+01   3.0041287e+01   3.0041190e+01   3.0041092e+01   3.0040994e+01   3.0040896e+01   3.0040797e+01   3.0040698e+01   3.0040599e+01   3.0040500e+01   3.0040400e+01   3.0040300e+01   3.0040200e+01   3.0040099e+01   3.0039998e+01   3.0039896e+01   3.0039794e+01   3.0039692e+01   3.0039588e+01   3.0039485e+01   3.0039380e+01   3.0039275e+01   3.0039169e+01   3.0039064e+01   3.0038956e+01   3.0038849e+01   3.0038740e+01   3.0038631e+01   3.0038520e+01   3.0038409e+01   3.0038296e+01   3.0038184e+01   3.0038069e+01   3.0037954e+01   3.0037836e+01   3.0037719e+01   3.0037599e+01   3.0037479e+01   3.0037357e+01   3.0037234e+01   3.0037108e+01   3.0036983e+01   3.0036854e+01   3.0036725e+01   3.0036592e+01   3.0036460e+01   3.0036323e+01   3.0036187e+01   3.0036047e+01   3.0035906e+01   3.0035762e+01   3.0035617e+01   3.0035468e+01   3.0035318e+01   3.0035164e+01   3.0035010e+01   3.0034850e+01   3.0034690e+01   3.0034525e+01   3.0034360e+01   3.0034189e+01   3.0034017e+01   3.0033836e+01   3.0033655e+01   3.0033461e+01   3.0033267e+01   3.0033057e+01   3.0032847e+01   3.0032617e+01   3.0032386e+01   3.0032130e+01   3.0031873e+01   3.0031585e+01   3.0031297e+01   3.0030970e+01   3.0030643e+01   3.0030271e+01   3.0029899e+01   3.0029474e+01   3.0029049e+01   3.0028564e+01   3.0028079e+01   3.0027526e+01   3.0026973e+01   3.0026344e+01   3.0025714e+01   3.0024999e+01   3.0024284e+01   3.0023473e+01   3.0022661e+01   3.0021742e+01   3.0020822e+01   3.0019784e+01   3.0018745e+01   3.0017579e+01   3.0016413e+01   3.0015122e+01   3.0013832e+01   3.0012442e+01   3.0011053e+01   3.0009620e+01   3.0008188e+01
   3.0054712e+01   3.0054302e+01   3.0053902e+01   3.0053515e+01   3.0053145e+01   3.0052793e+01   3.0052460e+01   3.0052147e+01   3.0051853e+01   3.0051578e+01   3.0051320e+01   3.0051079e+01   3.0050853e+01   3.0050642e+01   3.0050444e+01   3.0050258e+01   3.0050083e+01   3.0049918e+01   3.0049762e+01   3.0049615e+01   3.0049476e+01   3.0049343e+01   3.0049217e+01   3.0049097e+01   3.0048981e+01   3.0048870e+01   3.0048763e+01   3.0048659e+01   3.0048557e+01   3.0048458e+01   3.0048360e+01   3.0048264e+01   3.0048169e+01   3.0048075e+01   3.0047982e+01   3.0047890e+01   3.0047797e+01   3.0047705e+01   3.0047612e+01   3.0047520e+01   3.0047427e+01   3.0047334e+01   3.0047241e+01   3.0047148e+01   3.0047054e+01   3.0046960e+01   3.0046866e+01   3.0046772e+01   3.0046677e+01   3.0046583e+01   3.0046488e+01   3.0046393e+01   3.0046298e+01   3.0046203e+01   3.0046108e+01   3.0046012e+01   3.0045917e+01   3.0045821e+01   3.0045726e+01   3.0045630e+01   3.0045535e+01   3.0045439e+01   3.0045343e+01   3.0045247e+01   3.0045151e+01   3.0045055e+01   3.0044959e+01   3.0044863e+01   3.0044767e+01   3.0044671e+01   3.0044575e+01   3.0044479e+01   3.0044383e+01   3.0044286e+01   3.0044190e+01   3.0044094e+01   3.0043998e+01   3.0043902e+01   3.0043806e+01   3.0043710e+01   3.0043614e+01   3.0043518e+01   3.0043422e+01   3.0043325e+01   3.0043229e+01   3.0043133e+01   3.0043037e+01   3.0042941e+01   3.0042845e+01   3.0042749e+01   3.0042653e+01   3.0042556e+01   3.0042460e+01   3.0042364e+01   3.0042268e+01   3.0042172e+01   3.0042075e+01   3.0041979e+01   3.0041883e+01   3.0041786e+01   3.0041690e+01   3.0041593e+01   3.0041496e+01   3.0041400e+01   3.0041303e+01   3.0041206e+01   3.0041109e+01   3.0041012e+01   3.0040914e+01   3.0040817e+01   3.0040719e+01   3.0040621e+01   3.0040523e+01   3.0040424e+01   3.0040326e+01   3.0040227e+01   3.0040128e+01   3.0040028e+01   3.0039928e+01   3.0039828e+01   3.0039727e+01   3.0039626e+01   3.0039525e+01   3.0039423e+01   3.0039320e+01   3.0039217e+01   3.0039114e+01   3.0039009e+01   3.0038905e+01   3.0038799e+01   3.0038693e+01   3.0038586e+01   3.0038478e+01   3.0038370e+01   3.0038261e+01   3.0038150e+01   3.0038039e+01   3.0037927e+01   3.0037814e+01   3.0037699e+01   3.0037584e+01   3.0037467e+01   3.0037350e+01   3.0037230e+01   3.0037110e+01   3.0036988e+01   3.0036865e+01   3.0036740e+01   3.0036614e+01   3.0036485e+01   3.0036356e+01   3.0036224e+01   3.0036091e+01   3.0035955e+01   3.0035819e+01   3.0035679e+01   3.0035538e+01   3.0035394e+01   3.0035249e+01   3.0035100e+01   3.0034951e+01   3.0034796e+01   3.0034642e+01   3.0034482e+01   3.0034323e+01   3.0034158e+01   3.0033992e+01   3.0033821e+01   3.0033650e+01   3.0033469e+01   3.0033288e+01   3.0033094e+01   3.0032900e+01   3.0032690e+01   3.0032480e+01   3.0032249e+01   3.0032019e+01   3.0031762e+01   3.0031506e+01   3.0031218e+01   3.0030929e+01   3.0030603e+01   3.0030276e+01   3.0029903e+01   3.0029531e+01   3.0029106e+01   3.0028681e+01   3.0028196e+01   3.0027710e+01   3.0027157e+01   3.0026604e+01   3.0025975e+01   3.0025345e+01   3.0024630e+01   3.0023915e+01   3.0023103e+01   3.0022291e+01   3.0021371e+01   3.0020451e+01   3.0019411e+01   3.0018371e+01   3.0017204e+01   3.0016037e+01   3.0014745e+01   3.0013453e+01   3.0012062e+01   3.0010670e+01   3.0009236e+01   3.0007802e+01
   3.0054309e+01   3.0053900e+01   3.0053500e+01   3.0053115e+01   3.0052745e+01   3.0052394e+01   3.0052062e+01   3.0051749e+01   3.0051456e+01   3.0051182e+01   3.0050925e+01   3.0050685e+01   3.0050460e+01   3.0050249e+01   3.0050052e+01   3.0049866e+01   3.0049692e+01   3.0049527e+01   3.0049372e+01   3.0049226e+01   3.0049087e+01   3.0048955e+01   3.0048830e+01   3.0048710e+01   3.0048595e+01   3.0048484e+01   3.0048377e+01   3.0048273e+01   3.0048172e+01   3.0048073e+01   3.0047975e+01   3.0047880e+01   3.0047785e+01   3.0047692e+01   3.0047599e+01   3.0047507e+01   3.0047414e+01   3.0047322e+01   3.0047230e+01   3.0047138e+01   3.0047045e+01   3.0046953e+01   3.0046860e+01   3.0046767e+01   3.0046673e+01   3.0046580e+01   3.0046486e+01   3.0046391e+01   3.0046297e+01   3.0046203e+01   3.0046108e+01   3.0046013e+01   3.0045918e+01   3.0045823e+01   3.0045728e+01   3.0045633e+01   3.0045538e+01   3.0045442e+01   3.0045347e+01   3.0045251e+01   3.0045156e+01   3.0045060e+01   3.0044964e+01   3.0044869e+01   3.0044773e+01   3.0044677e+01   3.0044581e+01   3.0044485e+01   3.0044389e+01   3.0044293e+01   3.0044197e+01   3.0044101e+01   3.0044005e+01   3.0043909e+01   3.0043813e+01   3.0043717e+01   3.0043622e+01   3.0043526e+01   3.0043430e+01   3.0043334e+01   3.0043238e+01   3.0043142e+01   3.0043046e+01   3.0042950e+01   3.0042854e+01   3.0042758e+01   3.0042662e+01   3.0042566e+01   3.0042470e+01   3.0042373e+01   3.0042277e+01   3.0042181e+01   3.0042085e+01   3.0041989e+01   3.0041893e+01   3.0041797e+01   3.0041701e+01   3.0041605e+01   3.0041508e+01   3.0041412e+01   3.0041316e+01   3.0041219e+01   3.0041123e+01   3.0041026e+01   3.0040929e+01   3.0040832e+01   3.0040736e+01   3.0040638e+01   3.0040541e+01   3.0040444e+01   3.0040346e+01   3.0040248e+01   3.0040150e+01   3.0040052e+01   3.0039953e+01   3.0039855e+01   3.0039756e+01   3.0039656e+01   3.0039556e+01   3.0039456e+01   3.0039356e+01   3.0039254e+01   3.0039153e+01   3.0039051e+01   3.0038949e+01   3.0038846e+01   3.0038743e+01   3.0038638e+01   3.0038534e+01   3.0038428e+01   3.0038322e+01   3.0038215e+01   3.0038108e+01   3.0037999e+01   3.0037890e+01   3.0037780e+01   3.0037669e+01   3.0037557e+01   3.0037444e+01   3.0037330e+01   3.0037215e+01   3.0037098e+01   3.0036981e+01   3.0036861e+01   3.0036741e+01   3.0036619e+01   3.0036496e+01   3.0036371e+01   3.0036245e+01   3.0036117e+01   3.0035988e+01   3.0035855e+01   3.0035723e+01   3.0035587e+01   3.0035451e+01   3.0035311e+01   3.0035170e+01   3.0035026e+01   3.0034881e+01   3.0034732e+01   3.0034583e+01   3.0034429e+01   3.0034274e+01   3.0034115e+01   3.0033955e+01   3.0033790e+01   3.0033625e+01   3.0033454e+01   3.0033282e+01   3.0033101e+01   3.0032920e+01   3.0032726e+01   3.0032533e+01   3.0032323e+01   3.0032113e+01   3.0031882e+01   3.0031651e+01   3.0031395e+01   3.0031139e+01   3.0030850e+01   3.0030562e+01   3.0030235e+01   3.0029908e+01   3.0029536e+01   3.0029163e+01   3.0028738e+01   3.0028313e+01   3.0027827e+01   3.0027342e+01   3.0026789e+01   3.0026236e+01   3.0025606e+01   3.0024976e+01   3.0024261e+01   3.0023545e+01   3.0022732e+01   3.0021920e+01   3.0020999e+01   3.0020079e+01   3.0019038e+01   3.0017998e+01   3.0016830e+01   3.0015661e+01   3.0014368e+01   3.0013074e+01   3.0011681e+01   3.0010288e+01   3.0008851e+01   3.0007415e+01
   3.0053906e+01   3.0053498e+01   3.0053099e+01   3.0052714e+01   3.0052345e+01   3.0051995e+01   3.0051664e+01   3.0051352e+01   3.0051060e+01   3.0050786e+01   3.0050530e+01   3.0050291e+01   3.0050066e+01   3.0049856e+01   3.0049659e+01   3.0049475e+01   3.0049301e+01   3.0049137e+01   3.0048982e+01   3.0048836e+01   3.0048698e+01   3.0048567e+01   3.0048442e+01   3.0048322e+01   3.0048208e+01   3.0048097e+01   3.0047991e+01   3.0047887e+01   3.0047786e+01   3.0047688e+01   3.0047591e+01   3.0047496e+01   3.0047401e+01   3.0047308e+01   3.0047216e+01   3.0047124e+01   3.0047032e+01   3.0046940e+01   3.0046848e+01   3.0046756e+01   3.0046664e+01   3.0046571e+01   3.0046478e+01   3.0046385e+01   3.0046292e+01   3.0046199e+01   3.0046105e+01   3.0046011e+01   3.0045917e+01   3.0045822e+01   3.0045728e+01   3.0045633e+01   3.0045539e+01   3.0045444e+01   3.0045349e+01   3.0045254e+01   3.0045159e+01   3.0045064e+01   3.0044968e+01   3.0044873e+01   3.0044778e+01   3.0044682e+01   3.0044586e+01   3.0044490e+01   3.0044395e+01   3.0044299e+01   3.0044203e+01   3.0044107e+01   3.0044011e+01   3.0043916e+01   3.0043820e+01   3.0043724e+01   3.0043628e+01   3.0043532e+01   3.0043436e+01   3.0043341e+01   3.0043245e+01   3.0043149e+01   3.0043053e+01   3.0042957e+01   3.0042861e+01   3.0042765e+01   3.0042670e+01   3.0042574e+01   3.0042478e+01   3.0042382e+01   3.0042286e+01   3.0042190e+01   3.0042094e+01   3.0041998e+01   3.0041902e+01   3.0041806e+01   3.0041710e+01   3.0041614e+01   3.0041518e+01   3.0041422e+01   3.0041326e+01   3.0041230e+01   3.0041134e+01   3.0041038e+01   3.0040942e+01   3.0040845e+01   3.0040749e+01   3.0040652e+01   3.0040556e+01   3.0040459e+01   3.0040362e+01   3.0040265e+01   3.0040168e+01   3.0040071e+01   3.0039973e+01   3.0039875e+01   3.0039778e+01   3.0039679e+01   3.0039581e+01   3.0039482e+01   3.0039383e+01   3.0039284e+01   3.0039184e+01   3.0039084e+01   3.0038984e+01   3.0038883e+01   3.0038782e+01   3.0038680e+01   3.0038578e+01   3.0038475e+01   3.0038372e+01   3.0038267e+01   3.0038163e+01   3.0038057e+01   3.0037952e+01   3.0037845e+01   3.0037738e+01   3.0037629e+01   3.0037520e+01   3.0037410e+01   3.0037300e+01   3.0037187e+01   3.0037075e+01   3.0036960e+01   3.0036845e+01   3.0036728e+01   3.0036611e+01   3.0036492e+01   3.0036372e+01   3.0036250e+01   3.0036128e+01   3.0036002e+01   3.0035877e+01   3.0035748e+01   3.0035619e+01   3.0035487e+01   3.0035355e+01   3.0035219e+01   3.0035083e+01   3.0034943e+01   3.0034802e+01   3.0034658e+01   3.0034513e+01   3.0034364e+01   3.0034215e+01   3.0034061e+01   3.0033907e+01   3.0033747e+01   3.0033588e+01   3.0033423e+01   3.0033257e+01   3.0033086e+01   3.0032915e+01   3.0032734e+01   3.0032553e+01   3.0032359e+01   3.0032165e+01   3.0031955e+01   3.0031745e+01   3.0031515e+01   3.0031284e+01   3.0031028e+01   3.0030771e+01   3.0030483e+01   3.0030195e+01   3.0029868e+01   3.0029541e+01   3.0029168e+01   3.0028796e+01   3.0028370e+01   3.0027945e+01   3.0027459e+01   3.0026974e+01   3.0026420e+01   3.0025867e+01   3.0025237e+01   3.0024607e+01   3.0023891e+01   3.0023175e+01   3.0022362e+01   3.0021550e+01   3.0020628e+01   3.0019707e+01   3.0018666e+01   3.0017625e+01   3.0016455e+01   3.0015286e+01   3.0013991e+01   3.0012696e+01   3.0011301e+01   3.0009905e+01   3.0008467e+01   3.0007028e+01
   3.0053503e+01   3.0053096e+01   3.0052698e+01   3.0052313e+01   3.0051945e+01   3.0051596e+01   3.0051266e+01   3.0050955e+01   3.0050663e+01   3.0050390e+01   3.0050135e+01   3.0049896e+01   3.0049673e+01   3.0049464e+01   3.0049267e+01   3.0049083e+01   3.0048910e+01   3.0048746e+01   3.0048593e+01   3.0048447e+01   3.0048309e+01   3.0048179e+01   3.0048054e+01   3.0047935e+01   3.0047821e+01   3.0047711e+01   3.0047605e+01   3.0047501e+01   3.0047401e+01   3.0047303e+01   3.0047206e+01   3.0047111e+01   3.0047018e+01   3.0046925e+01   3.0046833e+01   3.0046741e+01   3.0046649e+01   3.0046557e+01   3.0046466e+01   3.0046374e+01   3.0046282e+01   3.0046190e+01   3.0046097e+01   3.0046004e+01   3.0045911e+01   3.0045818e+01   3.0045724e+01   3.0045631e+01   3.0045537e+01   3.0045442e+01   3.0045348e+01   3.0045253e+01   3.0045159e+01   3.0045064e+01   3.0044969e+01   3.0044874e+01   3.0044779e+01   3.0044684e+01   3.0044589e+01   3.0044494e+01   3.0044399e+01   3.0044303e+01   3.0044208e+01   3.0044112e+01   3.0044016e+01   3.0043921e+01   3.0043825e+01   3.0043729e+01   3.0043634e+01   3.0043538e+01   3.0043442e+01   3.0043347e+01   3.0043251e+01   3.0043155e+01   3.0043059e+01   3.0042964e+01   3.0042868e+01   3.0042772e+01   3.0042677e+01   3.0042581e+01   3.0042485e+01   3.0042389e+01   3.0042294e+01   3.0042198e+01   3.0042102e+01   3.0042006e+01   3.0041910e+01   3.0041815e+01   3.0041719e+01   3.0041623e+01   3.0041527e+01   3.0041431e+01   3.0041335e+01   3.0041240e+01   3.0041144e+01   3.0041048e+01   3.0040952e+01   3.0040856e+01   3.0040760e+01   3.0040664e+01   3.0040568e+01   3.0040471e+01   3.0040375e+01   3.0040279e+01   3.0040182e+01   3.0040085e+01   3.0039989e+01   3.0039892e+01   3.0039795e+01   3.0039698e+01   3.0039600e+01   3.0039503e+01   3.0039405e+01   3.0039307e+01   3.0039209e+01   3.0039110e+01   3.0039011e+01   3.0038912e+01   3.0038812e+01   3.0038712e+01   3.0038612e+01   3.0038511e+01   3.0038410e+01   3.0038308e+01   3.0038207e+01   3.0038104e+01   3.0038001e+01   3.0037896e+01   3.0037792e+01   3.0037687e+01   3.0037581e+01   3.0037474e+01   3.0037368e+01   3.0037259e+01   3.0037150e+01   3.0037040e+01   3.0036930e+01   3.0036817e+01   3.0036705e+01   3.0036590e+01   3.0036476e+01   3.0036359e+01   3.0036242e+01   3.0036123e+01   3.0036003e+01   3.0035881e+01   3.0035759e+01   3.0035633e+01   3.0035508e+01   3.0035379e+01   3.0035251e+01   3.0035119e+01   3.0034987e+01   3.0034851e+01   3.0034715e+01   3.0034574e+01   3.0034434e+01   3.0034290e+01   3.0034145e+01   3.0033996e+01   3.0033847e+01   3.0033693e+01   3.0033539e+01   3.0033380e+01   3.0033220e+01   3.0033055e+01   3.0032890e+01   3.0032719e+01   3.0032548e+01   3.0032367e+01   3.0032185e+01   3.0031992e+01   3.0031798e+01   3.0031588e+01   3.0031378e+01   3.0031147e+01   3.0030917e+01   3.0030660e+01   3.0030404e+01   3.0030115e+01   3.0029827e+01   3.0029500e+01   3.0029173e+01   3.0028800e+01   3.0028428e+01   3.0028002e+01   3.0027577e+01   3.0027091e+01   3.0026606e+01   3.0026052e+01   3.0025498e+01   3.0024868e+01   3.0024238e+01   3.0023522e+01   3.0022805e+01   3.0021992e+01   3.0021179e+01   3.0020257e+01   3.0019336e+01   3.0018294e+01   3.0017252e+01   3.0016081e+01   3.0014911e+01   3.0013614e+01   3.0012317e+01   3.0010920e+01   3.0009523e+01   3.0008082e+01   3.0006642e+01
   3.0053099e+01   3.0052693e+01   3.0052296e+01   3.0051913e+01   3.0051546e+01   3.0051197e+01   3.0050867e+01   3.0050557e+01   3.0050267e+01   3.0049995e+01   3.0049740e+01   3.0049502e+01   3.0049279e+01   3.0049071e+01   3.0048875e+01   3.0048691e+01   3.0048519e+01   3.0048356e+01   3.0048203e+01   3.0048058e+01   3.0047921e+01   3.0047790e+01   3.0047666e+01   3.0047547e+01   3.0047434e+01   3.0047324e+01   3.0047218e+01   3.0047116e+01   3.0047016e+01   3.0046918e+01   3.0046822e+01   3.0046727e+01   3.0046634e+01   3.0046541e+01   3.0046449e+01   3.0046358e+01   3.0046266e+01   3.0046175e+01   3.0046084e+01   3.0045992e+01   3.0045900e+01   3.0045808e+01   3.0045716e+01   3.0045623e+01   3.0045530e+01   3.0045437e+01   3.0045344e+01   3.0045250e+01   3.0045156e+01   3.0045062e+01   3.0044968e+01   3.0044874e+01   3.0044779e+01   3.0044685e+01   3.0044590e+01   3.0044495e+01   3.0044400e+01   3.0044305e+01   3.0044210e+01   3.0044115e+01   3.0044020e+01   3.0043925e+01   3.0043829e+01   3.0043734e+01   3.0043638e+01   3.0043543e+01   3.0043447e+01   3.0043352e+01   3.0043256e+01   3.0043160e+01   3.0043065e+01   3.0042969e+01   3.0042874e+01   3.0042778e+01   3.0042682e+01   3.0042587e+01   3.0042491e+01   3.0042396e+01   3.0042300e+01   3.0042204e+01   3.0042109e+01   3.0042013e+01   3.0041917e+01   3.0041822e+01   3.0041726e+01   3.0041630e+01   3.0041535e+01   3.0041439e+01   3.0041343e+01   3.0041248e+01   3.0041152e+01   3.0041056e+01   3.0040961e+01   3.0040865e+01   3.0040769e+01   3.0040673e+01   3.0040577e+01   3.0040481e+01   3.0040386e+01   3.0040290e+01   3.0040194e+01   3.0040097e+01   3.0040001e+01   3.0039905e+01   3.0039809e+01   3.0039712e+01   3.0039615e+01   3.0039519e+01   3.0039422e+01   3.0039325e+01   3.0039227e+01   3.0039130e+01   3.0039032e+01   3.0038934e+01   3.0038836e+01   3.0038738e+01   3.0038639e+01   3.0038540e+01   3.0038440e+01   3.0038340e+01   3.0038240e+01   3.0038140e+01   3.0038039e+01   3.0037937e+01   3.0037835e+01   3.0037732e+01   3.0037629e+01   3.0037525e+01   3.0037421e+01   3.0037316e+01   3.0037211e+01   3.0037104e+01   3.0036997e+01   3.0036889e+01   3.0036780e+01   3.0036670e+01   3.0036560e+01   3.0036448e+01   3.0036335e+01   3.0036221e+01   3.0036107e+01   3.0035990e+01   3.0035873e+01   3.0035754e+01   3.0035634e+01   3.0035512e+01   3.0035390e+01   3.0035265e+01   3.0035139e+01   3.0035011e+01   3.0034882e+01   3.0034750e+01   3.0034618e+01   3.0034482e+01   3.0034346e+01   3.0034206e+01   3.0034066e+01   3.0033922e+01   3.0033778e+01   3.0033629e+01   3.0033480e+01   3.0033325e+01   3.0033171e+01   3.0033012e+01   3.0032853e+01   3.0032688e+01   3.0032522e+01   3.0032351e+01   3.0032180e+01   3.0031999e+01   3.0031818e+01   3.0031624e+01   3.0031431e+01   3.0031221e+01   3.0031011e+01   3.0030780e+01   3.0030549e+01   3.0030293e+01   3.0030036e+01   3.0029748e+01   3.0029460e+01   3.0029133e+01   3.0028806e+01   3.0028433e+01   3.0028060e+01   3.0027635e+01   3.0027209e+01   3.0026723e+01   3.0026237e+01   3.0025684e+01   3.0025130e+01   3.0024499e+01   3.0023869e+01   3.0023152e+01   3.0022436e+01   3.0021622e+01   3.0020809e+01   3.0019887e+01   3.0018964e+01   3.0017922e+01   3.0016879e+01   3.0015707e+01   3.0014536e+01   3.0013238e+01   3.0011939e+01   3.0010540e+01   3.0009141e+01   3.0007698e+01   3.0006255e+01
   3.0052696e+01   3.0052290e+01   3.0051894e+01   3.0051512e+01   3.0051146e+01   3.0050798e+01   3.0050469e+01   3.0050160e+01   3.0049870e+01   3.0049599e+01   3.0049345e+01   3.0049108e+01   3.0048886e+01   3.0048678e+01   3.0048483e+01   3.0048300e+01   3.0048128e+01   3.0047966e+01   3.0047813e+01   3.0047668e+01   3.0047532e+01   3.0047402e+01   3.0047278e+01   3.0047160e+01   3.0047047e+01   3.0046938e+01   3.0046832e+01   3.0046730e+01   3.0046630e+01   3.0046533e+01   3.0046437e+01   3.0046343e+01   3.0046250e+01   3.0046158e+01   3.0046066e+01   3.0045975e+01   3.0045884e+01   3.0045793e+01   3.0045701e+01   3.0045610e+01   3.0045519e+01   3.0045427e+01   3.0045335e+01   3.0045242e+01   3.0045150e+01   3.0045057e+01   3.0044963e+01   3.0044870e+01   3.0044776e+01   3.0044682e+01   3.0044588e+01   3.0044494e+01   3.0044400e+01   3.0044305e+01   3.0044211e+01   3.0044116e+01   3.0044021e+01   3.0043926e+01   3.0043832e+01   3.0043737e+01   3.0043642e+01   3.0043546e+01   3.0043451e+01   3.0043355e+01   3.0043260e+01   3.0043165e+01   3.0043069e+01   3.0042974e+01   3.0042878e+01   3.0042783e+01   3.0042687e+01   3.0042592e+01   3.0042496e+01   3.0042401e+01   3.0042305e+01   3.0042210e+01   3.0042114e+01   3.0042019e+01   3.0041923e+01   3.0041828e+01   3.0041732e+01   3.0041637e+01   3.0041541e+01   3.0041446e+01   3.0041350e+01   3.0041255e+01   3.0041159e+01   3.0041064e+01   3.0040968e+01   3.0040872e+01   3.0040777e+01   3.0040681e+01   3.0040586e+01   3.0040490e+01   3.0040394e+01   3.0040299e+01   3.0040203e+01   3.0040107e+01   3.0040011e+01   3.0039915e+01   3.0039820e+01   3.0039724e+01   3.0039628e+01   3.0039531e+01   3.0039435e+01   3.0039339e+01   3.0039242e+01   3.0039145e+01   3.0039049e+01   3.0038952e+01   3.0038855e+01   3.0038757e+01   3.0038660e+01   3.0038562e+01   3.0038464e+01   3.0038365e+01   3.0038267e+01   3.0038168e+01   3.0038068e+01   3.0037969e+01   3.0037869e+01   3.0037768e+01   3.0037667e+01   3.0037566e+01   3.0037464e+01   3.0037361e+01   3.0037258e+01   3.0037154e+01   3.0037051e+01   3.0036945e+01   3.0036840e+01   3.0036733e+01   3.0036627e+01   3.0036518e+01   3.0036410e+01   3.0036300e+01   3.0036190e+01   3.0036078e+01   3.0035966e+01   3.0035851e+01   3.0035737e+01   3.0035620e+01   3.0035504e+01   3.0035384e+01   3.0035265e+01   3.0035143e+01   3.0035021e+01   3.0034896e+01   3.0034771e+01   3.0034642e+01   3.0034514e+01   3.0034382e+01   3.0034250e+01   3.0034114e+01   3.0033978e+01   3.0033838e+01   3.0033698e+01   3.0033554e+01   3.0033410e+01   3.0033261e+01   3.0033112e+01   3.0032958e+01   3.0032804e+01   3.0032644e+01   3.0032485e+01   3.0032320e+01   3.0032155e+01   3.0031984e+01   3.0031813e+01   3.0031632e+01   3.0031451e+01   3.0031257e+01   3.0031063e+01   3.0030853e+01   3.0030643e+01   3.0030413e+01   3.0030182e+01   3.0029926e+01   3.0029669e+01   3.0029381e+01   3.0029092e+01   3.0028765e+01   3.0028438e+01   3.0028065e+01   3.0027692e+01   3.0027267e+01   3.0026841e+01   3.0026355e+01   3.0025869e+01   3.0025315e+01   3.0024761e+01   3.0024131e+01   3.0023500e+01   3.0022783e+01   3.0022066e+01   3.0021253e+01   3.0020439e+01   3.0019516e+01   3.0018593e+01   3.0017550e+01   3.0016506e+01   3.0015334e+01   3.0014161e+01   3.0012861e+01   3.0011561e+01   3.0010160e+01   3.0008758e+01   3.0007314e+01   3.0005869e+01
   3.0052293e+01   3.0051888e+01   3.0051493e+01   3.0051111e+01   3.0050746e+01   3.0050399e+01   3.0050071e+01   3.0049763e+01   3.0049474e+01   3.0049203e+01   3.0048950e+01   3.0048714e+01   3.0048492e+01   3.0048285e+01   3.0048091e+01   3.0047908e+01   3.0047737e+01   3.0047575e+01   3.0047423e+01   3.0047279e+01   3.0047143e+01   3.0047014e+01   3.0046890e+01   3.0046773e+01   3.0046660e+01   3.0046551e+01   3.0046446e+01   3.0046344e+01   3.0046245e+01   3.0046148e+01   3.0046053e+01   3.0045959e+01   3.0045866e+01   3.0045774e+01   3.0045683e+01   3.0045592e+01   3.0045501e+01   3.0045410e+01   3.0045319e+01   3.0045228e+01   3.0045137e+01   3.0045045e+01   3.0044953e+01   3.0044861e+01   3.0044768e+01   3.0044676e+01   3.0044583e+01   3.0044489e+01   3.0044396e+01   3.0044302e+01   3.0044208e+01   3.0044114e+01   3.0044020e+01   3.0043925e+01   3.0043831e+01   3.0043736e+01   3.0043642e+01   3.0043547e+01   3.0043452e+01   3.0043358e+01   3.0043263e+01   3.0043168e+01   3.0043072e+01   3.0042977e+01   3.0042882e+01   3.0042787e+01   3.0042691e+01   3.0042596e+01   3.0042501e+01   3.0042405e+01   3.0042310e+01   3.0042214e+01   3.0042119e+01   3.0042024e+01   3.0041928e+01   3.0041833e+01   3.0041738e+01   3.0041642e+01   3.0041547e+01   3.0041451e+01   3.0041356e+01   3.0041261e+01   3.0041165e+01   3.0041070e+01   3.0040974e+01   3.0040879e+01   3.0040784e+01   3.0040688e+01   3.0040593e+01   3.0040497e+01   3.0040402e+01   3.0040306e+01   3.0040211e+01   3.0040115e+01   3.0040020e+01   3.0039924e+01   3.0039828e+01   3.0039733e+01   3.0039637e+01   3.0039541e+01   3.0039446e+01   3.0039350e+01   3.0039254e+01   3.0039158e+01   3.0039062e+01   3.0038965e+01   3.0038869e+01   3.0038772e+01   3.0038676e+01   3.0038579e+01   3.0038482e+01   3.0038384e+01   3.0038287e+01   3.0038189e+01   3.0038091e+01   3.0037993e+01   3.0037895e+01   3.0037796e+01   3.0037696e+01   3.0037597e+01   3.0037497e+01   3.0037396e+01   3.0037296e+01   3.0037194e+01   3.0037093e+01   3.0036990e+01   3.0036887e+01   3.0036784e+01   3.0036680e+01   3.0036575e+01   3.0036469e+01   3.0036363e+01   3.0036256e+01   3.0036148e+01   3.0036040e+01   3.0035930e+01   3.0035820e+01   3.0035708e+01   3.0035596e+01   3.0035482e+01   3.0035368e+01   3.0035251e+01   3.0035134e+01   3.0035015e+01   3.0034896e+01   3.0034774e+01   3.0034652e+01   3.0034527e+01   3.0034402e+01   3.0034274e+01   3.0034145e+01   3.0034013e+01   3.0033881e+01   3.0033746e+01   3.0033610e+01   3.0033470e+01   3.0033330e+01   3.0033186e+01   3.0033042e+01   3.0032893e+01   3.0032744e+01   3.0032590e+01   3.0032436e+01   3.0032277e+01   3.0032117e+01   3.0031952e+01   3.0031787e+01   3.0031616e+01   3.0031445e+01   3.0031264e+01   3.0031083e+01   3.0030890e+01   3.0030696e+01   3.0030486e+01   3.0030276e+01   3.0030045e+01   3.0029815e+01   3.0029558e+01   3.0029302e+01   3.0029013e+01   3.0028725e+01   3.0028398e+01   3.0028070e+01   3.0027698e+01   3.0027325e+01   3.0026899e+01   3.0026473e+01   3.0025987e+01   3.0025501e+01   3.0024947e+01   3.0024393e+01   3.0023762e+01   3.0023131e+01   3.0022414e+01   3.0021697e+01   3.0020883e+01   3.0020069e+01   3.0019145e+01   3.0018222e+01   3.0017178e+01   3.0016134e+01   3.0014960e+01   3.0013786e+01   3.0012485e+01   3.0011183e+01   3.0009780e+01   3.0008376e+01   3.0006929e+01   3.0005482e+01
   3.0051889e+01   3.0051485e+01   3.0051091e+01   3.0050710e+01   3.0050346e+01   3.0050000e+01   3.0049673e+01   3.0049366e+01   3.0049077e+01   3.0048808e+01   3.0048555e+01   3.0048320e+01   3.0048099e+01   3.0047892e+01   3.0047699e+01   3.0047517e+01   3.0047346e+01   3.0047185e+01   3.0047033e+01   3.0046890e+01   3.0046754e+01   3.0046625e+01   3.0046503e+01   3.0046385e+01   3.0046273e+01   3.0046165e+01   3.0046060e+01   3.0045959e+01   3.0045860e+01   3.0045763e+01   3.0045668e+01   3.0045575e+01   3.0045482e+01   3.0045391e+01   3.0045299e+01   3.0045209e+01   3.0045118e+01   3.0045028e+01   3.0044937e+01   3.0044846e+01   3.0044755e+01   3.0044664e+01   3.0044572e+01   3.0044480e+01   3.0044388e+01   3.0044295e+01   3.0044202e+01   3.0044109e+01   3.0044016e+01   3.0043922e+01   3.0043828e+01   3.0043734e+01   3.0043640e+01   3.0043546e+01   3.0043452e+01   3.0043357e+01   3.0043263e+01   3.0043168e+01   3.0043073e+01   3.0042979e+01   3.0042884e+01   3.0042789e+01   3.0042694e+01   3.0042599e+01   3.0042504e+01   3.0042408e+01   3.0042313e+01   3.0042218e+01   3.0042123e+01   3.0042028e+01   3.0041932e+01   3.0041837e+01   3.0041742e+01   3.0041647e+01   3.0041551e+01   3.0041456e+01   3.0041361e+01   3.0041266e+01   3.0041170e+01   3.0041075e+01   3.0040980e+01   3.0040884e+01   3.0040789e+01   3.0040694e+01   3.0040598e+01   3.0040503e+01   3.0040408e+01   3.0040313e+01   3.0040217e+01   3.0040122e+01   3.0040027e+01   3.0039931e+01   3.0039836e+01   3.0039740e+01   3.0039645e+01   3.0039549e+01   3.0039454e+01   3.0039358e+01   3.0039263e+01   3.0039167e+01   3.0039072e+01   3.0038976e+01   3.0038880e+01   3.0038784e+01   3.0038688e+01   3.0038592e+01   3.0038496e+01   3.0038399e+01   3.0038303e+01   3.0038206e+01   3.0038109e+01   3.0038012e+01   3.0037915e+01   3.0037817e+01   3.0037719e+01   3.0037621e+01   3.0037522e+01   3.0037424e+01   3.0037325e+01   3.0037225e+01   3.0037125e+01   3.0037025e+01   3.0036924e+01   3.0036823e+01   3.0036721e+01   3.0036619e+01   3.0036516e+01   3.0036413e+01   3.0036309e+01   3.0036204e+01   3.0036099e+01   3.0035992e+01   3.0035886e+01   3.0035778e+01   3.0035670e+01   3.0035560e+01   3.0035450e+01   3.0035338e+01   3.0035226e+01   3.0035112e+01   3.0034998e+01   3.0034882e+01   3.0034765e+01   3.0034646e+01   3.0034527e+01   3.0034405e+01   3.0034283e+01   3.0034158e+01   3.0034033e+01   3.0033905e+01   3.0033777e+01   3.0033645e+01   3.0033513e+01   3.0033377e+01   3.0033242e+01   3.0033102e+01   3.0032962e+01   3.0032818e+01   3.0032674e+01   3.0032525e+01   3.0032376e+01   3.0032222e+01   3.0032068e+01   3.0031909e+01   3.0031750e+01   3.0031585e+01   3.0031420e+01   3.0031249e+01   3.0031078e+01   3.0030897e+01   3.0030716e+01   3.0030522e+01   3.0030329e+01   3.0030119e+01   3.0029909e+01   3.0029678e+01   3.0029447e+01   3.0029191e+01   3.0028934e+01   3.0028646e+01   3.0028357e+01   3.0028030e+01   3.0027703e+01   3.0027330e+01   3.0026957e+01   3.0026531e+01   3.0026105e+01   3.0025619e+01   3.0025133e+01   3.0024579e+01   3.0024024e+01   3.0023393e+01   3.0022762e+01   3.0022045e+01   3.0021328e+01   3.0020513e+01   3.0019699e+01   3.0018775e+01   3.0017851e+01   3.0016806e+01   3.0015762e+01   3.0014587e+01   3.0013412e+01   3.0012109e+01   3.0010806e+01   3.0009400e+01   3.0007994e+01   3.0006545e+01   3.0005095e+01
   3.0051486e+01   3.0051083e+01   3.0050689e+01   3.0050310e+01   3.0049946e+01   3.0049601e+01   3.0049275e+01   3.0048968e+01   3.0048681e+01   3.0048412e+01   3.0048160e+01   3.0047925e+01   3.0047705e+01   3.0047499e+01   3.0047306e+01   3.0047125e+01   3.0046955e+01   3.0046795e+01   3.0046644e+01   3.0046501e+01   3.0046365e+01   3.0046237e+01   3.0046115e+01   3.0045998e+01   3.0045886e+01   3.0045778e+01   3.0045674e+01   3.0045573e+01   3.0045475e+01   3.0045378e+01   3.0045284e+01   3.0045190e+01   3.0045098e+01   3.0045007e+01   3.0044916e+01   3.0044826e+01   3.0044736e+01   3.0044645e+01   3.0044555e+01   3.0044464e+01   3.0044373e+01   3.0044282e+01   3.0044191e+01   3.0044099e+01   3.0044007e+01   3.0043914e+01   3.0043822e+01   3.0043729e+01   3.0043635e+01   3.0043542e+01   3.0043448e+01   3.0043354e+01   3.0043261e+01   3.0043166e+01   3.0043072e+01   3.0042978e+01   3.0042884e+01   3.0042789e+01   3.0042695e+01   3.0042600e+01   3.0042506e+01   3.0042411e+01   3.0042316e+01   3.0042221e+01   3.0042125e+01   3.0042030e+01   3.0041935e+01   3.0041840e+01   3.0041745e+01   3.0041650e+01   3.0041555e+01   3.0041460e+01   3.0041365e+01   3.0041269e+01   3.0041174e+01   3.0041079e+01   3.0040984e+01   3.0040889e+01   3.0040794e+01   3.0040699e+01   3.0040603e+01   3.0040508e+01   3.0040413e+01   3.0040318e+01   3.0040223e+01   3.0040127e+01   3.0040032e+01   3.0039937e+01   3.0039842e+01   3.0039747e+01   3.0039651e+01   3.0039556e+01   3.0039461e+01   3.0039366e+01   3.0039270e+01   3.0039175e+01   3.0039080e+01   3.0038984e+01   3.0038889e+01   3.0038793e+01   3.0038698e+01   3.0038602e+01   3.0038506e+01   3.0038410e+01   3.0038315e+01   3.0038218e+01   3.0038122e+01   3.0038026e+01   3.0037930e+01   3.0037833e+01   3.0037736e+01   3.0037639e+01   3.0037542e+01   3.0037444e+01   3.0037347e+01   3.0037249e+01   3.0037150e+01   3.0037052e+01   3.0036953e+01   3.0036853e+01   3.0036754e+01   3.0036653e+01   3.0036553e+01   3.0036451e+01   3.0036350e+01   3.0036248e+01   3.0036145e+01   3.0036042e+01   3.0035938e+01   3.0035833e+01   3.0035728e+01   3.0035622e+01   3.0035516e+01   3.0035408e+01   3.0035300e+01   3.0035190e+01   3.0035080e+01   3.0034968e+01   3.0034856e+01   3.0034743e+01   3.0034629e+01   3.0034512e+01   3.0034396e+01   3.0034277e+01   3.0034158e+01   3.0034036e+01   3.0033914e+01   3.0033789e+01   3.0033665e+01   3.0033536e+01   3.0033408e+01   3.0033276e+01   3.0033145e+01   3.0033009e+01   3.0032873e+01   3.0032734e+01   3.0032594e+01   3.0032450e+01   3.0032306e+01   3.0032157e+01   3.0032008e+01   3.0031854e+01   3.0031701e+01   3.0031541e+01   3.0031382e+01   3.0031217e+01   3.0031052e+01   3.0030881e+01   3.0030710e+01   3.0030529e+01   3.0030348e+01   3.0030155e+01   3.0029961e+01   3.0029751e+01   3.0029541e+01   3.0029311e+01   3.0029080e+01   3.0028823e+01   3.0028567e+01   3.0028278e+01   3.0027990e+01   3.0027663e+01   3.0027335e+01   3.0026962e+01   3.0026589e+01   3.0026163e+01   3.0025737e+01   3.0025251e+01   3.0024765e+01   3.0024210e+01   3.0023656e+01   3.0023025e+01   3.0022393e+01   3.0021676e+01   3.0020958e+01   3.0020144e+01   3.0019329e+01   3.0018405e+01   3.0017481e+01   3.0016435e+01   3.0015389e+01   3.0014214e+01   3.0013038e+01   3.0011733e+01   3.0010428e+01   3.0009020e+01   3.0007612e+01   3.0006160e+01   3.0004708e+01
   3.0051083e+01   3.0050681e+01   3.0050288e+01   3.0049909e+01   3.0049546e+01   3.0049202e+01   3.0048877e+01   3.0048571e+01   3.0048284e+01   3.0048016e+01   3.0047765e+01   3.0047531e+01   3.0047312e+01   3.0047107e+01   3.0046914e+01   3.0046734e+01   3.0046564e+01   3.0046404e+01   3.0046254e+01   3.0046111e+01   3.0045977e+01   3.0045849e+01   3.0045727e+01   3.0045611e+01   3.0045499e+01   3.0045392e+01   3.0045288e+01   3.0045187e+01   3.0045089e+01   3.0044993e+01   3.0044899e+01   3.0044806e+01   3.0044714e+01   3.0044623e+01   3.0044533e+01   3.0044443e+01   3.0044353e+01   3.0044263e+01   3.0044173e+01   3.0044082e+01   3.0043992e+01   3.0043901e+01   3.0043809e+01   3.0043718e+01   3.0043626e+01   3.0043534e+01   3.0043441e+01   3.0043348e+01   3.0043255e+01   3.0043162e+01   3.0043068e+01   3.0042975e+01   3.0042881e+01   3.0042787e+01   3.0042693e+01   3.0042599e+01   3.0042504e+01   3.0042410e+01   3.0042316e+01   3.0042221e+01   3.0042127e+01   3.0042032e+01   3.0041937e+01   3.0041842e+01   3.0041747e+01   3.0041652e+01   3.0041557e+01   3.0041462e+01   3.0041367e+01   3.0041272e+01   3.0041177e+01   3.0041082e+01   3.0040987e+01   3.0040892e+01   3.0040797e+01   3.0040702e+01   3.0040607e+01   3.0040512e+01   3.0040417e+01   3.0040322e+01   3.0040227e+01   3.0040132e+01   3.0040037e+01   3.0039942e+01   3.0039847e+01   3.0039752e+01   3.0039657e+01   3.0039562e+01   3.0039466e+01   3.0039371e+01   3.0039276e+01   3.0039181e+01   3.0039086e+01   3.0038991e+01   3.0038896e+01   3.0038800e+01   3.0038705e+01   3.0038610e+01   3.0038514e+01   3.0038419e+01   3.0038324e+01   3.0038228e+01   3.0038133e+01   3.0038037e+01   3.0037941e+01   3.0037845e+01   3.0037749e+01   3.0037653e+01   3.0037557e+01   3.0037460e+01   3.0037363e+01   3.0037266e+01   3.0037170e+01   3.0037072e+01   3.0036974e+01   3.0036876e+01   3.0036778e+01   3.0036680e+01   3.0036581e+01   3.0036481e+01   3.0036382e+01   3.0036282e+01   3.0036181e+01   3.0036080e+01   3.0035979e+01   3.0035877e+01   3.0035774e+01   3.0035671e+01   3.0035567e+01   3.0035463e+01   3.0035358e+01   3.0035252e+01   3.0035145e+01   3.0035037e+01   3.0034930e+01   3.0034820e+01   3.0034710e+01   3.0034598e+01   3.0034487e+01   3.0034373e+01   3.0034259e+01   3.0034143e+01   3.0034027e+01   3.0033908e+01   3.0033789e+01   3.0033667e+01   3.0033545e+01   3.0033421e+01   3.0033296e+01   3.0033168e+01   3.0033040e+01   3.0032908e+01   3.0032776e+01   3.0032641e+01   3.0032505e+01   3.0032366e+01   3.0032226e+01   3.0032082e+01   3.0031938e+01   3.0031789e+01   3.0031640e+01   3.0031487e+01   3.0031333e+01   3.0031174e+01   3.0031015e+01   3.0030850e+01   3.0030685e+01   3.0030514e+01   3.0030343e+01   3.0030162e+01   3.0029981e+01   3.0029787e+01   3.0029594e+01   3.0029384e+01   3.0029174e+01   3.0028943e+01   3.0028713e+01   3.0028456e+01   3.0028199e+01   3.0027911e+01   3.0027622e+01   3.0027295e+01   3.0026968e+01   3.0026595e+01   3.0026222e+01   3.0025795e+01   3.0025369e+01   3.0024883e+01   3.0024397e+01   3.0023842e+01   3.0023287e+01   3.0022656e+01   3.0022025e+01   3.0021307e+01   3.0020589e+01   3.0019774e+01   3.0018959e+01   3.0018034e+01   3.0017110e+01   3.0016064e+01   3.0015017e+01   3.0013840e+01   3.0012663e+01   3.0011357e+01   3.0010051e+01   3.0008641e+01   3.0007231e+01   3.0005776e+01   3.0004322e+01
   3.0050680e+01   3.0050278e+01   3.0049887e+01   3.0049508e+01   3.0049146e+01   3.0048803e+01   3.0048478e+01   3.0048174e+01   3.0047888e+01   3.0047620e+01   3.0047370e+01   3.0047137e+01   3.0046918e+01   3.0046714e+01   3.0046522e+01   3.0046342e+01   3.0046173e+01   3.0046014e+01   3.0045864e+01   3.0045722e+01   3.0045588e+01   3.0045460e+01   3.0045339e+01   3.0045223e+01   3.0045112e+01   3.0045005e+01   3.0044902e+01   3.0044802e+01   3.0044704e+01   3.0044608e+01   3.0044514e+01   3.0044422e+01   3.0044330e+01   3.0044240e+01   3.0044150e+01   3.0044060e+01   3.0043970e+01   3.0043880e+01   3.0043791e+01   3.0043700e+01   3.0043610e+01   3.0043519e+01   3.0043428e+01   3.0043337e+01   3.0043245e+01   3.0043153e+01   3.0043060e+01   3.0042968e+01   3.0042875e+01   3.0042782e+01   3.0042688e+01   3.0042595e+01   3.0042501e+01   3.0042407e+01   3.0042313e+01   3.0042219e+01   3.0042125e+01   3.0042031e+01   3.0041937e+01   3.0041842e+01   3.0041748e+01   3.0041654e+01   3.0041559e+01   3.0041464e+01   3.0041369e+01   3.0041274e+01   3.0041179e+01   3.0041085e+01   3.0040990e+01   3.0040895e+01   3.0040800e+01   3.0040705e+01   3.0040610e+01   3.0040515e+01   3.0040420e+01   3.0040325e+01   3.0040230e+01   3.0040135e+01   3.0040041e+01   3.0039946e+01   3.0039851e+01   3.0039756e+01   3.0039661e+01   3.0039566e+01   3.0039471e+01   3.0039376e+01   3.0039281e+01   3.0039186e+01   3.0039091e+01   3.0038996e+01   3.0038901e+01   3.0038806e+01   3.0038711e+01   3.0038616e+01   3.0038521e+01   3.0038426e+01   3.0038331e+01   3.0038235e+01   3.0038140e+01   3.0038045e+01   3.0037950e+01   3.0037854e+01   3.0037759e+01   3.0037663e+01   3.0037567e+01   3.0037472e+01   3.0037376e+01   3.0037280e+01   3.0037184e+01   3.0037087e+01   3.0036991e+01   3.0036894e+01   3.0036797e+01   3.0036699e+01   3.0036602e+01   3.0036504e+01   3.0036406e+01   3.0036308e+01   3.0036209e+01   3.0036110e+01   3.0036010e+01   3.0035910e+01   3.0035810e+01   3.0035709e+01   3.0035608e+01   3.0035506e+01   3.0035403e+01   3.0035300e+01   3.0035197e+01   3.0035092e+01   3.0034987e+01   3.0034881e+01   3.0034775e+01   3.0034667e+01   3.0034559e+01   3.0034450e+01   3.0034340e+01   3.0034229e+01   3.0034117e+01   3.0034003e+01   3.0033890e+01   3.0033774e+01   3.0033657e+01   3.0033539e+01   3.0033420e+01   3.0033298e+01   3.0033177e+01   3.0033052e+01   3.0032927e+01   3.0032799e+01   3.0032671e+01   3.0032540e+01   3.0032408e+01   3.0032273e+01   3.0032137e+01   3.0031998e+01   3.0031858e+01   3.0031714e+01   3.0031570e+01   3.0031421e+01   3.0031273e+01   3.0031119e+01   3.0030965e+01   3.0030806e+01   3.0030647e+01   3.0030482e+01   3.0030317e+01   3.0030146e+01   3.0029975e+01   3.0029795e+01   3.0029614e+01   3.0029420e+01   3.0029226e+01   3.0029016e+01   3.0028806e+01   3.0028576e+01   3.0028345e+01   3.0028089e+01   3.0027832e+01   3.0027543e+01   3.0027255e+01   3.0026927e+01   3.0026600e+01   3.0026227e+01   3.0025854e+01   3.0025428e+01   3.0025001e+01   3.0024515e+01   3.0024028e+01   3.0023474e+01   3.0022919e+01   3.0022287e+01   3.0021656e+01   3.0020938e+01   3.0020220e+01   3.0019404e+01   3.0018589e+01   3.0017664e+01   3.0016739e+01   3.0015692e+01   3.0014645e+01   3.0013467e+01   3.0012290e+01   3.0010982e+01   3.0009674e+01   3.0008261e+01   3.0006849e+01   3.0005392e+01   3.0003935e+01
   3.0050276e+01   3.0049876e+01   3.0049485e+01   3.0049108e+01   3.0048747e+01   3.0048404e+01   3.0048080e+01   3.0047776e+01   3.0047491e+01   3.0047225e+01   3.0046975e+01   3.0046743e+01   3.0046525e+01   3.0046321e+01   3.0046130e+01   3.0045951e+01   3.0045782e+01   3.0045623e+01   3.0045474e+01   3.0045333e+01   3.0045199e+01   3.0045072e+01   3.0044951e+01   3.0044836e+01   3.0044725e+01   3.0044619e+01   3.0044516e+01   3.0044416e+01   3.0044319e+01   3.0044223e+01   3.0044130e+01   3.0044038e+01   3.0043947e+01   3.0043856e+01   3.0043766e+01   3.0043677e+01   3.0043587e+01   3.0043498e+01   3.0043408e+01   3.0043318e+01   3.0043228e+01   3.0043138e+01   3.0043047e+01   3.0042956e+01   3.0042864e+01   3.0042772e+01   3.0042680e+01   3.0042587e+01   3.0042495e+01   3.0042402e+01   3.0042308e+01   3.0042215e+01   3.0042122e+01   3.0042028e+01   3.0041934e+01   3.0041840e+01   3.0041746e+01   3.0041652e+01   3.0041558e+01   3.0041464e+01   3.0041370e+01   3.0041275e+01   3.0041180e+01   3.0041086e+01   3.0040991e+01   3.0040896e+01   3.0040802e+01   3.0040707e+01   3.0040612e+01   3.0040517e+01   3.0040422e+01   3.0040328e+01   3.0040233e+01   3.0040138e+01   3.0040043e+01   3.0039948e+01   3.0039854e+01   3.0039759e+01   3.0039664e+01   3.0039569e+01   3.0039474e+01   3.0039380e+01   3.0039285e+01   3.0039190e+01   3.0039095e+01   3.0039000e+01   3.0038905e+01   3.0038810e+01   3.0038716e+01   3.0038621e+01   3.0038526e+01   3.0038431e+01   3.0038336e+01   3.0038241e+01   3.0038146e+01   3.0038051e+01   3.0037956e+01   3.0037861e+01   3.0037766e+01   3.0037671e+01   3.0037576e+01   3.0037480e+01   3.0037385e+01   3.0037289e+01   3.0037194e+01   3.0037098e+01   3.0037002e+01   3.0036906e+01   3.0036810e+01   3.0036714e+01   3.0036618e+01   3.0036521e+01   3.0036424e+01   3.0036327e+01   3.0036230e+01   3.0036132e+01   3.0036034e+01   3.0035936e+01   3.0035837e+01   3.0035738e+01   3.0035639e+01   3.0035539e+01   3.0035439e+01   3.0035338e+01   3.0035237e+01   3.0035135e+01   3.0035032e+01   3.0034929e+01   3.0034826e+01   3.0034721e+01   3.0034617e+01   3.0034511e+01   3.0034405e+01   3.0034297e+01   3.0034189e+01   3.0034080e+01   3.0033970e+01   3.0033859e+01   3.0033748e+01   3.0033634e+01   3.0033520e+01   3.0033404e+01   3.0033288e+01   3.0033169e+01   3.0033051e+01   3.0032929e+01   3.0032808e+01   3.0032683e+01   3.0032559e+01   3.0032431e+01   3.0032303e+01   3.0032171e+01   3.0032040e+01   3.0031904e+01   3.0031769e+01   3.0031630e+01   3.0031490e+01   3.0031346e+01   3.0031202e+01   3.0031054e+01   3.0030905e+01   3.0030751e+01   3.0030598e+01   3.0030439e+01   3.0030279e+01   3.0030115e+01   3.0029950e+01   3.0029779e+01   3.0029608e+01   3.0029427e+01   3.0029246e+01   3.0029053e+01   3.0028859e+01   3.0028649e+01   3.0028439e+01   3.0028208e+01   3.0027978e+01   3.0027721e+01   3.0027464e+01   3.0027176e+01   3.0026887e+01   3.0026560e+01   3.0026232e+01   3.0025859e+01   3.0025486e+01   3.0025060e+01   3.0024633e+01   3.0024147e+01   3.0023660e+01   3.0023105e+01   3.0022550e+01   3.0021919e+01   3.0021287e+01   3.0020569e+01   3.0019851e+01   3.0019035e+01   3.0018219e+01   3.0017294e+01   3.0016368e+01   3.0015321e+01   3.0014273e+01   3.0013095e+01   3.0011916e+01   3.0010606e+01   3.0009297e+01   3.0007882e+01   3.0006467e+01   3.0005008e+01   3.0003549e+01
   3.0049873e+01   3.0049473e+01   3.0049083e+01   3.0048707e+01   3.0048347e+01   3.0048005e+01   3.0047682e+01   3.0047379e+01   3.0047095e+01   3.0046829e+01   3.0046580e+01   3.0046348e+01   3.0046131e+01   3.0045928e+01   3.0045738e+01   3.0045559e+01   3.0045391e+01   3.0045233e+01   3.0045084e+01   3.0044943e+01   3.0044810e+01   3.0044684e+01   3.0044564e+01   3.0044449e+01   3.0044338e+01   3.0044232e+01   3.0044130e+01   3.0044030e+01   3.0043933e+01   3.0043838e+01   3.0043745e+01   3.0043654e+01   3.0043563e+01   3.0043473e+01   3.0043383e+01   3.0043294e+01   3.0043205e+01   3.0043116e+01   3.0043026e+01   3.0042937e+01   3.0042847e+01   3.0042756e+01   3.0042666e+01   3.0042574e+01   3.0042483e+01   3.0042391e+01   3.0042299e+01   3.0042207e+01   3.0042114e+01   3.0042021e+01   3.0041928e+01   3.0041835e+01   3.0041742e+01   3.0041648e+01   3.0041555e+01   3.0041461e+01   3.0041367e+01   3.0041273e+01   3.0041179e+01   3.0041085e+01   3.0040991e+01   3.0040897e+01   3.0040802e+01   3.0040708e+01   3.0040613e+01   3.0040518e+01   3.0040424e+01   3.0040329e+01   3.0040234e+01   3.0040140e+01   3.0040045e+01   3.0039950e+01   3.0039856e+01   3.0039761e+01   3.0039666e+01   3.0039572e+01   3.0039477e+01   3.0039382e+01   3.0039288e+01   3.0039193e+01   3.0039098e+01   3.0039003e+01   3.0038909e+01   3.0038814e+01   3.0038719e+01   3.0038624e+01   3.0038530e+01   3.0038435e+01   3.0038340e+01   3.0038245e+01   3.0038151e+01   3.0038056e+01   3.0037961e+01   3.0037866e+01   3.0037771e+01   3.0037677e+01   3.0037582e+01   3.0037487e+01   3.0037392e+01   3.0037297e+01   3.0037202e+01   3.0037106e+01   3.0037011e+01   3.0036916e+01   3.0036820e+01   3.0036725e+01   3.0036629e+01   3.0036533e+01   3.0036437e+01   3.0036341e+01   3.0036245e+01   3.0036148e+01   3.0036052e+01   3.0035954e+01   3.0035857e+01   3.0035760e+01   3.0035662e+01   3.0035564e+01   3.0035465e+01   3.0035366e+01   3.0035267e+01   3.0035167e+01   3.0035067e+01   3.0034966e+01   3.0034865e+01   3.0034763e+01   3.0034661e+01   3.0034558e+01   3.0034455e+01   3.0034351e+01   3.0034246e+01   3.0034140e+01   3.0034034e+01   3.0033927e+01   3.0033819e+01   3.0033710e+01   3.0033601e+01   3.0033489e+01   3.0033378e+01   3.0033264e+01   3.0033151e+01   3.0033035e+01   3.0032919e+01   3.0032800e+01   3.0032682e+01   3.0032560e+01   3.0032439e+01   3.0032314e+01   3.0032190e+01   3.0032062e+01   3.0031934e+01   3.0031803e+01   3.0031672e+01   3.0031536e+01   3.0031401e+01   3.0031262e+01   3.0031122e+01   3.0030978e+01   3.0030834e+01   3.0030686e+01   3.0030537e+01   3.0030384e+01   3.0030230e+01   3.0030071e+01   3.0029912e+01   3.0029747e+01   3.0029582e+01   3.0029411e+01   3.0029240e+01   3.0029060e+01   3.0028879e+01   3.0028685e+01   3.0028491e+01   3.0028281e+01   3.0028071e+01   3.0027841e+01   3.0027610e+01   3.0027353e+01   3.0027097e+01   3.0026808e+01   3.0026519e+01   3.0026192e+01   3.0025864e+01   3.0025491e+01   3.0025118e+01   3.0024691e+01   3.0024265e+01   3.0023778e+01   3.0023292e+01   3.0022737e+01   3.0022182e+01   3.0021550e+01   3.0020918e+01   3.0020199e+01   3.0019481e+01   3.0018665e+01   3.0017849e+01   3.0016923e+01   3.0015997e+01   3.0014949e+01   3.0013901e+01   3.0012721e+01   3.0011542e+01   3.0010231e+01   3.0008920e+01   3.0007503e+01   3.0006086e+01   3.0004624e+01   3.0003163e+01
   3.0049470e+01   3.0049071e+01   3.0048682e+01   3.0048306e+01   3.0047947e+01   3.0047606e+01   3.0047284e+01   3.0046982e+01   3.0046698e+01   3.0046433e+01   3.0046185e+01   3.0045954e+01   3.0045738e+01   3.0045535e+01   3.0045345e+01   3.0045167e+01   3.0045000e+01   3.0044843e+01   3.0044694e+01   3.0044554e+01   3.0044421e+01   3.0044296e+01   3.0044176e+01   3.0044061e+01   3.0043951e+01   3.0043846e+01   3.0043744e+01   3.0043645e+01   3.0043548e+01   3.0043454e+01   3.0043361e+01   3.0043269e+01   3.0043179e+01   3.0043089e+01   3.0043000e+01   3.0042911e+01   3.0042822e+01   3.0042733e+01   3.0042644e+01   3.0042555e+01   3.0042465e+01   3.0042375e+01   3.0042284e+01   3.0042193e+01   3.0042102e+01   3.0042011e+01   3.0041919e+01   3.0041826e+01   3.0041734e+01   3.0041641e+01   3.0041548e+01   3.0041455e+01   3.0041362e+01   3.0041269e+01   3.0041175e+01   3.0041082e+01   3.0040988e+01   3.0040894e+01   3.0040801e+01   3.0040707e+01   3.0040613e+01   3.0040518e+01   3.0040424e+01   3.0040329e+01   3.0040235e+01   3.0040140e+01   3.0040046e+01   3.0039951e+01   3.0039857e+01   3.0039762e+01   3.0039668e+01   3.0039573e+01   3.0039478e+01   3.0039384e+01   3.0039289e+01   3.0039195e+01   3.0039100e+01   3.0039006e+01   3.0038911e+01   3.0038816e+01   3.0038722e+01   3.0038627e+01   3.0038533e+01   3.0038438e+01   3.0038343e+01   3.0038249e+01   3.0038154e+01   3.0038060e+01   3.0037965e+01   3.0037870e+01   3.0037776e+01   3.0037681e+01   3.0037586e+01   3.0037492e+01   3.0037397e+01   3.0037302e+01   3.0037207e+01   3.0037112e+01   3.0037018e+01   3.0036923e+01   3.0036828e+01   3.0036732e+01   3.0036637e+01   3.0036542e+01   3.0036447e+01   3.0036351e+01   3.0036256e+01   3.0036160e+01   3.0036064e+01   3.0035968e+01   3.0035872e+01   3.0035775e+01   3.0035679e+01   3.0035582e+01   3.0035485e+01   3.0035387e+01   3.0035290e+01   3.0035191e+01   3.0035093e+01   3.0034994e+01   3.0034895e+01   3.0034795e+01   3.0034696e+01   3.0034595e+01   3.0034494e+01   3.0034392e+01   3.0034290e+01   3.0034187e+01   3.0034084e+01   3.0033980e+01   3.0033876e+01   3.0033770e+01   3.0033664e+01   3.0033557e+01   3.0033449e+01   3.0033340e+01   3.0033231e+01   3.0033119e+01   3.0033008e+01   3.0032895e+01   3.0032781e+01   3.0032665e+01   3.0032549e+01   3.0032431e+01   3.0032313e+01   3.0032191e+01   3.0032070e+01   3.0031946e+01   3.0031821e+01   3.0031693e+01   3.0031566e+01   3.0031434e+01   3.0031303e+01   3.0031168e+01   3.0031033e+01   3.0030893e+01   3.0030754e+01   3.0030610e+01   3.0030466e+01   3.0030318e+01   3.0030170e+01   3.0030016e+01   3.0029862e+01   3.0029703e+01   3.0029544e+01   3.0029380e+01   3.0029215e+01   3.0029044e+01   3.0028873e+01   3.0028692e+01   3.0028511e+01   3.0028318e+01   3.0028124e+01   3.0027914e+01   3.0027704e+01   3.0027473e+01   3.0027242e+01   3.0026986e+01   3.0026729e+01   3.0026440e+01   3.0026151e+01   3.0025824e+01   3.0025496e+01   3.0025123e+01   3.0024750e+01   3.0024323e+01   3.0023897e+01   3.0023410e+01   3.0022923e+01   3.0022368e+01   3.0021813e+01   3.0021181e+01   3.0020549e+01   3.0019830e+01   3.0019111e+01   3.0018295e+01   3.0017479e+01   3.0016553e+01   3.0015626e+01   3.0014578e+01   3.0013529e+01   3.0012348e+01   3.0011168e+01   3.0009855e+01   3.0008543e+01   3.0007123e+01   3.0005704e+01   3.0004240e+01   3.0002776e+01
   3.0049066e+01   3.0048668e+01   3.0048280e+01   3.0047905e+01   3.0047547e+01   3.0047207e+01   3.0046886e+01   3.0046584e+01   3.0046302e+01   3.0046037e+01   3.0045790e+01   3.0045560e+01   3.0045344e+01   3.0045142e+01   3.0044953e+01   3.0044776e+01   3.0044609e+01   3.0044452e+01   3.0044304e+01   3.0044165e+01   3.0044032e+01   3.0043907e+01   3.0043788e+01   3.0043674e+01   3.0043564e+01   3.0043459e+01   3.0043357e+01   3.0043259e+01   3.0043163e+01   3.0043068e+01   3.0042976e+01   3.0042885e+01   3.0042795e+01   3.0042705e+01   3.0042617e+01   3.0042528e+01   3.0042439e+01   3.0042351e+01   3.0042262e+01   3.0042173e+01   3.0042083e+01   3.0041993e+01   3.0041903e+01   3.0041812e+01   3.0041721e+01   3.0041630e+01   3.0041538e+01   3.0041446e+01   3.0041354e+01   3.0041261e+01   3.0041168e+01   3.0041076e+01   3.0040982e+01   3.0040889e+01   3.0040796e+01   3.0040702e+01   3.0040609e+01   3.0040515e+01   3.0040421e+01   3.0040328e+01   3.0040234e+01   3.0040140e+01   3.0040045e+01   3.0039951e+01   3.0039857e+01   3.0039762e+01   3.0039668e+01   3.0039573e+01   3.0039479e+01   3.0039385e+01   3.0039290e+01   3.0039196e+01   3.0039101e+01   3.0039007e+01   3.0038912e+01   3.0038818e+01   3.0038723e+01   3.0038629e+01   3.0038534e+01   3.0038440e+01   3.0038345e+01   3.0038251e+01   3.0038156e+01   3.0038062e+01   3.0037968e+01   3.0037873e+01   3.0037779e+01   3.0037684e+01   3.0037589e+01   3.0037495e+01   3.0037400e+01   3.0037306e+01   3.0037211e+01   3.0037117e+01   3.0037022e+01   3.0036927e+01   3.0036833e+01   3.0036738e+01   3.0036643e+01   3.0036548e+01   3.0036454e+01   3.0036359e+01   3.0036264e+01   3.0036168e+01   3.0036073e+01   3.0035978e+01   3.0035882e+01   3.0035787e+01   3.0035691e+01   3.0035595e+01   3.0035499e+01   3.0035403e+01   3.0035306e+01   3.0035209e+01   3.0035112e+01   3.0035015e+01   3.0034917e+01   3.0034819e+01   3.0034721e+01   3.0034622e+01   3.0034524e+01   3.0034424e+01   3.0034324e+01   3.0034224e+01   3.0034123e+01   3.0034021e+01   3.0033919e+01   3.0033817e+01   3.0033714e+01   3.0033609e+01   3.0033505e+01   3.0033399e+01   3.0033294e+01   3.0033186e+01   3.0033079e+01   3.0032970e+01   3.0032861e+01   3.0032749e+01   3.0032638e+01   3.0032525e+01   3.0032412e+01   3.0032296e+01   3.0032180e+01   3.0032062e+01   3.0031943e+01   3.0031822e+01   3.0031701e+01   3.0031577e+01   3.0031452e+01   3.0031325e+01   3.0031197e+01   3.0031066e+01   3.0030935e+01   3.0030800e+01   3.0030664e+01   3.0030525e+01   3.0030386e+01   3.0030242e+01   3.0030098e+01   3.0029950e+01   3.0029801e+01   3.0029648e+01   3.0029494e+01   3.0029335e+01   3.0029176e+01   3.0029012e+01   3.0028847e+01   3.0028676e+01   3.0028505e+01   3.0028324e+01   3.0028143e+01   3.0027950e+01   3.0027756e+01   3.0027546e+01   3.0027336e+01   3.0027105e+01   3.0026874e+01   3.0026618e+01   3.0026361e+01   3.0026072e+01   3.0025783e+01   3.0025455e+01   3.0025128e+01   3.0024754e+01   3.0024381e+01   3.0023954e+01   3.0023528e+01   3.0023041e+01   3.0022554e+01   3.0021998e+01   3.0021443e+01   3.0020811e+01   3.0020179e+01   3.0019460e+01   3.0018741e+01   3.0017924e+01   3.0017108e+01   3.0016181e+01   3.0015254e+01   3.0014205e+01   3.0013156e+01   3.0011975e+01   3.0010793e+01   3.0009479e+01   3.0008165e+01   3.0006744e+01   3.0005322e+01   3.0003856e+01   3.0002389e+01
   3.0048663e+01   3.0048266e+01   3.0047878e+01   3.0047505e+01   3.0047147e+01   3.0046808e+01   3.0046488e+01   3.0046187e+01   3.0045905e+01   3.0045642e+01   3.0045395e+01   3.0045165e+01   3.0044950e+01   3.0044749e+01   3.0044561e+01   3.0044384e+01   3.0044218e+01   3.0044061e+01   3.0043914e+01   3.0043775e+01   3.0043643e+01   3.0043518e+01   3.0043399e+01   3.0043286e+01   3.0043177e+01   3.0043072e+01   3.0042971e+01   3.0042873e+01   3.0042777e+01   3.0042683e+01   3.0042591e+01   3.0042500e+01   3.0042411e+01   3.0042321e+01   3.0042233e+01   3.0042145e+01   3.0042056e+01   3.0041968e+01   3.0041879e+01   3.0041790e+01   3.0041701e+01   3.0041611e+01   3.0041521e+01   3.0041431e+01   3.0041340e+01   3.0041249e+01   3.0041157e+01   3.0041065e+01   3.0040973e+01   3.0040881e+01   3.0040788e+01   3.0040696e+01   3.0040603e+01   3.0040510e+01   3.0040416e+01   3.0040323e+01   3.0040229e+01   3.0040136e+01   3.0040042e+01   3.0039949e+01   3.0039855e+01   3.0039761e+01   3.0039667e+01   3.0039573e+01   3.0039478e+01   3.0039384e+01   3.0039290e+01   3.0039195e+01   3.0039101e+01   3.0039007e+01   3.0038913e+01   3.0038818e+01   3.0038724e+01   3.0038630e+01   3.0038535e+01   3.0038441e+01   3.0038347e+01   3.0038252e+01   3.0038158e+01   3.0038063e+01   3.0037969e+01   3.0037875e+01   3.0037780e+01   3.0037686e+01   3.0037592e+01   3.0037497e+01   3.0037403e+01   3.0037308e+01   3.0037214e+01   3.0037120e+01   3.0037025e+01   3.0036931e+01   3.0036836e+01   3.0036742e+01   3.0036647e+01   3.0036553e+01   3.0036458e+01   3.0036364e+01   3.0036269e+01   3.0036174e+01   3.0036080e+01   3.0035985e+01   3.0035890e+01   3.0035795e+01   3.0035700e+01   3.0035605e+01   3.0035509e+01   3.0035414e+01   3.0035318e+01   3.0035222e+01   3.0035126e+01   3.0035030e+01   3.0034934e+01   3.0034837e+01   3.0034740e+01   3.0034643e+01   3.0034545e+01   3.0034447e+01   3.0034349e+01   3.0034251e+01   3.0034152e+01   3.0034052e+01   3.0033953e+01   3.0033852e+01   3.0033752e+01   3.0033650e+01   3.0033548e+01   3.0033446e+01   3.0033343e+01   3.0033239e+01   3.0033134e+01   3.0033029e+01   3.0032923e+01   3.0032816e+01   3.0032709e+01   3.0032600e+01   3.0032491e+01   3.0032380e+01   3.0032269e+01   3.0032155e+01   3.0032042e+01   3.0031926e+01   3.0031811e+01   3.0031693e+01   3.0031574e+01   3.0031453e+01   3.0031332e+01   3.0031208e+01   3.0031084e+01   3.0030956e+01   3.0030828e+01   3.0030697e+01   3.0030566e+01   3.0030431e+01   3.0030296e+01   3.0030157e+01   3.0030018e+01   3.0029874e+01   3.0029730e+01   3.0029582e+01   3.0029433e+01   3.0029280e+01   3.0029126e+01   3.0028968e+01   3.0028809e+01   3.0028644e+01   3.0028479e+01   3.0028308e+01   3.0028137e+01   3.0027957e+01   3.0027776e+01   3.0027582e+01   3.0027388e+01   3.0027178e+01   3.0026968e+01   3.0026737e+01   3.0026506e+01   3.0026249e+01   3.0025993e+01   3.0025704e+01   3.0025415e+01   3.0025087e+01   3.0024759e+01   3.0024385e+01   3.0024012e+01   3.0023585e+01   3.0023159e+01   3.0022671e+01   3.0022184e+01   3.0021629e+01   3.0021073e+01   3.0020441e+01   3.0019809e+01   3.0019090e+01   3.0018370e+01   3.0017554e+01   3.0016737e+01   3.0015810e+01   3.0014883e+01   3.0013833e+01   3.0012783e+01   3.0011601e+01   3.0010418e+01   3.0009103e+01   3.0007788e+01   3.0006364e+01   3.0004941e+01   3.0003472e+01   3.0002003e+01
   3.0048260e+01   3.0047864e+01   3.0047477e+01   3.0047104e+01   3.0046747e+01   3.0046409e+01   3.0046090e+01   3.0045790e+01   3.0045509e+01   3.0045246e+01   3.0045000e+01   3.0044771e+01   3.0044557e+01   3.0044356e+01   3.0044168e+01   3.0043992e+01   3.0043827e+01   3.0043671e+01   3.0043524e+01   3.0043386e+01   3.0043254e+01   3.0043130e+01   3.0043012e+01   3.0042898e+01   3.0042790e+01   3.0042686e+01   3.0042585e+01   3.0042487e+01   3.0042391e+01   3.0042298e+01   3.0042206e+01   3.0042116e+01   3.0042027e+01   3.0041938e+01   3.0041850e+01   3.0041761e+01   3.0041673e+01   3.0041585e+01   3.0041497e+01   3.0041408e+01   3.0041319e+01   3.0041230e+01   3.0041140e+01   3.0041050e+01   3.0040959e+01   3.0040868e+01   3.0040777e+01   3.0040685e+01   3.0040593e+01   3.0040501e+01   3.0040408e+01   3.0040316e+01   3.0040223e+01   3.0040130e+01   3.0040037e+01   3.0039944e+01   3.0039851e+01   3.0039757e+01   3.0039664e+01   3.0039570e+01   3.0039477e+01   3.0039383e+01   3.0039289e+01   3.0039194e+01   3.0039100e+01   3.0039006e+01   3.0038912e+01   3.0038818e+01   3.0038724e+01   3.0038629e+01   3.0038535e+01   3.0038441e+01   3.0038347e+01   3.0038252e+01   3.0038158e+01   3.0038064e+01   3.0037970e+01   3.0037876e+01   3.0037781e+01   3.0037687e+01   3.0037593e+01   3.0037499e+01   3.0037404e+01   3.0037310e+01   3.0037216e+01   3.0037122e+01   3.0037027e+01   3.0036933e+01   3.0036839e+01   3.0036744e+01   3.0036650e+01   3.0036556e+01   3.0036462e+01   3.0036367e+01   3.0036273e+01   3.0036178e+01   3.0036084e+01   3.0035989e+01   3.0035895e+01   3.0035800e+01   3.0035706e+01   3.0035611e+01   3.0035516e+01   3.0035421e+01   3.0035326e+01   3.0035231e+01   3.0035136e+01   3.0035041e+01   3.0034945e+01   3.0034849e+01   3.0034753e+01   3.0034657e+01   3.0034561e+01   3.0034464e+01   3.0034368e+01   3.0034270e+01   3.0034173e+01   3.0034075e+01   3.0033977e+01   3.0033879e+01   3.0033780e+01   3.0033681e+01   3.0033581e+01   3.0033481e+01   3.0033380e+01   3.0033279e+01   3.0033177e+01   3.0033075e+01   3.0032972e+01   3.0032868e+01   3.0032764e+01   3.0032658e+01   3.0032553e+01   3.0032446e+01   3.0032339e+01   3.0032230e+01   3.0032121e+01   3.0032010e+01   3.0031899e+01   3.0031786e+01   3.0031673e+01   3.0031557e+01   3.0031441e+01   3.0031323e+01   3.0031205e+01   3.0031084e+01   3.0030963e+01   3.0030839e+01   3.0030715e+01   3.0030587e+01   3.0030460e+01   3.0030329e+01   3.0030198e+01   3.0030062e+01   3.0029927e+01   3.0029788e+01   3.0029649e+01   3.0029505e+01   3.0029362e+01   3.0029213e+01   3.0029065e+01   3.0028912e+01   3.0028758e+01   3.0028599e+01   3.0028440e+01   3.0028276e+01   3.0028111e+01   3.0027940e+01   3.0027769e+01   3.0027588e+01   3.0027407e+01   3.0027214e+01   3.0027020e+01   3.0026810e+01   3.0026599e+01   3.0026368e+01   3.0026137e+01   3.0025880e+01   3.0025623e+01   3.0025334e+01   3.0025045e+01   3.0024717e+01   3.0024389e+01   3.0024015e+01   3.0023642e+01   3.0023215e+01   3.0022788e+01   3.0022301e+01   3.0021814e+01   3.0021258e+01   3.0020702e+01   3.0020070e+01   3.0019437e+01   3.0018718e+01   3.0017999e+01   3.0017181e+01   3.0016364e+01   3.0015437e+01   3.0014509e+01   3.0013459e+01   3.0012409e+01   3.0011226e+01   3.0010042e+01   3.0008726e+01   3.0007410e+01   3.0005984e+01   3.0004559e+01   3.0003088e+01   3.0001616e+01
   3.0047857e+01   3.0047461e+01   3.0047076e+01   3.0046703e+01   3.0046348e+01   3.0046010e+01   3.0045691e+01   3.0045392e+01   3.0045112e+01   3.0044850e+01   3.0044605e+01   3.0044377e+01   3.0044163e+01   3.0043964e+01   3.0043776e+01   3.0043601e+01   3.0043436e+01   3.0043281e+01   3.0043135e+01   3.0042996e+01   3.0042866e+01   3.0042742e+01   3.0042624e+01   3.0042511e+01   3.0042403e+01   3.0042299e+01   3.0042199e+01   3.0042101e+01   3.0042006e+01   3.0041913e+01   3.0041822e+01   3.0041732e+01   3.0041643e+01   3.0041554e+01   3.0041466e+01   3.0041379e+01   3.0041291e+01   3.0041203e+01   3.0041115e+01   3.0041026e+01   3.0040938e+01   3.0040848e+01   3.0040759e+01   3.0040669e+01   3.0040578e+01   3.0040487e+01   3.0040396e+01   3.0040305e+01   3.0040213e+01   3.0040121e+01   3.0040028e+01   3.0039936e+01   3.0039843e+01   3.0039750e+01   3.0039658e+01   3.0039564e+01   3.0039471e+01   3.0039378e+01   3.0039285e+01   3.0039191e+01   3.0039098e+01   3.0039004e+01   3.0038910e+01   3.0038816e+01   3.0038722e+01   3.0038628e+01   3.0038534e+01   3.0038440e+01   3.0038346e+01   3.0038252e+01   3.0038158e+01   3.0038064e+01   3.0037970e+01   3.0037875e+01   3.0037781e+01   3.0037687e+01   3.0037593e+01   3.0037499e+01   3.0037405e+01   3.0037311e+01   3.0037217e+01   3.0037122e+01   3.0037028e+01   3.0036934e+01   3.0036840e+01   3.0036746e+01   3.0036652e+01   3.0036558e+01   3.0036463e+01   3.0036369e+01   3.0036275e+01   3.0036181e+01   3.0036087e+01   3.0035992e+01   3.0035898e+01   3.0035804e+01   3.0035710e+01   3.0035615e+01   3.0035521e+01   3.0035426e+01   3.0035332e+01   3.0035237e+01   3.0035142e+01   3.0035048e+01   3.0034953e+01   3.0034858e+01   3.0034763e+01   3.0034667e+01   3.0034572e+01   3.0034476e+01   3.0034381e+01   3.0034285e+01   3.0034188e+01   3.0034092e+01   3.0033995e+01   3.0033898e+01   3.0033801e+01   3.0033703e+01   3.0033605e+01   3.0033507e+01   3.0033408e+01   3.0033309e+01   3.0033210e+01   3.0033109e+01   3.0033009e+01   3.0032908e+01   3.0032806e+01   3.0032704e+01   3.0032601e+01   3.0032497e+01   3.0032393e+01   3.0032288e+01   3.0032183e+01   3.0032075e+01   3.0031968e+01   3.0031860e+01   3.0031751e+01   3.0031640e+01   3.0031529e+01   3.0031416e+01   3.0031303e+01   3.0031188e+01   3.0031072e+01   3.0030954e+01   3.0030836e+01   3.0030715e+01   3.0030594e+01   3.0030470e+01   3.0030346e+01   3.0030218e+01   3.0030091e+01   3.0029960e+01   3.0029829e+01   3.0029694e+01   3.0029559e+01   3.0029420e+01   3.0029281e+01   3.0029137e+01   3.0028993e+01   3.0028845e+01   3.0028697e+01   3.0028543e+01   3.0028390e+01   3.0028231e+01   3.0028072e+01   3.0027907e+01   3.0027742e+01   3.0027572e+01   3.0027401e+01   3.0027220e+01   3.0027039e+01   3.0026845e+01   3.0026651e+01   3.0026441e+01   3.0026231e+01   3.0026000e+01   3.0025768e+01   3.0025511e+01   3.0025254e+01   3.0024965e+01   3.0024676e+01   3.0024348e+01   3.0024019e+01   3.0023646e+01   3.0023272e+01   3.0022845e+01   3.0022418e+01   3.0021930e+01   3.0021443e+01   3.0020887e+01   3.0020331e+01   3.0019699e+01   3.0019066e+01   3.0018346e+01   3.0017627e+01   3.0016809e+01   3.0015992e+01   3.0015064e+01   3.0014136e+01   3.0013085e+01   3.0012035e+01   3.0010851e+01   3.0009667e+01   3.0008349e+01   3.0007031e+01   3.0005604e+01   3.0004177e+01   3.0002703e+01   3.0001230e+01
   3.0047453e+01   3.0047059e+01   3.0046674e+01   3.0046303e+01   3.0045948e+01   3.0045611e+01   3.0045293e+01   3.0044995e+01   3.0044716e+01   3.0044454e+01   3.0044210e+01   3.0043983e+01   3.0043770e+01   3.0043571e+01   3.0043384e+01   3.0043209e+01   3.0043045e+01   3.0042890e+01   3.0042745e+01   3.0042607e+01   3.0042477e+01   3.0042354e+01   3.0042236e+01   3.0042124e+01   3.0042016e+01   3.0041913e+01   3.0041813e+01   3.0041716e+01   3.0041621e+01   3.0041529e+01   3.0041438e+01   3.0041348e+01   3.0041259e+01   3.0041171e+01   3.0041083e+01   3.0040996e+01   3.0040908e+01   3.0040821e+01   3.0040733e+01   3.0040645e+01   3.0040556e+01   3.0040467e+01   3.0040378e+01   3.0040288e+01   3.0040197e+01   3.0040107e+01   3.0040016e+01   3.0039924e+01   3.0039833e+01   3.0039741e+01   3.0039649e+01   3.0039556e+01   3.0039464e+01   3.0039371e+01   3.0039278e+01   3.0039185e+01   3.0039092e+01   3.0038999e+01   3.0038906e+01   3.0038813e+01   3.0038720e+01   3.0038626e+01   3.0038532e+01   3.0038438e+01   3.0038344e+01   3.0038250e+01   3.0038156e+01   3.0038062e+01   3.0037968e+01   3.0037874e+01   3.0037780e+01   3.0037686e+01   3.0037593e+01   3.0037499e+01   3.0037405e+01   3.0037311e+01   3.0037217e+01   3.0037123e+01   3.0037028e+01   3.0036934e+01   3.0036840e+01   3.0036746e+01   3.0036652e+01   3.0036558e+01   3.0036464e+01   3.0036370e+01   3.0036276e+01   3.0036182e+01   3.0036088e+01   3.0035994e+01   3.0035900e+01   3.0035806e+01   3.0035712e+01   3.0035618e+01   3.0035523e+01   3.0035429e+01   3.0035335e+01   3.0035241e+01   3.0035146e+01   3.0035052e+01   3.0034958e+01   3.0034863e+01   3.0034769e+01   3.0034674e+01   3.0034579e+01   3.0034484e+01   3.0034389e+01   3.0034294e+01   3.0034199e+01   3.0034103e+01   3.0034008e+01   3.0033912e+01   3.0033816e+01   3.0033719e+01   3.0033623e+01   3.0033526e+01   3.0033428e+01   3.0033331e+01   3.0033233e+01   3.0033135e+01   3.0033036e+01   3.0032937e+01   3.0032838e+01   3.0032737e+01   3.0032637e+01   3.0032536e+01   3.0032435e+01   3.0032332e+01   3.0032230e+01   3.0032126e+01   3.0032022e+01   3.0031917e+01   3.0031812e+01   3.0031705e+01   3.0031598e+01   3.0031489e+01   3.0031380e+01   3.0031270e+01   3.0031159e+01   3.0031046e+01   3.0030933e+01   3.0030818e+01   3.0030702e+01   3.0030584e+01   3.0030466e+01   3.0030345e+01   3.0030224e+01   3.0030100e+01   3.0029976e+01   3.0029849e+01   3.0029721e+01   3.0029590e+01   3.0029459e+01   3.0029325e+01   3.0029190e+01   3.0029050e+01   3.0028911e+01   3.0028768e+01   3.0028624e+01   3.0028476e+01   3.0028327e+01   3.0028174e+01   3.0028020e+01   3.0027861e+01   3.0027702e+01   3.0027538e+01   3.0027373e+01   3.0027202e+01   3.0027031e+01   3.0026850e+01   3.0026669e+01   3.0026475e+01   3.0026281e+01   3.0026071e+01   3.0025860e+01   3.0025629e+01   3.0025398e+01   3.0025140e+01   3.0024883e+01   3.0024593e+01   3.0024304e+01   3.0023976e+01   3.0023647e+01   3.0023273e+01   3.0022899e+01   3.0022472e+01   3.0022045e+01   3.0021557e+01   3.0021070e+01   3.0020514e+01   3.0019958e+01   3.0019325e+01   3.0018692e+01   3.0017972e+01   3.0017252e+01   3.0016435e+01   3.0015617e+01   3.0014689e+01   3.0013761e+01   3.0012709e+01   3.0011658e+01   3.0010473e+01   3.0009289e+01   3.0007970e+01   3.0006651e+01   3.0005223e+01   3.0003794e+01   3.0002319e+01   3.0000844e+01
   3.0047050e+01   3.0046656e+01   3.0046272e+01   3.0045902e+01   3.0045548e+01   3.0045212e+01   3.0044895e+01   3.0044598e+01   3.0044319e+01   3.0044059e+01   3.0043815e+01   3.0043588e+01   3.0043376e+01   3.0043178e+01   3.0042992e+01   3.0042818e+01   3.0042654e+01   3.0042500e+01   3.0042355e+01   3.0042218e+01   3.0042088e+01   3.0041965e+01   3.0041848e+01   3.0041737e+01   3.0041630e+01   3.0041526e+01   3.0041427e+01   3.0041330e+01   3.0041236e+01   3.0041144e+01   3.0041053e+01   3.0040964e+01   3.0040875e+01   3.0040788e+01   3.0040700e+01   3.0040613e+01   3.0040526e+01   3.0040438e+01   3.0040351e+01   3.0040263e+01   3.0040174e+01   3.0040086e+01   3.0039996e+01   3.0039907e+01   3.0039816e+01   3.0039726e+01   3.0039635e+01   3.0039544e+01   3.0039452e+01   3.0039361e+01   3.0039269e+01   3.0039176e+01   3.0039084e+01   3.0038992e+01   3.0038899e+01   3.0038806e+01   3.0038713e+01   3.0038620e+01   3.0038527e+01   3.0038434e+01   3.0038341e+01   3.0038247e+01   3.0038154e+01   3.0038060e+01   3.0037966e+01   3.0037872e+01   3.0037778e+01   3.0037685e+01   3.0037591e+01   3.0037497e+01   3.0037403e+01   3.0037309e+01   3.0037215e+01   3.0037122e+01   3.0037028e+01   3.0036934e+01   3.0036840e+01   3.0036746e+01   3.0036652e+01   3.0036558e+01   3.0036464e+01   3.0036370e+01   3.0036276e+01   3.0036183e+01   3.0036089e+01   3.0035995e+01   3.0035901e+01   3.0035807e+01   3.0035713e+01   3.0035619e+01   3.0035525e+01   3.0035431e+01   3.0035337e+01   3.0035243e+01   3.0035149e+01   3.0035055e+01   3.0034961e+01   3.0034866e+01   3.0034772e+01   3.0034678e+01   3.0034584e+01   3.0034489e+01   3.0034395e+01   3.0034300e+01   3.0034206e+01   3.0034111e+01   3.0034016e+01   3.0033921e+01   3.0033826e+01   3.0033730e+01   3.0033635e+01   3.0033539e+01   3.0033443e+01   3.0033346e+01   3.0033250e+01   3.0033153e+01   3.0033056e+01   3.0032958e+01   3.0032861e+01   3.0032763e+01   3.0032664e+01   3.0032565e+01   3.0032466e+01   3.0032366e+01   3.0032266e+01   3.0032164e+01   3.0032063e+01   3.0031961e+01   3.0031859e+01   3.0031755e+01   3.0031651e+01   3.0031546e+01   3.0031441e+01   3.0031334e+01   3.0031227e+01   3.0031118e+01   3.0031010e+01   3.0030899e+01   3.0030788e+01   3.0030676e+01   3.0030563e+01   3.0030447e+01   3.0030332e+01   3.0030214e+01   3.0030096e+01   3.0029975e+01   3.0029855e+01   3.0029731e+01   3.0029607e+01   3.0029479e+01   3.0029352e+01   3.0029221e+01   3.0029090e+01   3.0028955e+01   3.0028820e+01   3.0028681e+01   3.0028542e+01   3.0028398e+01   3.0028255e+01   3.0028106e+01   3.0027958e+01   3.0027804e+01   3.0027651e+01   3.0027492e+01   3.0027333e+01   3.0027168e+01   3.0027003e+01   3.0026832e+01   3.0026661e+01   3.0026480e+01   3.0026299e+01   3.0026105e+01   3.0025911e+01   3.0025700e+01   3.0025490e+01   3.0025258e+01   3.0025027e+01   3.0024769e+01   3.0024512e+01   3.0024222e+01   3.0023932e+01   3.0023604e+01   3.0023275e+01   3.0022901e+01   3.0022527e+01   3.0022099e+01   3.0021672e+01   3.0021184e+01   3.0020696e+01   3.0020140e+01   3.0019584e+01   3.0018951e+01   3.0018318e+01   3.0017598e+01   3.0016878e+01   3.0016060e+01   3.0015242e+01   3.0014314e+01   3.0013385e+01   3.0012333e+01   3.0011282e+01   3.0010096e+01   3.0008911e+01   3.0007591e+01   3.0006271e+01   3.0004841e+01   3.0003411e+01   3.0001934e+01   3.0000457e+01
   3.0046647e+01   3.0046254e+01   3.0045871e+01   3.0045501e+01   3.0045148e+01   3.0044813e+01   3.0044497e+01   3.0044200e+01   3.0043922e+01   3.0043663e+01   3.0043420e+01   3.0043194e+01   3.0042983e+01   3.0042785e+01   3.0042600e+01   3.0042426e+01   3.0042263e+01   3.0042109e+01   3.0041965e+01   3.0041828e+01   3.0041699e+01   3.0041577e+01   3.0041460e+01   3.0041349e+01   3.0041242e+01   3.0041140e+01   3.0041040e+01   3.0040944e+01   3.0040850e+01   3.0040758e+01   3.0040668e+01   3.0040579e+01   3.0040491e+01   3.0040404e+01   3.0040316e+01   3.0040230e+01   3.0040143e+01   3.0040056e+01   3.0039968e+01   3.0039880e+01   3.0039792e+01   3.0039704e+01   3.0039615e+01   3.0039525e+01   3.0039435e+01   3.0039345e+01   3.0039254e+01   3.0039163e+01   3.0039072e+01   3.0038980e+01   3.0038889e+01   3.0038797e+01   3.0038704e+01   3.0038612e+01   3.0038519e+01   3.0038427e+01   3.0038334e+01   3.0038241e+01   3.0038149e+01   3.0038056e+01   3.0037963e+01   3.0037869e+01   3.0037775e+01   3.0037682e+01   3.0037588e+01   3.0037494e+01   3.0037401e+01   3.0037307e+01   3.0037213e+01   3.0037119e+01   3.0037026e+01   3.0036932e+01   3.0036838e+01   3.0036745e+01   3.0036651e+01   3.0036557e+01   3.0036463e+01   3.0036369e+01   3.0036276e+01   3.0036182e+01   3.0036088e+01   3.0035994e+01   3.0035900e+01   3.0035807e+01   3.0035713e+01   3.0035619e+01   3.0035525e+01   3.0035431e+01   3.0035337e+01   3.0035243e+01   3.0035149e+01   3.0035056e+01   3.0034962e+01   3.0034868e+01   3.0034774e+01   3.0034680e+01   3.0034586e+01   3.0034492e+01   3.0034398e+01   3.0034303e+01   3.0034209e+01   3.0034115e+01   3.0034021e+01   3.0033926e+01   3.0033831e+01   3.0033737e+01   3.0033642e+01   3.0033547e+01   3.0033452e+01   3.0033356e+01   3.0033261e+01   3.0033165e+01   3.0033069e+01   3.0032973e+01   3.0032877e+01   3.0032780e+01   3.0032683e+01   3.0032586e+01   3.0032488e+01   3.0032390e+01   3.0032292e+01   3.0032193e+01   3.0032093e+01   3.0031993e+01   3.0031893e+01   3.0031792e+01   3.0031691e+01   3.0031589e+01   3.0031487e+01   3.0031383e+01   3.0031279e+01   3.0031174e+01   3.0031069e+01   3.0030962e+01   3.0030855e+01   3.0030747e+01   3.0030638e+01   3.0030528e+01   3.0030417e+01   3.0030304e+01   3.0030191e+01   3.0030076e+01   3.0029961e+01   3.0029843e+01   3.0029725e+01   3.0029604e+01   3.0029483e+01   3.0029359e+01   3.0029235e+01   3.0029108e+01   3.0028981e+01   3.0028850e+01   3.0028719e+01   3.0028584e+01   3.0028449e+01   3.0028310e+01   3.0028171e+01   3.0028027e+01   3.0027883e+01   3.0027735e+01   3.0027586e+01   3.0027433e+01   3.0027279e+01   3.0027120e+01   3.0026961e+01   3.0026796e+01   3.0026631e+01   3.0026460e+01   3.0026289e+01   3.0026107e+01   3.0025926e+01   3.0025732e+01   3.0025538e+01   3.0025327e+01   3.0025116e+01   3.0024884e+01   3.0024652e+01   3.0024395e+01   3.0024137e+01   3.0023847e+01   3.0023557e+01   3.0023228e+01   3.0022899e+01   3.0022525e+01   3.0022150e+01   3.0021723e+01   3.0021295e+01   3.0020807e+01   3.0020319e+01   3.0019763e+01   3.0019207e+01   3.0018574e+01   3.0017941e+01   3.0017221e+01   3.0016501e+01   3.0015683e+01   3.0014864e+01   3.0013936e+01   3.0013007e+01   3.0011954e+01   3.0010902e+01   3.0009716e+01   3.0008530e+01   3.0007209e+01   3.0005889e+01   3.0004458e+01   3.0003028e+01   3.0001549e+01   3.0000070e+01
   3.0046244e+01   3.0045852e+01   3.0045469e+01   3.0045101e+01   3.0044748e+01   3.0044414e+01   3.0044099e+01   3.0043803e+01   3.0043526e+01   3.0043267e+01   3.0043025e+01   3.0042800e+01   3.0042589e+01   3.0042392e+01   3.0042207e+01   3.0042034e+01   3.0041872e+01   3.0041719e+01   3.0041575e+01   3.0041439e+01   3.0041310e+01   3.0041188e+01   3.0041072e+01   3.0040961e+01   3.0040855e+01   3.0040753e+01   3.0040654e+01   3.0040558e+01   3.0040465e+01   3.0040373e+01   3.0040283e+01   3.0040195e+01   3.0040107e+01   3.0040020e+01   3.0039933e+01   3.0039846e+01   3.0039760e+01   3.0039673e+01   3.0039586e+01   3.0039498e+01   3.0039410e+01   3.0039322e+01   3.0039233e+01   3.0039144e+01   3.0039054e+01   3.0038964e+01   3.0038873e+01   3.0038782e+01   3.0038691e+01   3.0038600e+01   3.0038508e+01   3.0038416e+01   3.0038324e+01   3.0038232e+01   3.0038140e+01   3.0038047e+01   3.0037955e+01   3.0037862e+01   3.0037769e+01   3.0037677e+01   3.0037584e+01   3.0037490e+01   3.0037397e+01   3.0037303e+01   3.0037210e+01   3.0037116e+01   3.0037023e+01   3.0036929e+01   3.0036836e+01   3.0036742e+01   3.0036648e+01   3.0036555e+01   3.0036461e+01   3.0036367e+01   3.0036274e+01   3.0036180e+01   3.0036086e+01   3.0035993e+01   3.0035899e+01   3.0035805e+01   3.0035712e+01   3.0035618e+01   3.0035524e+01   3.0035430e+01   3.0035337e+01   3.0035243e+01   3.0035149e+01   3.0035055e+01   3.0034962e+01   3.0034868e+01   3.0034774e+01   3.0034680e+01   3.0034587e+01   3.0034493e+01   3.0034399e+01   3.0034305e+01   3.0034211e+01   3.0034117e+01   3.0034023e+01   3.0033929e+01   3.0033835e+01   3.0033741e+01   3.0033646e+01   3.0033552e+01   3.0033457e+01   3.0033363e+01   3.0033268e+01   3.0033173e+01   3.0033078e+01   3.0032983e+01   3.0032888e+01   3.0032792e+01   3.0032696e+01   3.0032600e+01   3.0032504e+01   3.0032407e+01   3.0032310e+01   3.0032213e+01   3.0032115e+01   3.0032017e+01   3.0031919e+01   3.0031820e+01   3.0031721e+01   3.0031621e+01   3.0031521e+01   3.0031420e+01   3.0031319e+01   3.0031217e+01   3.0031115e+01   3.0031011e+01   3.0030907e+01   3.0030802e+01   3.0030697e+01   3.0030590e+01   3.0030484e+01   3.0030375e+01   3.0030267e+01   3.0030156e+01   3.0030045e+01   3.0029933e+01   3.0029820e+01   3.0029705e+01   3.0029589e+01   3.0029471e+01   3.0029354e+01   3.0029233e+01   3.0029112e+01   3.0028988e+01   3.0028864e+01   3.0028737e+01   3.0028609e+01   3.0028478e+01   3.0028347e+01   3.0028212e+01   3.0028077e+01   3.0027938e+01   3.0027799e+01   3.0027655e+01   3.0027512e+01   3.0027363e+01   3.0027215e+01   3.0027061e+01   3.0026907e+01   3.0026748e+01   3.0026589e+01   3.0026424e+01   3.0026259e+01   3.0026087e+01   3.0025916e+01   3.0025735e+01   3.0025553e+01   3.0025359e+01   3.0025164e+01   3.0024953e+01   3.0024742e+01   3.0024510e+01   3.0024278e+01   3.0024020e+01   3.0023762e+01   3.0023472e+01   3.0023182e+01   3.0022853e+01   3.0022524e+01   3.0022149e+01   3.0021774e+01   3.0021346e+01   3.0020919e+01   3.0020431e+01   3.0019943e+01   3.0019386e+01   3.0018830e+01   3.0018197e+01   3.0017564e+01   3.0016843e+01   3.0016123e+01   3.0015305e+01   3.0014487e+01   3.0013557e+01   3.0012628e+01   3.0011575e+01   3.0010523e+01   3.0009336e+01   3.0008149e+01   3.0006828e+01   3.0005507e+01   3.0004075e+01   3.0002644e+01   3.0001163e+01   2.9999683e+01
   3.0045840e+01   3.0045449e+01   3.0045068e+01   3.0044700e+01   3.0044348e+01   3.0044015e+01   3.0043700e+01   3.0043405e+01   3.0043129e+01   3.0042871e+01   3.0042630e+01   3.0042405e+01   3.0042195e+01   3.0041999e+01   3.0041815e+01   3.0041643e+01   3.0041481e+01   3.0041328e+01   3.0041185e+01   3.0041050e+01   3.0040921e+01   3.0040800e+01   3.0040684e+01   3.0040574e+01   3.0040468e+01   3.0040366e+01   3.0040268e+01   3.0040173e+01   3.0040079e+01   3.0039988e+01   3.0039899e+01   3.0039810e+01   3.0039723e+01   3.0039636e+01   3.0039549e+01   3.0039463e+01   3.0039376e+01   3.0039290e+01   3.0039203e+01   3.0039116e+01   3.0039028e+01   3.0038939e+01   3.0038851e+01   3.0038762e+01   3.0038672e+01   3.0038582e+01   3.0038492e+01   3.0038401e+01   3.0038310e+01   3.0038219e+01   3.0038127e+01   3.0038036e+01   3.0037944e+01   3.0037852e+01   3.0037760e+01   3.0037667e+01   3.0037575e+01   3.0037482e+01   3.0037390e+01   3.0037298e+01   3.0037205e+01   3.0037111e+01   3.0037018e+01   3.0036924e+01   3.0036831e+01   3.0036737e+01   3.0036644e+01   3.0036550e+01   3.0036457e+01   3.0036363e+01   3.0036270e+01   3.0036176e+01   3.0036083e+01   3.0035989e+01   3.0035896e+01   3.0035802e+01   3.0035708e+01   3.0035615e+01   3.0035521e+01   3.0035427e+01   3.0035334e+01   3.0035240e+01   3.0035147e+01   3.0035053e+01   3.0034959e+01   3.0034866e+01   3.0034772e+01   3.0034678e+01   3.0034584e+01   3.0034491e+01   3.0034397e+01   3.0034303e+01   3.0034210e+01   3.0034116e+01   3.0034022e+01   3.0033928e+01   3.0033835e+01   3.0033741e+01   3.0033647e+01   3.0033553e+01   3.0033459e+01   3.0033365e+01   3.0033270e+01   3.0033176e+01   3.0033082e+01   3.0032987e+01   3.0032893e+01   3.0032798e+01   3.0032703e+01   3.0032608e+01   3.0032512e+01   3.0032417e+01   3.0032321e+01   3.0032225e+01   3.0032129e+01   3.0032032e+01   3.0031935e+01   3.0031838e+01   3.0031741e+01   3.0031643e+01   3.0031544e+01   3.0031445e+01   3.0031346e+01   3.0031247e+01   3.0031147e+01   3.0031046e+01   3.0030945e+01   3.0030842e+01   3.0030740e+01   3.0030637e+01   3.0030533e+01   3.0030428e+01   3.0030323e+01   3.0030216e+01   3.0030109e+01   3.0030001e+01   3.0029892e+01   3.0029782e+01   3.0029671e+01   3.0029558e+01   3.0029445e+01   3.0029330e+01   3.0029215e+01   3.0029097e+01   3.0028979e+01   3.0028858e+01   3.0028737e+01   3.0028613e+01   3.0028489e+01   3.0028362e+01   3.0028234e+01   3.0028103e+01   3.0027972e+01   3.0027837e+01   3.0027702e+01   3.0027563e+01   3.0027423e+01   3.0027279e+01   3.0027135e+01   3.0026987e+01   3.0026838e+01   3.0026684e+01   3.0026530e+01   3.0026371e+01   3.0026212e+01   3.0026047e+01   3.0025881e+01   3.0025710e+01   3.0025538e+01   3.0025357e+01   3.0025175e+01   3.0024980e+01   3.0024786e+01   3.0024574e+01   3.0024363e+01   3.0024131e+01   3.0023898e+01   3.0023640e+01   3.0023382e+01   3.0023091e+01   3.0022801e+01   3.0022472e+01   3.0022142e+01   3.0021767e+01   3.0021392e+01   3.0020965e+01   3.0020537e+01   3.0020049e+01   3.0019561e+01   3.0019004e+01   3.0018448e+01   3.0017815e+01   3.0017182e+01   3.0016462e+01   3.0015742e+01   3.0014923e+01   3.0014105e+01   3.0013176e+01   3.0012246e+01   3.0011193e+01   3.0010140e+01   3.0008952e+01   3.0007764e+01   3.0006443e+01   3.0005121e+01   3.0003690e+01   3.0002258e+01   3.0000777e+01   2.9999296e+01
   3.0045437e+01   3.0045046e+01   3.0044666e+01   3.0044299e+01   3.0043948e+01   3.0043616e+01   3.0043302e+01   3.0043008e+01   3.0042733e+01   3.0042475e+01   3.0042235e+01   3.0042011e+01   3.0041802e+01   3.0041606e+01   3.0041423e+01   3.0041251e+01   3.0041090e+01   3.0040938e+01   3.0040795e+01   3.0040660e+01   3.0040532e+01   3.0040411e+01   3.0040296e+01   3.0040186e+01   3.0040081e+01   3.0039980e+01   3.0039882e+01   3.0039787e+01   3.0039694e+01   3.0039603e+01   3.0039514e+01   3.0039426e+01   3.0039339e+01   3.0039252e+01   3.0039166e+01   3.0039079e+01   3.0038993e+01   3.0038907e+01   3.0038820e+01   3.0038733e+01   3.0038645e+01   3.0038557e+01   3.0038468e+01   3.0038379e+01   3.0038289e+01   3.0038200e+01   3.0038109e+01   3.0038019e+01   3.0037928e+01   3.0037837e+01   3.0037745e+01   3.0037654e+01   3.0037562e+01   3.0037470e+01   3.0037378e+01   3.0037286e+01   3.0037194e+01   3.0037102e+01   3.0037009e+01   3.0036917e+01   3.0036825e+01   3.0036732e+01   3.0036638e+01   3.0036545e+01   3.0036452e+01   3.0036358e+01   3.0036265e+01   3.0036172e+01   3.0036078e+01   3.0035985e+01   3.0035891e+01   3.0035798e+01   3.0035704e+01   3.0035611e+01   3.0035517e+01   3.0035424e+01   3.0035330e+01   3.0035237e+01   3.0035143e+01   3.0035050e+01   3.0034956e+01   3.0034862e+01   3.0034769e+01   3.0034675e+01   3.0034582e+01   3.0034488e+01   3.0034394e+01   3.0034301e+01   3.0034207e+01   3.0034114e+01   3.0034020e+01   3.0033926e+01   3.0033833e+01   3.0033739e+01   3.0033645e+01   3.0033552e+01   3.0033458e+01   3.0033364e+01   3.0033270e+01   3.0033176e+01   3.0033083e+01   3.0032989e+01   3.0032894e+01   3.0032800e+01   3.0032706e+01   3.0032611e+01   3.0032517e+01   3.0032422e+01   3.0032327e+01   3.0032232e+01   3.0032137e+01   3.0032042e+01   3.0031946e+01   3.0031850e+01   3.0031754e+01   3.0031657e+01   3.0031561e+01   3.0031463e+01   3.0031366e+01   3.0031268e+01   3.0031170e+01   3.0031071e+01   3.0030972e+01   3.0030872e+01   3.0030772e+01   3.0030671e+01   3.0030570e+01   3.0030468e+01   3.0030366e+01   3.0030262e+01   3.0030159e+01   3.0030053e+01   3.0029948e+01   3.0029842e+01   3.0029735e+01   3.0029626e+01   3.0029518e+01   3.0029407e+01   3.0029296e+01   3.0029184e+01   3.0029071e+01   3.0028955e+01   3.0028840e+01   3.0028722e+01   3.0028604e+01   3.0028483e+01   3.0028362e+01   3.0028238e+01   3.0028114e+01   3.0027986e+01   3.0027859e+01   3.0027728e+01   3.0027597e+01   3.0027461e+01   3.0027326e+01   3.0027187e+01   3.0027047e+01   3.0026903e+01   3.0026759e+01   3.0026611e+01   3.0026462e+01   3.0026308e+01   3.0026154e+01   3.0025994e+01   3.0025835e+01   3.0025669e+01   3.0025504e+01   3.0025332e+01   3.0025161e+01   3.0024979e+01   3.0024797e+01   3.0024602e+01   3.0024407e+01   3.0024196e+01   3.0023984e+01   3.0023751e+01   3.0023519e+01   3.0023260e+01   3.0023001e+01   3.0022711e+01   3.0022420e+01   3.0022091e+01   3.0021761e+01   3.0021386e+01   3.0021011e+01   3.0020583e+01   3.0020155e+01   3.0019667e+01   3.0019179e+01   3.0018622e+01   3.0018066e+01   3.0017433e+01   3.0016800e+01   3.0016080e+01   3.0015360e+01   3.0014541e+01   3.0013723e+01   3.0012794e+01   3.0011864e+01   3.0010810e+01   3.0009757e+01   3.0008568e+01   3.0007380e+01   3.0006058e+01   3.0004735e+01   3.0003304e+01   3.0001873e+01   3.0000391e+01   2.9998910e+01
   3.0045034e+01   3.0044644e+01   3.0044264e+01   3.0043898e+01   3.0043548e+01   3.0043217e+01   3.0042904e+01   3.0042611e+01   3.0042336e+01   3.0042079e+01   3.0041840e+01   3.0041617e+01   3.0041408e+01   3.0041213e+01   3.0041030e+01   3.0040859e+01   3.0040698e+01   3.0040547e+01   3.0040405e+01   3.0040270e+01   3.0040143e+01   3.0040023e+01   3.0039908e+01   3.0039799e+01   3.0039694e+01   3.0039593e+01   3.0039495e+01   3.0039400e+01   3.0039308e+01   3.0039218e+01   3.0039129e+01   3.0039041e+01   3.0038954e+01   3.0038868e+01   3.0038781e+01   3.0038695e+01   3.0038609e+01   3.0038523e+01   3.0038436e+01   3.0038349e+01   3.0038261e+01   3.0038173e+01   3.0038084e+01   3.0037995e+01   3.0037906e+01   3.0037816e+01   3.0037725e+01   3.0037635e+01   3.0037544e+01   3.0037453e+01   3.0037362e+01   3.0037270e+01   3.0037178e+01   3.0037086e+01   3.0036994e+01   3.0036902e+01   3.0036810e+01   3.0036718e+01   3.0036626e+01   3.0036533e+01   3.0036441e+01   3.0036348e+01   3.0036255e+01   3.0036161e+01   3.0036068e+01   3.0035975e+01   3.0035881e+01   3.0035788e+01   3.0035695e+01   3.0035601e+01   3.0035508e+01   3.0035414e+01   3.0035321e+01   3.0035227e+01   3.0035134e+01   3.0035041e+01   3.0034947e+01   3.0034854e+01   3.0034760e+01   3.0034667e+01   3.0034573e+01   3.0034480e+01   3.0034386e+01   3.0034293e+01   3.0034199e+01   3.0034106e+01   3.0034012e+01   3.0033918e+01   3.0033825e+01   3.0033731e+01   3.0033638e+01   3.0033544e+01   3.0033451e+01   3.0033357e+01   3.0033264e+01   3.0033170e+01   3.0033076e+01   3.0032983e+01   3.0032889e+01   3.0032795e+01   3.0032701e+01   3.0032607e+01   3.0032513e+01   3.0032419e+01   3.0032325e+01   3.0032231e+01   3.0032136e+01   3.0032041e+01   3.0031947e+01   3.0031852e+01   3.0031757e+01   3.0031661e+01   3.0031566e+01   3.0031470e+01   3.0031374e+01   3.0031277e+01   3.0031180e+01   3.0031083e+01   3.0030986e+01   3.0030888e+01   3.0030790e+01   3.0030691e+01   3.0030592e+01   3.0030492e+01   3.0030392e+01   3.0030291e+01   3.0030190e+01   3.0030088e+01   3.0029986e+01   3.0029882e+01   3.0029778e+01   3.0029673e+01   3.0029568e+01   3.0029461e+01   3.0029354e+01   3.0029246e+01   3.0029137e+01   3.0029026e+01   3.0028915e+01   3.0028803e+01   3.0028690e+01   3.0028574e+01   3.0028459e+01   3.0028341e+01   3.0028222e+01   3.0028101e+01   3.0027980e+01   3.0027856e+01   3.0027732e+01   3.0027604e+01   3.0027477e+01   3.0027345e+01   3.0027214e+01   3.0027079e+01   3.0026943e+01   3.0026804e+01   3.0026664e+01   3.0026520e+01   3.0026376e+01   3.0026227e+01   3.0026078e+01   3.0025924e+01   3.0025770e+01   3.0025610e+01   3.0025450e+01   3.0025285e+01   3.0025119e+01   3.0024948e+01   3.0024776e+01   3.0024594e+01   3.0024412e+01   3.0024216e+01   3.0024021e+01   3.0023809e+01   3.0023597e+01   3.0023364e+01   3.0023132e+01   3.0022873e+01   3.0022614e+01   3.0022323e+01   3.0022032e+01   3.0021702e+01   3.0021373e+01   3.0020998e+01   3.0020622e+01   3.0020195e+01   3.0019767e+01   3.0019279e+01   3.0018790e+01   3.0018234e+01   3.0017678e+01   3.0017045e+01   3.0016412e+01   3.0015693e+01   3.0014973e+01   3.0014155e+01   3.0013337e+01   3.0012407e+01   3.0011478e+01   3.0010424e+01   3.0009370e+01   3.0008180e+01   3.0006991e+01   3.0005669e+01   3.0004346e+01   3.0002915e+01   3.0001485e+01   3.0000004e+01   2.9998524e+01
   3.0044630e+01   3.0044240e+01   3.0043861e+01   3.0043496e+01   3.0043148e+01   3.0042817e+01   3.0042506e+01   3.0042213e+01   3.0041939e+01   3.0041684e+01   3.0041445e+01   3.0041222e+01   3.0041014e+01   3.0040820e+01   3.0040638e+01   3.0040467e+01   3.0040307e+01   3.0040156e+01   3.0040014e+01   3.0039881e+01   3.0039754e+01   3.0039634e+01   3.0039520e+01   3.0039411e+01   3.0039306e+01   3.0039206e+01   3.0039108e+01   3.0039014e+01   3.0038922e+01   3.0038832e+01   3.0038743e+01   3.0038656e+01   3.0038569e+01   3.0038483e+01   3.0038397e+01   3.0038311e+01   3.0038225e+01   3.0038139e+01   3.0038052e+01   3.0037965e+01   3.0037877e+01   3.0037788e+01   3.0037700e+01   3.0037610e+01   3.0037521e+01   3.0037430e+01   3.0037340e+01   3.0037249e+01   3.0037158e+01   3.0037067e+01   3.0036976e+01   3.0036884e+01   3.0036792e+01   3.0036701e+01   3.0036609e+01   3.0036517e+01   3.0036425e+01   3.0036333e+01   3.0036241e+01   3.0036149e+01   3.0036057e+01   3.0035964e+01   3.0035871e+01   3.0035778e+01   3.0035684e+01   3.0035591e+01   3.0035498e+01   3.0035404e+01   3.0035311e+01   3.0035218e+01   3.0035124e+01   3.0035031e+01   3.0034938e+01   3.0034844e+01   3.0034751e+01   3.0034657e+01   3.0034564e+01   3.0034471e+01   3.0034377e+01   3.0034284e+01   3.0034190e+01   3.0034097e+01   3.0034003e+01   3.0033910e+01   3.0033816e+01   3.0033723e+01   3.0033630e+01   3.0033536e+01   3.0033443e+01   3.0033349e+01   3.0033256e+01   3.0033162e+01   3.0033069e+01   3.0032975e+01   3.0032882e+01   3.0032788e+01   3.0032695e+01   3.0032601e+01   3.0032507e+01   3.0032414e+01   3.0032320e+01   3.0032226e+01   3.0032132e+01   3.0032038e+01   3.0031944e+01   3.0031850e+01   3.0031755e+01   3.0031661e+01   3.0031566e+01   3.0031471e+01   3.0031376e+01   3.0031281e+01   3.0031185e+01   3.0031089e+01   3.0030993e+01   3.0030897e+01   3.0030800e+01   3.0030703e+01   3.0030606e+01   3.0030508e+01   3.0030410e+01   3.0030311e+01   3.0030212e+01   3.0030112e+01   3.0030012e+01   3.0029911e+01   3.0029810e+01   3.0029708e+01   3.0029605e+01   3.0029502e+01   3.0029398e+01   3.0029293e+01   3.0029188e+01   3.0029081e+01   3.0028974e+01   3.0028865e+01   3.0028756e+01   3.0028645e+01   3.0028535e+01   3.0028421e+01   3.0028308e+01   3.0028193e+01   3.0028077e+01   3.0027959e+01   3.0027841e+01   3.0027720e+01   3.0027599e+01   3.0027474e+01   3.0027350e+01   3.0027222e+01   3.0027094e+01   3.0026963e+01   3.0026831e+01   3.0026696e+01   3.0026560e+01   3.0026421e+01   3.0026281e+01   3.0026137e+01   3.0025992e+01   3.0025843e+01   3.0025694e+01   3.0025540e+01   3.0025386e+01   3.0025226e+01   3.0025066e+01   3.0024900e+01   3.0024735e+01   3.0024563e+01   3.0024391e+01   3.0024209e+01   3.0024026e+01   3.0023831e+01   3.0023635e+01   3.0023423e+01   3.0023211e+01   3.0022978e+01   3.0022744e+01   3.0022485e+01   3.0022226e+01   3.0021935e+01   3.0021644e+01   3.0021314e+01   3.0020985e+01   3.0020609e+01   3.0020234e+01   3.0019806e+01   3.0019378e+01   3.0018890e+01   3.0018402e+01   3.0017846e+01   3.0017290e+01   3.0016658e+01   3.0016025e+01   3.0015305e+01   3.0014586e+01   3.0013768e+01   3.0012950e+01   3.0012021e+01   3.0011092e+01   3.0010037e+01   3.0008983e+01   3.0007793e+01   3.0006603e+01   3.0005279e+01   3.0003956e+01   3.0002526e+01   3.0001096e+01   2.9999617e+01   2.9998137e+01
   3.0044227e+01   3.0043837e+01   3.0043458e+01   3.0043094e+01   3.0042746e+01   3.0042417e+01   3.0042106e+01   3.0041815e+01   3.0041542e+01   3.0041287e+01   3.0041050e+01   3.0040828e+01   3.0040621e+01   3.0040427e+01   3.0040245e+01   3.0040075e+01   3.0039916e+01   3.0039766e+01   3.0039624e+01   3.0039491e+01   3.0039365e+01   3.0039245e+01   3.0039131e+01   3.0039022e+01   3.0038918e+01   3.0038818e+01   3.0038721e+01   3.0038627e+01   3.0038536e+01   3.0038446e+01   3.0038357e+01   3.0038270e+01   3.0038184e+01   3.0038098e+01   3.0038012e+01   3.0037926e+01   3.0037840e+01   3.0037754e+01   3.0037667e+01   3.0037579e+01   3.0037491e+01   3.0037402e+01   3.0037313e+01   3.0037223e+01   3.0037133e+01   3.0037043e+01   3.0036952e+01   3.0036861e+01   3.0036770e+01   3.0036678e+01   3.0036586e+01   3.0036494e+01   3.0036402e+01   3.0036310e+01   3.0036218e+01   3.0036125e+01   3.0036033e+01   3.0035941e+01   3.0035848e+01   3.0035756e+01   3.0035664e+01   3.0035570e+01   3.0035477e+01   3.0035384e+01   3.0035290e+01   3.0035197e+01   3.0035104e+01   3.0035010e+01   3.0034917e+01   3.0034823e+01   3.0034730e+01   3.0034637e+01   3.0034543e+01   3.0034450e+01   3.0034357e+01   3.0034263e+01   3.0034170e+01   3.0034076e+01   3.0033983e+01   3.0033890e+01   3.0033796e+01   3.0033703e+01   3.0033610e+01   3.0033516e+01   3.0033423e+01   3.0033330e+01   3.0033236e+01   3.0033143e+01   3.0033049e+01   3.0032956e+01   3.0032863e+01   3.0032769e+01   3.0032676e+01   3.0032582e+01   3.0032489e+01   3.0032395e+01   3.0032302e+01   3.0032208e+01   3.0032115e+01   3.0032021e+01   3.0031928e+01   3.0031834e+01   3.0031740e+01   3.0031646e+01   3.0031552e+01   3.0031458e+01   3.0031363e+01   3.0031269e+01   3.0031174e+01   3.0031079e+01   3.0030984e+01   3.0030889e+01   3.0030793e+01   3.0030698e+01   3.0030602e+01   3.0030505e+01   3.0030409e+01   3.0030311e+01   3.0030214e+01   3.0030116e+01   3.0030018e+01   3.0029919e+01   3.0029820e+01   3.0029720e+01   3.0029620e+01   3.0029519e+01   3.0029418e+01   3.0029316e+01   3.0029214e+01   3.0029110e+01   3.0029006e+01   3.0028901e+01   3.0028796e+01   3.0028689e+01   3.0028582e+01   3.0028473e+01   3.0028364e+01   3.0028253e+01   3.0028142e+01   3.0028029e+01   3.0027916e+01   3.0027800e+01   3.0027685e+01   3.0027566e+01   3.0027448e+01   3.0027327e+01   3.0027206e+01   3.0027081e+01   3.0026957e+01   3.0026829e+01   3.0026701e+01   3.0026570e+01   3.0026438e+01   3.0026302e+01   3.0026167e+01   3.0026027e+01   3.0025887e+01   3.0025743e+01   3.0025598e+01   3.0025449e+01   3.0025300e+01   3.0025146e+01   3.0024991e+01   3.0024831e+01   3.0024671e+01   3.0024506e+01   3.0024340e+01   3.0024168e+01   3.0023996e+01   3.0023813e+01   3.0023631e+01   3.0023435e+01   3.0023240e+01   3.0023027e+01   3.0022815e+01   3.0022582e+01   3.0022348e+01   3.0022089e+01   3.0021830e+01   3.0021538e+01   3.0021247e+01   3.0020917e+01   3.0020588e+01   3.0020213e+01   3.0019838e+01   3.0019410e+01   3.0018982e+01   3.0018494e+01   3.0018007e+01   3.0017451e+01   3.0016895e+01   3.0016263e+01   3.0015631e+01   3.0014912e+01   3.0014193e+01   3.0013376e+01   3.0012558e+01   3.0011629e+01   3.0010700e+01   3.0009646e+01   3.0008591e+01   3.0007401e+01   3.0006210e+01   3.0004886e+01   3.0003562e+01   3.0002133e+01   3.0000704e+01   2.9999227e+01   2.9997751e+01
   3.0043824e+01   3.0043432e+01   3.0043053e+01   3.0042689e+01   3.0042342e+01   3.0042014e+01   3.0041704e+01   3.0041414e+01   3.0041143e+01   3.0040889e+01   3.0040653e+01   3.0040432e+01   3.0040226e+01   3.0040033e+01   3.0039852e+01   3.0039683e+01   3.0039524e+01   3.0039375e+01   3.0039234e+01   3.0039101e+01   3.0038975e+01   3.0038856e+01   3.0038743e+01   3.0038634e+01   3.0038531e+01   3.0038431e+01   3.0038334e+01   3.0038241e+01   3.0038149e+01   3.0038060e+01   3.0037972e+01   3.0037885e+01   3.0037798e+01   3.0037712e+01   3.0037627e+01   3.0037541e+01   3.0037455e+01   3.0037368e+01   3.0037281e+01   3.0037193e+01   3.0037104e+01   3.0037015e+01   3.0036926e+01   3.0036835e+01   3.0036745e+01   3.0036654e+01   3.0036562e+01   3.0036470e+01   3.0036378e+01   3.0036286e+01   3.0036194e+01   3.0036101e+01   3.0036009e+01   3.0035916e+01   3.0035824e+01   3.0035731e+01   3.0035639e+01   3.0035546e+01   3.0035454e+01   3.0035362e+01   3.0035270e+01   3.0035177e+01   3.0035083e+01   3.0034990e+01   3.0034896e+01   3.0034803e+01   3.0034709e+01   3.0034616e+01   3.0034523e+01   3.0034429e+01   3.0034336e+01   3.0034242e+01   3.0034149e+01   3.0034056e+01   3.0033962e+01   3.0033869e+01   3.0033776e+01   3.0033682e+01   3.0033589e+01   3.0033496e+01   3.0033402e+01   3.0033309e+01   3.0033216e+01   3.0033123e+01   3.0033029e+01   3.0032936e+01   3.0032843e+01   3.0032749e+01   3.0032656e+01   3.0032563e+01   3.0032470e+01   3.0032376e+01   3.0032283e+01   3.0032190e+01   3.0032096e+01   3.0032003e+01   3.0031909e+01   3.0031816e+01   3.0031722e+01   3.0031629e+01   3.0031535e+01   3.0031441e+01   3.0031348e+01   3.0031254e+01   3.0031160e+01   3.0031066e+01   3.0030971e+01   3.0030877e+01   3.0030782e+01   3.0030687e+01   3.0030592e+01   3.0030497e+01   3.0030402e+01   3.0030306e+01   3.0030210e+01   3.0030113e+01   3.0030017e+01   3.0029920e+01   3.0029822e+01   3.0029724e+01   3.0029626e+01   3.0029528e+01   3.0029429e+01   3.0029329e+01   3.0029229e+01   3.0029128e+01   3.0029027e+01   3.0028924e+01   3.0028822e+01   3.0028718e+01   3.0028614e+01   3.0028509e+01   3.0028404e+01   3.0028297e+01   3.0028190e+01   3.0028081e+01   3.0027972e+01   3.0027861e+01   3.0027750e+01   3.0027637e+01   3.0027524e+01   3.0027408e+01   3.0027292e+01   3.0027174e+01   3.0027055e+01   3.0026934e+01   3.0026813e+01   3.0026688e+01   3.0026564e+01   3.0026436e+01   3.0026308e+01   3.0026176e+01   3.0026045e+01   3.0025909e+01   3.0025773e+01   3.0025633e+01   3.0025493e+01   3.0025349e+01   3.0025204e+01   3.0025055e+01   3.0024906e+01   3.0024751e+01   3.0024597e+01   3.0024437e+01   3.0024277e+01   3.0024111e+01   3.0023945e+01   3.0023773e+01   3.0023601e+01   3.0023418e+01   3.0023236e+01   3.0023040e+01   3.0022844e+01   3.0022632e+01   3.0022419e+01   3.0022185e+01   3.0021952e+01   3.0021692e+01   3.0021433e+01   3.0021142e+01   3.0020850e+01   3.0020521e+01   3.0020191e+01   3.0019816e+01   3.0019441e+01   3.0019013e+01   3.0018586e+01   3.0018098e+01   3.0017611e+01   3.0017056e+01   3.0016500e+01   3.0015869e+01   3.0015237e+01   3.0014518e+01   3.0013800e+01   3.0012983e+01   3.0012166e+01   3.0011238e+01   3.0010309e+01   3.0009255e+01   3.0008200e+01   3.0007009e+01   3.0005817e+01   3.0004493e+01   3.0003168e+01   3.0001740e+01   3.0000312e+01   2.9998838e+01   2.9997364e+01
   3.0043421e+01   3.0043028e+01   3.0042648e+01   3.0042283e+01   3.0041936e+01   3.0041608e+01   3.0041299e+01   3.0041009e+01   3.0040739e+01   3.0040486e+01   3.0040251e+01   3.0040031e+01   3.0039826e+01   3.0039634e+01   3.0039455e+01   3.0039287e+01   3.0039129e+01   3.0038980e+01   3.0038840e+01   3.0038708e+01   3.0038583e+01   3.0038465e+01   3.0038352e+01   3.0038244e+01   3.0038141e+01   3.0038042e+01   3.0037946e+01   3.0037852e+01   3.0037761e+01   3.0037672e+01   3.0037584e+01   3.0037497e+01   3.0037411e+01   3.0037325e+01   3.0037239e+01   3.0037153e+01   3.0037067e+01   3.0036980e+01   3.0036892e+01   3.0036804e+01   3.0036715e+01   3.0036625e+01   3.0036535e+01   3.0036444e+01   3.0036353e+01   3.0036261e+01   3.0036168e+01   3.0036076e+01   3.0035983e+01   3.0035890e+01   3.0035797e+01   3.0035703e+01   3.0035610e+01   3.0035517e+01   3.0035423e+01   3.0035330e+01   3.0035237e+01   3.0035144e+01   3.0035051e+01   3.0034958e+01   3.0034865e+01   3.0034771e+01   3.0034677e+01   3.0034583e+01   3.0034489e+01   3.0034395e+01   3.0034302e+01   3.0034208e+01   3.0034114e+01   3.0034021e+01   3.0033927e+01   3.0033834e+01   3.0033740e+01   3.0033647e+01   3.0033554e+01   3.0033460e+01   3.0033367e+01   3.0033273e+01   3.0033180e+01   3.0033087e+01   3.0032993e+01   3.0032900e+01   3.0032807e+01   3.0032714e+01   3.0032620e+01   3.0032527e+01   3.0032434e+01   3.0032341e+01   3.0032247e+01   3.0032154e+01   3.0032061e+01   3.0031968e+01   3.0031874e+01   3.0031781e+01   3.0031688e+01   3.0031594e+01   3.0031501e+01   3.0031408e+01   3.0031314e+01   3.0031221e+01   3.0031127e+01   3.0031033e+01   3.0030940e+01   3.0030846e+01   3.0030752e+01   3.0030658e+01   3.0030563e+01   3.0030469e+01   3.0030374e+01   3.0030279e+01   3.0030185e+01   3.0030089e+01   3.0029994e+01   3.0029898e+01   3.0029802e+01   3.0029706e+01   3.0029609e+01   3.0029512e+01   3.0029415e+01   3.0029317e+01   3.0029219e+01   3.0029120e+01   3.0029021e+01   3.0028921e+01   3.0028821e+01   3.0028720e+01   3.0028619e+01   3.0028516e+01   3.0028414e+01   3.0028310e+01   3.0028207e+01   3.0028101e+01   3.0027996e+01   3.0027889e+01   3.0027782e+01   3.0027673e+01   3.0027564e+01   3.0027453e+01   3.0027343e+01   3.0027229e+01   3.0027116e+01   3.0027000e+01   3.0026885e+01   3.0026766e+01   3.0026648e+01   3.0026527e+01   3.0026405e+01   3.0026281e+01   3.0026156e+01   3.0026029e+01   3.0025901e+01   3.0025769e+01   3.0025637e+01   3.0025502e+01   3.0025366e+01   3.0025226e+01   3.0025086e+01   3.0024942e+01   3.0024798e+01   3.0024648e+01   3.0024499e+01   3.0024345e+01   3.0024190e+01   3.0024030e+01   3.0023870e+01   3.0023705e+01   3.0023539e+01   3.0023367e+01   3.0023195e+01   3.0023012e+01   3.0022830e+01   3.0022634e+01   3.0022438e+01   3.0022225e+01   3.0022013e+01   3.0021779e+01   3.0021545e+01   3.0021286e+01   3.0021027e+01   3.0020735e+01   3.0020444e+01   3.0020115e+01   3.0019785e+01   3.0019410e+01   3.0019036e+01   3.0018608e+01   3.0018181e+01   3.0017694e+01   3.0017207e+01   3.0016653e+01   3.0016098e+01   3.0015467e+01   3.0014836e+01   3.0014118e+01   3.0013400e+01   3.0012585e+01   3.0011769e+01   3.0010841e+01   3.0009913e+01   3.0008858e+01   3.0007804e+01   3.0006613e+01   3.0005421e+01   3.0004095e+01   3.0002769e+01   3.0001341e+01   2.9999914e+01   2.9998446e+01   2.9996977e+01
   3.0043017e+01   3.0042623e+01   3.0042241e+01   3.0041875e+01   3.0041527e+01   3.0041199e+01   3.0040890e+01   3.0040601e+01   3.0040330e+01   3.0040078e+01   3.0039843e+01   3.0039624e+01   3.0039419e+01   3.0039228e+01   3.0039049e+01   3.0038882e+01   3.0038724e+01   3.0038576e+01   3.0038437e+01   3.0038306e+01   3.0038181e+01   3.0038063e+01   3.0037951e+01   3.0037844e+01   3.0037741e+01   3.0037642e+01   3.0037546e+01   3.0037453e+01   3.0037362e+01   3.0037273e+01   3.0037185e+01   3.0037098e+01   3.0037012e+01   3.0036926e+01   3.0036840e+01   3.0036754e+01   3.0036667e+01   3.0036580e+01   3.0036492e+01   3.0036404e+01   3.0036315e+01   3.0036225e+01   3.0036135e+01   3.0036044e+01   3.0035952e+01   3.0035859e+01   3.0035767e+01   3.0035674e+01   3.0035580e+01   3.0035487e+01   3.0035393e+01   3.0035299e+01   3.0035205e+01   3.0035111e+01   3.0035018e+01   3.0034924e+01   3.0034831e+01   3.0034737e+01   3.0034645e+01   3.0034552e+01   3.0034460e+01   3.0034365e+01   3.0034271e+01   3.0034176e+01   3.0034082e+01   3.0033988e+01   3.0033894e+01   3.0033800e+01   3.0033706e+01   3.0033613e+01   3.0033519e+01   3.0033425e+01   3.0033332e+01   3.0033238e+01   3.0033145e+01   3.0033051e+01   3.0032958e+01   3.0032864e+01   3.0032771e+01   3.0032678e+01   3.0032584e+01   3.0032491e+01   3.0032398e+01   3.0032305e+01   3.0032211e+01   3.0032118e+01   3.0032025e+01   3.0031932e+01   3.0031839e+01   3.0031745e+01   3.0031652e+01   3.0031559e+01   3.0031466e+01   3.0031373e+01   3.0031279e+01   3.0031186e+01   3.0031093e+01   3.0030999e+01   3.0030906e+01   3.0030812e+01   3.0030719e+01   3.0030625e+01   3.0030532e+01   3.0030438e+01   3.0030344e+01   3.0030250e+01   3.0030155e+01   3.0030061e+01   3.0029966e+01   3.0029872e+01   3.0029777e+01   3.0029681e+01   3.0029586e+01   3.0029490e+01   3.0029394e+01   3.0029298e+01   3.0029201e+01   3.0029104e+01   3.0029007e+01   3.0028909e+01   3.0028811e+01   3.0028712e+01   3.0028613e+01   3.0028513e+01   3.0028413e+01   3.0028312e+01   3.0028211e+01   3.0028109e+01   3.0028006e+01   3.0027903e+01   3.0027799e+01   3.0027694e+01   3.0027588e+01   3.0027481e+01   3.0027374e+01   3.0027266e+01   3.0027157e+01   3.0027046e+01   3.0026935e+01   3.0026822e+01   3.0026709e+01   3.0026593e+01   3.0026477e+01   3.0026359e+01   3.0026241e+01   3.0026119e+01   3.0025998e+01   3.0025874e+01   3.0025749e+01   3.0025621e+01   3.0025493e+01   3.0025362e+01   3.0025230e+01   3.0025095e+01   3.0024959e+01   3.0024819e+01   3.0024679e+01   3.0024535e+01   3.0024391e+01   3.0024241e+01   3.0024092e+01   3.0023938e+01   3.0023783e+01   3.0023624e+01   3.0023464e+01   3.0023298e+01   3.0023132e+01   3.0022960e+01   3.0022788e+01   3.0022606e+01   3.0022423e+01   3.0022227e+01   3.0022032e+01   3.0021819e+01   3.0021606e+01   3.0021373e+01   3.0021139e+01   3.0020879e+01   3.0020620e+01   3.0020329e+01   3.0020038e+01   3.0019708e+01   3.0019379e+01   3.0019005e+01   3.0018630e+01   3.0018203e+01   3.0017777e+01   3.0017290e+01   3.0016804e+01   3.0016250e+01   3.0015695e+01   3.0015065e+01   3.0014435e+01   3.0013718e+01   3.0013001e+01   3.0012186e+01   3.0011371e+01   3.0010443e+01   3.0009516e+01   3.0008462e+01   3.0007408e+01   3.0006216e+01   3.0005025e+01   3.0003698e+01   3.0002371e+01   3.0000943e+01   2.9999515e+01   2.9998053e+01   2.9996591e+01
   3.0042614e+01   3.0042217e+01   3.0041834e+01   3.0041467e+01   3.0041118e+01   3.0040788e+01   3.0040478e+01   3.0040188e+01   3.0039918e+01   3.0039665e+01   3.0039429e+01   3.0039210e+01   3.0039005e+01   3.0038813e+01   3.0038634e+01   3.0038466e+01   3.0038308e+01   3.0038160e+01   3.0038020e+01   3.0037888e+01   3.0037763e+01   3.0037645e+01   3.0037532e+01   3.0037424e+01   3.0037321e+01   3.0037221e+01   3.0037124e+01   3.0037030e+01   3.0036939e+01   3.0036849e+01   3.0036760e+01   3.0036673e+01   3.0036586e+01   3.0036500e+01   3.0036414e+01   3.0036328e+01   3.0036242e+01   3.0036155e+01   3.0036068e+01   3.0035980e+01   3.0035892e+01   3.0035803e+01   3.0035713e+01   3.0035623e+01   3.0035532e+01   3.0035440e+01   3.0035348e+01   3.0035255e+01   3.0035162e+01   3.0035069e+01   3.0034975e+01   3.0034882e+01   3.0034788e+01   3.0034694e+01   3.0034600e+01   3.0034506e+01   3.0034412e+01   3.0034318e+01   3.0034224e+01   3.0034130e+01   3.0034037e+01   3.0033942e+01   3.0033848e+01   3.0033754e+01   3.0033659e+01   3.0033565e+01   3.0033471e+01   3.0033377e+01   3.0033283e+01   3.0033190e+01   3.0033096e+01   3.0033002e+01   3.0032908e+01   3.0032815e+01   3.0032721e+01   3.0032628e+01   3.0032534e+01   3.0032441e+01   3.0032347e+01   3.0032254e+01   3.0032161e+01   3.0032067e+01   3.0031974e+01   3.0031881e+01   3.0031788e+01   3.0031694e+01   3.0031601e+01   3.0031508e+01   3.0031415e+01   3.0031322e+01   3.0031228e+01   3.0031135e+01   3.0031042e+01   3.0030949e+01   3.0030855e+01   3.0030762e+01   3.0030669e+01   3.0030575e+01   3.0030482e+01   3.0030389e+01   3.0030295e+01   3.0030201e+01   3.0030108e+01   3.0030014e+01   3.0029920e+01   3.0029826e+01   3.0029732e+01   3.0029637e+01   3.0029543e+01   3.0029448e+01   3.0029353e+01   3.0029258e+01   3.0029162e+01   3.0029066e+01   3.0028970e+01   3.0028874e+01   3.0028777e+01   3.0028680e+01   3.0028583e+01   3.0028485e+01   3.0028387e+01   3.0028288e+01   3.0028189e+01   3.0028089e+01   3.0027989e+01   3.0027888e+01   3.0027787e+01   3.0027685e+01   3.0027583e+01   3.0027479e+01   3.0027375e+01   3.0027270e+01   3.0027165e+01   3.0027058e+01   3.0026951e+01   3.0026842e+01   3.0026734e+01   3.0026623e+01   3.0026512e+01   3.0026399e+01   3.0026286e+01   3.0026170e+01   3.0026055e+01   3.0025936e+01   3.0025818e+01   3.0025697e+01   3.0025576e+01   3.0025452e+01   3.0025327e+01   3.0025200e+01   3.0025072e+01   3.0024940e+01   3.0024809e+01   3.0024674e+01   3.0024538e+01   3.0024399e+01   3.0024259e+01   3.0024115e+01   3.0023971e+01   3.0023822e+01   3.0023673e+01   3.0023518e+01   3.0023364e+01   3.0023204e+01   3.0023045e+01   3.0022879e+01   3.0022714e+01   3.0022542e+01   3.0022370e+01   3.0022188e+01   3.0022006e+01   3.0021810e+01   3.0021614e+01   3.0021401e+01   3.0021189e+01   3.0020955e+01   3.0020722e+01   3.0020463e+01   3.0020203e+01   3.0019912e+01   3.0019622e+01   3.0019293e+01   3.0018964e+01   3.0018590e+01   3.0018216e+01   3.0017789e+01   3.0017363e+01   3.0016877e+01   3.0016392e+01   3.0015838e+01   3.0015285e+01   3.0014656e+01   3.0014026e+01   3.0013310e+01   3.0012595e+01   3.0011781e+01   3.0010966e+01   3.0010040e+01   3.0009114e+01   3.0008061e+01   3.0007008e+01   3.0005816e+01   3.0004625e+01   3.0003297e+01   3.0001970e+01   3.0000539e+01   2.9999109e+01   2.9997640e+01   2.9996172e+01
   3.0042211e+01   3.0041812e+01   3.0041427e+01   3.0041057e+01   3.0040707e+01   3.0040376e+01   3.0040064e+01   3.0039773e+01   3.0039502e+01   3.0039248e+01   3.0039012e+01   3.0038791e+01   3.0038585e+01   3.0038393e+01   3.0038213e+01   3.0038044e+01   3.0037886e+01   3.0037736e+01   3.0037596e+01   3.0037463e+01   3.0037337e+01   3.0037218e+01   3.0037104e+01   3.0036995e+01   3.0036891e+01   3.0036790e+01   3.0036693e+01   3.0036598e+01   3.0036506e+01   3.0036415e+01   3.0036326e+01   3.0036238e+01   3.0036150e+01   3.0036064e+01   3.0035977e+01   3.0035891e+01   3.0035805e+01   3.0035718e+01   3.0035631e+01   3.0035544e+01   3.0035456e+01   3.0035368e+01   3.0035279e+01   3.0035190e+01   3.0035100e+01   3.0035009e+01   3.0034918e+01   3.0034826e+01   3.0034734e+01   3.0034641e+01   3.0034548e+01   3.0034455e+01   3.0034361e+01   3.0034268e+01   3.0034174e+01   3.0034081e+01   3.0033987e+01   3.0033893e+01   3.0033800e+01   3.0033707e+01   3.0033614e+01   3.0033520e+01   3.0033425e+01   3.0033331e+01   3.0033237e+01   3.0033143e+01   3.0033048e+01   3.0032954e+01   3.0032860e+01   3.0032767e+01   3.0032673e+01   3.0032579e+01   3.0032485e+01   3.0032392e+01   3.0032298e+01   3.0032204e+01   3.0032111e+01   3.0032017e+01   3.0031924e+01   3.0031830e+01   3.0031737e+01   3.0031644e+01   3.0031550e+01   3.0031457e+01   3.0031364e+01   3.0031271e+01   3.0031177e+01   3.0031084e+01   3.0030991e+01   3.0030898e+01   3.0030804e+01   3.0030711e+01   3.0030618e+01   3.0030525e+01   3.0030431e+01   3.0030338e+01   3.0030245e+01   3.0030151e+01   3.0030058e+01   3.0029965e+01   3.0029871e+01   3.0029777e+01   3.0029684e+01   3.0029590e+01   3.0029496e+01   3.0029402e+01   3.0029308e+01   3.0029213e+01   3.0029119e+01   3.0029024e+01   3.0028929e+01   3.0028834e+01   3.0028738e+01   3.0028642e+01   3.0028547e+01   3.0028450e+01   3.0028354e+01   3.0028256e+01   3.0028159e+01   3.0028061e+01   3.0027963e+01   3.0027864e+01   3.0027765e+01   3.0027665e+01   3.0027565e+01   3.0027464e+01   3.0027363e+01   3.0027261e+01   3.0027159e+01   3.0027055e+01   3.0026951e+01   3.0026846e+01   3.0026741e+01   3.0026634e+01   3.0026527e+01   3.0026419e+01   3.0026310e+01   3.0026199e+01   3.0026089e+01   3.0025976e+01   3.0025863e+01   3.0025747e+01   3.0025632e+01   3.0025514e+01   3.0025396e+01   3.0025275e+01   3.0025154e+01   3.0025030e+01   3.0024906e+01   3.0024778e+01   3.0024650e+01   3.0024519e+01   3.0024388e+01   3.0024253e+01   3.0024117e+01   3.0023978e+01   3.0023839e+01   3.0023694e+01   3.0023550e+01   3.0023402e+01   3.0023253e+01   3.0023099e+01   3.0022945e+01   3.0022785e+01   3.0022626e+01   3.0022461e+01   3.0022295e+01   3.0022124e+01   3.0021952e+01   3.0021770e+01   3.0021588e+01   3.0021392e+01   3.0021197e+01   3.0020984e+01   3.0020772e+01   3.0020538e+01   3.0020305e+01   3.0020046e+01   3.0019787e+01   3.0019496e+01   3.0019205e+01   3.0018877e+01   3.0018548e+01   3.0018175e+01   3.0017801e+01   3.0017376e+01   3.0016950e+01   3.0016465e+01   3.0015980e+01   3.0015427e+01   3.0014875e+01   3.0014246e+01   3.0013618e+01   3.0012903e+01   3.0012188e+01   3.0011375e+01   3.0010562e+01   3.0009637e+01   3.0008712e+01   3.0007660e+01   3.0006607e+01   3.0005416e+01   3.0004225e+01   3.0002897e+01   3.0001569e+01   3.0000135e+01   2.9998702e+01   2.9997227e+01   2.9995753e+01
   3.0041808e+01   3.0041407e+01   3.0041019e+01   3.0040648e+01   3.0040295e+01   3.0039962e+01   3.0039650e+01   3.0039357e+01   3.0039084e+01   3.0038829e+01   3.0038591e+01   3.0038370e+01   3.0038163e+01   3.0037969e+01   3.0037788e+01   3.0037618e+01   3.0037459e+01   3.0037309e+01   3.0037167e+01   3.0037033e+01   3.0036906e+01   3.0036786e+01   3.0036671e+01   3.0036562e+01   3.0036457e+01   3.0036355e+01   3.0036257e+01   3.0036161e+01   3.0036068e+01   3.0035977e+01   3.0035887e+01   3.0035798e+01   3.0035710e+01   3.0035623e+01   3.0035536e+01   3.0035449e+01   3.0035363e+01   3.0035276e+01   3.0035189e+01   3.0035101e+01   3.0035014e+01   3.0034926e+01   3.0034837e+01   3.0034748e+01   3.0034658e+01   3.0034568e+01   3.0034477e+01   3.0034386e+01   3.0034295e+01   3.0034203e+01   3.0034111e+01   3.0034018e+01   3.0033925e+01   3.0033832e+01   3.0033739e+01   3.0033646e+01   3.0033552e+01   3.0033459e+01   3.0033365e+01   3.0033272e+01   3.0033178e+01   3.0033084e+01   3.0032990e+01   3.0032896e+01   3.0032801e+01   3.0032707e+01   3.0032613e+01   3.0032519e+01   3.0032426e+01   3.0032332e+01   3.0032238e+01   3.0032144e+01   3.0032050e+01   3.0031957e+01   3.0031863e+01   3.0031770e+01   3.0031676e+01   3.0031583e+01   3.0031489e+01   3.0031396e+01   3.0031302e+01   3.0031209e+01   3.0031115e+01   3.0031022e+01   3.0030929e+01   3.0030836e+01   3.0030742e+01   3.0030649e+01   3.0030556e+01   3.0030462e+01   3.0030369e+01   3.0030276e+01   3.0030183e+01   3.0030089e+01   3.0029996e+01   3.0029903e+01   3.0029809e+01   3.0029716e+01   3.0029623e+01   3.0029529e+01   3.0029436e+01   3.0029342e+01   3.0029248e+01   3.0029154e+01   3.0029060e+01   3.0028966e+01   3.0028872e+01   3.0028778e+01   3.0028683e+01   3.0028588e+01   3.0028493e+01   3.0028398e+01   3.0028303e+01   3.0028207e+01   3.0028111e+01   3.0028014e+01   3.0027918e+01   3.0027821e+01   3.0027723e+01   3.0027625e+01   3.0027527e+01   3.0027428e+01   3.0027329e+01   3.0027229e+01   3.0027130e+01   3.0027029e+01   3.0026927e+01   3.0026825e+01   3.0026723e+01   3.0026619e+01   3.0026516e+01   3.0026411e+01   3.0026306e+01   3.0026199e+01   3.0026092e+01   3.0025983e+01   3.0025875e+01   3.0025764e+01   3.0025653e+01   3.0025541e+01   3.0025428e+01   3.0025312e+01   3.0025197e+01   3.0025079e+01   3.0024961e+01   3.0024840e+01   3.0024719e+01   3.0024596e+01   3.0024472e+01   3.0024344e+01   3.0024217e+01   3.0024086e+01   3.0023955e+01   3.0023820e+01   3.0023685e+01   3.0023545e+01   3.0023406e+01   3.0023263e+01   3.0023119e+01   3.0022970e+01   3.0022822e+01   3.0022668e+01   3.0022514e+01   3.0022355e+01   3.0022196e+01   3.0022031e+01   3.0021866e+01   3.0021695e+01   3.0021523e+01   3.0021341e+01   3.0021160e+01   3.0020964e+01   3.0020769e+01   3.0020556e+01   3.0020344e+01   3.0020111e+01   3.0019878e+01   3.0019619e+01   3.0019360e+01   3.0019070e+01   3.0018780e+01   3.0018452e+01   3.0018124e+01   3.0017751e+01   3.0017378e+01   3.0016953e+01   3.0016528e+01   3.0016044e+01   3.0015560e+01   3.0015008e+01   3.0014457e+01   3.0013830e+01   3.0013202e+01   3.0012489e+01   3.0011775e+01   3.0010963e+01   3.0010152e+01   3.0009228e+01   3.0008304e+01   3.0007253e+01   3.0006202e+01   3.0005012e+01   3.0003821e+01   3.0002493e+01   3.0001164e+01   2.9999728e+01   2.9998292e+01   2.9996813e+01   2.9995335e+01
   3.0041404e+01   3.0041001e+01   3.0040612e+01   3.0040238e+01   3.0039884e+01   3.0039549e+01   3.0039234e+01   3.0038940e+01   3.0038665e+01   3.0038408e+01   3.0038170e+01   3.0037947e+01   3.0037739e+01   3.0037544e+01   3.0037362e+01   3.0037191e+01   3.0037031e+01   3.0036879e+01   3.0036737e+01   3.0036602e+01   3.0036474e+01   3.0036353e+01   3.0036238e+01   3.0036127e+01   3.0036021e+01   3.0035919e+01   3.0035820e+01   3.0035724e+01   3.0035630e+01   3.0035538e+01   3.0035447e+01   3.0035358e+01   3.0035269e+01   3.0035182e+01   3.0035094e+01   3.0035007e+01   3.0034920e+01   3.0034833e+01   3.0034745e+01   3.0034658e+01   3.0034570e+01   3.0034481e+01   3.0034393e+01   3.0034304e+01   3.0034214e+01   3.0034124e+01   3.0034034e+01   3.0033943e+01   3.0033852e+01   3.0033760e+01   3.0033669e+01   3.0033577e+01   3.0033484e+01   3.0033392e+01   3.0033299e+01   3.0033206e+01   3.0033114e+01   3.0033021e+01   3.0032928e+01   3.0032835e+01   3.0032742e+01   3.0032648e+01   3.0032554e+01   3.0032460e+01   3.0032366e+01   3.0032272e+01   3.0032178e+01   3.0032085e+01   3.0031991e+01   3.0031897e+01   3.0031803e+01   3.0031709e+01   3.0031616e+01   3.0031522e+01   3.0031428e+01   3.0031335e+01   3.0031241e+01   3.0031148e+01   3.0031054e+01   3.0030961e+01   3.0030867e+01   3.0030774e+01   3.0030681e+01   3.0030587e+01   3.0030494e+01   3.0030401e+01   3.0030307e+01   3.0030214e+01   3.0030121e+01   3.0030027e+01   3.0029934e+01   3.0029841e+01   3.0029747e+01   3.0029654e+01   3.0029561e+01   3.0029467e+01   3.0029374e+01   3.0029281e+01   3.0029187e+01   3.0029094e+01   3.0029000e+01   3.0028906e+01   3.0028813e+01   3.0028719e+01   3.0028625e+01   3.0028531e+01   3.0028436e+01   3.0028342e+01   3.0028247e+01   3.0028152e+01   3.0028058e+01   3.0027962e+01   3.0027867e+01   3.0027771e+01   3.0027675e+01   3.0027578e+01   3.0027482e+01   3.0027385e+01   3.0027287e+01   3.0027189e+01   3.0027091e+01   3.0026992e+01   3.0026893e+01   3.0026794e+01   3.0026694e+01   3.0026593e+01   3.0026492e+01   3.0026389e+01   3.0026287e+01   3.0026184e+01   3.0026080e+01   3.0025975e+01   3.0025870e+01   3.0025763e+01   3.0025656e+01   3.0025548e+01   3.0025439e+01   3.0025329e+01   3.0025218e+01   3.0025105e+01   3.0024993e+01   3.0024877e+01   3.0024762e+01   3.0024644e+01   3.0024527e+01   3.0024406e+01   3.0024285e+01   3.0024161e+01   3.0024038e+01   3.0023910e+01   3.0023783e+01   3.0023652e+01   3.0023522e+01   3.0023387e+01   3.0023252e+01   3.0023113e+01   3.0022974e+01   3.0022831e+01   3.0022687e+01   3.0022539e+01   3.0022391e+01   3.0022237e+01   3.0022084e+01   3.0021925e+01   3.0021766e+01   3.0021601e+01   3.0021436e+01   3.0021265e+01   3.0021095e+01   3.0020913e+01   3.0020731e+01   3.0020536e+01   3.0020341e+01   3.0020129e+01   3.0019917e+01   3.0019684e+01   3.0019451e+01   3.0019193e+01   3.0018934e+01   3.0018644e+01   3.0018355e+01   3.0018027e+01   3.0017699e+01   3.0017327e+01   3.0016955e+01   3.0016531e+01   3.0016107e+01   3.0015623e+01   3.0015140e+01   3.0014590e+01   3.0014039e+01   3.0013413e+01   3.0012787e+01   3.0012074e+01   3.0011362e+01   3.0010552e+01   3.0009741e+01   3.0008819e+01   3.0007897e+01   3.0006847e+01   3.0005797e+01   3.0004608e+01   3.0003418e+01   3.0002089e+01   3.0000760e+01   2.9999321e+01   2.9997882e+01   2.9996399e+01   2.9994916e+01
   3.0041001e+01   3.0040596e+01   3.0040204e+01   3.0039829e+01   3.0039472e+01   3.0039135e+01   3.0038818e+01   3.0038522e+01   3.0038246e+01   3.0037988e+01   3.0037748e+01   3.0037523e+01   3.0037314e+01   3.0037118e+01   3.0036935e+01   3.0036763e+01   3.0036602e+01   3.0036450e+01   3.0036306e+01   3.0036170e+01   3.0036042e+01   3.0035920e+01   3.0035803e+01   3.0035692e+01   3.0035585e+01   3.0035482e+01   3.0035382e+01   3.0035285e+01   3.0035191e+01   3.0035098e+01   3.0035007e+01   3.0034917e+01   3.0034828e+01   3.0034740e+01   3.0034652e+01   3.0034564e+01   3.0034477e+01   3.0034389e+01   3.0034301e+01   3.0034213e+01   3.0034125e+01   3.0034036e+01   3.0033947e+01   3.0033858e+01   3.0033768e+01   3.0033678e+01   3.0033588e+01   3.0033497e+01   3.0033406e+01   3.0033314e+01   3.0033223e+01   3.0033131e+01   3.0033039e+01   3.0032947e+01   3.0032854e+01   3.0032762e+01   3.0032669e+01   3.0032576e+01   3.0032484e+01   3.0032391e+01   3.0032298e+01   3.0032204e+01   3.0032110e+01   3.0032016e+01   3.0031923e+01   3.0031829e+01   3.0031735e+01   3.0031641e+01   3.0031548e+01   3.0031454e+01   3.0031360e+01   3.0031267e+01   3.0031173e+01   3.0031080e+01   3.0030986e+01   3.0030893e+01   3.0030799e+01   3.0030705e+01   3.0030612e+01   3.0030519e+01   3.0030425e+01   3.0030332e+01   3.0030238e+01   3.0030145e+01   3.0030052e+01   3.0029958e+01   3.0029865e+01   3.0029772e+01   3.0029678e+01   3.0029585e+01   3.0029492e+01   3.0029398e+01   3.0029305e+01   3.0029212e+01   3.0029118e+01   3.0029025e+01   3.0028932e+01   3.0028838e+01   3.0028745e+01   3.0028651e+01   3.0028558e+01   3.0028464e+01   3.0028370e+01   3.0028276e+01   3.0028182e+01   3.0028088e+01   3.0027994e+01   3.0027899e+01   3.0027805e+01   3.0027710e+01   3.0027615e+01   3.0027519e+01   3.0027424e+01   3.0027328e+01   3.0027232e+01   3.0027136e+01   3.0027039e+01   3.0026942e+01   3.0026844e+01   3.0026746e+01   3.0026648e+01   3.0026549e+01   3.0026450e+01   3.0026351e+01   3.0026251e+01   3.0026150e+01   3.0026049e+01   3.0025946e+01   3.0025844e+01   3.0025741e+01   3.0025637e+01   3.0025532e+01   3.0025427e+01   3.0025320e+01   3.0025213e+01   3.0025105e+01   3.0024996e+01   3.0024886e+01   3.0024775e+01   3.0024662e+01   3.0024550e+01   3.0024435e+01   3.0024319e+01   3.0024202e+01   3.0024084e+01   3.0023963e+01   3.0023843e+01   3.0023719e+01   3.0023596e+01   3.0023468e+01   3.0023341e+01   3.0023211e+01   3.0023080e+01   3.0022945e+01   3.0022811e+01   3.0022672e+01   3.0022533e+01   3.0022390e+01   3.0022247e+01   3.0022099e+01   3.0021951e+01   3.0021797e+01   3.0021644e+01   3.0021486e+01   3.0021327e+01   3.0021163e+01   3.0020998e+01   3.0020828e+01   3.0020657e+01   3.0020476e+01   3.0020294e+01   3.0020099e+01   3.0019904e+01   3.0019693e+01   3.0019481e+01   3.0019249e+01   3.0019016e+01   3.0018758e+01   3.0018500e+01   3.0018211e+01   3.0017921e+01   3.0017594e+01   3.0017267e+01   3.0016896e+01   3.0016524e+01   3.0016101e+01   3.0015678e+01   3.0015195e+01   3.0014713e+01   3.0014164e+01   3.0013614e+01   3.0012989e+01   3.0012364e+01   3.0011653e+01   3.0010942e+01   3.0010134e+01   3.0009325e+01   3.0008404e+01   3.0007483e+01   3.0006435e+01   3.0005387e+01   3.0004199e+01   3.0003011e+01   3.0001682e+01   3.0000353e+01   2.9998912e+01   2.9997471e+01   2.9995984e+01   2.9994497e+01
   3.0040598e+01   3.0040191e+01   3.0039797e+01   3.0039419e+01   3.0039060e+01   3.0038721e+01   3.0038403e+01   3.0038105e+01   3.0037827e+01   3.0037567e+01   3.0037326e+01   3.0037100e+01   3.0036890e+01   3.0036693e+01   3.0036508e+01   3.0036335e+01   3.0036173e+01   3.0036020e+01   3.0035875e+01   3.0035738e+01   3.0035609e+01   3.0035486e+01   3.0035369e+01   3.0035256e+01   3.0035149e+01   3.0035045e+01   3.0034944e+01   3.0034847e+01   3.0034752e+01   3.0034658e+01   3.0034567e+01   3.0034476e+01   3.0034387e+01   3.0034298e+01   3.0034209e+01   3.0034121e+01   3.0034033e+01   3.0033945e+01   3.0033857e+01   3.0033769e+01   3.0033680e+01   3.0033591e+01   3.0033502e+01   3.0033412e+01   3.0033322e+01   3.0033232e+01   3.0033141e+01   3.0033050e+01   3.0032959e+01   3.0032868e+01   3.0032776e+01   3.0032684e+01   3.0032592e+01   3.0032500e+01   3.0032408e+01   3.0032315e+01   3.0032223e+01   3.0032131e+01   3.0032038e+01   3.0031945e+01   3.0031853e+01   3.0031760e+01   3.0031666e+01   3.0031572e+01   3.0031479e+01   3.0031385e+01   3.0031292e+01   3.0031198e+01   3.0031105e+01   3.0031011e+01   3.0030918e+01   3.0030824e+01   3.0030731e+01   3.0030637e+01   3.0030544e+01   3.0030450e+01   3.0030357e+01   3.0030263e+01   3.0030170e+01   3.0030076e+01   3.0029983e+01   3.0029889e+01   3.0029796e+01   3.0029703e+01   3.0029609e+01   3.0029516e+01   3.0029423e+01   3.0029329e+01   3.0029236e+01   3.0029143e+01   3.0029049e+01   3.0028956e+01   3.0028863e+01   3.0028769e+01   3.0028676e+01   3.0028583e+01   3.0028489e+01   3.0028396e+01   3.0028302e+01   3.0028209e+01   3.0028115e+01   3.0028021e+01   3.0027927e+01   3.0027833e+01   3.0027739e+01   3.0027645e+01   3.0027551e+01   3.0027456e+01   3.0027362e+01   3.0027267e+01   3.0027172e+01   3.0027077e+01   3.0026981e+01   3.0026885e+01   3.0026789e+01   3.0026693e+01   3.0026596e+01   3.0026499e+01   3.0026402e+01   3.0026303e+01   3.0026205e+01   3.0026106e+01   3.0026007e+01   3.0025908e+01   3.0025808e+01   3.0025707e+01   3.0025606e+01   3.0025503e+01   3.0025401e+01   3.0025297e+01   3.0025194e+01   3.0025089e+01   3.0024984e+01   3.0024877e+01   3.0024770e+01   3.0024662e+01   3.0024553e+01   3.0024443e+01   3.0024332e+01   3.0024220e+01   3.0024107e+01   3.0023992e+01   3.0023877e+01   3.0023759e+01   3.0023642e+01   3.0023521e+01   3.0023401e+01   3.0023277e+01   3.0023153e+01   3.0023026e+01   3.0022899e+01   3.0022769e+01   3.0022639e+01   3.0022504e+01   3.0022370e+01   3.0022231e+01   3.0022093e+01   3.0021950e+01   3.0021806e+01   3.0021659e+01   3.0021511e+01   3.0021358e+01   3.0021205e+01   3.0021047e+01   3.0020888e+01   3.0020724e+01   3.0020560e+01   3.0020390e+01   3.0020220e+01   3.0020038e+01   3.0019857e+01   3.0019663e+01   3.0019468e+01   3.0019257e+01   3.0019045e+01   3.0018813e+01   3.0018581e+01   3.0018323e+01   3.0018066e+01   3.0017777e+01   3.0017488e+01   3.0017162e+01   3.0016835e+01   3.0016464e+01   3.0016093e+01   3.0015671e+01   3.0015248e+01   3.0014767e+01   3.0014286e+01   3.0013738e+01   3.0013189e+01   3.0012566e+01   3.0011942e+01   3.0011232e+01   3.0010523e+01   3.0009716e+01   3.0008908e+01   3.0007989e+01   3.0007070e+01   3.0006024e+01   3.0004977e+01   3.0003791e+01   3.0002604e+01   3.0001275e+01   2.9999946e+01   2.9998503e+01   2.9997059e+01   2.9995569e+01   2.9994078e+01
   3.0040194e+01   3.0039785e+01   3.0039389e+01   3.0039009e+01   3.0038648e+01   3.0038307e+01   3.0037987e+01   3.0037688e+01   3.0037408e+01   3.0037147e+01   3.0036904e+01   3.0036677e+01   3.0036465e+01   3.0036267e+01   3.0036082e+01   3.0035907e+01   3.0035744e+01   3.0035589e+01   3.0035444e+01   3.0035306e+01   3.0035176e+01   3.0035052e+01   3.0034934e+01   3.0034821e+01   3.0034712e+01   3.0034608e+01   3.0034507e+01   3.0034408e+01   3.0034312e+01   3.0034218e+01   3.0034126e+01   3.0034035e+01   3.0033945e+01   3.0033855e+01   3.0033767e+01   3.0033678e+01   3.0033590e+01   3.0033501e+01   3.0033413e+01   3.0033324e+01   3.0033235e+01   3.0033146e+01   3.0033056e+01   3.0032966e+01   3.0032876e+01   3.0032785e+01   3.0032695e+01   3.0032603e+01   3.0032512e+01   3.0032421e+01   3.0032329e+01   3.0032237e+01   3.0032145e+01   3.0032053e+01   3.0031960e+01   3.0031868e+01   3.0031775e+01   3.0031683e+01   3.0031590e+01   3.0031498e+01   3.0031405e+01   3.0031312e+01   3.0031219e+01   3.0031125e+01   3.0031032e+01   3.0030938e+01   3.0030845e+01   3.0030751e+01   3.0030658e+01   3.0030564e+01   3.0030471e+01   3.0030377e+01   3.0030284e+01   3.0030191e+01   3.0030097e+01   3.0030004e+01   3.0029910e+01   3.0029817e+01   3.0029723e+01   3.0029630e+01   3.0029537e+01   3.0029443e+01   3.0029350e+01   3.0029257e+01   3.0029163e+01   3.0029070e+01   3.0028977e+01   3.0028883e+01   3.0028790e+01   3.0028697e+01   3.0028603e+01   3.0028510e+01   3.0028417e+01   3.0028323e+01   3.0028230e+01   3.0028137e+01   3.0028043e+01   3.0027950e+01   3.0027856e+01   3.0027762e+01   3.0027669e+01   3.0027575e+01   3.0027481e+01   3.0027387e+01   3.0027293e+01   3.0027199e+01   3.0027105e+01   3.0027010e+01   3.0026915e+01   3.0026820e+01   3.0026725e+01   3.0026630e+01   3.0026535e+01   3.0026439e+01   3.0026343e+01   3.0026246e+01   3.0026150e+01   3.0026052e+01   3.0025955e+01   3.0025857e+01   3.0025759e+01   3.0025660e+01   3.0025561e+01   3.0025461e+01   3.0025361e+01   3.0025260e+01   3.0025159e+01   3.0025056e+01   3.0024954e+01   3.0024851e+01   3.0024747e+01   3.0024642e+01   3.0024537e+01   3.0024430e+01   3.0024323e+01   3.0024215e+01   3.0024106e+01   3.0023996e+01   3.0023885e+01   3.0023773e+01   3.0023660e+01   3.0023545e+01   3.0023430e+01   3.0023312e+01   3.0023195e+01   3.0023074e+01   3.0022954e+01   3.0022830e+01   3.0022707e+01   3.0022580e+01   3.0022453e+01   3.0022323e+01   3.0022192e+01   3.0022058e+01   3.0021924e+01   3.0021785e+01   3.0021647e+01   3.0021504e+01   3.0021361e+01   3.0021213e+01   3.0021066e+01   3.0020913e+01   3.0020760e+01   3.0020602e+01   3.0020444e+01   3.0020280e+01   3.0020116e+01   3.0019946e+01   3.0019776e+01   3.0019595e+01   3.0019414e+01   3.0019220e+01   3.0019026e+01   3.0018815e+01   3.0018604e+01   3.0018372e+01   3.0018140e+01   3.0017883e+01   3.0017625e+01   3.0017337e+01   3.0017049e+01   3.0016723e+01   3.0016397e+01   3.0016027e+01   3.0015656e+01   3.0015235e+01   3.0014813e+01   3.0014333e+01   3.0013852e+01   3.0013305e+01   3.0012758e+01   3.0012136e+01   3.0011514e+01   3.0010806e+01   3.0010098e+01   3.0009292e+01   3.0008486e+01   3.0007569e+01   3.0006652e+01   3.0005607e+01   3.0004563e+01   3.0003378e+01   3.0002192e+01   3.0000864e+01   2.9999536e+01   2.9998091e+01   2.9996646e+01   2.9995153e+01   2.9993659e+01
   3.0039791e+01   3.0039380e+01   3.0038981e+01   3.0038600e+01   3.0038237e+01   3.0037894e+01   3.0037572e+01   3.0037271e+01   3.0036989e+01   3.0036727e+01   3.0036482e+01   3.0036254e+01   3.0036041e+01   3.0035842e+01   3.0035655e+01   3.0035479e+01   3.0035315e+01   3.0035159e+01   3.0035013e+01   3.0034874e+01   3.0034743e+01   3.0034618e+01   3.0034499e+01   3.0034385e+01   3.0034276e+01   3.0034171e+01   3.0034069e+01   3.0033970e+01   3.0033873e+01   3.0033778e+01   3.0033685e+01   3.0033594e+01   3.0033503e+01   3.0033413e+01   3.0033324e+01   3.0033235e+01   3.0033146e+01   3.0033057e+01   3.0032968e+01   3.0032879e+01   3.0032790e+01   3.0032700e+01   3.0032611e+01   3.0032520e+01   3.0032430e+01   3.0032339e+01   3.0032248e+01   3.0032157e+01   3.0032065e+01   3.0031973e+01   3.0031882e+01   3.0031790e+01   3.0031697e+01   3.0031605e+01   3.0031513e+01   3.0031420e+01   3.0031328e+01   3.0031236e+01   3.0031143e+01   3.0031051e+01   3.0030958e+01   3.0030864e+01   3.0030771e+01   3.0030678e+01   3.0030584e+01   3.0030491e+01   3.0030398e+01   3.0030304e+01   3.0030211e+01   3.0030118e+01   3.0030024e+01   3.0029931e+01   3.0029837e+01   3.0029744e+01   3.0029651e+01   3.0029557e+01   3.0029464e+01   3.0029371e+01   3.0029277e+01   3.0029184e+01   3.0029090e+01   3.0028997e+01   3.0028904e+01   3.0028810e+01   3.0028717e+01   3.0028624e+01   3.0028530e+01   3.0028437e+01   3.0028344e+01   3.0028251e+01   3.0028157e+01   3.0028064e+01   3.0027971e+01   3.0027877e+01   3.0027784e+01   3.0027690e+01   3.0027597e+01   3.0027503e+01   3.0027410e+01   3.0027316e+01   3.0027223e+01   3.0027129e+01   3.0027035e+01   3.0026941e+01   3.0026847e+01   3.0026753e+01   3.0026658e+01   3.0026564e+01   3.0026469e+01   3.0026374e+01   3.0026279e+01   3.0026184e+01   3.0026088e+01   3.0025992e+01   3.0025896e+01   3.0025799e+01   3.0025703e+01   3.0025606e+01   3.0025508e+01   3.0025410e+01   3.0025312e+01   3.0025213e+01   3.0025114e+01   3.0025014e+01   3.0024914e+01   3.0024813e+01   3.0024712e+01   3.0024610e+01   3.0024507e+01   3.0024404e+01   3.0024300e+01   3.0024195e+01   3.0024090e+01   3.0023983e+01   3.0023877e+01   3.0023768e+01   3.0023660e+01   3.0023549e+01   3.0023439e+01   3.0023326e+01   3.0023213e+01   3.0023098e+01   3.0022983e+01   3.0022866e+01   3.0022748e+01   3.0022628e+01   3.0022507e+01   3.0022384e+01   3.0022260e+01   3.0022134e+01   3.0022007e+01   3.0021876e+01   3.0021746e+01   3.0021612e+01   3.0021478e+01   3.0021339e+01   3.0021201e+01   3.0021058e+01   3.0020915e+01   3.0020768e+01   3.0020621e+01   3.0020468e+01   3.0020315e+01   3.0020158e+01   3.0020000e+01   3.0019836e+01   3.0019672e+01   3.0019503e+01   3.0019333e+01   3.0019152e+01   3.0018972e+01   3.0018778e+01   3.0018583e+01   3.0018373e+01   3.0018162e+01   3.0017930e+01   3.0017699e+01   3.0017442e+01   3.0017185e+01   3.0016897e+01   3.0016609e+01   3.0016284e+01   3.0015959e+01   3.0015589e+01   3.0015220e+01   3.0014799e+01   3.0014378e+01   3.0013899e+01   3.0013419e+01   3.0012873e+01   3.0012327e+01   3.0011706e+01   3.0011085e+01   3.0010379e+01   3.0009672e+01   3.0008868e+01   3.0008064e+01   3.0007149e+01   3.0006234e+01   3.0005191e+01   3.0004149e+01   3.0002965e+01   3.0001781e+01   3.0000454e+01   2.9999126e+01   2.9997680e+01   2.9996234e+01   2.9994737e+01   2.9993241e+01
   3.0039388e+01   3.0038974e+01   3.0038574e+01   3.0038190e+01   3.0037825e+01   3.0037481e+01   3.0037157e+01   3.0036854e+01   3.0036571e+01   3.0036307e+01   3.0036061e+01   3.0035831e+01   3.0035617e+01   3.0035416e+01   3.0035228e+01   3.0035052e+01   3.0034886e+01   3.0034729e+01   3.0034582e+01   3.0034442e+01   3.0034310e+01   3.0034185e+01   3.0034065e+01   3.0033950e+01   3.0033840e+01   3.0033734e+01   3.0033631e+01   3.0033531e+01   3.0033434e+01   3.0033339e+01   3.0033245e+01   3.0033153e+01   3.0033062e+01   3.0032971e+01   3.0032881e+01   3.0032792e+01   3.0032703e+01   3.0032614e+01   3.0032524e+01   3.0032435e+01   3.0032345e+01   3.0032255e+01   3.0032165e+01   3.0032074e+01   3.0031984e+01   3.0031893e+01   3.0031801e+01   3.0031710e+01   3.0031618e+01   3.0031526e+01   3.0031434e+01   3.0031342e+01   3.0031250e+01   3.0031157e+01   3.0031065e+01   3.0030972e+01   3.0030880e+01   3.0030787e+01   3.0030695e+01   3.0030602e+01   3.0030510e+01   3.0030416e+01   3.0030323e+01   3.0030230e+01   3.0030136e+01   3.0030043e+01   3.0029950e+01   3.0029856e+01   3.0029763e+01   3.0029669e+01   3.0029576e+01   3.0029483e+01   3.0029389e+01   3.0029296e+01   3.0029203e+01   3.0029109e+01   3.0029016e+01   3.0028923e+01   3.0028829e+01   3.0028736e+01   3.0028643e+01   3.0028549e+01   3.0028456e+01   3.0028363e+01   3.0028269e+01   3.0028176e+01   3.0028083e+01   3.0027989e+01   3.0027896e+01   3.0027803e+01   3.0027709e+01   3.0027616e+01   3.0027523e+01   3.0027429e+01   3.0027336e+01   3.0027242e+01   3.0027149e+01   3.0027055e+01   3.0026962e+01   3.0026868e+01   3.0026775e+01   3.0026681e+01   3.0026587e+01   3.0026493e+01   3.0026399e+01   3.0026304e+01   3.0026210e+01   3.0026115e+01   3.0026021e+01   3.0025926e+01   3.0025831e+01   3.0025735e+01   3.0025640e+01   3.0025544e+01   3.0025448e+01   3.0025351e+01   3.0025254e+01   3.0025157e+01   3.0025060e+01   3.0024962e+01   3.0024864e+01   3.0024765e+01   3.0024666e+01   3.0024566e+01   3.0024466e+01   3.0024365e+01   3.0024263e+01   3.0024161e+01   3.0024059e+01   3.0023955e+01   3.0023852e+01   3.0023746e+01   3.0023641e+01   3.0023535e+01   3.0023428e+01   3.0023319e+01   3.0023211e+01   3.0023100e+01   3.0022990e+01   3.0022877e+01   3.0022765e+01   3.0022650e+01   3.0022535e+01   3.0022417e+01   3.0022299e+01   3.0022179e+01   3.0022059e+01   3.0021935e+01   3.0021812e+01   3.0021685e+01   3.0021558e+01   3.0021428e+01   3.0021298e+01   3.0021163e+01   3.0021029e+01   3.0020891e+01   3.0020753e+01   3.0020610e+01   3.0020467e+01   3.0020320e+01   3.0020173e+01   3.0020020e+01   3.0019868e+01   3.0019710e+01   3.0019552e+01   3.0019389e+01   3.0019225e+01   3.0019056e+01   3.0018886e+01   3.0018706e+01   3.0018525e+01   3.0018331e+01   3.0018137e+01   3.0017927e+01   3.0017716e+01   3.0017485e+01   3.0017254e+01   3.0016997e+01   3.0016741e+01   3.0016453e+01   3.0016166e+01   3.0015841e+01   3.0015516e+01   3.0015147e+01   3.0014778e+01   3.0014358e+01   3.0013938e+01   3.0013460e+01   3.0012981e+01   3.0012436e+01   3.0011891e+01   3.0011272e+01   3.0010652e+01   3.0009947e+01   3.0009242e+01   3.0008440e+01   3.0007638e+01   3.0006724e+01   3.0005811e+01   3.0004770e+01   3.0003730e+01   3.0002548e+01   3.0001367e+01   3.0000040e+01   2.9998714e+01   2.9997267e+01   2.9995819e+01   2.9994321e+01   2.9992822e+01
   3.0038985e+01   3.0038569e+01   3.0038167e+01   3.0037781e+01   3.0037414e+01   3.0037067e+01   3.0036742e+01   3.0036437e+01   3.0036152e+01   3.0035887e+01   3.0035639e+01   3.0035408e+01   3.0035192e+01   3.0034990e+01   3.0034801e+01   3.0034624e+01   3.0034457e+01   3.0034299e+01   3.0034151e+01   3.0034010e+01   3.0033877e+01   3.0033751e+01   3.0033630e+01   3.0033514e+01   3.0033404e+01   3.0033297e+01   3.0033193e+01   3.0033093e+01   3.0032995e+01   3.0032899e+01   3.0032804e+01   3.0032712e+01   3.0032620e+01   3.0032529e+01   3.0032439e+01   3.0032349e+01   3.0032259e+01   3.0032170e+01   3.0032080e+01   3.0031990e+01   3.0031900e+01   3.0031810e+01   3.0031719e+01   3.0031629e+01   3.0031538e+01   3.0031446e+01   3.0031355e+01   3.0031263e+01   3.0031171e+01   3.0031079e+01   3.0030987e+01   3.0030895e+01   3.0030802e+01   3.0030710e+01   3.0030617e+01   3.0030525e+01   3.0030432e+01   3.0030339e+01   3.0030246e+01   3.0030154e+01   3.0030061e+01   3.0029968e+01   3.0029875e+01   3.0029781e+01   3.0029688e+01   3.0029595e+01   3.0029501e+01   3.0029408e+01   3.0029315e+01   3.0029221e+01   3.0029128e+01   3.0029035e+01   3.0028941e+01   3.0028848e+01   3.0028755e+01   3.0028661e+01   3.0028568e+01   3.0028475e+01   3.0028381e+01   3.0028288e+01   3.0028195e+01   3.0028101e+01   3.0028008e+01   3.0027915e+01   3.0027821e+01   3.0027728e+01   3.0027635e+01   3.0027541e+01   3.0027448e+01   3.0027355e+01   3.0027261e+01   3.0027168e+01   3.0027075e+01   3.0026981e+01   3.0026888e+01   3.0026795e+01   3.0026701e+01   3.0026608e+01   3.0026514e+01   3.0026420e+01   3.0026327e+01   3.0026233e+01   3.0026139e+01   3.0026045e+01   3.0025951e+01   3.0025856e+01   3.0025762e+01   3.0025667e+01   3.0025573e+01   3.0025478e+01   3.0025383e+01   3.0025287e+01   3.0025192e+01   3.0025095e+01   3.0024999e+01   3.0024903e+01   3.0024806e+01   3.0024709e+01   3.0024611e+01   3.0024513e+01   3.0024415e+01   3.0024316e+01   3.0024217e+01   3.0024117e+01   3.0024017e+01   3.0023916e+01   3.0023815e+01   3.0023713e+01   3.0023610e+01   3.0023507e+01   3.0023403e+01   3.0023298e+01   3.0023193e+01   3.0023086e+01   3.0022979e+01   3.0022871e+01   3.0022762e+01   3.0022652e+01   3.0022541e+01   3.0022429e+01   3.0022316e+01   3.0022201e+01   3.0022086e+01   3.0021968e+01   3.0021851e+01   3.0021730e+01   3.0021610e+01   3.0021487e+01   3.0021363e+01   3.0021236e+01   3.0021110e+01   3.0020979e+01   3.0020849e+01   3.0020715e+01   3.0020581e+01   3.0020443e+01   3.0020304e+01   3.0020162e+01   3.0020019e+01   3.0019872e+01   3.0019725e+01   3.0019572e+01   3.0019420e+01   3.0019262e+01   3.0019105e+01   3.0018941e+01   3.0018778e+01   3.0018609e+01   3.0018439e+01   3.0018259e+01   3.0018079e+01   3.0017885e+01   3.0017691e+01   3.0017481e+01   3.0017271e+01   3.0017040e+01   3.0016809e+01   3.0016552e+01   3.0016296e+01   3.0016009e+01   3.0015722e+01   3.0015398e+01   3.0015073e+01   3.0014705e+01   3.0014337e+01   3.0013917e+01   3.0013498e+01   3.0013020e+01   3.0012543e+01   3.0011999e+01   3.0011456e+01   3.0010837e+01   3.0010219e+01   3.0009515e+01   3.0008812e+01   3.0008011e+01   3.0007211e+01   3.0006299e+01   3.0005388e+01   3.0004349e+01   3.0003311e+01   3.0002131e+01   3.0000952e+01   2.9999626e+01   2.9998301e+01   2.9996853e+01   2.9995405e+01   2.9993904e+01   2.9992403e+01
   3.0038581e+01   3.0038164e+01   3.0037759e+01   3.0037371e+01   3.0037002e+01   3.0036654e+01   3.0036327e+01   3.0036020e+01   3.0035734e+01   3.0035467e+01   3.0035218e+01   3.0034985e+01   3.0034768e+01   3.0034565e+01   3.0034375e+01   3.0034196e+01   3.0034028e+01   3.0033869e+01   3.0033720e+01   3.0033578e+01   3.0033444e+01   3.0033317e+01   3.0033195e+01   3.0033079e+01   3.0032967e+01   3.0032859e+01   3.0032755e+01   3.0032654e+01   3.0032555e+01   3.0032459e+01   3.0032364e+01   3.0032270e+01   3.0032178e+01   3.0032087e+01   3.0031996e+01   3.0031906e+01   3.0031815e+01   3.0031725e+01   3.0031636e+01   3.0031545e+01   3.0031455e+01   3.0031365e+01   3.0031274e+01   3.0031183e+01   3.0031092e+01   3.0031000e+01   3.0030909e+01   3.0030817e+01   3.0030725e+01   3.0030632e+01   3.0030540e+01   3.0030448e+01   3.0030355e+01   3.0030262e+01   3.0030170e+01   3.0030077e+01   3.0029984e+01   3.0029891e+01   3.0029799e+01   3.0029706e+01   3.0029613e+01   3.0029520e+01   3.0029427e+01   3.0029333e+01   3.0029240e+01   3.0029146e+01   3.0029053e+01   3.0028960e+01   3.0028866e+01   3.0028773e+01   3.0028680e+01   3.0028586e+01   3.0028493e+01   3.0028400e+01   3.0028306e+01   3.0028213e+01   3.0028120e+01   3.0028026e+01   3.0027933e+01   3.0027840e+01   3.0027746e+01   3.0027653e+01   3.0027560e+01   3.0027466e+01   3.0027373e+01   3.0027280e+01   3.0027186e+01   3.0027093e+01   3.0027000e+01   3.0026906e+01   3.0026813e+01   3.0026720e+01   3.0026626e+01   3.0026533e+01   3.0026439e+01   3.0026346e+01   3.0026252e+01   3.0026159e+01   3.0026065e+01   3.0025972e+01   3.0025878e+01   3.0025784e+01   3.0025690e+01   3.0025596e+01   3.0025502e+01   3.0025408e+01   3.0025313e+01   3.0025218e+01   3.0025124e+01   3.0025029e+01   3.0024934e+01   3.0024838e+01   3.0024742e+01   3.0024646e+01   3.0024550e+01   3.0024454e+01   3.0024357e+01   3.0024260e+01   3.0024162e+01   3.0024064e+01   3.0023966e+01   3.0023867e+01   3.0023768e+01   3.0023668e+01   3.0023568e+01   3.0023467e+01   3.0023366e+01   3.0023263e+01   3.0023161e+01   3.0023057e+01   3.0022954e+01   3.0022848e+01   3.0022743e+01   3.0022637e+01   3.0022530e+01   3.0022421e+01   3.0022313e+01   3.0022202e+01   3.0022092e+01   3.0021979e+01   3.0021866e+01   3.0021751e+01   3.0021636e+01   3.0021519e+01   3.0021401e+01   3.0021281e+01   3.0021160e+01   3.0021037e+01   3.0020914e+01   3.0020787e+01   3.0020660e+01   3.0020530e+01   3.0020400e+01   3.0020265e+01   3.0020131e+01   3.0019993e+01   3.0019855e+01   3.0019712e+01   3.0019570e+01   3.0019423e+01   3.0019275e+01   3.0019123e+01   3.0018971e+01   3.0018813e+01   3.0018656e+01   3.0018492e+01   3.0018329e+01   3.0018160e+01   3.0017991e+01   3.0017811e+01   3.0017630e+01   3.0017437e+01   3.0017243e+01   3.0017033e+01   3.0016823e+01   3.0016592e+01   3.0016361e+01   3.0016105e+01   3.0015849e+01   3.0015563e+01   3.0015276e+01   3.0014952e+01   3.0014628e+01   3.0014260e+01   3.0013892e+01   3.0013474e+01   3.0013055e+01   3.0012578e+01   3.0012101e+01   3.0011559e+01   3.0011016e+01   3.0010399e+01   3.0009781e+01   3.0009079e+01   3.0008377e+01   3.0007579e+01   3.0006780e+01   3.0005870e+01   3.0004961e+01   3.0003925e+01   3.0002888e+01   3.0001711e+01   3.0000533e+01   2.9999210e+01   2.9997886e+01   2.9996438e+01   2.9994990e+01   2.9993487e+01   2.9991984e+01
   3.0038178e+01   3.0037758e+01   3.0037352e+01   3.0036962e+01   3.0036591e+01   3.0036241e+01   3.0035912e+01   3.0035604e+01   3.0035316e+01   3.0035047e+01   3.0034796e+01   3.0034563e+01   3.0034344e+01   3.0034140e+01   3.0033948e+01   3.0033768e+01   3.0033599e+01   3.0033439e+01   3.0033289e+01   3.0033146e+01   3.0033011e+01   3.0032883e+01   3.0032760e+01   3.0032643e+01   3.0032531e+01   3.0032422e+01   3.0032317e+01   3.0032215e+01   3.0032116e+01   3.0032019e+01   3.0031923e+01   3.0031829e+01   3.0031736e+01   3.0031644e+01   3.0031553e+01   3.0031462e+01   3.0031372e+01   3.0031281e+01   3.0031191e+01   3.0031101e+01   3.0031010e+01   3.0030919e+01   3.0030828e+01   3.0030737e+01   3.0030646e+01   3.0030554e+01   3.0030462e+01   3.0030370e+01   3.0030278e+01   3.0030186e+01   3.0030093e+01   3.0030001e+01   3.0029908e+01   3.0029815e+01   3.0029722e+01   3.0029630e+01   3.0029537e+01   3.0029444e+01   3.0029351e+01   3.0029258e+01   3.0029165e+01   3.0029072e+01   3.0028979e+01   3.0028885e+01   3.0028792e+01   3.0028698e+01   3.0028605e+01   3.0028511e+01   3.0028418e+01   3.0028325e+01   3.0028231e+01   3.0028138e+01   3.0028045e+01   3.0027951e+01   3.0027858e+01   3.0027764e+01   3.0027671e+01   3.0027578e+01   3.0027484e+01   3.0027391e+01   3.0027298e+01   3.0027204e+01   3.0027111e+01   3.0027018e+01   3.0026924e+01   3.0026831e+01   3.0026738e+01   3.0026644e+01   3.0026551e+01   3.0026458e+01   3.0026364e+01   3.0026271e+01   3.0026178e+01   3.0026084e+01   3.0025991e+01   3.0025897e+01   3.0025804e+01   3.0025710e+01   3.0025617e+01   3.0025523e+01   3.0025429e+01   3.0025335e+01   3.0025241e+01   3.0025147e+01   3.0025053e+01   3.0024959e+01   3.0024864e+01   3.0024770e+01   3.0024675e+01   3.0024580e+01   3.0024485e+01   3.0024389e+01   3.0024293e+01   3.0024197e+01   3.0024101e+01   3.0024004e+01   3.0023908e+01   3.0023810e+01   3.0023713e+01   3.0023615e+01   3.0023517e+01   3.0023418e+01   3.0023318e+01   3.0023218e+01   3.0023118e+01   3.0023017e+01   3.0022916e+01   3.0022814e+01   3.0022712e+01   3.0022608e+01   3.0022504e+01   3.0022399e+01   3.0022294e+01   3.0022187e+01   3.0022080e+01   3.0021972e+01   3.0021863e+01   3.0021753e+01   3.0021642e+01   3.0021530e+01   3.0021417e+01   3.0021302e+01   3.0021187e+01   3.0021069e+01   3.0020952e+01   3.0020831e+01   3.0020711e+01   3.0020587e+01   3.0020464e+01   3.0020337e+01   3.0020210e+01   3.0020080e+01   3.0019950e+01   3.0019816e+01   3.0019682e+01   3.0019544e+01   3.0019406e+01   3.0019263e+01   3.0019120e+01   3.0018973e+01   3.0018826e+01   3.0018674e+01   3.0018522e+01   3.0018364e+01   3.0018207e+01   3.0018044e+01   3.0017880e+01   3.0017711e+01   3.0017542e+01   3.0017362e+01   3.0017182e+01   3.0016989e+01   3.0016795e+01   3.0016585e+01   3.0016375e+01   3.0016145e+01   3.0015914e+01   3.0015658e+01   3.0015403e+01   3.0015116e+01   3.0014830e+01   3.0014506e+01   3.0014183e+01   3.0013815e+01   3.0013448e+01   3.0013030e+01   3.0012612e+01   3.0012136e+01   3.0011660e+01   3.0011118e+01   3.0010576e+01   3.0009960e+01   3.0009344e+01   3.0008644e+01   3.0007943e+01   3.0007146e+01   3.0006349e+01   3.0005441e+01   3.0004534e+01   3.0003500e+01   3.0002466e+01   3.0001290e+01   3.0000115e+01   2.9998793e+01   2.9997470e+01   2.9996023e+01   2.9994575e+01   2.9993070e+01   2.9991565e+01
   3.0037775e+01   3.0037353e+01   3.0036944e+01   3.0036553e+01   3.0036180e+01   3.0035828e+01   3.0035497e+01   3.0035187e+01   3.0034897e+01   3.0034627e+01   3.0034375e+01   3.0034140e+01   3.0033920e+01   3.0033714e+01   3.0033521e+01   3.0033340e+01   3.0033170e+01   3.0033009e+01   3.0032858e+01   3.0032715e+01   3.0032579e+01   3.0032449e+01   3.0032326e+01   3.0032208e+01   3.0032095e+01   3.0031985e+01   3.0031880e+01   3.0031777e+01   3.0031677e+01   3.0031579e+01   3.0031483e+01   3.0031388e+01   3.0031295e+01   3.0031202e+01   3.0031110e+01   3.0031019e+01   3.0030928e+01   3.0030838e+01   3.0030747e+01   3.0030656e+01   3.0030565e+01   3.0030474e+01   3.0030383e+01   3.0030291e+01   3.0030200e+01   3.0030108e+01   3.0030016e+01   3.0029924e+01   3.0029831e+01   3.0029739e+01   3.0029646e+01   3.0029554e+01   3.0029461e+01   3.0029368e+01   3.0029275e+01   3.0029182e+01   3.0029090e+01   3.0028997e+01   3.0028904e+01   3.0028811e+01   3.0028718e+01   3.0028624e+01   3.0028531e+01   3.0028437e+01   3.0028344e+01   3.0028250e+01   3.0028157e+01   3.0028063e+01   3.0027970e+01   3.0027877e+01   3.0027783e+01   3.0027690e+01   3.0027596e+01   3.0027503e+01   3.0027409e+01   3.0027316e+01   3.0027223e+01   3.0027129e+01   3.0027036e+01   3.0026943e+01   3.0026849e+01   3.0026756e+01   3.0026662e+01   3.0026569e+01   3.0026476e+01   3.0026382e+01   3.0026289e+01   3.0026196e+01   3.0026102e+01   3.0026009e+01   3.0025916e+01   3.0025822e+01   3.0025729e+01   3.0025635e+01   3.0025542e+01   3.0025448e+01   3.0025355e+01   3.0025261e+01   3.0025168e+01   3.0025074e+01   3.0024980e+01   3.0024886e+01   3.0024792e+01   3.0024698e+01   3.0024604e+01   3.0024510e+01   3.0024415e+01   3.0024320e+01   3.0024226e+01   3.0024130e+01   3.0024035e+01   3.0023940e+01   3.0023844e+01   3.0023748e+01   3.0023652e+01   3.0023555e+01   3.0023458e+01   3.0023361e+01   3.0023263e+01   3.0023165e+01   3.0023067e+01   3.0022968e+01   3.0022869e+01   3.0022769e+01   3.0022669e+01   3.0022567e+01   3.0022466e+01   3.0022364e+01   3.0022262e+01   3.0022158e+01   3.0022054e+01   3.0021949e+01   3.0021844e+01   3.0021737e+01   3.0021630e+01   3.0021522e+01   3.0021413e+01   3.0021303e+01   3.0021192e+01   3.0021080e+01   3.0020967e+01   3.0020852e+01   3.0020737e+01   3.0020619e+01   3.0020502e+01   3.0020381e+01   3.0020261e+01   3.0020137e+01   3.0020014e+01   3.0019887e+01   3.0019760e+01   3.0019630e+01   3.0019500e+01   3.0019366e+01   3.0019232e+01   3.0019094e+01   3.0018956e+01   3.0018813e+01   3.0018671e+01   3.0018523e+01   3.0018376e+01   3.0018224e+01   3.0018072e+01   3.0017915e+01   3.0017757e+01   3.0017594e+01   3.0017431e+01   3.0017262e+01   3.0017093e+01   3.0016913e+01   3.0016733e+01   3.0016540e+01   3.0016347e+01   3.0016137e+01   3.0015927e+01   3.0015696e+01   3.0015466e+01   3.0015210e+01   3.0014955e+01   3.0014669e+01   3.0014382e+01   3.0014059e+01   3.0013736e+01   3.0013369e+01   3.0013002e+01   3.0012584e+01   3.0012167e+01   3.0011691e+01   3.0011216e+01   3.0010675e+01   3.0010134e+01   3.0009519e+01   3.0008904e+01   3.0008205e+01   3.0007506e+01   3.0006710e+01   3.0005915e+01   3.0005009e+01   3.0004103e+01   3.0003072e+01   3.0002040e+01   3.0000867e+01   2.9999694e+01   2.9998373e+01   2.9997053e+01   2.9995606e+01   2.9994159e+01   2.9992653e+01   2.9991147e+01
   3.0037371e+01   3.0036947e+01   3.0036537e+01   3.0036143e+01   3.0035769e+01   3.0035415e+01   3.0035082e+01   3.0034770e+01   3.0034479e+01   3.0034207e+01   3.0033954e+01   3.0033717e+01   3.0033496e+01   3.0033289e+01   3.0033095e+01   3.0032912e+01   3.0032741e+01   3.0032580e+01   3.0032427e+01   3.0032283e+01   3.0032146e+01   3.0032016e+01   3.0031891e+01   3.0031772e+01   3.0031658e+01   3.0031548e+01   3.0031442e+01   3.0031338e+01   3.0031238e+01   3.0031139e+01   3.0031042e+01   3.0030947e+01   3.0030853e+01   3.0030760e+01   3.0030668e+01   3.0030576e+01   3.0030485e+01   3.0030394e+01   3.0030303e+01   3.0030211e+01   3.0030120e+01   3.0030029e+01   3.0029937e+01   3.0029846e+01   3.0029754e+01   3.0029662e+01   3.0029569e+01   3.0029477e+01   3.0029385e+01   3.0029292e+01   3.0029199e+01   3.0029107e+01   3.0029014e+01   3.0028921e+01   3.0028828e+01   3.0028735e+01   3.0028642e+01   3.0028549e+01   3.0028456e+01   3.0028363e+01   3.0028270e+01   3.0028176e+01   3.0028083e+01   3.0027989e+01   3.0027896e+01   3.0027802e+01   3.0027709e+01   3.0027615e+01   3.0027522e+01   3.0027428e+01   3.0027335e+01   3.0027241e+01   3.0027148e+01   3.0027055e+01   3.0026961e+01   3.0026868e+01   3.0026774e+01   3.0026681e+01   3.0026587e+01   3.0026494e+01   3.0026401e+01   3.0026307e+01   3.0026214e+01   3.0026120e+01   3.0026027e+01   3.0025934e+01   3.0025840e+01   3.0025747e+01   3.0025654e+01   3.0025560e+01   3.0025467e+01   3.0025373e+01   3.0025280e+01   3.0025186e+01   3.0025093e+01   3.0024999e+01   3.0024906e+01   3.0024812e+01   3.0024719e+01   3.0024625e+01   3.0024531e+01   3.0024437e+01   3.0024343e+01   3.0024249e+01   3.0024155e+01   3.0024060e+01   3.0023966e+01   3.0023871e+01   3.0023776e+01   3.0023681e+01   3.0023586e+01   3.0023490e+01   3.0023395e+01   3.0023299e+01   3.0023202e+01   3.0023106e+01   3.0023009e+01   3.0022911e+01   3.0022814e+01   3.0022716e+01   3.0022617e+01   3.0022518e+01   3.0022419e+01   3.0022319e+01   3.0022219e+01   3.0022118e+01   3.0022017e+01   3.0021914e+01   3.0021812e+01   3.0021708e+01   3.0021604e+01   3.0021499e+01   3.0021394e+01   3.0021287e+01   3.0021180e+01   3.0021072e+01   3.0020963e+01   3.0020853e+01   3.0020742e+01   3.0020630e+01   3.0020517e+01   3.0020402e+01   3.0020287e+01   3.0020169e+01   3.0020052e+01   3.0019931e+01   3.0019811e+01   3.0019687e+01   3.0019564e+01   3.0019437e+01   3.0019310e+01   3.0019180e+01   3.0019050e+01   3.0018916e+01   3.0018782e+01   3.0018644e+01   3.0018506e+01   3.0018363e+01   3.0018221e+01   3.0018074e+01   3.0017927e+01   3.0017775e+01   3.0017622e+01   3.0017465e+01   3.0017308e+01   3.0017145e+01   3.0016982e+01   3.0016813e+01   3.0016644e+01   3.0016464e+01   3.0016284e+01   3.0016091e+01   3.0015898e+01   3.0015688e+01   3.0015478e+01   3.0015248e+01   3.0015018e+01   3.0014762e+01   3.0014507e+01   3.0014221e+01   3.0013935e+01   3.0013612e+01   3.0013289e+01   3.0012922e+01   3.0012556e+01   3.0012139e+01   3.0011722e+01   3.0011247e+01   3.0010772e+01   3.0010232e+01   3.0009692e+01   3.0009078e+01   3.0008464e+01   3.0007766e+01   3.0007068e+01   3.0006274e+01   3.0005481e+01   3.0004577e+01   3.0003673e+01   3.0002644e+01   3.0001614e+01   3.0000443e+01   2.9999272e+01   2.9997954e+01   2.9996635e+01   2.9995189e+01   2.9993743e+01   2.9992235e+01   2.9990728e+01
   3.0036968e+01   3.0036542e+01   3.0036129e+01   3.0035734e+01   3.0035357e+01   3.0035001e+01   3.0034667e+01   3.0034354e+01   3.0034061e+01   3.0033787e+01   3.0033532e+01   3.0033294e+01   3.0033072e+01   3.0032863e+01   3.0032668e+01   3.0032485e+01   3.0032312e+01   3.0032150e+01   3.0031996e+01   3.0031851e+01   3.0031713e+01   3.0031582e+01   3.0031457e+01   3.0031337e+01   3.0031222e+01   3.0031111e+01   3.0031004e+01   3.0030900e+01   3.0030798e+01   3.0030699e+01   3.0030602e+01   3.0030506e+01   3.0030411e+01   3.0030318e+01   3.0030225e+01   3.0030133e+01   3.0030041e+01   3.0029950e+01   3.0029858e+01   3.0029767e+01   3.0029675e+01   3.0029583e+01   3.0029492e+01   3.0029400e+01   3.0029308e+01   3.0029215e+01   3.0029123e+01   3.0029030e+01   3.0028938e+01   3.0028845e+01   3.0028752e+01   3.0028659e+01   3.0028566e+01   3.0028473e+01   3.0028380e+01   3.0028287e+01   3.0028194e+01   3.0028101e+01   3.0028008e+01   3.0027915e+01   3.0027822e+01   3.0027729e+01   3.0027635e+01   3.0027541e+01   3.0027448e+01   3.0027354e+01   3.0027261e+01   3.0027167e+01   3.0027074e+01   3.0026980e+01   3.0026887e+01   3.0026793e+01   3.0026700e+01   3.0026606e+01   3.0026513e+01   3.0026419e+01   3.0026326e+01   3.0026233e+01   3.0026139e+01   3.0026046e+01   3.0025952e+01   3.0025859e+01   3.0025765e+01   3.0025672e+01   3.0025578e+01   3.0025485e+01   3.0025392e+01   3.0025298e+01   3.0025205e+01   3.0025111e+01   3.0025018e+01   3.0024924e+01   3.0024831e+01   3.0024738e+01   3.0024644e+01   3.0024550e+01   3.0024457e+01   3.0024363e+01   3.0024270e+01   3.0024176e+01   3.0024082e+01   3.0023988e+01   3.0023894e+01   3.0023800e+01   3.0023706e+01   3.0023611e+01   3.0023517e+01   3.0023422e+01   3.0023327e+01   3.0023232e+01   3.0023137e+01   3.0023041e+01   3.0022945e+01   3.0022849e+01   3.0022753e+01   3.0022656e+01   3.0022559e+01   3.0022462e+01   3.0022364e+01   3.0022266e+01   3.0022168e+01   3.0022069e+01   3.0021969e+01   3.0021869e+01   3.0021769e+01   3.0021668e+01   3.0021567e+01   3.0021464e+01   3.0021362e+01   3.0021258e+01   3.0021154e+01   3.0021049e+01   3.0020944e+01   3.0020837e+01   3.0020730e+01   3.0020622e+01   3.0020513e+01   3.0020402e+01   3.0020292e+01   3.0020179e+01   3.0020067e+01   3.0019952e+01   3.0019836e+01   3.0019719e+01   3.0019601e+01   3.0019481e+01   3.0019360e+01   3.0019237e+01   3.0019114e+01   3.0018987e+01   3.0018860e+01   3.0018730e+01   3.0018600e+01   3.0018466e+01   3.0018332e+01   3.0018194e+01   3.0018056e+01   3.0017913e+01   3.0017771e+01   3.0017624e+01   3.0017477e+01   3.0017325e+01   3.0017173e+01   3.0017015e+01   3.0016858e+01   3.0016695e+01   3.0016532e+01   3.0016363e+01   3.0016194e+01   3.0016015e+01   3.0015835e+01   3.0015642e+01   3.0015449e+01   3.0015239e+01   3.0015029e+01   3.0014799e+01   3.0014569e+01   3.0014314e+01   3.0014059e+01   3.0013773e+01   3.0013487e+01   3.0013164e+01   3.0012841e+01   3.0012475e+01   3.0012109e+01   3.0011692e+01   3.0011275e+01   3.0010801e+01   3.0010327e+01   3.0009788e+01   3.0009248e+01   3.0008635e+01   3.0008022e+01   3.0007325e+01   3.0006629e+01   3.0005836e+01   3.0005044e+01   3.0004142e+01   3.0003240e+01   3.0002213e+01   3.0001185e+01   3.0000017e+01   2.9998848e+01   2.9997532e+01   2.9996216e+01   2.9994770e+01   2.9993325e+01   2.9991817e+01   2.9990309e+01
   3.0036565e+01   3.0036137e+01   3.0035722e+01   3.0035324e+01   3.0034946e+01   3.0034588e+01   3.0034252e+01   3.0033937e+01   3.0033642e+01   3.0033368e+01   3.0033111e+01   3.0032872e+01   3.0032648e+01   3.0032438e+01   3.0032242e+01   3.0032057e+01   3.0031883e+01   3.0031720e+01   3.0031565e+01   3.0031419e+01   3.0031280e+01   3.0031148e+01   3.0031022e+01   3.0030902e+01   3.0030786e+01   3.0030674e+01   3.0030566e+01   3.0030462e+01   3.0030359e+01   3.0030259e+01   3.0030161e+01   3.0030065e+01   3.0029970e+01   3.0029876e+01   3.0029783e+01   3.0029690e+01   3.0029598e+01   3.0029506e+01   3.0029414e+01   3.0029322e+01   3.0029230e+01   3.0029138e+01   3.0029046e+01   3.0028954e+01   3.0028862e+01   3.0028769e+01   3.0028677e+01   3.0028584e+01   3.0028491e+01   3.0028398e+01   3.0028305e+01   3.0028212e+01   3.0028119e+01   3.0028026e+01   3.0027933e+01   3.0027840e+01   3.0027747e+01   3.0027653e+01   3.0027560e+01   3.0027467e+01   3.0027374e+01   3.0027281e+01   3.0027187e+01   3.0027093e+01   3.0027000e+01   3.0026906e+01   3.0026813e+01   3.0026719e+01   3.0026626e+01   3.0026532e+01   3.0026439e+01   3.0026345e+01   3.0026252e+01   3.0026158e+01   3.0026065e+01   3.0025971e+01   3.0025878e+01   3.0025784e+01   3.0025691e+01   3.0025597e+01   3.0025504e+01   3.0025410e+01   3.0025317e+01   3.0025223e+01   3.0025130e+01   3.0025036e+01   3.0024943e+01   3.0024850e+01   3.0024756e+01   3.0024663e+01   3.0024569e+01   3.0024476e+01   3.0024382e+01   3.0024289e+01   3.0024195e+01   3.0024102e+01   3.0024008e+01   3.0023914e+01   3.0023820e+01   3.0023727e+01   3.0023633e+01   3.0023539e+01   3.0023445e+01   3.0023351e+01   3.0023256e+01   3.0023162e+01   3.0023067e+01   3.0022972e+01   3.0022878e+01   3.0022782e+01   3.0022687e+01   3.0022592e+01   3.0022496e+01   3.0022400e+01   3.0022303e+01   3.0022207e+01   3.0022110e+01   3.0022012e+01   3.0021915e+01   3.0021816e+01   3.0021718e+01   3.0021619e+01   3.0021520e+01   3.0021419e+01   3.0021319e+01   3.0021218e+01   3.0021117e+01   3.0021014e+01   3.0020912e+01   3.0020808e+01   3.0020704e+01   3.0020599e+01   3.0020494e+01   3.0020387e+01   3.0020280e+01   3.0020171e+01   3.0020063e+01   3.0019952e+01   3.0019842e+01   3.0019729e+01   3.0019616e+01   3.0019501e+01   3.0019386e+01   3.0019269e+01   3.0019151e+01   3.0019031e+01   3.0018910e+01   3.0018787e+01   3.0018663e+01   3.0018537e+01   3.0018410e+01   3.0018280e+01   3.0018150e+01   3.0018016e+01   3.0017882e+01   3.0017744e+01   3.0017606e+01   3.0017463e+01   3.0017321e+01   3.0017174e+01   3.0017027e+01   3.0016875e+01   3.0016723e+01   3.0016566e+01   3.0016408e+01   3.0016245e+01   3.0016083e+01   3.0015914e+01   3.0015745e+01   3.0015565e+01   3.0015386e+01   3.0015193e+01   3.0015000e+01   3.0014790e+01   3.0014580e+01   3.0014350e+01   3.0014120e+01   3.0013865e+01   3.0013610e+01   3.0013325e+01   3.0013039e+01   3.0012716e+01   3.0012394e+01   3.0012028e+01   3.0011662e+01   3.0011246e+01   3.0010829e+01   3.0010356e+01   3.0009882e+01   3.0009343e+01   3.0008804e+01   3.0008192e+01   3.0007580e+01   3.0006885e+01   3.0006189e+01   3.0005398e+01   3.0004607e+01   3.0003707e+01   3.0002807e+01   3.0001782e+01   3.0000757e+01   2.9999590e+01   2.9998424e+01   2.9997110e+01   2.9995796e+01   2.9994352e+01   2.9992908e+01   2.9991399e+01   2.9989890e+01
   3.0036162e+01   3.0035732e+01   3.0035315e+01   3.0034915e+01   3.0034534e+01   3.0034175e+01   3.0033837e+01   3.0033520e+01   3.0033224e+01   3.0032948e+01   3.0032690e+01   3.0032449e+01   3.0032223e+01   3.0032013e+01   3.0031815e+01   3.0031629e+01   3.0031455e+01   3.0031290e+01   3.0031134e+01   3.0030987e+01   3.0030847e+01   3.0030714e+01   3.0030588e+01   3.0030466e+01   3.0030350e+01   3.0030237e+01   3.0030129e+01   3.0030023e+01   3.0029920e+01   3.0029820e+01   3.0029721e+01   3.0029624e+01   3.0029528e+01   3.0029434e+01   3.0029340e+01   3.0029247e+01   3.0029154e+01   3.0029062e+01   3.0028970e+01   3.0028878e+01   3.0028785e+01   3.0028693e+01   3.0028601e+01   3.0028508e+01   3.0028416e+01   3.0028323e+01   3.0028230e+01   3.0028137e+01   3.0028045e+01   3.0027951e+01   3.0027858e+01   3.0027765e+01   3.0027672e+01   3.0027579e+01   3.0027486e+01   3.0027392e+01   3.0027299e+01   3.0027206e+01   3.0027112e+01   3.0027019e+01   3.0026926e+01   3.0026833e+01   3.0026739e+01   3.0026645e+01   3.0026552e+01   3.0026458e+01   3.0026365e+01   3.0026271e+01   3.0026178e+01   3.0026084e+01   3.0025990e+01   3.0025897e+01   3.0025803e+01   3.0025710e+01   3.0025616e+01   3.0025523e+01   3.0025429e+01   3.0025336e+01   3.0025242e+01   3.0025149e+01   3.0025055e+01   3.0024962e+01   3.0024868e+01   3.0024775e+01   3.0024681e+01   3.0024588e+01   3.0024494e+01   3.0024401e+01   3.0024307e+01   3.0024214e+01   3.0024120e+01   3.0024027e+01   3.0023933e+01   3.0023840e+01   3.0023746e+01   3.0023653e+01   3.0023559e+01   3.0023465e+01   3.0023371e+01   3.0023278e+01   3.0023184e+01   3.0023090e+01   3.0022996e+01   3.0022901e+01   3.0022807e+01   3.0022713e+01   3.0022618e+01   3.0022523e+01   3.0022428e+01   3.0022333e+01   3.0022238e+01   3.0022142e+01   3.0022046e+01   3.0021950e+01   3.0021854e+01   3.0021757e+01   3.0021660e+01   3.0021563e+01   3.0021465e+01   3.0021367e+01   3.0021268e+01   3.0021169e+01   3.0021070e+01   3.0020970e+01   3.0020869e+01   3.0020768e+01   3.0020667e+01   3.0020564e+01   3.0020462e+01   3.0020358e+01   3.0020254e+01   3.0020149e+01   3.0020044e+01   3.0019937e+01   3.0019830e+01   3.0019721e+01   3.0019613e+01   3.0019502e+01   3.0019391e+01   3.0019279e+01   3.0019166e+01   3.0019051e+01   3.0018936e+01   3.0018818e+01   3.0018701e+01   3.0018580e+01   3.0018460e+01   3.0018336e+01   3.0018213e+01   3.0018086e+01   3.0017960e+01   3.0017830e+01   3.0017699e+01   3.0017565e+01   3.0017431e+01   3.0017293e+01   3.0017155e+01   3.0017013e+01   3.0016871e+01   3.0016724e+01   3.0016577e+01   3.0016425e+01   3.0016273e+01   3.0016116e+01   3.0015959e+01   3.0015796e+01   3.0015633e+01   3.0015464e+01   3.0015295e+01   3.0015116e+01   3.0014936e+01   3.0014743e+01   3.0014550e+01   3.0014341e+01   3.0014131e+01   3.0013902e+01   3.0013672e+01   3.0013417e+01   3.0013162e+01   3.0012876e+01   3.0012591e+01   3.0012268e+01   3.0011946e+01   3.0011580e+01   3.0011215e+01   3.0010799e+01   3.0010383e+01   3.0009909e+01   3.0009436e+01   3.0008898e+01   3.0008360e+01   3.0007749e+01   3.0007137e+01   3.0006443e+01   3.0005748e+01   3.0004959e+01   3.0004169e+01   3.0003271e+01   3.0002372e+01   3.0001349e+01   3.0000326e+01   2.9999162e+01   2.9997998e+01   2.9996686e+01   2.9995374e+01   2.9993932e+01   2.9992490e+01   2.9990981e+01   2.9989472e+01
   3.0035758e+01   3.0035326e+01   3.0034907e+01   3.0034505e+01   3.0034123e+01   3.0033762e+01   3.0033422e+01   3.0033103e+01   3.0032805e+01   3.0032528e+01   3.0032268e+01   3.0032026e+01   3.0031799e+01   3.0031587e+01   3.0031388e+01   3.0031201e+01   3.0031026e+01   3.0030860e+01   3.0030703e+01   3.0030555e+01   3.0030414e+01   3.0030281e+01   3.0030153e+01   3.0030031e+01   3.0029913e+01   3.0029800e+01   3.0029691e+01   3.0029585e+01   3.0029481e+01   3.0029380e+01   3.0029281e+01   3.0029183e+01   3.0029087e+01   3.0028992e+01   3.0028897e+01   3.0028804e+01   3.0028711e+01   3.0028618e+01   3.0028525e+01   3.0028433e+01   3.0028340e+01   3.0028248e+01   3.0028155e+01   3.0028063e+01   3.0027970e+01   3.0027877e+01   3.0027784e+01   3.0027691e+01   3.0027598e+01   3.0027505e+01   3.0027412e+01   3.0027318e+01   3.0027225e+01   3.0027132e+01   3.0027038e+01   3.0026945e+01   3.0026852e+01   3.0026758e+01   3.0026665e+01   3.0026571e+01   3.0026478e+01   3.0026385e+01   3.0026291e+01   3.0026197e+01   3.0026104e+01   3.0026010e+01   3.0025917e+01   3.0025823e+01   3.0025729e+01   3.0025636e+01   3.0025542e+01   3.0025449e+01   3.0025355e+01   3.0025262e+01   3.0025168e+01   3.0025074e+01   3.0024981e+01   3.0024887e+01   3.0024794e+01   3.0024700e+01   3.0024607e+01   3.0024513e+01   3.0024420e+01   3.0024326e+01   3.0024233e+01   3.0024139e+01   3.0024046e+01   3.0023952e+01   3.0023859e+01   3.0023765e+01   3.0023671e+01   3.0023578e+01   3.0023484e+01   3.0023391e+01   3.0023297e+01   3.0023204e+01   3.0023110e+01   3.0023016e+01   3.0022922e+01   3.0022828e+01   3.0022735e+01   3.0022640e+01   3.0022546e+01   3.0022452e+01   3.0022358e+01   3.0022263e+01   3.0022169e+01   3.0022074e+01   3.0021979e+01   3.0021884e+01   3.0021788e+01   3.0021693e+01   3.0021597e+01   3.0021501e+01   3.0021404e+01   3.0021307e+01   3.0021211e+01   3.0021113e+01   3.0021015e+01   3.0020917e+01   3.0020819e+01   3.0020719e+01   3.0020620e+01   3.0020520e+01   3.0020420e+01   3.0020318e+01   3.0020217e+01   3.0020114e+01   3.0020012e+01   3.0019908e+01   3.0019804e+01   3.0019699e+01   3.0019594e+01   3.0019487e+01   3.0019380e+01   3.0019271e+01   3.0019162e+01   3.0019052e+01   3.0018941e+01   3.0018828e+01   3.0018716e+01   3.0018601e+01   3.0018485e+01   3.0018368e+01   3.0018250e+01   3.0018130e+01   3.0018009e+01   3.0017886e+01   3.0017763e+01   3.0017636e+01   3.0017509e+01   3.0017379e+01   3.0017249e+01   3.0017115e+01   3.0016981e+01   3.0016843e+01   3.0016705e+01   3.0016563e+01   3.0016421e+01   3.0016274e+01   3.0016127e+01   3.0015975e+01   3.0015823e+01   3.0015666e+01   3.0015509e+01   3.0015346e+01   3.0015183e+01   3.0015015e+01   3.0014846e+01   3.0014666e+01   3.0014487e+01   3.0014294e+01   3.0014101e+01   3.0013892e+01   3.0013682e+01   3.0013453e+01   3.0013223e+01   3.0012968e+01   3.0012713e+01   3.0012428e+01   3.0012142e+01   3.0011820e+01   3.0011498e+01   3.0011133e+01   3.0010767e+01   3.0010352e+01   3.0009936e+01   3.0009463e+01   3.0008990e+01   3.0008453e+01   3.0007915e+01   3.0007305e+01   3.0006694e+01   3.0006001e+01   3.0005307e+01   3.0004519e+01   3.0003731e+01   3.0002834e+01   3.0001937e+01   3.0000916e+01   2.9999895e+01   2.9998733e+01   2.9997572e+01   2.9996262e+01   2.9994953e+01   2.9993512e+01   2.9992072e+01   2.9990562e+01   2.9989053e+01
   3.0035355e+01   3.0034921e+01   3.0034500e+01   3.0034096e+01   3.0033712e+01   3.0033348e+01   3.0033007e+01   3.0032686e+01   3.0032387e+01   3.0032108e+01   3.0031847e+01   3.0031603e+01   3.0031375e+01   3.0031162e+01   3.0030961e+01   3.0030773e+01   3.0030596e+01   3.0030430e+01   3.0030272e+01   3.0030123e+01   3.0029981e+01   3.0029847e+01   3.0029718e+01   3.0029595e+01   3.0029477e+01   3.0029363e+01   3.0029253e+01   3.0029146e+01   3.0029042e+01   3.0028940e+01   3.0028840e+01   3.0028742e+01   3.0028645e+01   3.0028549e+01   3.0028455e+01   3.0028361e+01   3.0028267e+01   3.0028174e+01   3.0028081e+01   3.0027988e+01   3.0027895e+01   3.0027803e+01   3.0027710e+01   3.0027617e+01   3.0027524e+01   3.0027431e+01   3.0027338e+01   3.0027244e+01   3.0027151e+01   3.0027058e+01   3.0026965e+01   3.0026871e+01   3.0026778e+01   3.0026685e+01   3.0026591e+01   3.0026498e+01   3.0026404e+01   3.0026311e+01   3.0026218e+01   3.0026124e+01   3.0026031e+01   3.0025937e+01   3.0025843e+01   3.0025750e+01   3.0025656e+01   3.0025562e+01   3.0025469e+01   3.0025375e+01   3.0025281e+01   3.0025188e+01   3.0025094e+01   3.0025001e+01   3.0024907e+01   3.0024813e+01   3.0024720e+01   3.0024626e+01   3.0024533e+01   3.0024439e+01   3.0024345e+01   3.0024252e+01   3.0024158e+01   3.0024065e+01   3.0023971e+01   3.0023878e+01   3.0023784e+01   3.0023691e+01   3.0023597e+01   3.0023503e+01   3.0023410e+01   3.0023316e+01   3.0023223e+01   3.0023129e+01   3.0023036e+01   3.0022942e+01   3.0022848e+01   3.0022755e+01   3.0022661e+01   3.0022567e+01   3.0022473e+01   3.0022379e+01   3.0022285e+01   3.0022191e+01   3.0022097e+01   3.0022003e+01   3.0021909e+01   3.0021814e+01   3.0021719e+01   3.0021624e+01   3.0021530e+01   3.0021434e+01   3.0021339e+01   3.0021243e+01   3.0021147e+01   3.0021051e+01   3.0020955e+01   3.0020858e+01   3.0020761e+01   3.0020663e+01   3.0020566e+01   3.0020467e+01   3.0020369e+01   3.0020269e+01   3.0020170e+01   3.0020070e+01   3.0019970e+01   3.0019868e+01   3.0019767e+01   3.0019665e+01   3.0019562e+01   3.0019458e+01   3.0019354e+01   3.0019249e+01   3.0019144e+01   3.0019037e+01   3.0018930e+01   3.0018821e+01   3.0018712e+01   3.0018602e+01   3.0018491e+01   3.0018378e+01   3.0018266e+01   3.0018150e+01   3.0018035e+01   3.0017918e+01   3.0017800e+01   3.0017680e+01   3.0017559e+01   3.0017436e+01   3.0017312e+01   3.0017186e+01   3.0017059e+01   3.0016929e+01   3.0016799e+01   3.0016665e+01   3.0016531e+01   3.0016393e+01   3.0016255e+01   3.0016113e+01   3.0015970e+01   3.0015824e+01   3.0015677e+01   3.0015525e+01   3.0015373e+01   3.0015216e+01   3.0015059e+01   3.0014896e+01   3.0014733e+01   3.0014565e+01   3.0014396e+01   3.0014217e+01   3.0014038e+01   3.0013845e+01   3.0013652e+01   3.0013443e+01   3.0013233e+01   3.0013004e+01   3.0012774e+01   3.0012519e+01   3.0012265e+01   3.0011980e+01   3.0011694e+01   3.0011372e+01   3.0011050e+01   3.0010685e+01   3.0010320e+01   3.0009905e+01   3.0009489e+01   3.0009017e+01   3.0008544e+01   3.0008007e+01   3.0007470e+01   3.0006860e+01   3.0006250e+01   3.0005558e+01   3.0004865e+01   3.0004078e+01   3.0003291e+01   3.0002396e+01   3.0001501e+01   3.0000482e+01   2.9999462e+01   2.9998303e+01   2.9997144e+01   2.9995837e+01   2.9994530e+01   2.9993091e+01   2.9991652e+01   2.9990143e+01   2.9988634e+01
   3.0034952e+01   3.0034515e+01   3.0034092e+01   3.0033687e+01   3.0033300e+01   3.0032935e+01   3.0032592e+01   3.0032270e+01   3.0031969e+01   3.0031688e+01   3.0031425e+01   3.0031180e+01   3.0030951e+01   3.0030736e+01   3.0030535e+01   3.0030345e+01   3.0030167e+01   3.0030000e+01   3.0029841e+01   3.0029691e+01   3.0029548e+01   3.0029413e+01   3.0029283e+01   3.0029159e+01   3.0029040e+01   3.0028926e+01   3.0028815e+01   3.0028707e+01   3.0028602e+01   3.0028500e+01   3.0028399e+01   3.0028300e+01   3.0028203e+01   3.0028107e+01   3.0028012e+01   3.0027917e+01   3.0027823e+01   3.0027730e+01   3.0027636e+01   3.0027543e+01   3.0027450e+01   3.0027357e+01   3.0027264e+01   3.0027171e+01   3.0027078e+01   3.0026984e+01   3.0026891e+01   3.0026798e+01   3.0026704e+01   3.0026611e+01   3.0026518e+01   3.0026424e+01   3.0026331e+01   3.0026237e+01   3.0026144e+01   3.0026050e+01   3.0025957e+01   3.0025863e+01   3.0025770e+01   3.0025676e+01   3.0025583e+01   3.0025489e+01   3.0025395e+01   3.0025302e+01   3.0025208e+01   3.0025114e+01   3.0025021e+01   3.0024927e+01   3.0024833e+01   3.0024740e+01   3.0024646e+01   3.0024552e+01   3.0024459e+01   3.0024365e+01   3.0024272e+01   3.0024178e+01   3.0024084e+01   3.0023991e+01   3.0023897e+01   3.0023804e+01   3.0023710e+01   3.0023616e+01   3.0023523e+01   3.0023429e+01   3.0023336e+01   3.0023242e+01   3.0023148e+01   3.0023055e+01   3.0022961e+01   3.0022868e+01   3.0022774e+01   3.0022680e+01   3.0022587e+01   3.0022493e+01   3.0022399e+01   3.0022306e+01   3.0022212e+01   3.0022118e+01   3.0022024e+01   3.0021930e+01   3.0021836e+01   3.0021742e+01   3.0021648e+01   3.0021554e+01   3.0021459e+01   3.0021365e+01   3.0021270e+01   3.0021175e+01   3.0021080e+01   3.0020985e+01   3.0020889e+01   3.0020794e+01   3.0020698e+01   3.0020601e+01   3.0020505e+01   3.0020408e+01   3.0020311e+01   3.0020214e+01   3.0020116e+01   3.0020017e+01   3.0019919e+01   3.0019820e+01   3.0019720e+01   3.0019620e+01   3.0019520e+01   3.0019418e+01   3.0019317e+01   3.0019215e+01   3.0019112e+01   3.0019008e+01   3.0018904e+01   3.0018799e+01   3.0018694e+01   3.0018587e+01   3.0018480e+01   3.0018371e+01   3.0018262e+01   3.0018152e+01   3.0018041e+01   3.0017928e+01   3.0017815e+01   3.0017700e+01   3.0017585e+01   3.0017467e+01   3.0017350e+01   3.0017229e+01   3.0017109e+01   3.0016985e+01   3.0016862e+01   3.0016735e+01   3.0016609e+01   3.0016479e+01   3.0016348e+01   3.0016215e+01   3.0016081e+01   3.0015943e+01   3.0015805e+01   3.0015663e+01   3.0015520e+01   3.0015373e+01   3.0015227e+01   3.0015075e+01   3.0014923e+01   3.0014766e+01   3.0014609e+01   3.0014446e+01   3.0014284e+01   3.0014115e+01   3.0013947e+01   3.0013767e+01   3.0013588e+01   3.0013396e+01   3.0013203e+01   3.0012994e+01   3.0012784e+01   3.0012555e+01   3.0012325e+01   3.0012071e+01   3.0011816e+01   3.0011531e+01   3.0011246e+01   3.0010924e+01   3.0010603e+01   3.0010238e+01   3.0009873e+01   3.0009458e+01   3.0009043e+01   3.0008570e+01   3.0008098e+01   3.0007562e+01   3.0007025e+01   3.0006416e+01   3.0005807e+01   3.0005115e+01   3.0004423e+01   3.0003638e+01   3.0002852e+01   3.0001958e+01   3.0001065e+01   3.0000047e+01   2.9999030e+01   2.9997873e+01   2.9996716e+01   2.9995411e+01   2.9994107e+01   2.9992670e+01   2.9991233e+01   2.9989724e+01   2.9988215e+01
   3.0034549e+01   3.0034110e+01   3.0033685e+01   3.0033277e+01   3.0032889e+01   3.0032522e+01   3.0032177e+01   3.0031853e+01   3.0031550e+01   3.0031268e+01   3.0031004e+01   3.0030757e+01   3.0030526e+01   3.0030311e+01   3.0030108e+01   3.0029918e+01   3.0029738e+01   3.0029570e+01   3.0029410e+01   3.0029259e+01   3.0029115e+01   3.0028979e+01   3.0028849e+01   3.0028724e+01   3.0028604e+01   3.0028489e+01   3.0028377e+01   3.0028268e+01   3.0028163e+01   3.0028060e+01   3.0027958e+01   3.0027859e+01   3.0027761e+01   3.0027664e+01   3.0027569e+01   3.0027474e+01   3.0027379e+01   3.0027286e+01   3.0027192e+01   3.0027098e+01   3.0027005e+01   3.0026912e+01   3.0026818e+01   3.0026725e+01   3.0026632e+01   3.0026538e+01   3.0026445e+01   3.0026351e+01   3.0026258e+01   3.0026164e+01   3.0026071e+01   3.0025977e+01   3.0025883e+01   3.0025790e+01   3.0025696e+01   3.0025603e+01   3.0025509e+01   3.0025416e+01   3.0025322e+01   3.0025228e+01   3.0025135e+01   3.0025041e+01   3.0024948e+01   3.0024854e+01   3.0024760e+01   3.0024666e+01   3.0024573e+01   3.0024479e+01   3.0024385e+01   3.0024292e+01   3.0024198e+01   3.0024104e+01   3.0024011e+01   3.0023917e+01   3.0023823e+01   3.0023730e+01   3.0023636e+01   3.0023542e+01   3.0023449e+01   3.0023355e+01   3.0023262e+01   3.0023168e+01   3.0023074e+01   3.0022981e+01   3.0022887e+01   3.0022793e+01   3.0022700e+01   3.0022606e+01   3.0022513e+01   3.0022419e+01   3.0022325e+01   3.0022232e+01   3.0022138e+01   3.0022044e+01   3.0021950e+01   3.0021857e+01   3.0021763e+01   3.0021669e+01   3.0021575e+01   3.0021481e+01   3.0021387e+01   3.0021293e+01   3.0021199e+01   3.0021104e+01   3.0021010e+01   3.0020915e+01   3.0020821e+01   3.0020726e+01   3.0020631e+01   3.0020535e+01   3.0020440e+01   3.0020344e+01   3.0020248e+01   3.0020152e+01   3.0020056e+01   3.0019959e+01   3.0019862e+01   3.0019764e+01   3.0019666e+01   3.0019568e+01   3.0019469e+01   3.0019370e+01   3.0019271e+01   3.0019170e+01   3.0019070e+01   3.0018969e+01   3.0018867e+01   3.0018765e+01   3.0018662e+01   3.0018558e+01   3.0018454e+01   3.0018349e+01   3.0018243e+01   3.0018136e+01   3.0018029e+01   3.0017921e+01   3.0017812e+01   3.0017701e+01   3.0017591e+01   3.0017478e+01   3.0017365e+01   3.0017250e+01   3.0017135e+01   3.0017017e+01   3.0016899e+01   3.0016779e+01   3.0016659e+01   3.0016535e+01   3.0016412e+01   3.0016285e+01   3.0016158e+01   3.0016028e+01   3.0015898e+01   3.0015764e+01   3.0015630e+01   3.0015493e+01   3.0015355e+01   3.0015212e+01   3.0015070e+01   3.0014923e+01   3.0014777e+01   3.0014625e+01   3.0014473e+01   3.0014316e+01   3.0014159e+01   3.0013997e+01   3.0013834e+01   3.0013666e+01   3.0013497e+01   3.0013318e+01   3.0013139e+01   3.0012946e+01   3.0012754e+01   3.0012545e+01   3.0012336e+01   3.0012106e+01   3.0011877e+01   3.0011622e+01   3.0011368e+01   3.0011083e+01   3.0010798e+01   3.0010476e+01   3.0010155e+01   3.0009790e+01   3.0009425e+01   3.0009011e+01   3.0008596e+01   3.0008124e+01   3.0007652e+01   3.0007116e+01   3.0006580e+01   3.0005972e+01   3.0005363e+01   3.0004672e+01   3.0003981e+01   3.0003196e+01   3.0002412e+01   3.0001520e+01   3.0000627e+01   2.9999612e+01   2.9998596e+01   2.9997441e+01   2.9996287e+01   2.9994985e+01   2.9993682e+01   2.9992248e+01   2.9990813e+01   2.9989305e+01   2.9987797e+01
   3.0034145e+01   3.0033705e+01   3.0033278e+01   3.0032868e+01   3.0032478e+01   3.0032109e+01   3.0031762e+01   3.0031436e+01   3.0031132e+01   3.0030848e+01   3.0030582e+01   3.0030334e+01   3.0030102e+01   3.0029885e+01   3.0029681e+01   3.0029490e+01   3.0029310e+01   3.0029140e+01   3.0028979e+01   3.0028827e+01   3.0028683e+01   3.0028545e+01   3.0028414e+01   3.0028289e+01   3.0028168e+01   3.0028052e+01   3.0027939e+01   3.0027830e+01   3.0027724e+01   3.0027620e+01   3.0027518e+01   3.0027418e+01   3.0027320e+01   3.0027222e+01   3.0027126e+01   3.0027031e+01   3.0026936e+01   3.0026842e+01   3.0026747e+01   3.0026654e+01   3.0026560e+01   3.0026466e+01   3.0026373e+01   3.0026279e+01   3.0026186e+01   3.0026092e+01   3.0025998e+01   3.0025905e+01   3.0025811e+01   3.0025717e+01   3.0025624e+01   3.0025530e+01   3.0025436e+01   3.0025343e+01   3.0025249e+01   3.0025155e+01   3.0025062e+01   3.0024968e+01   3.0024874e+01   3.0024781e+01   3.0024687e+01   3.0024594e+01   3.0024500e+01   3.0024406e+01   3.0024312e+01   3.0024219e+01   3.0024125e+01   3.0024031e+01   3.0023937e+01   3.0023844e+01   3.0023750e+01   3.0023656e+01   3.0023562e+01   3.0023469e+01   3.0023375e+01   3.0023281e+01   3.0023188e+01   3.0023094e+01   3.0023000e+01   3.0022907e+01   3.0022813e+01   3.0022719e+01   3.0022626e+01   3.0022532e+01   3.0022439e+01   3.0022345e+01   3.0022251e+01   3.0022158e+01   3.0022064e+01   3.0021970e+01   3.0021877e+01   3.0021783e+01   3.0021689e+01   3.0021595e+01   3.0021502e+01   3.0021408e+01   3.0021314e+01   3.0021220e+01   3.0021126e+01   3.0021032e+01   3.0020938e+01   3.0020844e+01   3.0020750e+01   3.0020655e+01   3.0020561e+01   3.0020466e+01   3.0020371e+01   3.0020276e+01   3.0020181e+01   3.0020086e+01   3.0019991e+01   3.0019895e+01   3.0019799e+01   3.0019702e+01   3.0019606e+01   3.0019509e+01   3.0019412e+01   3.0019314e+01   3.0019216e+01   3.0019118e+01   3.0019019e+01   3.0018920e+01   3.0018821e+01   3.0018720e+01   3.0018620e+01   3.0018519e+01   3.0018417e+01   3.0018315e+01   3.0018212e+01   3.0018108e+01   3.0018004e+01   3.0017899e+01   3.0017793e+01   3.0017686e+01   3.0017579e+01   3.0017470e+01   3.0017362e+01   3.0017251e+01   3.0017140e+01   3.0017028e+01   3.0016915e+01   3.0016800e+01   3.0016684e+01   3.0016567e+01   3.0016449e+01   3.0016329e+01   3.0016208e+01   3.0016085e+01   3.0015961e+01   3.0015835e+01   3.0015708e+01   3.0015578e+01   3.0015448e+01   3.0015314e+01   3.0015180e+01   3.0015042e+01   3.0014904e+01   3.0014762e+01   3.0014620e+01   3.0014473e+01   3.0014327e+01   3.0014175e+01   3.0014023e+01   3.0013866e+01   3.0013710e+01   3.0013547e+01   3.0013384e+01   3.0013216e+01   3.0013048e+01   3.0012869e+01   3.0012689e+01   3.0012497e+01   3.0012305e+01   3.0012096e+01   3.0011887e+01   3.0011657e+01   3.0011428e+01   3.0011174e+01   3.0010919e+01   3.0010635e+01   3.0010350e+01   3.0010028e+01   3.0009707e+01   3.0009342e+01   3.0008978e+01   3.0008563e+01   3.0008149e+01   3.0007678e+01   3.0007206e+01   3.0006671e+01   3.0006135e+01   3.0005527e+01   3.0004919e+01   3.0004229e+01   3.0003539e+01   3.0002755e+01   3.0001972e+01   3.0001081e+01   3.0000190e+01   2.9999176e+01   2.9998162e+01   2.9997010e+01   2.9995858e+01   2.9994558e+01   2.9993258e+01   2.9991825e+01   2.9990393e+01   2.9988885e+01   2.9987378e+01
   3.0033742e+01   3.0033299e+01   3.0032870e+01   3.0032459e+01   3.0032066e+01   3.0031696e+01   3.0031347e+01   3.0031020e+01   3.0030714e+01   3.0030428e+01   3.0030161e+01   3.0029911e+01   3.0029678e+01   3.0029460e+01   3.0029255e+01   3.0029062e+01   3.0028881e+01   3.0028710e+01   3.0028548e+01   3.0028395e+01   3.0028250e+01   3.0028111e+01   3.0027979e+01   3.0027853e+01   3.0027732e+01   3.0027615e+01   3.0027501e+01   3.0027392e+01   3.0027285e+01   3.0027180e+01   3.0027078e+01   3.0026977e+01   3.0026878e+01   3.0026780e+01   3.0026684e+01   3.0026588e+01   3.0026492e+01   3.0026398e+01   3.0026303e+01   3.0026209e+01   3.0026115e+01   3.0026021e+01   3.0025927e+01   3.0025833e+01   3.0025739e+01   3.0025646e+01   3.0025552e+01   3.0025458e+01   3.0025364e+01   3.0025271e+01   3.0025177e+01   3.0025083e+01   3.0024989e+01   3.0024896e+01   3.0024802e+01   3.0024708e+01   3.0024615e+01   3.0024521e+01   3.0024427e+01   3.0024334e+01   3.0024240e+01   3.0024146e+01   3.0024052e+01   3.0023958e+01   3.0023864e+01   3.0023771e+01   3.0023677e+01   3.0023583e+01   3.0023489e+01   3.0023396e+01   3.0023302e+01   3.0023208e+01   3.0023114e+01   3.0023021e+01   3.0022927e+01   3.0022833e+01   3.0022739e+01   3.0022646e+01   3.0022552e+01   3.0022458e+01   3.0022365e+01   3.0022271e+01   3.0022177e+01   3.0022084e+01   3.0021990e+01   3.0021896e+01   3.0021803e+01   3.0021709e+01   3.0021615e+01   3.0021521e+01   3.0021428e+01   3.0021334e+01   3.0021240e+01   3.0021147e+01   3.0021053e+01   3.0020959e+01   3.0020865e+01   3.0020771e+01   3.0020677e+01   3.0020583e+01   3.0020489e+01   3.0020395e+01   3.0020301e+01   3.0020206e+01   3.0020112e+01   3.0020017e+01   3.0019922e+01   3.0019827e+01   3.0019732e+01   3.0019637e+01   3.0019541e+01   3.0019445e+01   3.0019349e+01   3.0019253e+01   3.0019156e+01   3.0019059e+01   3.0018962e+01   3.0018865e+01   3.0018767e+01   3.0018668e+01   3.0018570e+01   3.0018470e+01   3.0018371e+01   3.0018271e+01   3.0018170e+01   3.0018069e+01   3.0017967e+01   3.0017865e+01   3.0017762e+01   3.0017658e+01   3.0017554e+01   3.0017449e+01   3.0017343e+01   3.0017236e+01   3.0017129e+01   3.0017020e+01   3.0016912e+01   3.0016801e+01   3.0016690e+01   3.0016577e+01   3.0016465e+01   3.0016349e+01   3.0016234e+01   3.0016116e+01   3.0015999e+01   3.0015878e+01   3.0015758e+01   3.0015635e+01   3.0015511e+01   3.0015384e+01   3.0015258e+01   3.0015128e+01   3.0014998e+01   3.0014864e+01   3.0014730e+01   3.0014592e+01   3.0014454e+01   3.0014312e+01   3.0014170e+01   3.0014023e+01   3.0013877e+01   3.0013725e+01   3.0013573e+01   3.0013417e+01   3.0013260e+01   3.0013097e+01   3.0012935e+01   3.0012767e+01   3.0012598e+01   3.0012419e+01   3.0012240e+01   3.0012048e+01   3.0011855e+01   3.0011647e+01   3.0011438e+01   3.0011208e+01   3.0010979e+01   3.0010725e+01   3.0010471e+01   3.0010186e+01   3.0009902e+01   3.0009580e+01   3.0009259e+01   3.0008895e+01   3.0008531e+01   3.0008116e+01   3.0007702e+01   3.0007231e+01   3.0006760e+01   3.0006225e+01   3.0005690e+01   3.0005083e+01   3.0004475e+01   3.0003786e+01   3.0003096e+01   3.0002314e+01   3.0001531e+01   3.0000642e+01   2.9999752e+01   2.9998740e+01   2.9997728e+01   2.9996578e+01   2.9995427e+01   2.9994130e+01   2.9992833e+01   2.9991402e+01   2.9989972e+01   2.9988466e+01   2.9986959e+01
   3.0033339e+01   3.0032894e+01   3.0032463e+01   3.0032049e+01   3.0031655e+01   3.0031282e+01   3.0030932e+01   3.0030603e+01   3.0030295e+01   3.0030008e+01   3.0029739e+01   3.0029489e+01   3.0029254e+01   3.0029034e+01   3.0028828e+01   3.0028634e+01   3.0028452e+01   3.0028280e+01   3.0028117e+01   3.0027963e+01   3.0027817e+01   3.0027678e+01   3.0027545e+01   3.0027418e+01   3.0027295e+01   3.0027178e+01   3.0027064e+01   3.0026953e+01   3.0026845e+01   3.0026740e+01   3.0026637e+01   3.0026536e+01   3.0026436e+01   3.0026338e+01   3.0026241e+01   3.0026145e+01   3.0026049e+01   3.0025954e+01   3.0025859e+01   3.0025764e+01   3.0025670e+01   3.0025576e+01   3.0025482e+01   3.0025388e+01   3.0025294e+01   3.0025199e+01   3.0025105e+01   3.0025012e+01   3.0024918e+01   3.0024824e+01   3.0024730e+01   3.0024636e+01   3.0024542e+01   3.0024448e+01   3.0024354e+01   3.0024261e+01   3.0024167e+01   3.0024073e+01   3.0023979e+01   3.0023886e+01   3.0023792e+01   3.0023698e+01   3.0023604e+01   3.0023510e+01   3.0023416e+01   3.0023323e+01   3.0023229e+01   3.0023135e+01   3.0023041e+01   3.0022947e+01   3.0022854e+01   3.0022760e+01   3.0022666e+01   3.0022572e+01   3.0022479e+01   3.0022385e+01   3.0022291e+01   3.0022197e+01   3.0022104e+01   3.0022010e+01   3.0021916e+01   3.0021822e+01   3.0021729e+01   3.0021635e+01   3.0021541e+01   3.0021448e+01   3.0021354e+01   3.0021260e+01   3.0021166e+01   3.0021073e+01   3.0020979e+01   3.0020885e+01   3.0020791e+01   3.0020698e+01   3.0020604e+01   3.0020510e+01   3.0020416e+01   3.0020322e+01   3.0020228e+01   3.0020134e+01   3.0020040e+01   3.0019946e+01   3.0019851e+01   3.0019757e+01   3.0019662e+01   3.0019568e+01   3.0019473e+01   3.0019378e+01   3.0019283e+01   3.0019187e+01   3.0019092e+01   3.0018996e+01   3.0018900e+01   3.0018803e+01   3.0018707e+01   3.0018610e+01   3.0018513e+01   3.0018415e+01   3.0018317e+01   3.0018219e+01   3.0018120e+01   3.0018021e+01   3.0017921e+01   3.0017821e+01   3.0017720e+01   3.0017619e+01   3.0017517e+01   3.0017415e+01   3.0017312e+01   3.0017208e+01   3.0017104e+01   3.0016999e+01   3.0016893e+01   3.0016786e+01   3.0016679e+01   3.0016570e+01   3.0016461e+01   3.0016351e+01   3.0016240e+01   3.0016127e+01   3.0016014e+01   3.0015899e+01   3.0015784e+01   3.0015666e+01   3.0015549e+01   3.0015428e+01   3.0015308e+01   3.0015184e+01   3.0015061e+01   3.0014934e+01   3.0014807e+01   3.0014677e+01   3.0014547e+01   3.0014414e+01   3.0014280e+01   3.0014142e+01   3.0014004e+01   3.0013862e+01   3.0013720e+01   3.0013573e+01   3.0013427e+01   3.0013275e+01   3.0013123e+01   3.0012967e+01   3.0012810e+01   3.0012648e+01   3.0012485e+01   3.0012317e+01   3.0012149e+01   3.0011970e+01   3.0011791e+01   3.0011599e+01   3.0011406e+01   3.0011198e+01   3.0010989e+01   3.0010760e+01   3.0010531e+01   3.0010277e+01   3.0010022e+01   3.0009738e+01   3.0009454e+01   3.0009133e+01   3.0008812e+01   3.0008447e+01   3.0008083e+01   3.0007669e+01   3.0007256e+01   3.0006785e+01   3.0006314e+01   3.0005780e+01   3.0005245e+01   3.0004638e+01   3.0004031e+01   3.0003343e+01   3.0002654e+01   3.0001872e+01   3.0001091e+01   3.0000202e+01   2.9999314e+01   2.9998304e+01   2.9997293e+01   2.9996145e+01   2.9994997e+01   2.9993702e+01   2.9992407e+01   2.9990979e+01   2.9989551e+01   2.9988046e+01   2.9986540e+01
   3.0032935e+01   3.0032489e+01   3.0032056e+01   3.0031640e+01   3.0031244e+01   3.0030869e+01   3.0030517e+01   3.0030186e+01   3.0029877e+01   3.0029588e+01   3.0029318e+01   3.0029066e+01   3.0028830e+01   3.0028609e+01   3.0028401e+01   3.0028206e+01   3.0028023e+01   3.0027850e+01   3.0027686e+01   3.0027531e+01   3.0027384e+01   3.0027244e+01   3.0027110e+01   3.0026982e+01   3.0026859e+01   3.0026741e+01   3.0026626e+01   3.0026515e+01   3.0026406e+01   3.0026300e+01   3.0026197e+01   3.0026095e+01   3.0025995e+01   3.0025896e+01   3.0025798e+01   3.0025702e+01   3.0025605e+01   3.0025510e+01   3.0025415e+01   3.0025320e+01   3.0025225e+01   3.0025131e+01   3.0025036e+01   3.0024942e+01   3.0024848e+01   3.0024753e+01   3.0024659e+01   3.0024565e+01   3.0024471e+01   3.0024377e+01   3.0024283e+01   3.0024189e+01   3.0024095e+01   3.0024001e+01   3.0023907e+01   3.0023813e+01   3.0023719e+01   3.0023625e+01   3.0023532e+01   3.0023438e+01   3.0023344e+01   3.0023250e+01   3.0023156e+01   3.0023062e+01   3.0022968e+01   3.0022875e+01   3.0022781e+01   3.0022687e+01   3.0022593e+01   3.0022499e+01   3.0022405e+01   3.0022312e+01   3.0022218e+01   3.0022124e+01   3.0022030e+01   3.0021937e+01   3.0021843e+01   3.0021749e+01   3.0021655e+01   3.0021561e+01   3.0021468e+01   3.0021374e+01   3.0021280e+01   3.0021186e+01   3.0021093e+01   3.0020999e+01   3.0020905e+01   3.0020811e+01   3.0020718e+01   3.0020624e+01   3.0020530e+01   3.0020436e+01   3.0020343e+01   3.0020249e+01   3.0020155e+01   3.0020061e+01   3.0019967e+01   3.0019873e+01   3.0019779e+01   3.0019685e+01   3.0019591e+01   3.0019497e+01   3.0019402e+01   3.0019308e+01   3.0019213e+01   3.0019118e+01   3.0019024e+01   3.0018928e+01   3.0018833e+01   3.0018738e+01   3.0018642e+01   3.0018546e+01   3.0018450e+01   3.0018354e+01   3.0018257e+01   3.0018160e+01   3.0018063e+01   3.0017965e+01   3.0017867e+01   3.0017769e+01   3.0017670e+01   3.0017571e+01   3.0017471e+01   3.0017371e+01   3.0017270e+01   3.0017169e+01   3.0017067e+01   3.0016965e+01   3.0016862e+01   3.0016758e+01   3.0016654e+01   3.0016548e+01   3.0016443e+01   3.0016336e+01   3.0016229e+01   3.0016120e+01   3.0016011e+01   3.0015900e+01   3.0015790e+01   3.0015677e+01   3.0015564e+01   3.0015449e+01   3.0015334e+01   3.0015216e+01   3.0015098e+01   3.0014978e+01   3.0014857e+01   3.0014734e+01   3.0014611e+01   3.0014484e+01   3.0014357e+01   3.0014227e+01   3.0014097e+01   3.0013963e+01   3.0013829e+01   3.0013692e+01   3.0013554e+01   3.0013412e+01   3.0013270e+01   3.0013123e+01   3.0012977e+01   3.0012825e+01   3.0012673e+01   3.0012517e+01   3.0012360e+01   3.0012198e+01   3.0012036e+01   3.0011868e+01   3.0011699e+01   3.0011521e+01   3.0011342e+01   3.0011150e+01   3.0010957e+01   3.0010749e+01   3.0010540e+01   3.0010311e+01   3.0010082e+01   3.0009828e+01   3.0009574e+01   3.0009290e+01   3.0009006e+01   3.0008685e+01   3.0008364e+01   3.0008000e+01   3.0007636e+01   3.0007223e+01   3.0006809e+01   3.0006339e+01   3.0005868e+01   3.0005334e+01   3.0004800e+01   3.0004194e+01   3.0003587e+01   3.0002899e+01   3.0002212e+01   3.0001431e+01   3.0000650e+01   2.9999763e+01   2.9998876e+01   2.9997867e+01   2.9996858e+01   2.9995712e+01   2.9994566e+01   2.9993274e+01   2.9991981e+01   2.9990555e+01   2.9989130e+01   2.9987625e+01   2.9986121e+01
   3.0032532e+01   3.0032083e+01   3.0031648e+01   3.0031230e+01   3.0030832e+01   3.0030456e+01   3.0030102e+01   3.0029769e+01   3.0029459e+01   3.0029168e+01   3.0028897e+01   3.0028643e+01   3.0028406e+01   3.0028183e+01   3.0027975e+01   3.0027779e+01   3.0027594e+01   3.0027420e+01   3.0027255e+01   3.0027099e+01   3.0026951e+01   3.0026810e+01   3.0026676e+01   3.0026547e+01   3.0026423e+01   3.0026304e+01   3.0026188e+01   3.0026076e+01   3.0025967e+01   3.0025861e+01   3.0025756e+01   3.0025654e+01   3.0025553e+01   3.0025454e+01   3.0025356e+01   3.0025258e+01   3.0025162e+01   3.0025066e+01   3.0024970e+01   3.0024875e+01   3.0024780e+01   3.0024685e+01   3.0024591e+01   3.0024496e+01   3.0024402e+01   3.0024307e+01   3.0024213e+01   3.0024119e+01   3.0024024e+01   3.0023930e+01   3.0023836e+01   3.0023742e+01   3.0023648e+01   3.0023554e+01   3.0023460e+01   3.0023366e+01   3.0023272e+01   3.0023178e+01   3.0023084e+01   3.0022990e+01   3.0022896e+01   3.0022802e+01   3.0022708e+01   3.0022614e+01   3.0022520e+01   3.0022427e+01   3.0022333e+01   3.0022239e+01   3.0022145e+01   3.0022051e+01   3.0021957e+01   3.0021863e+01   3.0021770e+01   3.0021676e+01   3.0021582e+01   3.0021488e+01   3.0021394e+01   3.0021301e+01   3.0021207e+01   3.0021113e+01   3.0021019e+01   3.0020925e+01   3.0020832e+01   3.0020738e+01   3.0020644e+01   3.0020550e+01   3.0020456e+01   3.0020363e+01   3.0020269e+01   3.0020175e+01   3.0020081e+01   3.0019987e+01   3.0019894e+01   3.0019800e+01   3.0019706e+01   3.0019612e+01   3.0019518e+01   3.0019424e+01   3.0019330e+01   3.0019236e+01   3.0019142e+01   3.0019047e+01   3.0018953e+01   3.0018858e+01   3.0018764e+01   3.0018669e+01   3.0018574e+01   3.0018479e+01   3.0018384e+01   3.0018288e+01   3.0018193e+01   3.0018097e+01   3.0018001e+01   3.0017904e+01   3.0017808e+01   3.0017711e+01   3.0017614e+01   3.0017516e+01   3.0017418e+01   3.0017319e+01   3.0017221e+01   3.0017121e+01   3.0017022e+01   3.0016921e+01   3.0016821e+01   3.0016719e+01   3.0016618e+01   3.0016515e+01   3.0016412e+01   3.0016308e+01   3.0016204e+01   3.0016098e+01   3.0015993e+01   3.0015886e+01   3.0015779e+01   3.0015670e+01   3.0015561e+01   3.0015450e+01   3.0015340e+01   3.0015227e+01   3.0015114e+01   3.0014999e+01   3.0014883e+01   3.0014766e+01   3.0014648e+01   3.0014528e+01   3.0014407e+01   3.0014284e+01   3.0014160e+01   3.0014034e+01   3.0013907e+01   3.0013777e+01   3.0013647e+01   3.0013513e+01   3.0013379e+01   3.0013242e+01   3.0013104e+01   3.0012962e+01   3.0012820e+01   3.0012673e+01   3.0012527e+01   3.0012375e+01   3.0012224e+01   3.0012067e+01   3.0011910e+01   3.0011748e+01   3.0011586e+01   3.0011418e+01   3.0011250e+01   3.0011071e+01   3.0010892e+01   3.0010700e+01   3.0010508e+01   3.0010300e+01   3.0010091e+01   3.0009862e+01   3.0009633e+01   3.0009380e+01   3.0009126e+01   3.0008842e+01   3.0008557e+01   3.0008237e+01   3.0007916e+01   3.0007553e+01   3.0007189e+01   3.0006776e+01   3.0006362e+01   3.0005892e+01   3.0005422e+01   3.0004889e+01   3.0004355e+01   3.0003749e+01   3.0003143e+01   3.0002456e+01   3.0001769e+01   3.0000989e+01   3.0000210e+01   2.9999324e+01   2.9998438e+01   2.9997431e+01   2.9996423e+01   2.9995279e+01   2.9994135e+01   2.9992845e+01   2.9991555e+01   2.9990132e+01   2.9988708e+01   2.9987205e+01   2.9985702e+01
   3.0032129e+01   3.0031678e+01   3.0031241e+01   3.0030821e+01   3.0030421e+01   3.0030043e+01   3.0029687e+01   3.0029353e+01   3.0029040e+01   3.0028748e+01   3.0028475e+01   3.0028220e+01   3.0027982e+01   3.0027758e+01   3.0027548e+01   3.0027351e+01   3.0027165e+01   3.0026990e+01   3.0026824e+01   3.0026667e+01   3.0026518e+01   3.0026376e+01   3.0026241e+01   3.0026111e+01   3.0025987e+01   3.0025867e+01   3.0025750e+01   3.0025638e+01   3.0025528e+01   3.0025421e+01   3.0025316e+01   3.0025213e+01   3.0025112e+01   3.0025012e+01   3.0024913e+01   3.0024815e+01   3.0024718e+01   3.0024622e+01   3.0024526e+01   3.0024431e+01   3.0024335e+01   3.0024240e+01   3.0024145e+01   3.0024050e+01   3.0023956e+01   3.0023861e+01   3.0023766e+01   3.0023672e+01   3.0023578e+01   3.0023483e+01   3.0023389e+01   3.0023295e+01   3.0023200e+01   3.0023106e+01   3.0023012e+01   3.0022918e+01   3.0022824e+01   3.0022730e+01   3.0022636e+01   3.0022542e+01   3.0022448e+01   3.0022354e+01   3.0022260e+01   3.0022166e+01   3.0022073e+01   3.0021979e+01   3.0021885e+01   3.0021791e+01   3.0021697e+01   3.0021603e+01   3.0021509e+01   3.0021415e+01   3.0021321e+01   3.0021228e+01   3.0021134e+01   3.0021040e+01   3.0020946e+01   3.0020852e+01   3.0020758e+01   3.0020664e+01   3.0020571e+01   3.0020477e+01   3.0020383e+01   3.0020289e+01   3.0020195e+01   3.0020102e+01   3.0020008e+01   3.0019914e+01   3.0019820e+01   3.0019726e+01   3.0019632e+01   3.0019539e+01   3.0019445e+01   3.0019351e+01   3.0019257e+01   3.0019163e+01   3.0019069e+01   3.0018975e+01   3.0018881e+01   3.0018787e+01   3.0018693e+01   3.0018598e+01   3.0018504e+01   3.0018409e+01   3.0018315e+01   3.0018220e+01   3.0018125e+01   3.0018030e+01   3.0017935e+01   3.0017839e+01   3.0017743e+01   3.0017647e+01   3.0017551e+01   3.0017455e+01   3.0017358e+01   3.0017261e+01   3.0017164e+01   3.0017066e+01   3.0016968e+01   3.0016869e+01   3.0016771e+01   3.0016671e+01   3.0016572e+01   3.0016471e+01   3.0016371e+01   3.0016269e+01   3.0016168e+01   3.0016065e+01   3.0015962e+01   3.0015858e+01   3.0015754e+01   3.0015648e+01   3.0015543e+01   3.0015436e+01   3.0015329e+01   3.0015220e+01   3.0015111e+01   3.0015000e+01   3.0014889e+01   3.0014776e+01   3.0014663e+01   3.0014548e+01   3.0014433e+01   3.0014315e+01   3.0014198e+01   3.0014077e+01   3.0013957e+01   3.0013833e+01   3.0013710e+01   3.0013583e+01   3.0013457e+01   3.0013327e+01   3.0013197e+01   3.0013063e+01   3.0012929e+01   3.0012791e+01   3.0012654e+01   3.0012512e+01   3.0012370e+01   3.0012223e+01   3.0012077e+01   3.0011925e+01   3.0011774e+01   3.0011617e+01   3.0011461e+01   3.0011298e+01   3.0011136e+01   3.0010968e+01   3.0010800e+01   3.0010622e+01   3.0010443e+01   3.0010251e+01   3.0010059e+01   3.0009851e+01   3.0009642e+01   3.0009413e+01   3.0009185e+01   3.0008931e+01   3.0008677e+01   3.0008393e+01   3.0008109e+01   3.0007789e+01   3.0007469e+01   3.0007105e+01   3.0006742e+01   3.0006329e+01   3.0005916e+01   3.0005446e+01   3.0004977e+01   3.0004443e+01   3.0003910e+01   3.0003305e+01   3.0002700e+01   3.0002013e+01   3.0001327e+01   3.0000548e+01   2.9999769e+01   2.9998884e+01   2.9998000e+01   2.9996994e+01   2.9995988e+01   2.9994846e+01   2.9993704e+01   2.9992416e+01   2.9991128e+01   2.9989707e+01   2.9988287e+01   2.9986785e+01   2.9985284e+01
   3.0031726e+01   3.0031273e+01   3.0030833e+01   3.0030411e+01   3.0030010e+01   3.0029629e+01   3.0029271e+01   3.0028936e+01   3.0028622e+01   3.0028328e+01   3.0028054e+01   3.0027797e+01   3.0027557e+01   3.0027332e+01   3.0027121e+01   3.0026923e+01   3.0026736e+01   3.0026560e+01   3.0026393e+01   3.0026235e+01   3.0026085e+01   3.0025943e+01   3.0025806e+01   3.0025676e+01   3.0025551e+01   3.0025430e+01   3.0025313e+01   3.0025199e+01   3.0025089e+01   3.0024981e+01   3.0024875e+01   3.0024772e+01   3.0024670e+01   3.0024570e+01   3.0024470e+01   3.0024372e+01   3.0024275e+01   3.0024178e+01   3.0024082e+01   3.0023986e+01   3.0023890e+01   3.0023795e+01   3.0023700e+01   3.0023605e+01   3.0023510e+01   3.0023415e+01   3.0023320e+01   3.0023225e+01   3.0023131e+01   3.0023036e+01   3.0022942e+01   3.0022848e+01   3.0022753e+01   3.0022659e+01   3.0022565e+01   3.0022471e+01   3.0022377e+01   3.0022282e+01   3.0022188e+01   3.0022094e+01   3.0022000e+01   3.0021906e+01   3.0021812e+01   3.0021719e+01   3.0021625e+01   3.0021531e+01   3.0021437e+01   3.0021343e+01   3.0021249e+01   3.0021155e+01   3.0021061e+01   3.0020967e+01   3.0020873e+01   3.0020779e+01   3.0020685e+01   3.0020592e+01   3.0020498e+01   3.0020404e+01   3.0020310e+01   3.0020216e+01   3.0020122e+01   3.0020028e+01   3.0019934e+01   3.0019841e+01   3.0019747e+01   3.0019653e+01   3.0019559e+01   3.0019465e+01   3.0019371e+01   3.0019278e+01   3.0019184e+01   3.0019090e+01   3.0018996e+01   3.0018902e+01   3.0018808e+01   3.0018714e+01   3.0018620e+01   3.0018526e+01   3.0018432e+01   3.0018338e+01   3.0018243e+01   3.0018149e+01   3.0018055e+01   3.0017960e+01   3.0017865e+01   3.0017770e+01   3.0017676e+01   3.0017580e+01   3.0017485e+01   3.0017390e+01   3.0017294e+01   3.0017198e+01   3.0017102e+01   3.0017005e+01   3.0016909e+01   3.0016811e+01   3.0016714e+01   3.0016616e+01   3.0016518e+01   3.0016420e+01   3.0016321e+01   3.0016222e+01   3.0016122e+01   3.0016021e+01   3.0015921e+01   3.0015819e+01   3.0015718e+01   3.0015615e+01   3.0015512e+01   3.0015408e+01   3.0015304e+01   3.0015198e+01   3.0015093e+01   3.0014986e+01   3.0014878e+01   3.0014770e+01   3.0014661e+01   3.0014550e+01   3.0014439e+01   3.0014326e+01   3.0014213e+01   3.0014098e+01   3.0013983e+01   3.0013865e+01   3.0013747e+01   3.0013627e+01   3.0013506e+01   3.0013383e+01   3.0013260e+01   3.0013133e+01   3.0013006e+01   3.0012876e+01   3.0012746e+01   3.0012613e+01   3.0012479e+01   3.0012341e+01   3.0012203e+01   3.0012061e+01   3.0011919e+01   3.0011773e+01   3.0011627e+01   3.0011475e+01   3.0011324e+01   3.0011167e+01   3.0011011e+01   3.0010849e+01   3.0010687e+01   3.0010519e+01   3.0010351e+01   3.0010172e+01   3.0009994e+01   3.0009802e+01   3.0009610e+01   3.0009402e+01   3.0009193e+01   3.0008965e+01   3.0008736e+01   3.0008483e+01   3.0008229e+01   3.0007945e+01   3.0007661e+01   3.0007341e+01   3.0007021e+01   3.0006658e+01   3.0006295e+01   3.0005882e+01   3.0005469e+01   3.0005000e+01   3.0004531e+01   3.0003998e+01   3.0003465e+01   3.0002860e+01   3.0002256e+01   3.0001570e+01   3.0000884e+01   3.0000106e+01   2.9999328e+01   2.9998445e+01   2.9997561e+01   2.9996557e+01   2.9995553e+01   2.9994413e+01   2.9993272e+01   2.9991987e+01   2.9990701e+01   2.9989283e+01   2.9987865e+01   2.9986365e+01   2.9984865e+01
   3.0031322e+01   3.0030867e+01   3.0030426e+01   3.0030002e+01   3.0029598e+01   3.0029216e+01   3.0028856e+01   3.0028519e+01   3.0028203e+01   3.0027908e+01   3.0027632e+01   3.0027374e+01   3.0027133e+01   3.0026907e+01   3.0026695e+01   3.0026495e+01   3.0026307e+01   3.0026130e+01   3.0025962e+01   3.0025803e+01   3.0025652e+01   3.0025509e+01   3.0025372e+01   3.0025240e+01   3.0025114e+01   3.0024992e+01   3.0024875e+01   3.0024761e+01   3.0024649e+01   3.0024541e+01   3.0024435e+01   3.0024331e+01   3.0024228e+01   3.0024127e+01   3.0024028e+01   3.0023929e+01   3.0023831e+01   3.0023734e+01   3.0023638e+01   3.0023541e+01   3.0023445e+01   3.0023350e+01   3.0023254e+01   3.0023159e+01   3.0023064e+01   3.0022969e+01   3.0022874e+01   3.0022779e+01   3.0022684e+01   3.0022590e+01   3.0022495e+01   3.0022401e+01   3.0022306e+01   3.0022212e+01   3.0022118e+01   3.0022024e+01   3.0021929e+01   3.0021835e+01   3.0021741e+01   3.0021647e+01   3.0021553e+01   3.0021459e+01   3.0021365e+01   3.0021271e+01   3.0021177e+01   3.0021083e+01   3.0020989e+01   3.0020895e+01   3.0020801e+01   3.0020707e+01   3.0020613e+01   3.0020519e+01   3.0020425e+01   3.0020331e+01   3.0020237e+01   3.0020143e+01   3.0020049e+01   3.0019955e+01   3.0019862e+01   3.0019768e+01   3.0019674e+01   3.0019580e+01   3.0019486e+01   3.0019392e+01   3.0019298e+01   3.0019204e+01   3.0019110e+01   3.0019017e+01   3.0018923e+01   3.0018829e+01   3.0018735e+01   3.0018641e+01   3.0018547e+01   3.0018453e+01   3.0018359e+01   3.0018265e+01   3.0018171e+01   3.0018077e+01   3.0017983e+01   3.0017889e+01   3.0017794e+01   3.0017700e+01   3.0017605e+01   3.0017511e+01   3.0017416e+01   3.0017321e+01   3.0017226e+01   3.0017131e+01   3.0017036e+01   3.0016940e+01   3.0016844e+01   3.0016748e+01   3.0016652e+01   3.0016556e+01   3.0016459e+01   3.0016362e+01   3.0016265e+01   3.0016167e+01   3.0016069e+01   3.0015970e+01   3.0015871e+01   3.0015772e+01   3.0015672e+01   3.0015572e+01   3.0015471e+01   3.0015369e+01   3.0015268e+01   3.0015165e+01   3.0015062e+01   3.0014958e+01   3.0014854e+01   3.0014748e+01   3.0014643e+01   3.0014536e+01   3.0014428e+01   3.0014319e+01   3.0014211e+01   3.0014100e+01   3.0013989e+01   3.0013876e+01   3.0013763e+01   3.0013648e+01   3.0013532e+01   3.0013415e+01   3.0013297e+01   3.0013176e+01   3.0013056e+01   3.0012933e+01   3.0012809e+01   3.0012683e+01   3.0012556e+01   3.0012426e+01   3.0012296e+01   3.0012162e+01   3.0012029e+01   3.0011891e+01   3.0011753e+01   3.0011611e+01   3.0011469e+01   3.0011323e+01   3.0011176e+01   3.0011025e+01   3.0010874e+01   3.0010717e+01   3.0010561e+01   3.0010399e+01   3.0010237e+01   3.0010069e+01   3.0009901e+01   3.0009723e+01   3.0009544e+01   3.0009353e+01   3.0009161e+01   3.0008953e+01   3.0008744e+01   3.0008516e+01   3.0008287e+01   3.0008034e+01   3.0007781e+01   3.0007497e+01   3.0007213e+01   3.0006893e+01   3.0006573e+01   3.0006210e+01   3.0005847e+01   3.0005435e+01   3.0005023e+01   3.0004554e+01   3.0004085e+01   3.0003552e+01   3.0003020e+01   3.0002416e+01   3.0001812e+01   3.0001127e+01   3.0000442e+01   2.9999665e+01   2.9998888e+01   2.9998005e+01   2.9997123e+01   2.9996120e+01   2.9995117e+01   2.9993979e+01   2.9992840e+01   2.9991557e+01   2.9990274e+01   2.9988858e+01   2.9987442e+01   2.9985944e+01   2.9984446e+01
   3.0030919e+01   3.0030462e+01   3.0030019e+01   3.0029593e+01   3.0029187e+01   3.0028803e+01   3.0028441e+01   3.0028102e+01   3.0027785e+01   3.0027488e+01   3.0027211e+01   3.0026951e+01   3.0026709e+01   3.0026481e+01   3.0026268e+01   3.0026067e+01   3.0025878e+01   3.0025700e+01   3.0025531e+01   3.0025371e+01   3.0025219e+01   3.0025075e+01   3.0024937e+01   3.0024805e+01   3.0024678e+01   3.0024555e+01   3.0024437e+01   3.0024322e+01   3.0024210e+01   3.0024101e+01   3.0023994e+01   3.0023889e+01   3.0023787e+01   3.0023685e+01   3.0023585e+01   3.0023486e+01   3.0023388e+01   3.0023290e+01   3.0023193e+01   3.0023097e+01   3.0023000e+01   3.0022904e+01   3.0022809e+01   3.0022713e+01   3.0022618e+01   3.0022523e+01   3.0022427e+01   3.0022332e+01   3.0022238e+01   3.0022143e+01   3.0022048e+01   3.0021954e+01   3.0021859e+01   3.0021765e+01   3.0021670e+01   3.0021576e+01   3.0021482e+01   3.0021388e+01   3.0021293e+01   3.0021199e+01   3.0021105e+01   3.0021011e+01   3.0020917e+01   3.0020823e+01   3.0020729e+01   3.0020635e+01   3.0020541e+01   3.0020447e+01   3.0020353e+01   3.0020259e+01   3.0020165e+01   3.0020071e+01   3.0019977e+01   3.0019883e+01   3.0019789e+01   3.0019695e+01   3.0019601e+01   3.0019507e+01   3.0019413e+01   3.0019319e+01   3.0019225e+01   3.0019131e+01   3.0019037e+01   3.0018944e+01   3.0018850e+01   3.0018756e+01   3.0018662e+01   3.0018568e+01   3.0018474e+01   3.0018380e+01   3.0018286e+01   3.0018192e+01   3.0018098e+01   3.0018004e+01   3.0017910e+01   3.0017816e+01   3.0017722e+01   3.0017628e+01   3.0017534e+01   3.0017440e+01   3.0017345e+01   3.0017251e+01   3.0017156e+01   3.0017062e+01   3.0016967e+01   3.0016872e+01   3.0016777e+01   3.0016682e+01   3.0016586e+01   3.0016491e+01   3.0016395e+01   3.0016299e+01   3.0016203e+01   3.0016106e+01   3.0016010e+01   3.0015912e+01   3.0015815e+01   3.0015717e+01   3.0015619e+01   3.0015520e+01   3.0015422e+01   3.0015322e+01   3.0015222e+01   3.0015122e+01   3.0015021e+01   3.0014920e+01   3.0014818e+01   3.0014715e+01   3.0014612e+01   3.0014508e+01   3.0014404e+01   3.0014298e+01   3.0014193e+01   3.0014085e+01   3.0013978e+01   3.0013869e+01   3.0013760e+01   3.0013649e+01   3.0013539e+01   3.0013426e+01   3.0013313e+01   3.0013197e+01   3.0013082e+01   3.0012964e+01   3.0012847e+01   3.0012726e+01   3.0012606e+01   3.0012482e+01   3.0012359e+01   3.0012232e+01   3.0012106e+01   3.0011976e+01   3.0011846e+01   3.0011712e+01   3.0011578e+01   3.0011441e+01   3.0011303e+01   3.0011161e+01   3.0011019e+01   3.0010873e+01   3.0010726e+01   3.0010575e+01   3.0010424e+01   3.0010268e+01   3.0010111e+01   3.0009949e+01   3.0009787e+01   3.0009620e+01   3.0009452e+01   3.0009273e+01   3.0009095e+01   3.0008903e+01   3.0008712e+01   3.0008504e+01   3.0008295e+01   3.0008067e+01   3.0007839e+01   3.0007585e+01   3.0007332e+01   3.0007049e+01   3.0006765e+01   3.0006446e+01   3.0006126e+01   3.0005763e+01   3.0005400e+01   3.0004988e+01   3.0004576e+01   3.0004108e+01   3.0003639e+01   3.0003107e+01   3.0002575e+01   3.0001972e+01   3.0001368e+01   3.0000684e+01   3.0000000e+01   2.9999223e+01   2.9998447e+01   2.9997566e+01   2.9996685e+01   2.9995683e+01   2.9994682e+01   2.9993545e+01   2.9992409e+01   2.9991128e+01   2.9989847e+01   2.9988433e+01   2.9987020e+01   2.9985523e+01   2.9984027e+01
   3.0030516e+01   3.0030057e+01   3.0029611e+01   3.0029183e+01   3.0028776e+01   3.0028390e+01   3.0028026e+01   3.0027685e+01   3.0027366e+01   3.0027068e+01   3.0026789e+01   3.0026528e+01   3.0026284e+01   3.0026056e+01   3.0025841e+01   3.0025639e+01   3.0025449e+01   3.0025269e+01   3.0025100e+01   3.0024939e+01   3.0024786e+01   3.0024641e+01   3.0024502e+01   3.0024369e+01   3.0024241e+01   3.0024118e+01   3.0023999e+01   3.0023883e+01   3.0023770e+01   3.0023661e+01   3.0023553e+01   3.0023448e+01   3.0023344e+01   3.0023243e+01   3.0023142e+01   3.0023042e+01   3.0022944e+01   3.0022846e+01   3.0022749e+01   3.0022652e+01   3.0022555e+01   3.0022459e+01   3.0022363e+01   3.0022267e+01   3.0022172e+01   3.0022076e+01   3.0021981e+01   3.0021886e+01   3.0021791e+01   3.0021696e+01   3.0021601e+01   3.0021507e+01   3.0021412e+01   3.0021318e+01   3.0021223e+01   3.0021129e+01   3.0021034e+01   3.0020940e+01   3.0020846e+01   3.0020751e+01   3.0020657e+01   3.0020563e+01   3.0020469e+01   3.0020375e+01   3.0020281e+01   3.0020187e+01   3.0020093e+01   3.0019999e+01   3.0019905e+01   3.0019811e+01   3.0019717e+01   3.0019623e+01   3.0019529e+01   3.0019435e+01   3.0019341e+01   3.0019247e+01   3.0019153e+01   3.0019059e+01   3.0018965e+01   3.0018871e+01   3.0018777e+01   3.0018683e+01   3.0018589e+01   3.0018495e+01   3.0018401e+01   3.0018307e+01   3.0018213e+01   3.0018119e+01   3.0018025e+01   3.0017931e+01   3.0017837e+01   3.0017743e+01   3.0017649e+01   3.0017555e+01   3.0017461e+01   3.0017367e+01   3.0017273e+01   3.0017179e+01   3.0017085e+01   3.0016990e+01   3.0016896e+01   3.0016802e+01   3.0016707e+01   3.0016612e+01   3.0016518e+01   3.0016423e+01   3.0016328e+01   3.0016232e+01   3.0016137e+01   3.0016041e+01   3.0015946e+01   3.0015849e+01   3.0015753e+01   3.0015657e+01   3.0015560e+01   3.0015463e+01   3.0015365e+01   3.0015267e+01   3.0015169e+01   3.0015071e+01   3.0014972e+01   3.0014872e+01   3.0014772e+01   3.0014672e+01   3.0014571e+01   3.0014470e+01   3.0014368e+01   3.0014265e+01   3.0014162e+01   3.0014058e+01   3.0013954e+01   3.0013848e+01   3.0013743e+01   3.0013635e+01   3.0013528e+01   3.0013419e+01   3.0013310e+01   3.0013199e+01   3.0013088e+01   3.0012975e+01   3.0012863e+01   3.0012747e+01   3.0012632e+01   3.0012514e+01   3.0012396e+01   3.0012276e+01   3.0012155e+01   3.0012032e+01   3.0011909e+01   3.0011782e+01   3.0011655e+01   3.0011526e+01   3.0011396e+01   3.0011262e+01   3.0011128e+01   3.0010991e+01   3.0010853e+01   3.0010711e+01   3.0010569e+01   3.0010423e+01   3.0010277e+01   3.0010125e+01   3.0009974e+01   3.0009818e+01   3.0009661e+01   3.0009500e+01   3.0009338e+01   3.0009170e+01   3.0009002e+01   3.0008824e+01   3.0008646e+01   3.0008454e+01   3.0008263e+01   3.0008055e+01   3.0007846e+01   3.0007618e+01   3.0007390e+01   3.0007137e+01   3.0006884e+01   3.0006601e+01   3.0006317e+01   3.0005998e+01   3.0005678e+01   3.0005316e+01   3.0004953e+01   3.0004541e+01   3.0004129e+01   3.0003661e+01   3.0003193e+01   3.0002662e+01   3.0002130e+01   3.0001527e+01   3.0000924e+01   3.0000241e+01   2.9999557e+01   2.9998782e+01   2.9998007e+01   2.9997127e+01   2.9996247e+01   2.9995247e+01   2.9994247e+01   2.9993112e+01   2.9991977e+01   2.9990698e+01   2.9989419e+01   2.9988008e+01   2.9986597e+01   2.9985103e+01   2.9983609e+01
   3.0030112e+01   3.0029651e+01   3.0029204e+01   3.0028774e+01   3.0028364e+01   3.0027976e+01   3.0027611e+01   3.0027269e+01   3.0026948e+01   3.0026648e+01   3.0026368e+01   3.0026105e+01   3.0025860e+01   3.0025630e+01   3.0025414e+01   3.0025211e+01   3.0025020e+01   3.0024839e+01   3.0024669e+01   3.0024507e+01   3.0024353e+01   3.0024207e+01   3.0024067e+01   3.0023933e+01   3.0023805e+01   3.0023681e+01   3.0023561e+01   3.0023444e+01   3.0023331e+01   3.0023221e+01   3.0023113e+01   3.0023007e+01   3.0022903e+01   3.0022800e+01   3.0022699e+01   3.0022599e+01   3.0022500e+01   3.0022402e+01   3.0022304e+01   3.0022207e+01   3.0022110e+01   3.0022013e+01   3.0021917e+01   3.0021821e+01   3.0021725e+01   3.0021630e+01   3.0021534e+01   3.0021439e+01   3.0021344e+01   3.0021249e+01   3.0021154e+01   3.0021059e+01   3.0020965e+01   3.0020870e+01   3.0020776e+01   3.0020681e+01   3.0020587e+01   3.0020492e+01   3.0020398e+01   3.0020303e+01   3.0020209e+01   3.0020115e+01   3.0020021e+01   3.0019927e+01   3.0019833e+01   3.0019739e+01   3.0019645e+01   3.0019551e+01   3.0019457e+01   3.0019363e+01   3.0019269e+01   3.0019175e+01   3.0019081e+01   3.0018987e+01   3.0018893e+01   3.0018799e+01   3.0018705e+01   3.0018611e+01   3.0018517e+01   3.0018423e+01   3.0018329e+01   3.0018235e+01   3.0018141e+01   3.0018047e+01   3.0017953e+01   3.0017859e+01   3.0017765e+01   3.0017671e+01   3.0017577e+01   3.0017483e+01   3.0017389e+01   3.0017295e+01   3.0017201e+01   3.0017106e+01   3.0017012e+01   3.0016918e+01   3.0016824e+01   3.0016730e+01   3.0016636e+01   3.0016541e+01   3.0016447e+01   3.0016352e+01   3.0016258e+01   3.0016163e+01   3.0016068e+01   3.0015973e+01   3.0015878e+01   3.0015783e+01   3.0015688e+01   3.0015592e+01   3.0015496e+01   3.0015400e+01   3.0015304e+01   3.0015207e+01   3.0015110e+01   3.0015013e+01   3.0014916e+01   3.0014818e+01   3.0014720e+01   3.0014621e+01   3.0014522e+01   3.0014422e+01   3.0014323e+01   3.0014222e+01   3.0014121e+01   3.0014020e+01   3.0013918e+01   3.0013815e+01   3.0013712e+01   3.0013608e+01   3.0013504e+01   3.0013398e+01   3.0013293e+01   3.0013185e+01   3.0013078e+01   3.0012969e+01   3.0012860e+01   3.0012749e+01   3.0012638e+01   3.0012525e+01   3.0012412e+01   3.0012297e+01   3.0012182e+01   3.0012064e+01   3.0011946e+01   3.0011826e+01   3.0011705e+01   3.0011582e+01   3.0011458e+01   3.0011332e+01   3.0011205e+01   3.0011075e+01   3.0010945e+01   3.0010812e+01   3.0010678e+01   3.0010540e+01   3.0010403e+01   3.0010261e+01   3.0010119e+01   3.0009973e+01   3.0009827e+01   3.0009675e+01   3.0009524e+01   3.0009368e+01   3.0009212e+01   3.0009050e+01   3.0008888e+01   3.0008721e+01   3.0008553e+01   3.0008375e+01   3.0008196e+01   3.0008005e+01   3.0007813e+01   3.0007605e+01   3.0007398e+01   3.0007169e+01   3.0006941e+01   3.0006688e+01   3.0006435e+01   3.0006152e+01   3.0005869e+01   3.0005550e+01   3.0005230e+01   3.0004868e+01   3.0004506e+01   3.0004095e+01   3.0003683e+01   3.0003215e+01   3.0002748e+01   3.0002217e+01   3.0001685e+01   3.0001083e+01   3.0000481e+01   2.9999798e+01   2.9999115e+01   2.9998341e+01   2.9997566e+01   2.9996687e+01   2.9995808e+01   2.9994810e+01   2.9993811e+01   2.9992678e+01   2.9991545e+01   2.9990268e+01   2.9988992e+01   2.9987583e+01   2.9986175e+01   2.9984682e+01   2.9983190e+01
   3.0029709e+01   3.0029246e+01   3.0028796e+01   3.0028364e+01   3.0027953e+01   3.0027563e+01   3.0027196e+01   3.0026852e+01   3.0026529e+01   3.0026228e+01   3.0025946e+01   3.0025682e+01   3.0025436e+01   3.0025204e+01   3.0024987e+01   3.0024783e+01   3.0024591e+01   3.0024409e+01   3.0024238e+01   3.0024075e+01   3.0023920e+01   3.0023773e+01   3.0023633e+01   3.0023498e+01   3.0023368e+01   3.0023244e+01   3.0023123e+01   3.0023006e+01   3.0022892e+01   3.0022781e+01   3.0022672e+01   3.0022566e+01   3.0022461e+01   3.0022358e+01   3.0022256e+01   3.0022156e+01   3.0022056e+01   3.0021958e+01   3.0021860e+01   3.0021762e+01   3.0021665e+01   3.0021568e+01   3.0021472e+01   3.0021375e+01   3.0021279e+01   3.0021184e+01   3.0021088e+01   3.0020993e+01   3.0020897e+01   3.0020802e+01   3.0020707e+01   3.0020612e+01   3.0020518e+01   3.0020423e+01   3.0020328e+01   3.0020234e+01   3.0020139e+01   3.0020045e+01   3.0019950e+01   3.0019856e+01   3.0019761e+01   3.0019667e+01   3.0019573e+01   3.0019479e+01   3.0019385e+01   3.0019291e+01   3.0019197e+01   3.0019103e+01   3.0019009e+01   3.0018915e+01   3.0018820e+01   3.0018726e+01   3.0018632e+01   3.0018538e+01   3.0018444e+01   3.0018350e+01   3.0018256e+01   3.0018162e+01   3.0018068e+01   3.0017974e+01   3.0017880e+01   3.0017786e+01   3.0017692e+01   3.0017598e+01   3.0017504e+01   3.0017410e+01   3.0017316e+01   3.0017222e+01   3.0017128e+01   3.0017034e+01   3.0016940e+01   3.0016846e+01   3.0016752e+01   3.0016658e+01   3.0016564e+01   3.0016469e+01   3.0016375e+01   3.0016281e+01   3.0016187e+01   3.0016092e+01   3.0015998e+01   3.0015903e+01   3.0015809e+01   3.0015714e+01   3.0015619e+01   3.0015524e+01   3.0015429e+01   3.0015334e+01   3.0015238e+01   3.0015143e+01   3.0015047e+01   3.0014950e+01   3.0014854e+01   3.0014757e+01   3.0014661e+01   3.0014563e+01   3.0014466e+01   3.0014368e+01   3.0014270e+01   3.0014171e+01   3.0014072e+01   3.0013972e+01   3.0013873e+01   3.0013772e+01   3.0013671e+01   3.0013570e+01   3.0013468e+01   3.0013365e+01   3.0013262e+01   3.0013158e+01   3.0013054e+01   3.0012948e+01   3.0012842e+01   3.0012735e+01   3.0012628e+01   3.0012519e+01   3.0012410e+01   3.0012299e+01   3.0012188e+01   3.0012075e+01   3.0011962e+01   3.0011847e+01   3.0011731e+01   3.0011614e+01   3.0011496e+01   3.0011375e+01   3.0011255e+01   3.0011132e+01   3.0011008e+01   3.0010882e+01   3.0010755e+01   3.0010625e+01   3.0010495e+01   3.0010361e+01   3.0010228e+01   3.0010090e+01   3.0009953e+01   3.0009811e+01   3.0009669e+01   3.0009523e+01   3.0009377e+01   3.0009225e+01   3.0009074e+01   3.0008918e+01   3.0008762e+01   3.0008600e+01   3.0008438e+01   3.0008271e+01   3.0008104e+01   3.0007925e+01   3.0007747e+01   3.0007556e+01   3.0007364e+01   3.0007157e+01   3.0006949e+01   3.0006721e+01   3.0006493e+01   3.0006240e+01   3.0005987e+01   3.0005704e+01   3.0005421e+01   3.0005102e+01   3.0004783e+01   3.0004421e+01   3.0004059e+01   3.0003648e+01   3.0003236e+01   3.0002769e+01   3.0002302e+01   3.0001771e+01   3.0001241e+01   3.0000639e+01   3.0000037e+01   2.9999355e+01   2.9998673e+01   2.9997899e+01   2.9997126e+01   2.9996248e+01   2.9995370e+01   2.9994373e+01   2.9993376e+01   2.9992244e+01   2.9991113e+01   2.9989839e+01   2.9988564e+01   2.9987158e+01   2.9985752e+01   2.9984261e+01   2.9982771e+01
   3.0029306e+01   3.0028841e+01   3.0028389e+01   3.0027955e+01   3.0027542e+01   3.0027150e+01   3.0026781e+01   3.0026435e+01   3.0026111e+01   3.0025808e+01   3.0025525e+01   3.0025260e+01   3.0025011e+01   3.0024779e+01   3.0024561e+01   3.0024355e+01   3.0024162e+01   3.0023979e+01   3.0023806e+01   3.0023643e+01   3.0023487e+01   3.0023339e+01   3.0023198e+01   3.0023062e+01   3.0022932e+01   3.0022807e+01   3.0022685e+01   3.0022567e+01   3.0022453e+01   3.0022341e+01   3.0022232e+01   3.0022125e+01   3.0022019e+01   3.0021916e+01   3.0021814e+01   3.0021713e+01   3.0021613e+01   3.0021514e+01   3.0021415e+01   3.0021317e+01   3.0021220e+01   3.0021123e+01   3.0021026e+01   3.0020930e+01   3.0020833e+01   3.0020737e+01   3.0020642e+01   3.0020546e+01   3.0020451e+01   3.0020355e+01   3.0020260e+01   3.0020165e+01   3.0020070e+01   3.0019976e+01   3.0019881e+01   3.0019786e+01   3.0019692e+01   3.0019597e+01   3.0019503e+01   3.0019408e+01   3.0019314e+01   3.0019219e+01   3.0019125e+01   3.0019031e+01   3.0018937e+01   3.0018843e+01   3.0018749e+01   3.0018655e+01   3.0018560e+01   3.0018466e+01   3.0018372e+01   3.0018278e+01   3.0018184e+01   3.0018090e+01   3.0017996e+01   3.0017902e+01   3.0017808e+01   3.0017714e+01   3.0017620e+01   3.0017526e+01   3.0017432e+01   3.0017338e+01   3.0017244e+01   3.0017150e+01   3.0017055e+01   3.0016961e+01   3.0016867e+01   3.0016773e+01   3.0016679e+01   3.0016585e+01   3.0016491e+01   3.0016397e+01   3.0016303e+01   3.0016209e+01   3.0016115e+01   3.0016021e+01   3.0015926e+01   3.0015832e+01   3.0015738e+01   3.0015643e+01   3.0015549e+01   3.0015454e+01   3.0015360e+01   3.0015265e+01   3.0015170e+01   3.0015075e+01   3.0014980e+01   3.0014884e+01   3.0014789e+01   3.0014693e+01   3.0014597e+01   3.0014501e+01   3.0014405e+01   3.0014308e+01   3.0014211e+01   3.0014114e+01   3.0014016e+01   3.0013918e+01   3.0013820e+01   3.0013721e+01   3.0013622e+01   3.0013523e+01   3.0013423e+01   3.0013322e+01   3.0013221e+01   3.0013120e+01   3.0013018e+01   3.0012915e+01   3.0012812e+01   3.0012708e+01   3.0012604e+01   3.0012498e+01   3.0012392e+01   3.0012285e+01   3.0012178e+01   3.0012069e+01   3.0011960e+01   3.0011849e+01   3.0011738e+01   3.0011625e+01   3.0011512e+01   3.0011396e+01   3.0011281e+01   3.0011163e+01   3.0011046e+01   3.0010925e+01   3.0010805e+01   3.0010681e+01   3.0010558e+01   3.0010431e+01   3.0010305e+01   3.0010175e+01   3.0010045e+01   3.0009911e+01   3.0009778e+01   3.0009640e+01   3.0009503e+01   3.0009361e+01   3.0009219e+01   3.0009073e+01   3.0008927e+01   3.0008775e+01   3.0008624e+01   3.0008468e+01   3.0008312e+01   3.0008151e+01   3.0007989e+01   3.0007822e+01   3.0007654e+01   3.0007476e+01   3.0007298e+01   3.0007107e+01   3.0006915e+01   3.0006708e+01   3.0006500e+01   3.0006272e+01   3.0006044e+01   3.0005791e+01   3.0005539e+01   3.0005256e+01   3.0004973e+01   3.0004654e+01   3.0004335e+01   3.0003973e+01   3.0003612e+01   3.0003201e+01   3.0002790e+01   3.0002323e+01   3.0001856e+01   3.0001326e+01   3.0000796e+01   3.0000195e+01   2.9999593e+01   2.9998912e+01   2.9998231e+01   2.9997458e+01   2.9996685e+01   2.9995809e+01   2.9994932e+01   2.9993936e+01   2.9992940e+01   2.9991811e+01   2.9990681e+01   2.9989409e+01   2.9988136e+01   2.9986733e+01   2.9985329e+01   2.9983840e+01   2.9982352e+01
   3.0028903e+01   3.0028435e+01   3.0027982e+01   3.0027546e+01   3.0027130e+01   3.0026737e+01   3.0026366e+01   3.0026018e+01   3.0025692e+01   3.0025388e+01   3.0025103e+01   3.0024837e+01   3.0024587e+01   3.0024353e+01   3.0024134e+01   3.0023927e+01   3.0023733e+01   3.0023549e+01   3.0023375e+01   3.0023211e+01   3.0023054e+01   3.0022905e+01   3.0022763e+01   3.0022627e+01   3.0022496e+01   3.0022369e+01   3.0022247e+01   3.0022129e+01   3.0022013e+01   3.0021901e+01   3.0021791e+01   3.0021683e+01   3.0021578e+01   3.0021474e+01   3.0021371e+01   3.0021270e+01   3.0021169e+01   3.0021070e+01   3.0020971e+01   3.0020873e+01   3.0020775e+01   3.0020678e+01   3.0020580e+01   3.0020484e+01   3.0020387e+01   3.0020291e+01   3.0020195e+01   3.0020099e+01   3.0020004e+01   3.0019908e+01   3.0019813e+01   3.0019718e+01   3.0019623e+01   3.0019528e+01   3.0019434e+01   3.0019339e+01   3.0019244e+01   3.0019150e+01   3.0019055e+01   3.0018961e+01   3.0018866e+01   3.0018772e+01   3.0018677e+01   3.0018583e+01   3.0018489e+01   3.0018395e+01   3.0018301e+01   3.0018207e+01   3.0018112e+01   3.0018018e+01   3.0017924e+01   3.0017830e+01   3.0017736e+01   3.0017642e+01   3.0017548e+01   3.0017454e+01   3.0017359e+01   3.0017265e+01   3.0017171e+01   3.0017077e+01   3.0016983e+01   3.0016889e+01   3.0016795e+01   3.0016701e+01   3.0016607e+01   3.0016513e+01   3.0016419e+01   3.0016325e+01   3.0016231e+01   3.0016136e+01   3.0016042e+01   3.0015948e+01   3.0015854e+01   3.0015760e+01   3.0015666e+01   3.0015572e+01   3.0015477e+01   3.0015383e+01   3.0015289e+01   3.0015194e+01   3.0015100e+01   3.0015005e+01   3.0014910e+01   3.0014816e+01   3.0014721e+01   3.0014626e+01   3.0014530e+01   3.0014435e+01   3.0014340e+01   3.0014244e+01   3.0014148e+01   3.0014052e+01   3.0013955e+01   3.0013858e+01   3.0013762e+01   3.0013664e+01   3.0013567e+01   3.0013469e+01   3.0013370e+01   3.0013272e+01   3.0013173e+01   3.0013073e+01   3.0012973e+01   3.0012872e+01   3.0012772e+01   3.0012670e+01   3.0012568e+01   3.0012465e+01   3.0012362e+01   3.0012258e+01   3.0012153e+01   3.0012048e+01   3.0011942e+01   3.0011835e+01   3.0011727e+01   3.0011618e+01   3.0011509e+01   3.0011398e+01   3.0011287e+01   3.0011174e+01   3.0011061e+01   3.0010946e+01   3.0010831e+01   3.0010713e+01   3.0010595e+01   3.0010475e+01   3.0010354e+01   3.0010231e+01   3.0010108e+01   3.0009981e+01   3.0009854e+01   3.0009725e+01   3.0009595e+01   3.0009461e+01   3.0009327e+01   3.0009190e+01   3.0009052e+01   3.0008911e+01   3.0008769e+01   3.0008623e+01   3.0008477e+01   3.0008326e+01   3.0008175e+01   3.0008018e+01   3.0007862e+01   3.0007701e+01   3.0007539e+01   3.0007372e+01   3.0007205e+01   3.0007027e+01   3.0006849e+01   3.0006657e+01   3.0006466e+01   3.0006259e+01   3.0006051e+01   3.0005823e+01   3.0005595e+01   3.0005343e+01   3.0005090e+01   3.0004808e+01   3.0004525e+01   3.0004206e+01   3.0003888e+01   3.0003526e+01   3.0003165e+01   3.0002754e+01   3.0002343e+01   3.0001877e+01   3.0001410e+01   3.0000881e+01   3.0000351e+01   2.9999750e+01   2.9999150e+01   2.9998469e+01   2.9997789e+01   2.9997017e+01   2.9996245e+01   2.9995370e+01   2.9994494e+01   2.9993500e+01   2.9992505e+01   2.9991377e+01   2.9990249e+01   2.9988979e+01   2.9987709e+01   2.9986307e+01   2.9984905e+01   2.9983419e+01   2.9981934e+01
   3.0028499e+01   3.0028030e+01   3.0027574e+01   3.0027136e+01   3.0026719e+01   3.0026324e+01   3.0025951e+01   3.0025601e+01   3.0025274e+01   3.0024968e+01   3.0024681e+01   3.0024414e+01   3.0024163e+01   3.0023928e+01   3.0023707e+01   3.0023499e+01   3.0023304e+01   3.0023119e+01   3.0022944e+01   3.0022779e+01   3.0022621e+01   3.0022472e+01   3.0022328e+01   3.0022191e+01   3.0022059e+01   3.0021932e+01   3.0021809e+01   3.0021690e+01   3.0021574e+01   3.0021461e+01   3.0021351e+01   3.0021242e+01   3.0021136e+01   3.0021031e+01   3.0020928e+01   3.0020827e+01   3.0020726e+01   3.0020626e+01   3.0020527e+01   3.0020428e+01   3.0020330e+01   3.0020232e+01   3.0020135e+01   3.0020038e+01   3.0019941e+01   3.0019845e+01   3.0019749e+01   3.0019653e+01   3.0019557e+01   3.0019462e+01   3.0019366e+01   3.0019271e+01   3.0019176e+01   3.0019081e+01   3.0018986e+01   3.0018891e+01   3.0018797e+01   3.0018702e+01   3.0018607e+01   3.0018513e+01   3.0018418e+01   3.0018324e+01   3.0018230e+01   3.0018135e+01   3.0018041e+01   3.0017947e+01   3.0017853e+01   3.0017758e+01   3.0017664e+01   3.0017570e+01   3.0017476e+01   3.0017382e+01   3.0017288e+01   3.0017193e+01   3.0017099e+01   3.0017005e+01   3.0016911e+01   3.0016817e+01   3.0016723e+01   3.0016629e+01   3.0016535e+01   3.0016440e+01   3.0016346e+01   3.0016252e+01   3.0016158e+01   3.0016064e+01   3.0015970e+01   3.0015876e+01   3.0015782e+01   3.0015688e+01   3.0015594e+01   3.0015499e+01   3.0015405e+01   3.0015311e+01   3.0015217e+01   3.0015123e+01   3.0015028e+01   3.0014934e+01   3.0014840e+01   3.0014745e+01   3.0014651e+01   3.0014556e+01   3.0014461e+01   3.0014366e+01   3.0014272e+01   3.0014176e+01   3.0014081e+01   3.0013986e+01   3.0013890e+01   3.0013794e+01   3.0013698e+01   3.0013602e+01   3.0013506e+01   3.0013409e+01   3.0013312e+01   3.0013215e+01   3.0013117e+01   3.0013019e+01   3.0012921e+01   3.0012822e+01   3.0012723e+01   3.0012623e+01   3.0012523e+01   3.0012422e+01   3.0012322e+01   3.0012220e+01   3.0012118e+01   3.0012015e+01   3.0011912e+01   3.0011808e+01   3.0011703e+01   3.0011598e+01   3.0011492e+01   3.0011384e+01   3.0011277e+01   3.0011168e+01   3.0011059e+01   3.0010948e+01   3.0010837e+01   3.0010724e+01   3.0010611e+01   3.0010496e+01   3.0010380e+01   3.0010263e+01   3.0010145e+01   3.0010024e+01   3.0009904e+01   3.0009781e+01   3.0009657e+01   3.0009531e+01   3.0009404e+01   3.0009274e+01   3.0009144e+01   3.0009011e+01   3.0008877e+01   3.0008740e+01   3.0008602e+01   3.0008460e+01   3.0008319e+01   3.0008173e+01   3.0008027e+01   3.0007876e+01   3.0007725e+01   3.0007569e+01   3.0007413e+01   3.0007251e+01   3.0007090e+01   3.0006922e+01   3.0006755e+01   3.0006577e+01   3.0006399e+01   3.0006208e+01   3.0006017e+01   3.0005810e+01   3.0005602e+01   3.0005375e+01   3.0005147e+01   3.0004895e+01   3.0004642e+01   3.0004360e+01   3.0004077e+01   3.0003759e+01   3.0003440e+01   3.0003079e+01   3.0002718e+01   3.0002307e+01   3.0001897e+01   3.0001431e+01   3.0000965e+01   3.0000435e+01   2.9999906e+01   2.9999306e+01   2.9998706e+01   2.9998026e+01   2.9997346e+01   2.9996576e+01   2.9995805e+01   2.9994930e+01   2.9994056e+01   2.9993063e+01   2.9992070e+01   2.9990944e+01   2.9989817e+01   2.9988549e+01   2.9987281e+01   2.9985882e+01   2.9984482e+01   2.9982999e+01   2.9981515e+01
   3.0028096e+01   3.0027624e+01   3.0027167e+01   3.0026727e+01   3.0026308e+01   3.0025910e+01   3.0025536e+01   3.0025185e+01   3.0024856e+01   3.0024548e+01   3.0024260e+01   3.0023991e+01   3.0023738e+01   3.0023502e+01   3.0023280e+01   3.0023071e+01   3.0022874e+01   3.0022689e+01   3.0022513e+01   3.0022347e+01   3.0022188e+01   3.0022038e+01   3.0021894e+01   3.0021756e+01   3.0021623e+01   3.0021495e+01   3.0021371e+01   3.0021252e+01   3.0021135e+01   3.0021021e+01   3.0020910e+01   3.0020801e+01   3.0020694e+01   3.0020589e+01   3.0020486e+01   3.0020383e+01   3.0020282e+01   3.0020182e+01   3.0020082e+01   3.0019983e+01   3.0019885e+01   3.0019787e+01   3.0019690e+01   3.0019592e+01   3.0019495e+01   3.0019399e+01   3.0019303e+01   3.0019206e+01   3.0019111e+01   3.0019015e+01   3.0018919e+01   3.0018824e+01   3.0018729e+01   3.0018634e+01   3.0018539e+01   3.0018444e+01   3.0018349e+01   3.0018254e+01   3.0018159e+01   3.0018065e+01   3.0017970e+01   3.0017876e+01   3.0017782e+01   3.0017687e+01   3.0017593e+01   3.0017499e+01   3.0017405e+01   3.0017311e+01   3.0017216e+01   3.0017122e+01   3.0017028e+01   3.0016934e+01   3.0016839e+01   3.0016745e+01   3.0016651e+01   3.0016557e+01   3.0016463e+01   3.0016369e+01   3.0016274e+01   3.0016180e+01   3.0016086e+01   3.0015992e+01   3.0015898e+01   3.0015804e+01   3.0015710e+01   3.0015615e+01   3.0015521e+01   3.0015427e+01   3.0015333e+01   3.0015239e+01   3.0015145e+01   3.0015051e+01   3.0014956e+01   3.0014862e+01   3.0014768e+01   3.0014674e+01   3.0014579e+01   3.0014485e+01   3.0014391e+01   3.0014296e+01   3.0014202e+01   3.0014107e+01   3.0014012e+01   3.0013917e+01   3.0013822e+01   3.0013727e+01   3.0013632e+01   3.0013536e+01   3.0013441e+01   3.0013345e+01   3.0013249e+01   3.0013153e+01   3.0013056e+01   3.0012959e+01   3.0012862e+01   3.0012765e+01   3.0012667e+01   3.0012569e+01   3.0012471e+01   3.0012372e+01   3.0012273e+01   3.0012173e+01   3.0012073e+01   3.0011973e+01   3.0011872e+01   3.0011770e+01   3.0011668e+01   3.0011565e+01   3.0011462e+01   3.0011358e+01   3.0011253e+01   3.0011147e+01   3.0011042e+01   3.0010934e+01   3.0010827e+01   3.0010718e+01   3.0010609e+01   3.0010498e+01   3.0010387e+01   3.0010274e+01   3.0010161e+01   3.0010045e+01   3.0009930e+01   3.0009812e+01   3.0009695e+01   3.0009574e+01   3.0009454e+01   3.0009330e+01   3.0009207e+01   3.0009080e+01   3.0008954e+01   3.0008824e+01   3.0008694e+01   3.0008560e+01   3.0008427e+01   3.0008289e+01   3.0008152e+01   3.0008010e+01   3.0007869e+01   3.0007723e+01   3.0007577e+01   3.0007426e+01   3.0007275e+01   3.0007119e+01   3.0006963e+01   3.0006801e+01   3.0006640e+01   3.0006473e+01   3.0006306e+01   3.0006128e+01   3.0005950e+01   3.0005759e+01   3.0005568e+01   3.0005361e+01   3.0005153e+01   3.0004926e+01   3.0004698e+01   3.0004446e+01   3.0004194e+01   3.0003912e+01   3.0003629e+01   3.0003311e+01   3.0002992e+01   3.0002631e+01   3.0002271e+01   3.0001860e+01   3.0001450e+01   3.0000985e+01   3.0000519e+01   2.9999990e+01   2.9999461e+01   2.9998862e+01   2.9998263e+01   2.9997583e+01   2.9996904e+01   2.9996134e+01   2.9995365e+01   2.9994491e+01   2.9993618e+01   2.9992626e+01   2.9991635e+01   2.9990510e+01   2.9989386e+01   2.9988119e+01   2.9986853e+01   2.9985456e+01   2.9984059e+01   2.9982578e+01   2.9981096e+01
   3.0027693e+01   3.0027219e+01   3.0026759e+01   3.0026318e+01   3.0025896e+01   3.0025497e+01   3.0025121e+01   3.0024768e+01   3.0024437e+01   3.0024128e+01   3.0023838e+01   3.0023568e+01   3.0023314e+01   3.0023076e+01   3.0022853e+01   3.0022643e+01   3.0022445e+01   3.0022259e+01   3.0022082e+01   3.0021914e+01   3.0021755e+01   3.0021604e+01   3.0021459e+01   3.0021320e+01   3.0021187e+01   3.0021058e+01   3.0020933e+01   3.0020813e+01   3.0020695e+01   3.0020581e+01   3.0020469e+01   3.0020360e+01   3.0020253e+01   3.0020147e+01   3.0020043e+01   3.0019940e+01   3.0019838e+01   3.0019738e+01   3.0019638e+01   3.0019539e+01   3.0019440e+01   3.0019342e+01   3.0019244e+01   3.0019147e+01   3.0019049e+01   3.0018953e+01   3.0018856e+01   3.0018760e+01   3.0018664e+01   3.0018568e+01   3.0018472e+01   3.0018377e+01   3.0018282e+01   3.0018187e+01   3.0018092e+01   3.0017997e+01   3.0017902e+01   3.0017807e+01   3.0017712e+01   3.0017617e+01   3.0017522e+01   3.0017428e+01   3.0017334e+01   3.0017240e+01   3.0017145e+01   3.0017051e+01   3.0016957e+01   3.0016863e+01   3.0016768e+01   3.0016674e+01   3.0016580e+01   3.0016486e+01   3.0016391e+01   3.0016297e+01   3.0016203e+01   3.0016109e+01   3.0016014e+01   3.0015920e+01   3.0015826e+01   3.0015732e+01   3.0015638e+01   3.0015543e+01   3.0015449e+01   3.0015355e+01   3.0015261e+01   3.0015167e+01   3.0015073e+01   3.0014978e+01   3.0014884e+01   3.0014790e+01   3.0014696e+01   3.0014602e+01   3.0014508e+01   3.0014413e+01   3.0014319e+01   3.0014225e+01   3.0014130e+01   3.0014036e+01   3.0013942e+01   3.0013847e+01   3.0013752e+01   3.0013658e+01   3.0013563e+01   3.0013468e+01   3.0013373e+01   3.0013278e+01   3.0013183e+01   3.0013087e+01   3.0012991e+01   3.0012895e+01   3.0012800e+01   3.0012703e+01   3.0012607e+01   3.0012510e+01   3.0012413e+01   3.0012315e+01   3.0012218e+01   3.0012120e+01   3.0012021e+01   3.0011922e+01   3.0011823e+01   3.0011723e+01   3.0011624e+01   3.0011523e+01   3.0011422e+01   3.0011320e+01   3.0011218e+01   3.0011115e+01   3.0011012e+01   3.0010908e+01   3.0010803e+01   3.0010697e+01   3.0010592e+01   3.0010484e+01   3.0010377e+01   3.0010268e+01   3.0010159e+01   3.0010048e+01   3.0009937e+01   3.0009824e+01   3.0009710e+01   3.0009595e+01   3.0009480e+01   3.0009362e+01   3.0009244e+01   3.0009124e+01   3.0009003e+01   3.0008880e+01   3.0008757e+01   3.0008630e+01   3.0008503e+01   3.0008374e+01   3.0008244e+01   3.0008110e+01   3.0007977e+01   3.0007839e+01   3.0007702e+01   3.0007560e+01   3.0007419e+01   3.0007273e+01   3.0007127e+01   3.0006976e+01   3.0006825e+01   3.0006669e+01   3.0006513e+01   3.0006352e+01   3.0006190e+01   3.0006023e+01   3.0005856e+01   3.0005679e+01   3.0005501e+01   3.0005310e+01   3.0005119e+01   3.0004912e+01   3.0004705e+01   3.0004477e+01   3.0004250e+01   3.0003998e+01   3.0003746e+01   3.0003463e+01   3.0003181e+01   3.0002863e+01   3.0002545e+01   3.0002184e+01   3.0001823e+01   3.0001414e+01   3.0001004e+01   3.0000538e+01   3.0000073e+01   2.9999545e+01   2.9999017e+01   2.9998418e+01   2.9997819e+01   2.9997141e+01   2.9996462e+01   2.9995693e+01   2.9994924e+01   2.9994052e+01   2.9993180e+01   2.9992190e+01   2.9991200e+01   2.9990077e+01   2.9988954e+01   2.9987690e+01   2.9986425e+01   2.9985031e+01   2.9983636e+01   2.9982156e+01   2.9980677e+01
   3.0027290e+01   3.0026814e+01   3.0026352e+01   3.0025908e+01   3.0025485e+01   3.0025084e+01   3.0024706e+01   3.0024351e+01   3.0024019e+01   3.0023708e+01   3.0023417e+01   3.0023145e+01   3.0022890e+01   3.0022651e+01   3.0022426e+01   3.0022215e+01   3.0022016e+01   3.0021828e+01   3.0021651e+01   3.0021482e+01   3.0021322e+01   3.0021170e+01   3.0021024e+01   3.0020884e+01   3.0020750e+01   3.0020621e+01   3.0020495e+01   3.0020374e+01   3.0020256e+01   3.0020141e+01   3.0020029e+01   3.0019919e+01   3.0019811e+01   3.0019704e+01   3.0019600e+01   3.0019497e+01   3.0019395e+01   3.0019294e+01   3.0019193e+01   3.0019094e+01   3.0018995e+01   3.0018896e+01   3.0018798e+01   3.0018701e+01   3.0018603e+01   3.0018506e+01   3.0018410e+01   3.0018313e+01   3.0018217e+01   3.0018121e+01   3.0018026e+01   3.0017930e+01   3.0017835e+01   3.0017739e+01   3.0017644e+01   3.0017549e+01   3.0017454e+01   3.0017360e+01   3.0017265e+01   3.0017170e+01   3.0017075e+01   3.0016980e+01   3.0016886e+01   3.0016792e+01   3.0016697e+01   3.0016603e+01   3.0016509e+01   3.0016415e+01   3.0016320e+01   3.0016226e+01   3.0016132e+01   3.0016037e+01   3.0015943e+01   3.0015849e+01   3.0015755e+01   3.0015660e+01   3.0015566e+01   3.0015472e+01   3.0015378e+01   3.0015283e+01   3.0015189e+01   3.0015095e+01   3.0015001e+01   3.0014907e+01   3.0014812e+01   3.0014718e+01   3.0014624e+01   3.0014530e+01   3.0014436e+01   3.0014341e+01   3.0014247e+01   3.0014153e+01   3.0014059e+01   3.0013964e+01   3.0013870e+01   3.0013776e+01   3.0013681e+01   3.0013587e+01   3.0013493e+01   3.0013398e+01   3.0013303e+01   3.0013209e+01   3.0013114e+01   3.0013019e+01   3.0012924e+01   3.0012829e+01   3.0012733e+01   3.0012638e+01   3.0012542e+01   3.0012446e+01   3.0012350e+01   3.0012254e+01   3.0012157e+01   3.0012060e+01   3.0011963e+01   3.0011866e+01   3.0011768e+01   3.0011670e+01   3.0011572e+01   3.0011473e+01   3.0011374e+01   3.0011274e+01   3.0011174e+01   3.0011073e+01   3.0010972e+01   3.0010870e+01   3.0010768e+01   3.0010665e+01   3.0010562e+01   3.0010458e+01   3.0010353e+01   3.0010247e+01   3.0010142e+01   3.0010034e+01   3.0009927e+01   3.0009818e+01   3.0009709e+01   3.0009597e+01   3.0009486e+01   3.0009373e+01   3.0009260e+01   3.0009145e+01   3.0009030e+01   3.0008912e+01   3.0008794e+01   3.0008673e+01   3.0008553e+01   3.0008430e+01   3.0008306e+01   3.0008180e+01   3.0008053e+01   3.0007923e+01   3.0007794e+01   3.0007660e+01   3.0007526e+01   3.0007389e+01   3.0007252e+01   3.0007110e+01   3.0006968e+01   3.0006823e+01   3.0006677e+01   3.0006526e+01   3.0006375e+01   3.0006219e+01   3.0006063e+01   3.0005902e+01   3.0005741e+01   3.0005574e+01   3.0005407e+01   3.0005229e+01   3.0005052e+01   3.0004861e+01   3.0004670e+01   3.0004463e+01   3.0004256e+01   3.0004028e+01   3.0003801e+01   3.0003549e+01   3.0003297e+01   3.0003015e+01   3.0002733e+01   3.0002415e+01   3.0002097e+01   3.0001737e+01   3.0001376e+01   3.0000967e+01   3.0000557e+01   3.0000092e+01   2.9999627e+01   2.9999099e+01   2.9998572e+01   2.9997973e+01   2.9997375e+01   2.9996697e+01   2.9996020e+01   2.9995252e+01   2.9994484e+01   2.9993613e+01   2.9992742e+01   2.9991754e+01   2.9990765e+01   2.9989644e+01   2.9988522e+01   2.9987260e+01   2.9985998e+01   2.9984605e+01   2.9983213e+01   2.9981735e+01   2.9980258e+01
   3.0026886e+01   3.0026408e+01   3.0025945e+01   3.0025499e+01   3.0025073e+01   3.0024671e+01   3.0024291e+01   3.0023934e+01   3.0023600e+01   3.0023288e+01   3.0022995e+01   3.0022722e+01   3.0022466e+01   3.0022225e+01   3.0022000e+01   3.0021787e+01   3.0021587e+01   3.0021398e+01   3.0021220e+01   3.0021050e+01   3.0020889e+01   3.0020736e+01   3.0020589e+01   3.0020449e+01   3.0020314e+01   3.0020184e+01   3.0020058e+01   3.0019935e+01   3.0019817e+01   3.0019701e+01   3.0019588e+01   3.0019477e+01   3.0019369e+01   3.0019262e+01   3.0019157e+01   3.0019053e+01   3.0018951e+01   3.0018850e+01   3.0018749e+01   3.0018649e+01   3.0018550e+01   3.0018451e+01   3.0018353e+01   3.0018255e+01   3.0018157e+01   3.0018060e+01   3.0017963e+01   3.0017867e+01   3.0017770e+01   3.0017674e+01   3.0017579e+01   3.0017483e+01   3.0017387e+01   3.0017292e+01   3.0017197e+01   3.0017102e+01   3.0017007e+01   3.0016912e+01   3.0016817e+01   3.0016722e+01   3.0016627e+01   3.0016533e+01   3.0016438e+01   3.0016344e+01   3.0016250e+01   3.0016155e+01   3.0016061e+01   3.0015967e+01   3.0015872e+01   3.0015778e+01   3.0015684e+01   3.0015589e+01   3.0015495e+01   3.0015401e+01   3.0015306e+01   3.0015212e+01   3.0015118e+01   3.0015024e+01   3.0014929e+01   3.0014835e+01   3.0014741e+01   3.0014647e+01   3.0014552e+01   3.0014458e+01   3.0014364e+01   3.0014270e+01   3.0014175e+01   3.0014081e+01   3.0013987e+01   3.0013893e+01   3.0013798e+01   3.0013704e+01   3.0013610e+01   3.0013516e+01   3.0013421e+01   3.0013327e+01   3.0013233e+01   3.0013138e+01   3.0013044e+01   3.0012949e+01   3.0012854e+01   3.0012759e+01   3.0012665e+01   3.0012570e+01   3.0012475e+01   3.0012379e+01   3.0012284e+01   3.0012188e+01   3.0012093e+01   3.0011997e+01   3.0011901e+01   3.0011804e+01   3.0011708e+01   3.0011611e+01   3.0011514e+01   3.0011416e+01   3.0011319e+01   3.0011220e+01   3.0011122e+01   3.0011023e+01   3.0010924e+01   3.0010824e+01   3.0010724e+01   3.0010623e+01   3.0010522e+01   3.0010420e+01   3.0010318e+01   3.0010215e+01   3.0010112e+01   3.0010008e+01   3.0009903e+01   3.0009797e+01   3.0009692e+01   3.0009584e+01   3.0009477e+01   3.0009367e+01   3.0009258e+01   3.0009147e+01   3.0009036e+01   3.0008923e+01   3.0008810e+01   3.0008695e+01   3.0008579e+01   3.0008462e+01   3.0008344e+01   3.0008223e+01   3.0008103e+01   3.0007979e+01   3.0007856e+01   3.0007729e+01   3.0007603e+01   3.0007473e+01   3.0007343e+01   3.0007210e+01   3.0007076e+01   3.0006939e+01   3.0006802e+01   3.0006660e+01   3.0006518e+01   3.0006372e+01   3.0006227e+01   3.0006076e+01   3.0005925e+01   3.0005769e+01   3.0005614e+01   3.0005452e+01   3.0005291e+01   3.0005124e+01   3.0004957e+01   3.0004780e+01   3.0004602e+01   3.0004412e+01   3.0004221e+01   3.0004014e+01   3.0003807e+01   3.0003580e+01   3.0003353e+01   3.0003101e+01   3.0002849e+01   3.0002567e+01   3.0002285e+01   3.0001967e+01   3.0001650e+01   3.0001289e+01   3.0000929e+01   3.0000520e+01   3.0000111e+01   2.9999646e+01   2.9999181e+01   2.9998654e+01   2.9998127e+01   2.9997529e+01   2.9996931e+01   2.9996254e+01   2.9995578e+01   2.9994811e+01   2.9994044e+01   2.9993174e+01   2.9992304e+01   2.9991317e+01   2.9990330e+01   2.9989210e+01   2.9988091e+01   2.9986831e+01   2.9985570e+01   2.9984180e+01   2.9982789e+01   2.9981314e+01   2.9979839e+01
   3.0026483e+01   3.0026003e+01   3.0025537e+01   3.0025089e+01   3.0024662e+01   3.0024257e+01   3.0023876e+01   3.0023517e+01   3.0023182e+01   3.0022868e+01   3.0022574e+01   3.0022299e+01   3.0022041e+01   3.0021800e+01   3.0021573e+01   3.0021359e+01   3.0021158e+01   3.0020968e+01   3.0020788e+01   3.0020618e+01   3.0020456e+01   3.0020302e+01   3.0020154e+01   3.0020013e+01   3.0019877e+01   3.0019746e+01   3.0019620e+01   3.0019497e+01   3.0019377e+01   3.0019261e+01   3.0019147e+01   3.0019036e+01   3.0018927e+01   3.0018820e+01   3.0018714e+01   3.0018610e+01   3.0018507e+01   3.0018406e+01   3.0018305e+01   3.0018204e+01   3.0018105e+01   3.0018006e+01   3.0017907e+01   3.0017809e+01   3.0017711e+01   3.0017614e+01   3.0017517e+01   3.0017420e+01   3.0017324e+01   3.0017227e+01   3.0017132e+01   3.0017036e+01   3.0016940e+01   3.0016845e+01   3.0016749e+01   3.0016654e+01   3.0016559e+01   3.0016464e+01   3.0016369e+01   3.0016274e+01   3.0016179e+01   3.0016085e+01   3.0015990e+01   3.0015896e+01   3.0015802e+01   3.0015707e+01   3.0015613e+01   3.0015518e+01   3.0015424e+01   3.0015330e+01   3.0015235e+01   3.0015141e+01   3.0015047e+01   3.0014952e+01   3.0014858e+01   3.0014764e+01   3.0014669e+01   3.0014575e+01   3.0014481e+01   3.0014387e+01   3.0014292e+01   3.0014198e+01   3.0014104e+01   3.0014009e+01   3.0013915e+01   3.0013821e+01   3.0013727e+01   3.0013632e+01   3.0013538e+01   3.0013444e+01   3.0013350e+01   3.0013255e+01   3.0013161e+01   3.0013067e+01   3.0012972e+01   3.0012878e+01   3.0012783e+01   3.0012689e+01   3.0012594e+01   3.0012500e+01   3.0012405e+01   3.0012310e+01   3.0012215e+01   3.0012120e+01   3.0012025e+01   3.0011930e+01   3.0011835e+01   3.0011739e+01   3.0011643e+01   3.0011547e+01   3.0011451e+01   3.0011355e+01   3.0011258e+01   3.0011161e+01   3.0011064e+01   3.0010967e+01   3.0010869e+01   3.0010771e+01   3.0010672e+01   3.0010573e+01   3.0010474e+01   3.0010374e+01   3.0010274e+01   3.0010173e+01   3.0010072e+01   3.0009970e+01   3.0009868e+01   3.0009765e+01   3.0009662e+01   3.0009558e+01   3.0009453e+01   3.0009347e+01   3.0009241e+01   3.0009134e+01   3.0009026e+01   3.0008917e+01   3.0008808e+01   3.0008697e+01   3.0008586e+01   3.0008473e+01   3.0008360e+01   3.0008244e+01   3.0008129e+01   3.0008011e+01   3.0007893e+01   3.0007773e+01   3.0007652e+01   3.0007529e+01   3.0007406e+01   3.0007279e+01   3.0007153e+01   3.0007023e+01   3.0006893e+01   3.0006760e+01   3.0006626e+01   3.0006489e+01   3.0006351e+01   3.0006210e+01   3.0006068e+01   3.0005922e+01   3.0005777e+01   3.0005626e+01   3.0005475e+01   3.0005319e+01   3.0005164e+01   3.0005003e+01   3.0004841e+01   3.0004675e+01   3.0004508e+01   3.0004330e+01   3.0004153e+01   3.0003962e+01   3.0003772e+01   3.0003565e+01   3.0003358e+01   3.0003131e+01   3.0002904e+01   3.0002652e+01   3.0002401e+01   3.0002119e+01   3.0001837e+01   3.0001520e+01   3.0001202e+01   3.0000842e+01   3.0000482e+01   3.0000073e+01   2.9999664e+01   2.9999200e+01   2.9998735e+01   2.9998208e+01   2.9997681e+01   2.9997084e+01   2.9996487e+01   2.9995811e+01   2.9995135e+01   2.9994369e+01   2.9993603e+01   2.9992735e+01   2.9991866e+01   2.9990881e+01   2.9989895e+01   2.9988777e+01   2.9987660e+01   2.9986401e+01   2.9985143e+01   2.9983755e+01   2.9982366e+01   2.9980893e+01   2.9979420e+01
   3.0026080e+01   3.0025598e+01   3.0025130e+01   3.0024680e+01   3.0024251e+01   3.0023844e+01   3.0023461e+01   3.0023101e+01   3.0022763e+01   3.0022447e+01   3.0022152e+01   3.0021876e+01   3.0021617e+01   3.0021374e+01   3.0021146e+01   3.0020931e+01   3.0020729e+01   3.0020538e+01   3.0020357e+01   3.0020186e+01   3.0020023e+01   3.0019868e+01   3.0019720e+01   3.0019577e+01   3.0019441e+01   3.0019309e+01   3.0019182e+01   3.0019058e+01   3.0018938e+01   3.0018821e+01   3.0018707e+01   3.0018595e+01   3.0018485e+01   3.0018378e+01   3.0018272e+01   3.0018167e+01   3.0018064e+01   3.0017962e+01   3.0017860e+01   3.0017760e+01   3.0017660e+01   3.0017560e+01   3.0017462e+01   3.0017363e+01   3.0017265e+01   3.0017168e+01   3.0017070e+01   3.0016974e+01   3.0016877e+01   3.0016781e+01   3.0016684e+01   3.0016589e+01   3.0016493e+01   3.0016397e+01   3.0016302e+01   3.0016207e+01   3.0016112e+01   3.0016016e+01   3.0015921e+01   3.0015826e+01   3.0015731e+01   3.0015637e+01   3.0015542e+01   3.0015448e+01   3.0015354e+01   3.0015259e+01   3.0015165e+01   3.0015070e+01   3.0014976e+01   3.0014882e+01   3.0014787e+01   3.0014693e+01   3.0014598e+01   3.0014504e+01   3.0014410e+01   3.0014315e+01   3.0014221e+01   3.0014127e+01   3.0014032e+01   3.0013938e+01   3.0013844e+01   3.0013749e+01   3.0013655e+01   3.0013561e+01   3.0013466e+01   3.0013372e+01   3.0013278e+01   3.0013184e+01   3.0013089e+01   3.0012995e+01   3.0012901e+01   3.0012806e+01   3.0012712e+01   3.0012618e+01   3.0012523e+01   3.0012429e+01   3.0012334e+01   3.0012240e+01   3.0012145e+01   3.0012051e+01   3.0011956e+01   3.0011861e+01   3.0011766e+01   3.0011671e+01   3.0011576e+01   3.0011481e+01   3.0011385e+01   3.0011290e+01   3.0011194e+01   3.0011098e+01   3.0011002e+01   3.0010905e+01   3.0010809e+01   3.0010712e+01   3.0010615e+01   3.0010517e+01   3.0010419e+01   3.0010321e+01   3.0010223e+01   3.0010124e+01   3.0010025e+01   3.0009925e+01   3.0009825e+01   3.0009724e+01   3.0009623e+01   3.0009521e+01   3.0009419e+01   3.0009315e+01   3.0009212e+01   3.0009108e+01   3.0009003e+01   3.0008897e+01   3.0008791e+01   3.0008684e+01   3.0008576e+01   3.0008467e+01   3.0008358e+01   3.0008247e+01   3.0008136e+01   3.0008023e+01   3.0007910e+01   3.0007794e+01   3.0007679e+01   3.0007561e+01   3.0007443e+01   3.0007323e+01   3.0007202e+01   3.0007079e+01   3.0006956e+01   3.0006829e+01   3.0006702e+01   3.0006573e+01   3.0006443e+01   3.0006309e+01   3.0006176e+01   3.0006039e+01   3.0005901e+01   3.0005760e+01   3.0005618e+01   3.0005472e+01   3.0005327e+01   3.0005176e+01   3.0005025e+01   3.0004870e+01   3.0004714e+01   3.0004553e+01   3.0004392e+01   3.0004225e+01   3.0004058e+01   3.0003881e+01   3.0003704e+01   3.0003513e+01   3.0003323e+01   3.0003116e+01   3.0002909e+01   3.0002682e+01   3.0002455e+01   3.0002204e+01   3.0001952e+01   3.0001671e+01   3.0001389e+01   3.0001072e+01   3.0000754e+01   3.0000394e+01   3.0000035e+01   2.9999626e+01   2.9999217e+01   2.9998753e+01   2.9998289e+01   2.9997763e+01   2.9997236e+01   2.9996640e+01   2.9996043e+01   2.9995368e+01   2.9994692e+01   2.9993927e+01   2.9993162e+01   2.9992295e+01   2.9991428e+01   2.9990444e+01   2.9989460e+01   2.9988344e+01   2.9987228e+01   2.9985972e+01   2.9984716e+01   2.9983330e+01   2.9981943e+01   2.9980473e+01   2.9979002e+01
   3.0025676e+01   3.0025192e+01   3.0024723e+01   3.0024271e+01   3.0023839e+01   3.0023431e+01   3.0023046e+01   3.0022684e+01   3.0022345e+01   3.0022027e+01   3.0021731e+01   3.0021453e+01   3.0021192e+01   3.0020948e+01   3.0020719e+01   3.0020503e+01   3.0020300e+01   3.0020108e+01   3.0019926e+01   3.0019754e+01   3.0019590e+01   3.0019434e+01   3.0019285e+01   3.0019142e+01   3.0019004e+01   3.0018872e+01   3.0018744e+01   3.0018619e+01   3.0018499e+01   3.0018381e+01   3.0018266e+01   3.0018154e+01   3.0018043e+01   3.0017935e+01   3.0017829e+01   3.0017724e+01   3.0017620e+01   3.0017517e+01   3.0017416e+01   3.0017315e+01   3.0017215e+01   3.0017115e+01   3.0017016e+01   3.0016917e+01   3.0016819e+01   3.0016721e+01   3.0016624e+01   3.0016527e+01   3.0016430e+01   3.0016334e+01   3.0016238e+01   3.0016142e+01   3.0016046e+01   3.0015950e+01   3.0015855e+01   3.0015759e+01   3.0015664e+01   3.0015569e+01   3.0015473e+01   3.0015378e+01   3.0015283e+01   3.0015189e+01   3.0015094e+01   3.0015000e+01   3.0014906e+01   3.0014811e+01   3.0014717e+01   3.0014622e+01   3.0014528e+01   3.0014433e+01   3.0014339e+01   3.0014245e+01   3.0014150e+01   3.0014056e+01   3.0013961e+01   3.0013867e+01   3.0013773e+01   3.0013678e+01   3.0013584e+01   3.0013490e+01   3.0013395e+01   3.0013301e+01   3.0013207e+01   3.0013112e+01   3.0013018e+01   3.0012924e+01   3.0012829e+01   3.0012735e+01   3.0012641e+01   3.0012546e+01   3.0012452e+01   3.0012358e+01   3.0012263e+01   3.0012169e+01   3.0012074e+01   3.0011980e+01   3.0011885e+01   3.0011791e+01   3.0011696e+01   3.0011601e+01   3.0011507e+01   3.0011412e+01   3.0011317e+01   3.0011222e+01   3.0011127e+01   3.0011031e+01   3.0010936e+01   3.0010840e+01   3.0010745e+01   3.0010648e+01   3.0010552e+01   3.0010456e+01   3.0010359e+01   3.0010262e+01   3.0010165e+01   3.0010067e+01   3.0009970e+01   3.0009871e+01   3.0009773e+01   3.0009674e+01   3.0009575e+01   3.0009475e+01   3.0009375e+01   3.0009274e+01   3.0009173e+01   3.0009071e+01   3.0008969e+01   3.0008865e+01   3.0008762e+01   3.0008658e+01   3.0008553e+01   3.0008447e+01   3.0008341e+01   3.0008234e+01   3.0008126e+01   3.0008017e+01   3.0007908e+01   3.0007797e+01   3.0007686e+01   3.0007572e+01   3.0007459e+01   3.0007344e+01   3.0007228e+01   3.0007111e+01   3.0006993e+01   3.0006872e+01   3.0006752e+01   3.0006628e+01   3.0006505e+01   3.0006379e+01   3.0006252e+01   3.0006122e+01   3.0005993e+01   3.0005859e+01   3.0005726e+01   3.0005588e+01   3.0005451e+01   3.0005310e+01   3.0005168e+01   3.0005022e+01   3.0004877e+01   3.0004726e+01   3.0004575e+01   3.0004420e+01   3.0004264e+01   3.0004103e+01   3.0003942e+01   3.0003776e+01   3.0003609e+01   3.0003432e+01   3.0003254e+01   3.0003064e+01   3.0002874e+01   3.0002667e+01   3.0002460e+01   3.0002233e+01   3.0002007e+01   3.0001755e+01   3.0001504e+01   3.0001222e+01   3.0000941e+01   3.0000624e+01   3.0000306e+01   2.9999947e+01   2.9999587e+01   2.9999179e+01   2.9998770e+01   2.9998306e+01   2.9997843e+01   2.9997317e+01   2.9996790e+01   2.9996194e+01   2.9995598e+01   2.9994924e+01   2.9994249e+01   2.9993485e+01   2.9992721e+01   2.9991855e+01   2.9990990e+01   2.9990007e+01   2.9989025e+01   2.9987911e+01   2.9986797e+01   2.9985543e+01   2.9984289e+01   2.9982905e+01   2.9981520e+01   2.9980052e+01   2.9978583e+01
   3.0025273e+01   3.0024787e+01   3.0024315e+01   3.0023861e+01   3.0023428e+01   3.0023018e+01   3.0022631e+01   3.0022267e+01   3.0021926e+01   3.0021607e+01   3.0021309e+01   3.0021030e+01   3.0020768e+01   3.0020523e+01   3.0020292e+01   3.0020075e+01   3.0019871e+01   3.0019677e+01   3.0019495e+01   3.0019321e+01   3.0019157e+01   3.0019000e+01   3.0018850e+01   3.0018706e+01   3.0018568e+01   3.0018434e+01   3.0018306e+01   3.0018181e+01   3.0018059e+01   3.0017941e+01   3.0017825e+01   3.0017712e+01   3.0017602e+01   3.0017493e+01   3.0017386e+01   3.0017280e+01   3.0017176e+01   3.0017073e+01   3.0016971e+01   3.0016870e+01   3.0016769e+01   3.0016670e+01   3.0016570e+01   3.0016472e+01   3.0016373e+01   3.0016275e+01   3.0016178e+01   3.0016080e+01   3.0015984e+01   3.0015887e+01   3.0015791e+01   3.0015694e+01   3.0015599e+01   3.0015503e+01   3.0015407e+01   3.0015312e+01   3.0015216e+01   3.0015121e+01   3.0015026e+01   3.0014930e+01   3.0014835e+01   3.0014741e+01   3.0014646e+01   3.0014552e+01   3.0014458e+01   3.0014363e+01   3.0014269e+01   3.0014174e+01   3.0014080e+01   3.0013985e+01   3.0013891e+01   3.0013796e+01   3.0013702e+01   3.0013608e+01   3.0013513e+01   3.0013419e+01   3.0013324e+01   3.0013230e+01   3.0013136e+01   3.0013041e+01   3.0012947e+01   3.0012853e+01   3.0012758e+01   3.0012664e+01   3.0012569e+01   3.0012475e+01   3.0012381e+01   3.0012286e+01   3.0012192e+01   3.0012098e+01   3.0012003e+01   3.0011909e+01   3.0011814e+01   3.0011720e+01   3.0011625e+01   3.0011531e+01   3.0011436e+01   3.0011342e+01   3.0011247e+01   3.0011152e+01   3.0011058e+01   3.0010963e+01   3.0010868e+01   3.0010773e+01   3.0010677e+01   3.0010582e+01   3.0010487e+01   3.0010391e+01   3.0010295e+01   3.0010199e+01   3.0010103e+01   3.0010006e+01   3.0009910e+01   3.0009813e+01   3.0009715e+01   3.0009618e+01   3.0009520e+01   3.0009422e+01   3.0009323e+01   3.0009224e+01   3.0009125e+01   3.0009025e+01   3.0008925e+01   3.0008824e+01   3.0008723e+01   3.0008621e+01   3.0008519e+01   3.0008415e+01   3.0008312e+01   3.0008208e+01   3.0008103e+01   3.0007997e+01   3.0007891e+01   3.0007784e+01   3.0007676e+01   3.0007567e+01   3.0007458e+01   3.0007346e+01   3.0007235e+01   3.0007122e+01   3.0007009e+01   3.0006894e+01   3.0006778e+01   3.0006660e+01   3.0006543e+01   3.0006422e+01   3.0006301e+01   3.0006178e+01   3.0006055e+01   3.0005928e+01   3.0005802e+01   3.0005672e+01   3.0005542e+01   3.0005409e+01   3.0005275e+01   3.0005138e+01   3.0005001e+01   3.0004860e+01   3.0004718e+01   3.0004572e+01   3.0004427e+01   3.0004276e+01   3.0004126e+01   3.0003970e+01   3.0003815e+01   3.0003654e+01   3.0003493e+01   3.0003326e+01   3.0003159e+01   3.0002982e+01   3.0002805e+01   3.0002615e+01   3.0002424e+01   3.0002218e+01   3.0002011e+01   3.0001785e+01   3.0001558e+01   3.0001307e+01   3.0001055e+01   3.0000774e+01   3.0000493e+01   3.0000176e+01   2.9999859e+01   2.9999499e+01   2.9999140e+01   2.9998732e+01   2.9998323e+01   2.9997860e+01   2.9997396e+01   2.9996871e+01   2.9996345e+01   2.9995749e+01   2.9995154e+01   2.9994480e+01   2.9993806e+01   2.9993043e+01   2.9992280e+01   2.9991415e+01   2.9990551e+01   2.9989570e+01   2.9988590e+01   2.9987478e+01   2.9986366e+01   2.9985114e+01   2.9983862e+01   2.9982480e+01   2.9981097e+01   2.9979631e+01   2.9978164e+01
   3.0024870e+01   3.0024382e+01   3.0023908e+01   3.0023452e+01   3.0023017e+01   3.0022604e+01   3.0022216e+01   3.0021850e+01   3.0021508e+01   3.0021187e+01   3.0020887e+01   3.0020607e+01   3.0020344e+01   3.0020097e+01   3.0019865e+01   3.0019647e+01   3.0019441e+01   3.0019247e+01   3.0019064e+01   3.0018889e+01   3.0018724e+01   3.0018566e+01   3.0018415e+01   3.0018270e+01   3.0018131e+01   3.0017997e+01   3.0017868e+01   3.0017742e+01   3.0017620e+01   3.0017501e+01   3.0017385e+01   3.0017271e+01   3.0017160e+01   3.0017050e+01   3.0016943e+01   3.0016837e+01   3.0016732e+01   3.0016629e+01   3.0016527e+01   3.0016425e+01   3.0016324e+01   3.0016224e+01   3.0016125e+01   3.0016026e+01   3.0015927e+01   3.0015829e+01   3.0015731e+01   3.0015634e+01   3.0015537e+01   3.0015440e+01   3.0015344e+01   3.0015248e+01   3.0015152e+01   3.0015056e+01   3.0014960e+01   3.0014865e+01   3.0014769e+01   3.0014674e+01   3.0014579e+01   3.0014483e+01   3.0014388e+01   3.0014293e+01   3.0014199e+01   3.0014104e+01   3.0014010e+01   3.0013915e+01   3.0013821e+01   3.0013726e+01   3.0013632e+01   3.0013537e+01   3.0013443e+01   3.0013348e+01   3.0013254e+01   3.0013159e+01   3.0013065e+01   3.0012970e+01   3.0012876e+01   3.0012782e+01   3.0012687e+01   3.0012593e+01   3.0012498e+01   3.0012404e+01   3.0012310e+01   3.0012215e+01   3.0012121e+01   3.0012026e+01   3.0011932e+01   3.0011838e+01   3.0011743e+01   3.0011649e+01   3.0011554e+01   3.0011460e+01   3.0011365e+01   3.0011271e+01   3.0011176e+01   3.0011082e+01   3.0010987e+01   3.0010893e+01   3.0010798e+01   3.0010703e+01   3.0010609e+01   3.0010514e+01   3.0010419e+01   3.0010323e+01   3.0010228e+01   3.0010133e+01   3.0010037e+01   3.0009942e+01   3.0009846e+01   3.0009750e+01   3.0009653e+01   3.0009557e+01   3.0009460e+01   3.0009363e+01   3.0009266e+01   3.0009168e+01   3.0009071e+01   3.0008972e+01   3.0008874e+01   3.0008774e+01   3.0008675e+01   3.0008575e+01   3.0008475e+01   3.0008374e+01   3.0008273e+01   3.0008171e+01   3.0008069e+01   3.0007966e+01   3.0007862e+01   3.0007758e+01   3.0007653e+01   3.0007547e+01   3.0007441e+01   3.0007334e+01   3.0007226e+01   3.0007117e+01   3.0007007e+01   3.0006896e+01   3.0006785e+01   3.0006672e+01   3.0006559e+01   3.0006443e+01   3.0006328e+01   3.0006210e+01   3.0006092e+01   3.0005972e+01   3.0005851e+01   3.0005728e+01   3.0005604e+01   3.0005478e+01   3.0005351e+01   3.0005222e+01   3.0005092e+01   3.0004959e+01   3.0004825e+01   3.0004688e+01   3.0004551e+01   3.0004409e+01   3.0004268e+01   3.0004122e+01   3.0003977e+01   3.0003826e+01   3.0003676e+01   3.0003520e+01   3.0003365e+01   3.0003204e+01   3.0003043e+01   3.0002877e+01   3.0002710e+01   3.0002533e+01   3.0002356e+01   3.0002166e+01   3.0001975e+01   3.0001769e+01   3.0001562e+01   3.0001336e+01   3.0001109e+01   3.0000858e+01   3.0000607e+01   3.0000326e+01   3.0000045e+01   2.9999728e+01   2.9999411e+01   2.9999051e+01   2.9998692e+01   2.9998284e+01   2.9997876e+01   2.9997413e+01   2.9996949e+01   2.9996424e+01   2.9995898e+01   2.9995303e+01   2.9994708e+01   2.9994035e+01   2.9993361e+01   2.9992599e+01   2.9991837e+01   2.9990974e+01   2.9990111e+01   2.9989132e+01   2.9988154e+01   2.9987044e+01   2.9985934e+01   2.9984685e+01   2.9983435e+01   2.9982055e+01   2.9980675e+01   2.9979210e+01   2.9977745e+01
   3.0024467e+01   3.0023977e+01   3.0023501e+01   3.0023042e+01   3.0022605e+01   3.0022191e+01   3.0021800e+01   3.0021433e+01   3.0021089e+01   3.0020767e+01   3.0020466e+01   3.0020184e+01   3.0019919e+01   3.0019671e+01   3.0019438e+01   3.0019219e+01   3.0019012e+01   3.0018817e+01   3.0018632e+01   3.0018457e+01   3.0018291e+01   3.0018132e+01   3.0017980e+01   3.0017835e+01   3.0017695e+01   3.0017560e+01   3.0017430e+01   3.0017303e+01   3.0017180e+01   3.0017061e+01   3.0016944e+01   3.0016830e+01   3.0016718e+01   3.0016608e+01   3.0016500e+01   3.0016394e+01   3.0016289e+01   3.0016185e+01   3.0016082e+01   3.0015980e+01   3.0015879e+01   3.0015779e+01   3.0015679e+01   3.0015580e+01   3.0015481e+01   3.0015383e+01   3.0015285e+01   3.0015187e+01   3.0015090e+01   3.0014993e+01   3.0014897e+01   3.0014801e+01   3.0014704e+01   3.0014609e+01   3.0014513e+01   3.0014417e+01   3.0014322e+01   3.0014226e+01   3.0014131e+01   3.0014035e+01   3.0013940e+01   3.0013845e+01   3.0013751e+01   3.0013656e+01   3.0013562e+01   3.0013467e+01   3.0013373e+01   3.0013278e+01   3.0013184e+01   3.0013089e+01   3.0012995e+01   3.0012900e+01   3.0012806e+01   3.0012711e+01   3.0012617e+01   3.0012522e+01   3.0012428e+01   3.0012333e+01   3.0012239e+01   3.0012144e+01   3.0012050e+01   3.0011955e+01   3.0011861e+01   3.0011767e+01   3.0011672e+01   3.0011578e+01   3.0011483e+01   3.0011389e+01   3.0011294e+01   3.0011200e+01   3.0011106e+01   3.0011011e+01   3.0010917e+01   3.0010822e+01   3.0010728e+01   3.0010633e+01   3.0010538e+01   3.0010444e+01   3.0010349e+01   3.0010254e+01   3.0010159e+01   3.0010064e+01   3.0009969e+01   3.0009874e+01   3.0009779e+01   3.0009684e+01   3.0009588e+01   3.0009492e+01   3.0009397e+01   3.0009300e+01   3.0009204e+01   3.0009108e+01   3.0009011e+01   3.0008914e+01   3.0008816e+01   3.0008719e+01   3.0008621e+01   3.0008522e+01   3.0008424e+01   3.0008325e+01   3.0008226e+01   3.0008125e+01   3.0008025e+01   3.0007924e+01   3.0007823e+01   3.0007721e+01   3.0007619e+01   3.0007516e+01   3.0007412e+01   3.0007308e+01   3.0007203e+01   3.0007097e+01   3.0006991e+01   3.0006884e+01   3.0006776e+01   3.0006667e+01   3.0006557e+01   3.0006446e+01   3.0006335e+01   3.0006222e+01   3.0006109e+01   3.0005993e+01   3.0005878e+01   3.0005760e+01   3.0005642e+01   3.0005521e+01   3.0005401e+01   3.0005277e+01   3.0005154e+01   3.0005028e+01   3.0004901e+01   3.0004771e+01   3.0004642e+01   3.0004508e+01   3.0004375e+01   3.0004238e+01   3.0004101e+01   3.0003959e+01   3.0003818e+01   3.0003672e+01   3.0003527e+01   3.0003376e+01   3.0003226e+01   3.0003070e+01   3.0002915e+01   3.0002754e+01   3.0002593e+01   3.0002427e+01   3.0002261e+01   3.0002084e+01   3.0001906e+01   3.0001716e+01   3.0001526e+01   3.0001320e+01   3.0001113e+01   3.0000887e+01   3.0000660e+01   3.0000409e+01   3.0000158e+01   2.9999877e+01   2.9999596e+01   2.9999279e+01   2.9998963e+01   2.9998603e+01   2.9998244e+01   2.9997836e+01   2.9997429e+01   2.9996966e+01   2.9996502e+01   2.9995977e+01   2.9995452e+01   2.9994858e+01   2.9994263e+01   2.9993590e+01   2.9992917e+01   2.9992156e+01   2.9991395e+01   2.9990533e+01   2.9989672e+01   2.9988695e+01   2.9987718e+01   2.9986610e+01   2.9985503e+01   2.9984255e+01   2.9983008e+01   2.9981630e+01   2.9980252e+01   2.9978789e+01   2.9977327e+01
   3.0024063e+01   3.0023571e+01   3.0023093e+01   3.0022633e+01   3.0022194e+01   3.0021778e+01   3.0021385e+01   3.0021017e+01   3.0020671e+01   3.0020347e+01   3.0020044e+01   3.0019761e+01   3.0019495e+01   3.0019246e+01   3.0019011e+01   3.0018791e+01   3.0018583e+01   3.0018387e+01   3.0018201e+01   3.0018025e+01   3.0017858e+01   3.0017698e+01   3.0017545e+01   3.0017399e+01   3.0017259e+01   3.0017123e+01   3.0016992e+01   3.0016865e+01   3.0016741e+01   3.0016621e+01   3.0016504e+01   3.0016389e+01   3.0016276e+01   3.0016166e+01   3.0016058e+01   3.0015951e+01   3.0015845e+01   3.0015741e+01   3.0015638e+01   3.0015536e+01   3.0015434e+01   3.0015334e+01   3.0015234e+01   3.0015134e+01   3.0015035e+01   3.0014937e+01   3.0014838e+01   3.0014741e+01   3.0014643e+01   3.0014547e+01   3.0014450e+01   3.0014353e+01   3.0014257e+01   3.0014161e+01   3.0014065e+01   3.0013970e+01   3.0013874e+01   3.0013779e+01   3.0013683e+01   3.0013588e+01   3.0013492e+01   3.0013398e+01   3.0013303e+01   3.0013208e+01   3.0013114e+01   3.0013019e+01   3.0012925e+01   3.0012830e+01   3.0012736e+01   3.0012641e+01   3.0012546e+01   3.0012452e+01   3.0012357e+01   3.0012263e+01   3.0012168e+01   3.0012074e+01   3.0011979e+01   3.0011885e+01   3.0011790e+01   3.0011696e+01   3.0011601e+01   3.0011507e+01   3.0011412e+01   3.0011318e+01   3.0011224e+01   3.0011129e+01   3.0011035e+01   3.0010940e+01   3.0010846e+01   3.0010751e+01   3.0010657e+01   3.0010562e+01   3.0010468e+01   3.0010373e+01   3.0010279e+01   3.0010184e+01   3.0010089e+01   3.0009995e+01   3.0009900e+01   3.0009805e+01   3.0009710e+01   3.0009615e+01   3.0009520e+01   3.0009425e+01   3.0009330e+01   3.0009234e+01   3.0009139e+01   3.0009043e+01   3.0008947e+01   3.0008851e+01   3.0008755e+01   3.0008658e+01   3.0008561e+01   3.0008464e+01   3.0008367e+01   3.0008269e+01   3.0008171e+01   3.0008073e+01   3.0007974e+01   3.0007875e+01   3.0007776e+01   3.0007676e+01   3.0007575e+01   3.0007474e+01   3.0007373e+01   3.0007271e+01   3.0007169e+01   3.0007066e+01   3.0006962e+01   3.0006858e+01   3.0006753e+01   3.0006647e+01   3.0006541e+01   3.0006433e+01   3.0006326e+01   3.0006216e+01   3.0006107e+01   3.0005996e+01   3.0005885e+01   3.0005771e+01   3.0005658e+01   3.0005543e+01   3.0005427e+01   3.0005309e+01   3.0005192e+01   3.0005071e+01   3.0004950e+01   3.0004827e+01   3.0004704e+01   3.0004577e+01   3.0004451e+01   3.0004321e+01   3.0004191e+01   3.0004058e+01   3.0003925e+01   3.0003788e+01   3.0003650e+01   3.0003509e+01   3.0003368e+01   3.0003222e+01   3.0003077e+01   3.0002926e+01   3.0002776e+01   3.0002621e+01   3.0002465e+01   3.0002305e+01   3.0002144e+01   3.0001977e+01   3.0001811e+01   3.0001634e+01   3.0001457e+01   3.0001267e+01   3.0001077e+01   3.0000871e+01   3.0000664e+01   3.0000438e+01   3.0000211e+01   2.9999961e+01   2.9999710e+01   2.9999429e+01   2.9999148e+01   2.9998831e+01   2.9998514e+01   2.9998155e+01   2.9997796e+01   2.9997388e+01   2.9996981e+01   2.9996518e+01   2.9996055e+01   2.9995530e+01   2.9995005e+01   2.9994411e+01   2.9993816e+01   2.9993144e+01   2.9992472e+01   2.9991711e+01   2.9990951e+01   2.9990091e+01   2.9989230e+01   2.9988255e+01   2.9987280e+01   2.9986175e+01   2.9985070e+01   2.9983825e+01   2.9982580e+01   2.9981205e+01   2.9979829e+01   2.9978369e+01   2.9976908e+01
   3.0023660e+01   3.0023166e+01   3.0022686e+01   3.0022224e+01   3.0021783e+01   3.0021365e+01   3.0020970e+01   3.0020600e+01   3.0020252e+01   3.0019927e+01   3.0019623e+01   3.0019338e+01   3.0019071e+01   3.0018820e+01   3.0018585e+01   3.0018363e+01   3.0018154e+01   3.0017957e+01   3.0017770e+01   3.0017593e+01   3.0017425e+01   3.0017264e+01   3.0017111e+01   3.0016964e+01   3.0016822e+01   3.0016686e+01   3.0016554e+01   3.0016426e+01   3.0016302e+01   3.0016181e+01   3.0016063e+01   3.0015948e+01   3.0015835e+01   3.0015724e+01   3.0015615e+01   3.0015508e+01   3.0015402e+01   3.0015297e+01   3.0015194e+01   3.0015091e+01   3.0014989e+01   3.0014888e+01   3.0014788e+01   3.0014688e+01   3.0014589e+01   3.0014490e+01   3.0014392e+01   3.0014294e+01   3.0014197e+01   3.0014100e+01   3.0014003e+01   3.0013906e+01   3.0013810e+01   3.0013714e+01   3.0013618e+01   3.0013522e+01   3.0013427e+01   3.0013331e+01   3.0013235e+01   3.0013140e+01   3.0013044e+01   3.0012950e+01   3.0012855e+01   3.0012761e+01   3.0012666e+01   3.0012571e+01   3.0012477e+01   3.0012382e+01   3.0012288e+01   3.0012193e+01   3.0012098e+01   3.0012004e+01   3.0011909e+01   3.0011815e+01   3.0011720e+01   3.0011626e+01   3.0011531e+01   3.0011437e+01   3.0011342e+01   3.0011247e+01   3.0011153e+01   3.0011058e+01   3.0010964e+01   3.0010869e+01   3.0010775e+01   3.0010680e+01   3.0010586e+01   3.0010491e+01   3.0010397e+01   3.0010302e+01   3.0010208e+01   3.0010113e+01   3.0010019e+01   3.0009924e+01   3.0009830e+01   3.0009735e+01   3.0009640e+01   3.0009546e+01   3.0009451e+01   3.0009356e+01   3.0009261e+01   3.0009166e+01   3.0009071e+01   3.0008976e+01   3.0008881e+01   3.0008785e+01   3.0008689e+01   3.0008594e+01   3.0008498e+01   3.0008401e+01   3.0008305e+01   3.0008208e+01   3.0008112e+01   3.0008014e+01   3.0007917e+01   3.0007819e+01   3.0007721e+01   3.0007623e+01   3.0007524e+01   3.0007425e+01   3.0007326e+01   3.0007226e+01   3.0007125e+01   3.0007024e+01   3.0006923e+01   3.0006821e+01   3.0006719e+01   3.0006616e+01   3.0006512e+01   3.0006408e+01   3.0006303e+01   3.0006197e+01   3.0006091e+01   3.0005983e+01   3.0005875e+01   3.0005766e+01   3.0005657e+01   3.0005546e+01   3.0005434e+01   3.0005321e+01   3.0005208e+01   3.0005092e+01   3.0004977e+01   3.0004859e+01   3.0004741e+01   3.0004621e+01   3.0004500e+01   3.0004377e+01   3.0004253e+01   3.0004127e+01   3.0004000e+01   3.0003871e+01   3.0003741e+01   3.0003608e+01   3.0003474e+01   3.0003337e+01   3.0003200e+01   3.0003059e+01   3.0002918e+01   3.0002772e+01   3.0002627e+01   3.0002476e+01   3.0002326e+01   3.0002171e+01   3.0002016e+01   3.0001855e+01   3.0001694e+01   3.0001528e+01   3.0001362e+01   3.0001185e+01   3.0001008e+01   3.0000818e+01   3.0000628e+01   3.0000422e+01   3.0000215e+01   2.9999989e+01   2.9999763e+01   2.9999512e+01   2.9999261e+01   2.9998980e+01   2.9998699e+01   2.9998382e+01   2.9998066e+01   2.9997707e+01   2.9997348e+01   2.9996940e+01   2.9996533e+01   2.9996070e+01   2.9995607e+01   2.9995083e+01   2.9994558e+01   2.9993964e+01   2.9993370e+01   2.9992698e+01   2.9992026e+01   2.9991267e+01   2.9990507e+01   2.9989648e+01   2.9988789e+01   2.9987816e+01   2.9986842e+01   2.9985740e+01   2.9984637e+01   2.9983395e+01   2.9982153e+01   2.9980780e+01   2.9979407e+01   2.9977948e+01   2.9976489e+01
   3.0023257e+01   3.0022761e+01   3.0022278e+01   3.0021814e+01   3.0021372e+01   3.0020952e+01   3.0020555e+01   3.0020183e+01   3.0019834e+01   3.0019507e+01   3.0019201e+01   3.0018915e+01   3.0018646e+01   3.0018394e+01   3.0018158e+01   3.0017935e+01   3.0017725e+01   3.0017527e+01   3.0017339e+01   3.0017161e+01   3.0016992e+01   3.0016830e+01   3.0016676e+01   3.0016528e+01   3.0016386e+01   3.0016249e+01   3.0016116e+01   3.0015988e+01   3.0015863e+01   3.0015741e+01   3.0015622e+01   3.0015506e+01   3.0015393e+01   3.0015282e+01   3.0015172e+01   3.0015064e+01   3.0014958e+01   3.0014853e+01   3.0014749e+01   3.0014646e+01   3.0014544e+01   3.0014443e+01   3.0014342e+01   3.0014242e+01   3.0014143e+01   3.0014044e+01   3.0013946e+01   3.0013848e+01   3.0013750e+01   3.0013653e+01   3.0013556e+01   3.0013459e+01   3.0013363e+01   3.0013267e+01   3.0013171e+01   3.0013075e+01   3.0012980e+01   3.0012884e+01   3.0012788e+01   3.0012693e+01   3.0012597e+01   3.0012502e+01   3.0012407e+01   3.0012313e+01   3.0012218e+01   3.0012123e+01   3.0012029e+01   3.0011934e+01   3.0011839e+01   3.0011745e+01   3.0011650e+01   3.0011556e+01   3.0011461e+01   3.0011366e+01   3.0011272e+01   3.0011177e+01   3.0011083e+01   3.0010988e+01   3.0010894e+01   3.0010799e+01   3.0010705e+01   3.0010610e+01   3.0010515e+01   3.0010421e+01   3.0010326e+01   3.0010232e+01   3.0010137e+01   3.0010043e+01   3.0009948e+01   3.0009854e+01   3.0009759e+01   3.0009665e+01   3.0009570e+01   3.0009475e+01   3.0009381e+01   3.0009286e+01   3.0009191e+01   3.0009097e+01   3.0009002e+01   3.0008907e+01   3.0008812e+01   3.0008717e+01   3.0008622e+01   3.0008527e+01   3.0008431e+01   3.0008336e+01   3.0008240e+01   3.0008144e+01   3.0008048e+01   3.0007952e+01   3.0007856e+01   3.0007759e+01   3.0007662e+01   3.0007565e+01   3.0007468e+01   3.0007370e+01   3.0007272e+01   3.0007173e+01   3.0007075e+01   3.0006975e+01   3.0006876e+01   3.0006776e+01   3.0006676e+01   3.0006574e+01   3.0006473e+01   3.0006371e+01   3.0006269e+01   3.0006166e+01   3.0006062e+01   3.0005957e+01   3.0005853e+01   3.0005747e+01   3.0005641e+01   3.0005533e+01   3.0005425e+01   3.0005316e+01   3.0005207e+01   3.0005095e+01   3.0004984e+01   3.0004871e+01   3.0004758e+01   3.0004642e+01   3.0004527e+01   3.0004409e+01   3.0004291e+01   3.0004170e+01   3.0004050e+01   3.0003926e+01   3.0003803e+01   3.0003677e+01   3.0003550e+01   3.0003420e+01   3.0003291e+01   3.0003157e+01   3.0003024e+01   3.0002887e+01   3.0002750e+01   3.0002609e+01   3.0002468e+01   3.0002322e+01   3.0002177e+01   3.0002026e+01   3.0001876e+01   3.0001721e+01   3.0001566e+01   3.0001405e+01   3.0001244e+01   3.0001078e+01   3.0000912e+01   3.0000735e+01   3.0000558e+01   3.0000368e+01   3.0000178e+01   2.9999972e+01   2.9999766e+01   2.9999540e+01   2.9999313e+01   2.9999063e+01   2.9998812e+01   2.9998531e+01   2.9998250e+01   2.9997933e+01   2.9997617e+01   2.9997258e+01   2.9996899e+01   2.9996492e+01   2.9996084e+01   2.9995622e+01   2.9995159e+01   2.9994634e+01   2.9994110e+01   2.9993516e+01   2.9992922e+01   2.9992251e+01   2.9991579e+01   2.9990820e+01   2.9990061e+01   2.9989203e+01   2.9988345e+01   2.9987374e+01   2.9986402e+01   2.9985302e+01   2.9984203e+01   2.9982964e+01   2.9981725e+01   2.9980354e+01   2.9978984e+01   2.9977527e+01   2.9976070e+01
   3.0022853e+01   3.0022355e+01   3.0021871e+01   3.0021405e+01   3.0020960e+01   3.0020538e+01   3.0020140e+01   3.0019766e+01   3.0019416e+01   3.0019087e+01   3.0018780e+01   3.0018492e+01   3.0018222e+01   3.0017969e+01   3.0017731e+01   3.0017507e+01   3.0017296e+01   3.0017096e+01   3.0016908e+01   3.0016729e+01   3.0016559e+01   3.0016396e+01   3.0016241e+01   3.0016092e+01   3.0015949e+01   3.0015812e+01   3.0015678e+01   3.0015549e+01   3.0015423e+01   3.0015301e+01   3.0015182e+01   3.0015065e+01   3.0014951e+01   3.0014839e+01   3.0014729e+01   3.0014621e+01   3.0014515e+01   3.0014409e+01   3.0014305e+01   3.0014202e+01   3.0014099e+01   3.0013998e+01   3.0013897e+01   3.0013797e+01   3.0013697e+01   3.0013598e+01   3.0013499e+01   3.0013401e+01   3.0013303e+01   3.0013206e+01   3.0013109e+01   3.0013012e+01   3.0012916e+01   3.0012820e+01   3.0012723e+01   3.0012628e+01   3.0012532e+01   3.0012436e+01   3.0012340e+01   3.0012245e+01   3.0012149e+01   3.0012054e+01   3.0011959e+01   3.0011865e+01   3.0011770e+01   3.0011675e+01   3.0011581e+01   3.0011486e+01   3.0011391e+01   3.0011297e+01   3.0011202e+01   3.0011107e+01   3.0011013e+01   3.0010918e+01   3.0010824e+01   3.0010729e+01   3.0010634e+01   3.0010540e+01   3.0010445e+01   3.0010351e+01   3.0010256e+01   3.0010161e+01   3.0010067e+01   3.0009972e+01   3.0009878e+01   3.0009783e+01   3.0009689e+01   3.0009594e+01   3.0009500e+01   3.0009405e+01   3.0009310e+01   3.0009216e+01   3.0009121e+01   3.0009027e+01   3.0008932e+01   3.0008837e+01   3.0008743e+01   3.0008648e+01   3.0008553e+01   3.0008458e+01   3.0008363e+01   3.0008268e+01   3.0008173e+01   3.0008077e+01   3.0007982e+01   3.0007886e+01   3.0007791e+01   3.0007695e+01   3.0007599e+01   3.0007503e+01   3.0007406e+01   3.0007310e+01   3.0007213e+01   3.0007115e+01   3.0007018e+01   3.0006920e+01   3.0006822e+01   3.0006724e+01   3.0006625e+01   3.0006526e+01   3.0006426e+01   3.0006326e+01   3.0006226e+01   3.0006125e+01   3.0006023e+01   3.0005921e+01   3.0005819e+01   3.0005716e+01   3.0005612e+01   3.0005507e+01   3.0005403e+01   3.0005297e+01   3.0005191e+01   3.0005083e+01   3.0004975e+01   3.0004866e+01   3.0004757e+01   3.0004645e+01   3.0004534e+01   3.0004421e+01   3.0004308e+01   3.0004192e+01   3.0004076e+01   3.0003959e+01   3.0003841e+01   3.0003720e+01   3.0003600e+01   3.0003476e+01   3.0003353e+01   3.0003226e+01   3.0003100e+01   3.0002970e+01   3.0002840e+01   3.0002707e+01   3.0002574e+01   3.0002437e+01   3.0002300e+01   3.0002159e+01   3.0002017e+01   3.0001872e+01   3.0001726e+01   3.0001576e+01   3.0001426e+01   3.0001271e+01   3.0001116e+01   3.0000955e+01   3.0000795e+01   3.0000628e+01   3.0000462e+01   3.0000286e+01   3.0000109e+01   2.9999919e+01   2.9999729e+01   2.9999523e+01   2.9999317e+01   2.9999090e+01   2.9998864e+01   2.9998613e+01   2.9998363e+01   2.9998082e+01   2.9997801e+01   2.9997484e+01   2.9997168e+01   2.9996809e+01   2.9996450e+01   2.9996043e+01   2.9995635e+01   2.9995173e+01   2.9994710e+01   2.9994186e+01   2.9993662e+01   2.9993068e+01   2.9992474e+01   2.9991803e+01   2.9991132e+01   2.9990374e+01   2.9989616e+01   2.9988758e+01   2.9987901e+01   2.9986932e+01   2.9985962e+01   2.9984865e+01   2.9983768e+01   2.9982532e+01   2.9981296e+01   2.9979929e+01   2.9978561e+01   2.9977106e+01   2.9975652e+01
   3.0022450e+01   3.0021950e+01   3.0021464e+01   3.0020996e+01   3.0020549e+01   3.0020125e+01   3.0019725e+01   3.0019350e+01   3.0018997e+01   3.0018667e+01   3.0018358e+01   3.0018069e+01   3.0017798e+01   3.0017543e+01   3.0017304e+01   3.0017079e+01   3.0016867e+01   3.0016666e+01   3.0016477e+01   3.0016297e+01   3.0016126e+01   3.0015962e+01   3.0015806e+01   3.0015657e+01   3.0015513e+01   3.0015374e+01   3.0015240e+01   3.0015110e+01   3.0014984e+01   3.0014861e+01   3.0014741e+01   3.0014624e+01   3.0014510e+01   3.0014397e+01   3.0014287e+01   3.0014178e+01   3.0014071e+01   3.0013965e+01   3.0013861e+01   3.0013757e+01   3.0013654e+01   3.0013552e+01   3.0013451e+01   3.0013351e+01   3.0013251e+01   3.0013152e+01   3.0013053e+01   3.0012955e+01   3.0012857e+01   3.0012759e+01   3.0012662e+01   3.0012565e+01   3.0012469e+01   3.0012372e+01   3.0012276e+01   3.0012180e+01   3.0012084e+01   3.0011988e+01   3.0011893e+01   3.0011797e+01   3.0011701e+01   3.0011606e+01   3.0011512e+01   3.0011417e+01   3.0011322e+01   3.0011227e+01   3.0011133e+01   3.0011038e+01   3.0010943e+01   3.0010849e+01   3.0010754e+01   3.0010659e+01   3.0010565e+01   3.0010470e+01   3.0010375e+01   3.0010281e+01   3.0010186e+01   3.0010091e+01   3.0009997e+01   3.0009902e+01   3.0009808e+01   3.0009713e+01   3.0009618e+01   3.0009524e+01   3.0009429e+01   3.0009335e+01   3.0009240e+01   3.0009145e+01   3.0009051e+01   3.0008956e+01   3.0008862e+01   3.0008767e+01   3.0008672e+01   3.0008578e+01   3.0008483e+01   3.0008388e+01   3.0008294e+01   3.0008199e+01   3.0008104e+01   3.0008009e+01   3.0007914e+01   3.0007819e+01   3.0007724e+01   3.0007628e+01   3.0007533e+01   3.0007437e+01   3.0007342e+01   3.0007246e+01   3.0007150e+01   3.0007053e+01   3.0006957e+01   3.0006860e+01   3.0006763e+01   3.0006666e+01   3.0006569e+01   3.0006471e+01   3.0006373e+01   3.0006274e+01   3.0006175e+01   3.0006076e+01   3.0005977e+01   3.0005876e+01   3.0005776e+01   3.0005675e+01   3.0005574e+01   3.0005471e+01   3.0005369e+01   3.0005266e+01   3.0005162e+01   3.0005057e+01   3.0004953e+01   3.0004847e+01   3.0004741e+01   3.0004633e+01   3.0004525e+01   3.0004416e+01   3.0004306e+01   3.0004195e+01   3.0004084e+01   3.0003971e+01   3.0003857e+01   3.0003742e+01   3.0003626e+01   3.0003508e+01   3.0003390e+01   3.0003270e+01   3.0003149e+01   3.0003026e+01   3.0002903e+01   3.0002776e+01   3.0002650e+01   3.0002520e+01   3.0002390e+01   3.0002257e+01   3.0002123e+01   3.0001986e+01   3.0001849e+01   3.0001708e+01   3.0001567e+01   3.0001422e+01   3.0001276e+01   3.0001126e+01   3.0000976e+01   3.0000821e+01   3.0000666e+01   3.0000505e+01   3.0000344e+01   3.0000178e+01   3.0000012e+01   2.9999836e+01   2.9999659e+01   2.9999469e+01   2.9999279e+01   2.9999073e+01   2.9998867e+01   2.9998641e+01   2.9998414e+01   2.9998164e+01   2.9997913e+01   2.9997632e+01   2.9997351e+01   2.9997035e+01   2.9996718e+01   2.9996359e+01   2.9996000e+01   2.9995593e+01   2.9995186e+01   2.9994723e+01   2.9994261e+01   2.9993737e+01   2.9993212e+01   2.9992619e+01   2.9992025e+01   2.9991354e+01   2.9990683e+01   2.9989925e+01   2.9989167e+01   2.9988311e+01   2.9987455e+01   2.9986487e+01   2.9985519e+01   2.9984424e+01   2.9983330e+01   2.9982098e+01   2.9980866e+01   2.9979502e+01   2.9978137e+01   2.9976685e+01   2.9975233e+01
   3.0022047e+01   3.0021544e+01   3.0021056e+01   3.0020586e+01   3.0020137e+01   3.0019712e+01   3.0019310e+01   3.0018933e+01   3.0018579e+01   3.0018247e+01   3.0017936e+01   3.0017646e+01   3.0017373e+01   3.0017118e+01   3.0016877e+01   3.0016651e+01   3.0016438e+01   3.0016236e+01   3.0016045e+01   3.0015864e+01   3.0015692e+01   3.0015528e+01   3.0015372e+01   3.0015221e+01   3.0015077e+01   3.0014937e+01   3.0014802e+01   3.0014672e+01   3.0014545e+01   3.0014421e+01   3.0014301e+01   3.0014183e+01   3.0014068e+01   3.0013955e+01   3.0013844e+01   3.0013735e+01   3.0013627e+01   3.0013521e+01   3.0013416e+01   3.0013312e+01   3.0013209e+01   3.0013107e+01   3.0013006e+01   3.0012905e+01   3.0012805e+01   3.0012705e+01   3.0012607e+01   3.0012508e+01   3.0012410e+01   3.0012312e+01   3.0012215e+01   3.0012118e+01   3.0012021e+01   3.0011925e+01   3.0011829e+01   3.0011733e+01   3.0011637e+01   3.0011541e+01   3.0011445e+01   3.0011349e+01   3.0011253e+01   3.0011158e+01   3.0011064e+01   3.0010969e+01   3.0010874e+01   3.0010779e+01   3.0010685e+01   3.0010590e+01   3.0010495e+01   3.0010401e+01   3.0010306e+01   3.0010211e+01   3.0010116e+01   3.0010022e+01   3.0009927e+01   3.0009832e+01   3.0009738e+01   3.0009643e+01   3.0009548e+01   3.0009454e+01   3.0009359e+01   3.0009265e+01   3.0009170e+01   3.0009075e+01   3.0008981e+01   3.0008886e+01   3.0008791e+01   3.0008697e+01   3.0008602e+01   3.0008508e+01   3.0008413e+01   3.0008318e+01   3.0008224e+01   3.0008129e+01   3.0008034e+01   3.0007939e+01   3.0007845e+01   3.0007750e+01   3.0007655e+01   3.0007560e+01   3.0007465e+01   3.0007370e+01   3.0007274e+01   3.0007179e+01   3.0007084e+01   3.0006988e+01   3.0006892e+01   3.0006796e+01   3.0006700e+01   3.0006604e+01   3.0006508e+01   3.0006411e+01   3.0006314e+01   3.0006216e+01   3.0006119e+01   3.0006021e+01   3.0005923e+01   3.0005825e+01   3.0005726e+01   3.0005626e+01   3.0005527e+01   3.0005427e+01   3.0005326e+01   3.0005225e+01   3.0005124e+01   3.0005022e+01   3.0004919e+01   3.0004816e+01   3.0004712e+01   3.0004608e+01   3.0004503e+01   3.0004397e+01   3.0004290e+01   3.0004183e+01   3.0004075e+01   3.0003966e+01   3.0003856e+01   3.0003745e+01   3.0003634e+01   3.0003520e+01   3.0003407e+01   3.0003291e+01   3.0003176e+01   3.0003058e+01   3.0002940e+01   3.0002820e+01   3.0002699e+01   3.0002576e+01   3.0002452e+01   3.0002326e+01   3.0002199e+01   3.0002070e+01   3.0001940e+01   3.0001807e+01   3.0001673e+01   3.0001536e+01   3.0001399e+01   3.0001258e+01   3.0001117e+01   3.0000971e+01   3.0000826e+01   3.0000676e+01   3.0000525e+01   3.0000370e+01   3.0000215e+01   3.0000055e+01   2.9999894e+01   2.9999728e+01   2.9999562e+01   2.9999386e+01   2.9999209e+01   2.9999019e+01   2.9998829e+01   2.9998623e+01   2.9998417e+01   2.9998191e+01   2.9997964e+01   2.9997714e+01   2.9997463e+01   2.9997182e+01   2.9996901e+01   2.9996585e+01   2.9996268e+01   2.9995909e+01   2.9995551e+01   2.9995143e+01   2.9994736e+01   2.9994274e+01   2.9993811e+01   2.9993287e+01   2.9992763e+01   2.9992169e+01   2.9991576e+01   2.9990905e+01   2.9990234e+01   2.9989477e+01   2.9988719e+01   2.9987864e+01   2.9987008e+01   2.9986042e+01   2.9985075e+01   2.9983984e+01   2.9982892e+01   2.9981664e+01   2.9980435e+01   2.9979075e+01   2.9977714e+01   2.9976264e+01   2.9974814e+01
   3.0021644e+01   3.0021139e+01   3.0020649e+01   3.0020177e+01   3.0019726e+01   3.0019299e+01   3.0018895e+01   3.0018516e+01   3.0018160e+01   3.0017827e+01   3.0017515e+01   3.0017223e+01   3.0016949e+01   3.0016692e+01   3.0016450e+01   3.0016223e+01   3.0016008e+01   3.0015806e+01   3.0015614e+01   3.0015432e+01   3.0015259e+01   3.0015094e+01   3.0014937e+01   3.0014786e+01   3.0014640e+01   3.0014500e+01   3.0014364e+01   3.0014233e+01   3.0014105e+01   3.0013981e+01   3.0013860e+01   3.0013742e+01   3.0013626e+01   3.0013513e+01   3.0013401e+01   3.0013292e+01   3.0013184e+01   3.0013077e+01   3.0012972e+01   3.0012868e+01   3.0012764e+01   3.0012662e+01   3.0012560e+01   3.0012459e+01   3.0012359e+01   3.0012259e+01   3.0012160e+01   3.0012062e+01   3.0011963e+01   3.0011866e+01   3.0011768e+01   3.0011671e+01   3.0011574e+01   3.0011478e+01   3.0011381e+01   3.0011285e+01   3.0011189e+01   3.0011093e+01   3.0010997e+01   3.0010901e+01   3.0010805e+01   3.0010711e+01   3.0010616e+01   3.0010521e+01   3.0010426e+01   3.0010331e+01   3.0010237e+01   3.0010142e+01   3.0010047e+01   3.0009952e+01   3.0009858e+01   3.0009763e+01   3.0009668e+01   3.0009574e+01   3.0009479e+01   3.0009384e+01   3.0009289e+01   3.0009195e+01   3.0009100e+01   3.0009005e+01   3.0008911e+01   3.0008816e+01   3.0008721e+01   3.0008627e+01   3.0008532e+01   3.0008437e+01   3.0008343e+01   3.0008248e+01   3.0008153e+01   3.0008059e+01   3.0007964e+01   3.0007869e+01   3.0007775e+01   3.0007680e+01   3.0007585e+01   3.0007490e+01   3.0007396e+01   3.0007301e+01   3.0007206e+01   3.0007111e+01   3.0007016e+01   3.0006920e+01   3.0006825e+01   3.0006730e+01   3.0006634e+01   3.0006539e+01   3.0006443e+01   3.0006347e+01   3.0006251e+01   3.0006154e+01   3.0006058e+01   3.0005961e+01   3.0005864e+01   3.0005767e+01   3.0005669e+01   3.0005572e+01   3.0005474e+01   3.0005375e+01   3.0005276e+01   3.0005177e+01   3.0005077e+01   3.0004977e+01   3.0004877e+01   3.0004775e+01   3.0004674e+01   3.0004572e+01   3.0004469e+01   3.0004366e+01   3.0004262e+01   3.0004157e+01   3.0004053e+01   3.0003947e+01   3.0003840e+01   3.0003733e+01   3.0003625e+01   3.0003515e+01   3.0003406e+01   3.0003295e+01   3.0003183e+01   3.0003070e+01   3.0002957e+01   3.0002841e+01   3.0002725e+01   3.0002608e+01   3.0002490e+01   3.0002369e+01   3.0002248e+01   3.0002125e+01   3.0002002e+01   3.0001875e+01   3.0001749e+01   3.0001619e+01   3.0001489e+01   3.0001356e+01   3.0001223e+01   3.0001085e+01   3.0000948e+01   3.0000807e+01   3.0000666e+01   3.0000521e+01   3.0000375e+01   3.0000225e+01   3.0000075e+01   2.9999920e+01   2.9999765e+01   2.9999604e+01   2.9999444e+01   2.9999277e+01   2.9999111e+01   2.9998935e+01   2.9998758e+01   2.9998568e+01   2.9998378e+01   2.9998172e+01   2.9997966e+01   2.9997740e+01   2.9997513e+01   2.9997263e+01   2.9997012e+01   2.9996731e+01   2.9996450e+01   2.9996134e+01   2.9995817e+01   2.9995458e+01   2.9995099e+01   2.9994692e+01   2.9994285e+01   2.9993822e+01   2.9993360e+01   2.9992836e+01   2.9992312e+01   2.9991718e+01   2.9991125e+01   2.9990454e+01   2.9989783e+01   2.9989026e+01   2.9988268e+01   2.9987413e+01   2.9986558e+01   2.9985593e+01   2.9984627e+01   2.9983538e+01   2.9982449e+01   2.9981225e+01   2.9980001e+01   2.9978645e+01   2.9977289e+01   2.9975842e+01   2.9974395e+01
   3.0021240e+01   3.0020734e+01   3.0020242e+01   3.0019768e+01   3.0019315e+01   3.0018885e+01   3.0018480e+01   3.0018099e+01   3.0017741e+01   3.0017407e+01   3.0017093e+01   3.0016800e+01   3.0016524e+01   3.0016266e+01   3.0016023e+01   3.0015795e+01   3.0015579e+01   3.0015376e+01   3.0015183e+01   3.0015000e+01   3.0014826e+01   3.0014660e+01   3.0014502e+01   3.0014350e+01   3.0014204e+01   3.0014063e+01   3.0013926e+01   3.0013794e+01   3.0013666e+01   3.0013541e+01   3.0013419e+01   3.0013300e+01   3.0013184e+01   3.0013070e+01   3.0012958e+01   3.0012848e+01   3.0012740e+01   3.0012633e+01   3.0012527e+01   3.0012423e+01   3.0012319e+01   3.0012217e+01   3.0012115e+01   3.0012014e+01   3.0011913e+01   3.0011813e+01   3.0011714e+01   3.0011615e+01   3.0011517e+01   3.0011419e+01   3.0011321e+01   3.0011224e+01   3.0011127e+01   3.0011031e+01   3.0010934e+01   3.0010838e+01   3.0010742e+01   3.0010646e+01   3.0010550e+01   3.0010454e+01   3.0010358e+01   3.0010263e+01   3.0010168e+01   3.0010073e+01   3.0009978e+01   3.0009884e+01   3.0009789e+01   3.0009694e+01   3.0009599e+01   3.0009504e+01   3.0009410e+01   3.0009315e+01   3.0009220e+01   3.0009125e+01   3.0009031e+01   3.0008936e+01   3.0008841e+01   3.0008746e+01   3.0008652e+01   3.0008557e+01   3.0008462e+01   3.0008368e+01   3.0008273e+01   3.0008178e+01   3.0008084e+01   3.0007989e+01   3.0007894e+01   3.0007799e+01   3.0007705e+01   3.0007610e+01   3.0007515e+01   3.0007421e+01   3.0007326e+01   3.0007231e+01   3.0007136e+01   3.0007042e+01   3.0006947e+01   3.0006852e+01   3.0006757e+01   3.0006662e+01   3.0006567e+01   3.0006471e+01   3.0006376e+01   3.0006281e+01   3.0006185e+01   3.0006089e+01   3.0005994e+01   3.0005898e+01   3.0005802e+01   3.0005705e+01   3.0005609e+01   3.0005512e+01   3.0005415e+01   3.0005317e+01   3.0005220e+01   3.0005122e+01   3.0005024e+01   3.0004925e+01   3.0004826e+01   3.0004727e+01   3.0004627e+01   3.0004527e+01   3.0004427e+01   3.0004325e+01   3.0004224e+01   3.0004122e+01   3.0004019e+01   3.0003916e+01   3.0003812e+01   3.0003707e+01   3.0003603e+01   3.0003496e+01   3.0003390e+01   3.0003282e+01   3.0003175e+01   3.0003065e+01   3.0002956e+01   3.0002844e+01   3.0002733e+01   3.0002620e+01   3.0002506e+01   3.0002391e+01   3.0002275e+01   3.0002157e+01   3.0002039e+01   3.0001919e+01   3.0001798e+01   3.0001675e+01   3.0001551e+01   3.0001425e+01   3.0001298e+01   3.0001168e+01   3.0001039e+01   3.0000905e+01   3.0000772e+01   3.0000635e+01   3.0000498e+01   3.0000357e+01   3.0000215e+01   3.0000070e+01   2.9999924e+01   2.9999774e+01   2.9999624e+01   2.9999469e+01   2.9999314e+01   2.9999153e+01   2.9998993e+01   2.9998827e+01   2.9998661e+01   2.9998484e+01   2.9998307e+01   2.9998117e+01   2.9997927e+01   2.9997721e+01   2.9997515e+01   2.9997289e+01   2.9997063e+01   2.9996812e+01   2.9996561e+01   2.9996280e+01   2.9995999e+01   2.9995682e+01   2.9995366e+01   2.9995007e+01   2.9994648e+01   2.9994241e+01   2.9993833e+01   2.9993371e+01   2.9992909e+01   2.9992384e+01   2.9991860e+01   2.9991267e+01   2.9990674e+01   2.9990003e+01   2.9989332e+01   2.9988575e+01   2.9987817e+01   2.9986962e+01   2.9986108e+01   2.9985144e+01   2.9984180e+01   2.9983093e+01   2.9982007e+01   2.9980787e+01   2.9979567e+01   2.9978216e+01   2.9976864e+01   2.9975420e+01   2.9973976e+01
   3.0020837e+01   3.0020328e+01   3.0019834e+01   3.0019358e+01   3.0018904e+01   3.0018472e+01   3.0018065e+01   3.0017682e+01   3.0017323e+01   3.0016986e+01   3.0016671e+01   3.0016376e+01   3.0016100e+01   3.0015840e+01   3.0015596e+01   3.0015367e+01   3.0015150e+01   3.0014945e+01   3.0014752e+01   3.0014568e+01   3.0014393e+01   3.0014226e+01   3.0014067e+01   3.0013914e+01   3.0013767e+01   3.0013625e+01   3.0013488e+01   3.0013355e+01   3.0013226e+01   3.0013101e+01   3.0012979e+01   3.0012859e+01   3.0012742e+01   3.0012628e+01   3.0012515e+01   3.0012405e+01   3.0012296e+01   3.0012189e+01   3.0012083e+01   3.0011978e+01   3.0011874e+01   3.0011771e+01   3.0011669e+01   3.0011568e+01   3.0011467e+01   3.0011367e+01   3.0011267e+01   3.0011168e+01   3.0011070e+01   3.0010972e+01   3.0010874e+01   3.0010777e+01   3.0010680e+01   3.0010583e+01   3.0010487e+01   3.0010391e+01   3.0010294e+01   3.0010198e+01   3.0010102e+01   3.0010006e+01   3.0009910e+01   3.0009815e+01   3.0009720e+01   3.0009625e+01   3.0009530e+01   3.0009435e+01   3.0009341e+01   3.0009246e+01   3.0009151e+01   3.0009056e+01   3.0008961e+01   3.0008867e+01   3.0008772e+01   3.0008677e+01   3.0008582e+01   3.0008487e+01   3.0008393e+01   3.0008298e+01   3.0008203e+01   3.0008108e+01   3.0008014e+01   3.0007919e+01   3.0007824e+01   3.0007730e+01   3.0007635e+01   3.0007540e+01   3.0007445e+01   3.0007351e+01   3.0007256e+01   3.0007161e+01   3.0007067e+01   3.0006972e+01   3.0006877e+01   3.0006782e+01   3.0006688e+01   3.0006593e+01   3.0006498e+01   3.0006403e+01   3.0006308e+01   3.0006213e+01   3.0006118e+01   3.0006022e+01   3.0005927e+01   3.0005832e+01   3.0005736e+01   3.0005640e+01   3.0005544e+01   3.0005448e+01   3.0005352e+01   3.0005256e+01   3.0005159e+01   3.0005062e+01   3.0004965e+01   3.0004868e+01   3.0004770e+01   3.0004672e+01   3.0004574e+01   3.0004476e+01   3.0004377e+01   3.0004277e+01   3.0004178e+01   3.0004077e+01   3.0003977e+01   3.0003876e+01   3.0003774e+01   3.0003672e+01   3.0003569e+01   3.0003466e+01   3.0003362e+01   3.0003257e+01   3.0003152e+01   3.0003046e+01   3.0002940e+01   3.0002832e+01   3.0002724e+01   3.0002615e+01   3.0002505e+01   3.0002394e+01   3.0002282e+01   3.0002169e+01   3.0002056e+01   3.0001940e+01   3.0001824e+01   3.0001706e+01   3.0001588e+01   3.0001468e+01   3.0001347e+01   3.0001223e+01   3.0001100e+01   3.0000973e+01   3.0000847e+01   3.0000717e+01   3.0000587e+01   3.0000454e+01   3.0000320e+01   3.0000183e+01   3.0000046e+01   2.9999905e+01   2.9999764e+01   2.9999618e+01   2.9999473e+01   2.9999322e+01   2.9999172e+01   2.9999017e+01   2.9998862e+01   2.9998701e+01   2.9998541e+01   2.9998375e+01   2.9998208e+01   2.9998032e+01   2.9997855e+01   2.9997665e+01   2.9997475e+01   2.9997269e+01   2.9997062e+01   2.9996836e+01   2.9996610e+01   2.9996359e+01   2.9996108e+01   2.9995827e+01   2.9995546e+01   2.9995229e+01   2.9994912e+01   2.9994553e+01   2.9994195e+01   2.9993787e+01   2.9993380e+01   2.9992917e+01   2.9992455e+01   2.9991931e+01   2.9991407e+01   2.9990813e+01   2.9990220e+01   2.9989549e+01   2.9988878e+01   2.9988121e+01   2.9987363e+01   2.9986509e+01   2.9985654e+01   2.9984690e+01   2.9983727e+01   2.9982643e+01   2.9981558e+01   2.9980343e+01   2.9979128e+01   2.9977782e+01   2.9976437e+01   2.9974997e+01   2.9973557e+01
   3.0020434e+01   3.0019923e+01   3.0019427e+01   3.0018949e+01   3.0018492e+01   3.0018059e+01   3.0017650e+01   3.0017265e+01   3.0016904e+01   3.0016566e+01   3.0016250e+01   3.0015953e+01   3.0015675e+01   3.0015414e+01   3.0015169e+01   3.0014938e+01   3.0014721e+01   3.0014515e+01   3.0014320e+01   3.0014135e+01   3.0013960e+01   3.0013792e+01   3.0013632e+01   3.0013478e+01   3.0013331e+01   3.0013188e+01   3.0013050e+01   3.0012917e+01   3.0012787e+01   3.0012661e+01   3.0012538e+01   3.0012418e+01   3.0012300e+01   3.0012185e+01   3.0012072e+01   3.0011961e+01   3.0011852e+01   3.0011744e+01   3.0011638e+01   3.0011533e+01   3.0011429e+01   3.0011325e+01   3.0011223e+01   3.0011121e+01   3.0011020e+01   3.0010920e+01   3.0010821e+01   3.0010722e+01   3.0010623e+01   3.0010525e+01   3.0010427e+01   3.0010330e+01   3.0010233e+01   3.0010136e+01   3.0010039e+01   3.0009943e+01   3.0009847e+01   3.0009751e+01   3.0009654e+01   3.0009558e+01   3.0009462e+01   3.0009367e+01   3.0009272e+01   3.0009177e+01   3.0009082e+01   3.0008987e+01   3.0008893e+01   3.0008798e+01   3.0008703e+01   3.0008608e+01   3.0008513e+01   3.0008418e+01   3.0008324e+01   3.0008229e+01   3.0008134e+01   3.0008039e+01   3.0007944e+01   3.0007850e+01   3.0007755e+01   3.0007660e+01   3.0007565e+01   3.0007470e+01   3.0007376e+01   3.0007281e+01   3.0007186e+01   3.0007092e+01   3.0006997e+01   3.0006902e+01   3.0006807e+01   3.0006713e+01   3.0006618e+01   3.0006523e+01   3.0006428e+01   3.0006334e+01   3.0006239e+01   3.0006144e+01   3.0006049e+01   3.0005954e+01   3.0005859e+01   3.0005764e+01   3.0005669e+01   3.0005573e+01   3.0005478e+01   3.0005382e+01   3.0005287e+01   3.0005191e+01   3.0005095e+01   3.0004999e+01   3.0004903e+01   3.0004807e+01   3.0004710e+01   3.0004613e+01   3.0004516e+01   3.0004419e+01   3.0004321e+01   3.0004223e+01   3.0004125e+01   3.0004026e+01   3.0003927e+01   3.0003828e+01   3.0003728e+01   3.0003627e+01   3.0003527e+01   3.0003426e+01   3.0003324e+01   3.0003222e+01   3.0003119e+01   3.0003016e+01   3.0002912e+01   3.0002807e+01   3.0002702e+01   3.0002596e+01   3.0002490e+01   3.0002382e+01   3.0002274e+01   3.0002164e+01   3.0002055e+01   3.0001943e+01   3.0001832e+01   3.0001718e+01   3.0001605e+01   3.0001489e+01   3.0001373e+01   3.0001255e+01   3.0001137e+01   3.0001017e+01   3.0000896e+01   3.0000772e+01   3.0000649e+01   3.0000522e+01   3.0000396e+01   3.0000266e+01   3.0000136e+01   3.0000003e+01   2.9999869e+01   2.9999732e+01   2.9999595e+01   2.9999453e+01   2.9999312e+01   2.9999166e+01   2.9999021e+01   2.9998871e+01   2.9998720e+01   2.9998565e+01   2.9998410e+01   2.9998249e+01   2.9998089e+01   2.9997923e+01   2.9997756e+01   2.9997579e+01   2.9997403e+01   2.9997213e+01   2.9997023e+01   2.9996816e+01   2.9996610e+01   2.9996383e+01   2.9996157e+01   2.9995906e+01   2.9995655e+01   2.9995374e+01   2.9995093e+01   2.9994776e+01   2.9994459e+01   2.9994100e+01   2.9993741e+01   2.9993334e+01   2.9992926e+01   2.9992464e+01   2.9992002e+01   2.9991477e+01   2.9990953e+01   2.9990360e+01   2.9989767e+01   2.9989096e+01   2.9988425e+01   2.9987667e+01   2.9986910e+01   2.9986055e+01   2.9985200e+01   2.9984237e+01   2.9983274e+01   2.9982192e+01   2.9981110e+01   2.9979899e+01   2.9978688e+01   2.9977349e+01   2.9976010e+01   2.9974574e+01   2.9973139e+01
   3.0020031e+01   3.0019518e+01   3.0019019e+01   3.0018539e+01   3.0018081e+01   3.0017646e+01   3.0017235e+01   3.0016848e+01   3.0016486e+01   3.0016146e+01   3.0015828e+01   3.0015530e+01   3.0015251e+01   3.0014989e+01   3.0014742e+01   3.0014510e+01   3.0014291e+01   3.0014085e+01   3.0013889e+01   3.0013703e+01   3.0013527e+01   3.0013358e+01   3.0013197e+01   3.0013043e+01   3.0012894e+01   3.0012751e+01   3.0012612e+01   3.0012478e+01   3.0012348e+01   3.0012221e+01   3.0012097e+01   3.0011976e+01   3.0011858e+01   3.0011743e+01   3.0011630e+01   3.0011518e+01   3.0011408e+01   3.0011300e+01   3.0011193e+01   3.0011088e+01   3.0010983e+01   3.0010880e+01   3.0010777e+01   3.0010675e+01   3.0010574e+01   3.0010474e+01   3.0010374e+01   3.0010274e+01   3.0010176e+01   3.0010078e+01   3.0009980e+01   3.0009882e+01   3.0009785e+01   3.0009688e+01   3.0009592e+01   3.0009495e+01   3.0009399e+01   3.0009303e+01   3.0009207e+01   3.0009110e+01   3.0009014e+01   3.0008919e+01   3.0008824e+01   3.0008729e+01   3.0008634e+01   3.0008539e+01   3.0008444e+01   3.0008350e+01   3.0008255e+01   3.0008160e+01   3.0008065e+01   3.0007970e+01   3.0007875e+01   3.0007780e+01   3.0007686e+01   3.0007591e+01   3.0007496e+01   3.0007401e+01   3.0007306e+01   3.0007212e+01   3.0007117e+01   3.0007022e+01   3.0006927e+01   3.0006832e+01   3.0006738e+01   3.0006643e+01   3.0006548e+01   3.0006453e+01   3.0006359e+01   3.0006264e+01   3.0006169e+01   3.0006074e+01   3.0005979e+01   3.0005885e+01   3.0005790e+01   3.0005695e+01   3.0005600e+01   3.0005505e+01   3.0005410e+01   3.0005315e+01   3.0005219e+01   3.0005124e+01   3.0005029e+01   3.0004933e+01   3.0004838e+01   3.0004742e+01   3.0004646e+01   3.0004550e+01   3.0004454e+01   3.0004357e+01   3.0004260e+01   3.0004163e+01   3.0004066e+01   3.0003969e+01   3.0003871e+01   3.0003773e+01   3.0003675e+01   3.0003576e+01   3.0003477e+01   3.0003378e+01   3.0003278e+01   3.0003177e+01   3.0003077e+01   3.0002975e+01   3.0002874e+01   3.0002771e+01   3.0002669e+01   3.0002565e+01   3.0002461e+01   3.0002356e+01   3.0002251e+01   3.0002145e+01   3.0002039e+01   3.0001931e+01   3.0001823e+01   3.0001713e+01   3.0001603e+01   3.0001492e+01   3.0001380e+01   3.0001267e+01   3.0001153e+01   3.0001037e+01   3.0000922e+01   3.0000803e+01   3.0000685e+01   3.0000564e+01   3.0000444e+01   3.0000320e+01   3.0000196e+01   3.0000070e+01   2.9999943e+01   2.9999813e+01   2.9999683e+01   2.9999549e+01   2.9999416e+01   2.9999279e+01   2.9999141e+01   2.9999000e+01   2.9998859e+01   2.9998713e+01   2.9998567e+01   2.9998417e+01   2.9998266e+01   2.9998111e+01   2.9997956e+01   2.9997795e+01   2.9997635e+01   2.9997468e+01   2.9997302e+01   2.9997125e+01   2.9996948e+01   2.9996758e+01   2.9996568e+01   2.9996361e+01   2.9996155e+01   2.9995928e+01   2.9995701e+01   2.9995450e+01   2.9995199e+01   2.9994918e+01   2.9994637e+01   2.9994320e+01   2.9994003e+01   2.9993644e+01   2.9993285e+01   2.9992877e+01   2.9992470e+01   2.9992007e+01   2.9991545e+01   2.9991021e+01   2.9990497e+01   2.9989903e+01   2.9989310e+01   2.9988639e+01   2.9987968e+01   2.9987211e+01   2.9986453e+01   2.9985598e+01   2.9984743e+01   2.9983780e+01   2.9982817e+01   2.9981736e+01   2.9980655e+01   2.9979448e+01   2.9978241e+01   2.9976910e+01   2.9975578e+01   2.9974149e+01   2.9972720e+01
   3.0019627e+01   3.0019112e+01   3.0018612e+01   3.0018130e+01   3.0017669e+01   3.0017232e+01   3.0016820e+01   3.0016432e+01   3.0016067e+01   3.0015726e+01   3.0015407e+01   3.0015107e+01   3.0014826e+01   3.0014563e+01   3.0014315e+01   3.0014082e+01   3.0013862e+01   3.0013654e+01   3.0013457e+01   3.0013271e+01   3.0013093e+01   3.0012924e+01   3.0012762e+01   3.0012607e+01   3.0012457e+01   3.0012313e+01   3.0012174e+01   3.0012039e+01   3.0011908e+01   3.0011781e+01   3.0011656e+01   3.0011535e+01   3.0011416e+01   3.0011300e+01   3.0011186e+01   3.0011075e+01   3.0010964e+01   3.0010856e+01   3.0010749e+01   3.0010643e+01   3.0010538e+01   3.0010434e+01   3.0010331e+01   3.0010229e+01   3.0010127e+01   3.0010027e+01   3.0009927e+01   3.0009827e+01   3.0009728e+01   3.0009630e+01   3.0009532e+01   3.0009434e+01   3.0009337e+01   3.0009240e+01   3.0009144e+01   3.0009047e+01   3.0008951e+01   3.0008855e+01   3.0008758e+01   3.0008662e+01   3.0008566e+01   3.0008471e+01   3.0008376e+01   3.0008281e+01   3.0008186e+01   3.0008091e+01   3.0007996e+01   3.0007901e+01   3.0007807e+01   3.0007712e+01   3.0007617e+01   3.0007522e+01   3.0007427e+01   3.0007332e+01   3.0007237e+01   3.0007142e+01   3.0007048e+01   3.0006953e+01   3.0006858e+01   3.0006763e+01   3.0006668e+01   3.0006573e+01   3.0006479e+01   3.0006384e+01   3.0006289e+01   3.0006194e+01   3.0006099e+01   3.0006005e+01   3.0005910e+01   3.0005815e+01   3.0005720e+01   3.0005625e+01   3.0005531e+01   3.0005436e+01   3.0005341e+01   3.0005246e+01   3.0005151e+01   3.0005056e+01   3.0004961e+01   3.0004866e+01   3.0004770e+01   3.0004675e+01   3.0004580e+01   3.0004484e+01   3.0004388e+01   3.0004292e+01   3.0004197e+01   3.0004100e+01   3.0004004e+01   3.0003908e+01   3.0003811e+01   3.0003714e+01   3.0003617e+01   3.0003519e+01   3.0003422e+01   3.0003323e+01   3.0003225e+01   3.0003126e+01   3.0003027e+01   3.0002928e+01   3.0002828e+01   3.0002727e+01   3.0002627e+01   3.0002525e+01   3.0002424e+01   3.0002321e+01   3.0002218e+01   3.0002115e+01   3.0002011e+01   3.0001906e+01   3.0001801e+01   3.0001694e+01   3.0001588e+01   3.0001480e+01   3.0001372e+01   3.0001262e+01   3.0001152e+01   3.0001040e+01   3.0000929e+01   3.0000815e+01   3.0000702e+01   3.0000586e+01   3.0000470e+01   3.0000351e+01   3.0000233e+01   3.0000112e+01   2.9999991e+01   2.9999868e+01   2.9999744e+01   2.9999617e+01   2.9999490e+01   2.9999360e+01   2.9999230e+01   2.9999096e+01   2.9998963e+01   2.9998825e+01   2.9998688e+01   2.9998547e+01   2.9998405e+01   2.9998259e+01   2.9998114e+01   2.9997963e+01   2.9997813e+01   2.9997657e+01   2.9997502e+01   2.9997341e+01   2.9997180e+01   2.9997014e+01   2.9996848e+01   2.9996671e+01   2.9996493e+01   2.9996303e+01   2.9996113e+01   2.9995906e+01   2.9995700e+01   2.9995473e+01   2.9995246e+01   2.9994995e+01   2.9994743e+01   2.9994462e+01   2.9994180e+01   2.9993863e+01   2.9993546e+01   2.9993187e+01   2.9992828e+01   2.9992421e+01   2.9992013e+01   2.9991551e+01   2.9991088e+01   2.9990564e+01   2.9990040e+01   2.9989447e+01   2.9988854e+01   2.9988183e+01   2.9987512e+01   2.9986754e+01   2.9985996e+01   2.9985141e+01   2.9984285e+01   2.9983322e+01   2.9982359e+01   2.9981279e+01   2.9980199e+01   2.9978997e+01   2.9977794e+01   2.9976471e+01   2.9975147e+01   2.9973724e+01   2.9972301e+01
   3.0019224e+01   3.0018707e+01   3.0018204e+01   3.0017720e+01   3.0017258e+01   3.0016819e+01   3.0016404e+01   3.0016015e+01   3.0015649e+01   3.0015306e+01   3.0014985e+01   3.0014684e+01   3.0014402e+01   3.0014137e+01   3.0013888e+01   3.0013654e+01   3.0013433e+01   3.0013224e+01   3.0013026e+01   3.0012839e+01   3.0012660e+01   3.0012490e+01   3.0012327e+01   3.0012171e+01   3.0012021e+01   3.0011876e+01   3.0011736e+01   3.0011600e+01   3.0011468e+01   3.0011340e+01   3.0011215e+01   3.0011094e+01   3.0010974e+01   3.0010858e+01   3.0010743e+01   3.0010631e+01   3.0010520e+01   3.0010411e+01   3.0010303e+01   3.0010197e+01   3.0010092e+01   3.0009988e+01   3.0009884e+01   3.0009782e+01   3.0009680e+01   3.0009579e+01   3.0009479e+01   3.0009379e+01   3.0009280e+01   3.0009182e+01   3.0009084e+01   3.0008986e+01   3.0008889e+01   3.0008792e+01   3.0008695e+01   3.0008598e+01   3.0008502e+01   3.0008406e+01   3.0008309e+01   3.0008213e+01   3.0008117e+01   3.0008022e+01   3.0007927e+01   3.0007832e+01   3.0007737e+01   3.0007642e+01   3.0007547e+01   3.0007452e+01   3.0007357e+01   3.0007262e+01   3.0007168e+01   3.0007073e+01   3.0006978e+01   3.0006883e+01   3.0006788e+01   3.0006693e+01   3.0006598e+01   3.0006503e+01   3.0006409e+01   3.0006314e+01   3.0006219e+01   3.0006124e+01   3.0006029e+01   3.0005934e+01   3.0005839e+01   3.0005745e+01   3.0005650e+01   3.0005555e+01   3.0005460e+01   3.0005365e+01   3.0005270e+01   3.0005176e+01   3.0005081e+01   3.0004986e+01   3.0004891e+01   3.0004796e+01   3.0004701e+01   3.0004606e+01   3.0004511e+01   3.0004415e+01   3.0004320e+01   3.0004225e+01   3.0004129e+01   3.0004034e+01   3.0003938e+01   3.0003842e+01   3.0003746e+01   3.0003650e+01   3.0003554e+01   3.0003457e+01   3.0003360e+01   3.0003263e+01   3.0003166e+01   3.0003068e+01   3.0002971e+01   3.0002872e+01   3.0002774e+01   3.0002675e+01   3.0002576e+01   3.0002476e+01   3.0002377e+01   3.0002276e+01   3.0002175e+01   3.0002074e+01   3.0001972e+01   3.0001869e+01   3.0001767e+01   3.0001663e+01   3.0001559e+01   3.0001454e+01   3.0001348e+01   3.0001242e+01   3.0001135e+01   3.0001027e+01   3.0000919e+01   3.0000809e+01   3.0000699e+01   3.0000587e+01   3.0000475e+01   3.0000362e+01   3.0000248e+01   3.0000132e+01   3.0000016e+01   2.9999897e+01   2.9999779e+01   2.9999658e+01   2.9999537e+01   2.9999413e+01   2.9999289e+01   2.9999162e+01   2.9999035e+01   2.9998905e+01   2.9998775e+01   2.9998641e+01   2.9998507e+01   2.9998370e+01   2.9998232e+01   2.9998090e+01   2.9997949e+01   2.9997803e+01   2.9997657e+01   2.9997506e+01   2.9997356e+01   2.9997200e+01   2.9997045e+01   2.9996884e+01   2.9996723e+01   2.9996556e+01   2.9996390e+01   2.9996213e+01   2.9996035e+01   2.9995845e+01   2.9995655e+01   2.9995448e+01   2.9995241e+01   2.9995014e+01   2.9994787e+01   2.9994535e+01   2.9994284e+01   2.9994002e+01   2.9993721e+01   2.9993403e+01   2.9993086e+01   2.9992727e+01   2.9992368e+01   2.9991960e+01   2.9991553e+01   2.9991090e+01   2.9990628e+01   2.9990104e+01   2.9989580e+01   2.9988987e+01   2.9988394e+01   2.9987723e+01   2.9987052e+01   2.9986294e+01   2.9985536e+01   2.9984680e+01   2.9983824e+01   2.9982861e+01   2.9981897e+01   2.9980817e+01   2.9979737e+01   2.9978538e+01   2.9977338e+01   2.9976024e+01   2.9974709e+01   2.9973296e+01   2.9971882e+01
   3.0018821e+01   3.0018301e+01   3.0017796e+01   3.0017310e+01   3.0016846e+01   3.0016405e+01   3.0015989e+01   3.0015597e+01   3.0015230e+01   3.0014885e+01   3.0014563e+01   3.0014261e+01   3.0013977e+01   3.0013711e+01   3.0013461e+01   3.0013226e+01   3.0013004e+01   3.0012794e+01   3.0012595e+01   3.0012406e+01   3.0012227e+01   3.0012056e+01   3.0011892e+01   3.0011735e+01   3.0011584e+01   3.0011439e+01   3.0011298e+01   3.0011161e+01   3.0011029e+01   3.0010900e+01   3.0010775e+01   3.0010652e+01   3.0010532e+01   3.0010415e+01   3.0010300e+01   3.0010187e+01   3.0010076e+01   3.0009966e+01   3.0009858e+01   3.0009751e+01   3.0009646e+01   3.0009541e+01   3.0009437e+01   3.0009334e+01   3.0009232e+01   3.0009131e+01   3.0009031e+01   3.0008931e+01   3.0008832e+01   3.0008733e+01   3.0008635e+01   3.0008537e+01   3.0008439e+01   3.0008342e+01   3.0008245e+01   3.0008149e+01   3.0008052e+01   3.0007956e+01   3.0007860e+01   3.0007763e+01   3.0007667e+01   3.0007572e+01   3.0007478e+01   3.0007383e+01   3.0007288e+01   3.0007193e+01   3.0007098e+01   3.0007003e+01   3.0006908e+01   3.0006813e+01   3.0006718e+01   3.0006623e+01   3.0006529e+01   3.0006434e+01   3.0006339e+01   3.0006244e+01   3.0006149e+01   3.0006054e+01   3.0005959e+01   3.0005864e+01   3.0005769e+01   3.0005675e+01   3.0005580e+01   3.0005485e+01   3.0005390e+01   3.0005295e+01   3.0005200e+01   3.0005105e+01   3.0005011e+01   3.0004916e+01   3.0004821e+01   3.0004726e+01   3.0004631e+01   3.0004536e+01   3.0004441e+01   3.0004346e+01   3.0004251e+01   3.0004156e+01   3.0004061e+01   3.0003965e+01   3.0003870e+01   3.0003775e+01   3.0003679e+01   3.0003583e+01   3.0003488e+01   3.0003392e+01   3.0003296e+01   3.0003199e+01   3.0003103e+01   3.0003006e+01   3.0002910e+01   3.0002812e+01   3.0002715e+01   3.0002617e+01   3.0002520e+01   3.0002421e+01   3.0002323e+01   3.0002224e+01   3.0002125e+01   3.0002025e+01   3.0001925e+01   3.0001824e+01   3.0001724e+01   3.0001622e+01   3.0001520e+01   3.0001418e+01   3.0001315e+01   3.0001211e+01   3.0001107e+01   3.0001001e+01   3.0000896e+01   3.0000789e+01   3.0000683e+01   3.0000574e+01   3.0000466e+01   3.0000356e+01   3.0000246e+01   3.0000134e+01   3.0000022e+01   2.9999908e+01   2.9999794e+01   2.9999678e+01   2.9999562e+01   2.9999443e+01   2.9999325e+01   2.9999204e+01   2.9999082e+01   2.9998958e+01   2.9998834e+01   2.9998707e+01   2.9998580e+01   2.9998450e+01   2.9998319e+01   2.9998185e+01   2.9998051e+01   2.9997914e+01   2.9997776e+01   2.9997634e+01   2.9997492e+01   2.9997346e+01   2.9997200e+01   2.9997049e+01   2.9996899e+01   2.9996743e+01   2.9996587e+01   2.9996426e+01   2.9996265e+01   2.9996099e+01   2.9995932e+01   2.9995755e+01   2.9995577e+01   2.9995387e+01   2.9995196e+01   2.9994989e+01   2.9994782e+01   2.9994555e+01   2.9994328e+01   2.9994076e+01   2.9993824e+01   2.9993543e+01   2.9993261e+01   2.9992944e+01   2.9992626e+01   2.9992267e+01   2.9991908e+01   2.9991500e+01   2.9991092e+01   2.9990630e+01   2.9990168e+01   2.9989644e+01   2.9989120e+01   2.9988527e+01   2.9987934e+01   2.9987263e+01   2.9986592e+01   2.9985834e+01   2.9985076e+01   2.9984220e+01   2.9983364e+01   2.9982399e+01   2.9981435e+01   2.9980355e+01   2.9979275e+01   2.9978079e+01   2.9976882e+01   2.9975576e+01   2.9974270e+01   2.9972867e+01   2.9971464e+01
   3.0018417e+01   3.0017895e+01   3.0017388e+01   3.0016900e+01   3.0016433e+01   3.0015990e+01   3.0015572e+01   3.0015179e+01   3.0014810e+01   3.0014464e+01   3.0014140e+01   3.0013837e+01   3.0013552e+01   3.0013285e+01   3.0013034e+01   3.0012797e+01   3.0012574e+01   3.0012363e+01   3.0012163e+01   3.0011974e+01   3.0011794e+01   3.0011622e+01   3.0011457e+01   3.0011299e+01   3.0011148e+01   3.0011001e+01   3.0010860e+01   3.0010723e+01   3.0010590e+01   3.0010460e+01   3.0010334e+01   3.0010211e+01   3.0010090e+01   3.0009972e+01   3.0009857e+01   3.0009743e+01   3.0009632e+01   3.0009521e+01   3.0009413e+01   3.0009305e+01   3.0009199e+01   3.0009094e+01   3.0008990e+01   3.0008886e+01   3.0008784e+01   3.0008682e+01   3.0008582e+01   3.0008481e+01   3.0008382e+01   3.0008283e+01   3.0008184e+01   3.0008086e+01   3.0007989e+01   3.0007892e+01   3.0007795e+01   3.0007698e+01   3.0007601e+01   3.0007505e+01   3.0007409e+01   3.0007312e+01   3.0007216e+01   3.0007121e+01   3.0007026e+01   3.0006931e+01   3.0006836e+01   3.0006741e+01   3.0006646e+01   3.0006551e+01   3.0006456e+01   3.0006361e+01   3.0006266e+01   3.0006171e+01   3.0006076e+01   3.0005982e+01   3.0005887e+01   3.0005792e+01   3.0005697e+01   3.0005602e+01   3.0005507e+01   3.0005412e+01   3.0005317e+01   3.0005222e+01   3.0005127e+01   3.0005032e+01   3.0004938e+01   3.0004843e+01   3.0004748e+01   3.0004653e+01   3.0004558e+01   3.0004463e+01   3.0004368e+01   3.0004273e+01   3.0004178e+01   3.0004083e+01   3.0003988e+01   3.0003893e+01   3.0003798e+01   3.0003703e+01   3.0003607e+01   3.0003512e+01   3.0003417e+01   3.0003321e+01   3.0003226e+01   3.0003130e+01   3.0003034e+01   3.0002938e+01   3.0002842e+01   3.0002746e+01   3.0002649e+01   3.0002553e+01   3.0002456e+01   3.0002358e+01   3.0002261e+01   3.0002163e+01   3.0002066e+01   3.0001967e+01   3.0001869e+01   3.0001770e+01   3.0001670e+01   3.0001570e+01   3.0001471e+01   3.0001370e+01   3.0001269e+01   3.0001167e+01   3.0001065e+01   3.0000962e+01   3.0000859e+01   3.0000755e+01   3.0000651e+01   3.0000546e+01   3.0000440e+01   3.0000334e+01   3.0000227e+01   3.0000118e+01   3.0000010e+01   2.9999900e+01   2.9999790e+01   2.9999677e+01   2.9999565e+01   2.9999451e+01   2.9999337e+01   2.9999221e+01   2.9999105e+01   2.9998986e+01   2.9998867e+01   2.9998746e+01   2.9998624e+01   2.9998500e+01   2.9998376e+01   2.9998248e+01   2.9998121e+01   2.9997991e+01   2.9997860e+01   2.9997726e+01   2.9997592e+01   2.9997454e+01   2.9997316e+01   2.9997174e+01   2.9997032e+01   2.9996886e+01   2.9996740e+01   2.9996589e+01   2.9996438e+01   2.9996282e+01   2.9996126e+01   2.9995965e+01   2.9995804e+01   2.9995637e+01   2.9995470e+01   2.9995293e+01   2.9995115e+01   2.9994924e+01   2.9994733e+01   2.9994526e+01   2.9994319e+01   2.9994092e+01   2.9993864e+01   2.9993612e+01   2.9993360e+01   2.9993079e+01   2.9992797e+01   2.9992479e+01   2.9992162e+01   2.9991802e+01   2.9991443e+01   2.9991035e+01   2.9990628e+01   2.9990165e+01   2.9989703e+01   2.9989179e+01   2.9988655e+01   2.9988063e+01   2.9987470e+01   2.9986799e+01   2.9986129e+01   2.9985371e+01   2.9984612e+01   2.9983756e+01   2.9982900e+01   2.9981934e+01   2.9980969e+01   2.9979888e+01   2.9978807e+01   2.9977612e+01   2.9976416e+01   2.9975119e+01   2.9973821e+01   2.9972433e+01   2.9971045e+01
   3.0018014e+01   3.0017489e+01   3.0016979e+01   3.0016489e+01   3.0016020e+01   3.0015575e+01   3.0015155e+01   3.0014760e+01   3.0014389e+01   3.0014042e+01   3.0013717e+01   3.0013412e+01   3.0013126e+01   3.0012857e+01   3.0012605e+01   3.0012368e+01   3.0012143e+01   3.0011932e+01   3.0011731e+01   3.0011541e+01   3.0011360e+01   3.0011187e+01   3.0011022e+01   3.0010863e+01   3.0010711e+01   3.0010564e+01   3.0010421e+01   3.0010284e+01   3.0010150e+01   3.0010020e+01   3.0009893e+01   3.0009769e+01   3.0009648e+01   3.0009530e+01   3.0009414e+01   3.0009300e+01   3.0009187e+01   3.0009077e+01   3.0008968e+01   3.0008860e+01   3.0008753e+01   3.0008647e+01   3.0008542e+01   3.0008438e+01   3.0008336e+01   3.0008234e+01   3.0008132e+01   3.0008032e+01   3.0007932e+01   3.0007832e+01   3.0007734e+01   3.0007635e+01   3.0007538e+01   3.0007440e+01   3.0007343e+01   3.0007246e+01   3.0007149e+01   3.0007053e+01   3.0006957e+01   3.0006860e+01   3.0006764e+01   3.0006669e+01   3.0006574e+01   3.0006479e+01   3.0006384e+01   3.0006289e+01   3.0006194e+01   3.0006099e+01   3.0006004e+01   3.0005909e+01   3.0005814e+01   3.0005719e+01   3.0005624e+01   3.0005529e+01   3.0005434e+01   3.0005340e+01   3.0005245e+01   3.0005150e+01   3.0005055e+01   3.0004960e+01   3.0004865e+01   3.0004770e+01   3.0004675e+01   3.0004580e+01   3.0004485e+01   3.0004390e+01   3.0004295e+01   3.0004200e+01   3.0004105e+01   3.0004010e+01   3.0003915e+01   3.0003820e+01   3.0003725e+01   3.0003630e+01   3.0003535e+01   3.0003440e+01   3.0003345e+01   3.0003250e+01   3.0003154e+01   3.0003059e+01   3.0002963e+01   3.0002868e+01   3.0002772e+01   3.0002676e+01   3.0002581e+01   3.0002485e+01   3.0002388e+01   3.0002292e+01   3.0002196e+01   3.0002099e+01   3.0002002e+01   3.0001905e+01   3.0001807e+01   3.0001709e+01   3.0001611e+01   3.0001513e+01   3.0001414e+01   3.0001315e+01   3.0001216e+01   3.0001116e+01   3.0001016e+01   3.0000915e+01   3.0000814e+01   3.0000712e+01   3.0000610e+01   3.0000507e+01   3.0000404e+01   3.0000300e+01   3.0000196e+01   3.0000090e+01   2.9999985e+01   2.9999878e+01   2.9999771e+01   2.9999662e+01   2.9999554e+01   2.9999443e+01   2.9999333e+01   2.9999221e+01   2.9999109e+01   2.9998994e+01   2.9998880e+01   2.9998764e+01   2.9998647e+01   2.9998528e+01   2.9998409e+01   2.9998288e+01   2.9998166e+01   2.9998042e+01   2.9997917e+01   2.9997790e+01   2.9997662e+01   2.9997532e+01   2.9997401e+01   2.9997267e+01   2.9997132e+01   2.9996994e+01   2.9996856e+01   2.9996714e+01   2.9996572e+01   2.9996425e+01   2.9996279e+01   2.9996128e+01   2.9995977e+01   2.9995821e+01   2.9995665e+01   2.9995503e+01   2.9995342e+01   2.9995175e+01   2.9995008e+01   2.9994830e+01   2.9994653e+01   2.9994462e+01   2.9994271e+01   2.9994063e+01   2.9993856e+01   2.9993628e+01   2.9993401e+01   2.9993149e+01   2.9992896e+01   2.9992614e+01   2.9992333e+01   2.9992015e+01   2.9991697e+01   2.9991338e+01   2.9990978e+01   2.9990571e+01   2.9990163e+01   2.9989701e+01   2.9989238e+01   2.9988715e+01   2.9988191e+01   2.9987598e+01   2.9987006e+01   2.9986335e+01   2.9985665e+01   2.9984907e+01   2.9984149e+01   2.9983292e+01   2.9982436e+01   2.9981469e+01   2.9980503e+01   2.9979421e+01   2.9978339e+01   2.9977145e+01   2.9975950e+01   2.9974661e+01   2.9973372e+01   2.9971999e+01   2.9970626e+01
   3.0017611e+01   3.0017084e+01   3.0016571e+01   3.0016078e+01   3.0015607e+01   3.0015160e+01   3.0014738e+01   3.0014340e+01   3.0013968e+01   3.0013619e+01   3.0013291e+01   3.0012985e+01   3.0012698e+01   3.0012428e+01   3.0012175e+01   3.0011936e+01   3.0011711e+01   3.0011498e+01   3.0011297e+01   3.0011106e+01   3.0010924e+01   3.0010750e+01   3.0010584e+01   3.0010425e+01   3.0010272e+01   3.0010124e+01   3.0009981e+01   3.0009843e+01   3.0009708e+01   3.0009578e+01   3.0009450e+01   3.0009326e+01   3.0009205e+01   3.0009086e+01   3.0008970e+01   3.0008855e+01   3.0008743e+01   3.0008632e+01   3.0008522e+01   3.0008414e+01   3.0008306e+01   3.0008200e+01   3.0008095e+01   3.0007991e+01   3.0007887e+01   3.0007785e+01   3.0007683e+01   3.0007582e+01   3.0007481e+01   3.0007382e+01   3.0007282e+01   3.0007184e+01   3.0007085e+01   3.0006988e+01   3.0006890e+01   3.0006793e+01   3.0006696e+01   3.0006599e+01   3.0006502e+01   3.0006406e+01   3.0006309e+01   3.0006214e+01   3.0006119e+01   3.0006024e+01   3.0005929e+01   3.0005834e+01   3.0005739e+01   3.0005644e+01   3.0005549e+01   3.0005453e+01   3.0005358e+01   3.0005263e+01   3.0005168e+01   3.0005073e+01   3.0004978e+01   3.0004883e+01   3.0004788e+01   3.0004693e+01   3.0004598e+01   3.0004503e+01   3.0004408e+01   3.0004313e+01   3.0004218e+01   3.0004123e+01   3.0004028e+01   3.0003933e+01   3.0003838e+01   3.0003743e+01   3.0003648e+01   3.0003553e+01   3.0003458e+01   3.0003363e+01   3.0003268e+01   3.0003173e+01   3.0003077e+01   3.0002982e+01   3.0002887e+01   3.0002792e+01   3.0002696e+01   3.0002601e+01   3.0002505e+01   3.0002410e+01   3.0002314e+01   3.0002218e+01   3.0002122e+01   3.0002026e+01   3.0001930e+01   3.0001833e+01   3.0001737e+01   3.0001640e+01   3.0001543e+01   3.0001445e+01   3.0001348e+01   3.0001250e+01   3.0001152e+01   3.0001053e+01   3.0000955e+01   3.0000856e+01   3.0000756e+01   3.0000656e+01   3.0000556e+01   3.0000455e+01   3.0000354e+01   3.0000252e+01   3.0000150e+01   3.0000047e+01   2.9999944e+01   2.9999839e+01   2.9999735e+01   2.9999629e+01   2.9999524e+01   2.9999417e+01   2.9999310e+01   2.9999201e+01   2.9999092e+01   2.9998982e+01   2.9998872e+01   2.9998759e+01   2.9998647e+01   2.9998532e+01   2.9998418e+01   2.9998301e+01   2.9998185e+01   2.9998066e+01   2.9997947e+01   2.9997825e+01   2.9997703e+01   2.9997579e+01   2.9997454e+01   2.9997326e+01   2.9997199e+01   2.9997068e+01   2.9996937e+01   2.9996802e+01   2.9996668e+01   2.9996530e+01   2.9996392e+01   2.9996249e+01   2.9996107e+01   2.9995960e+01   2.9995814e+01   2.9995662e+01   2.9995511e+01   2.9995355e+01   2.9995199e+01   2.9995037e+01   2.9994875e+01   2.9994708e+01   2.9994541e+01   2.9994363e+01   2.9994185e+01   2.9993994e+01   2.9993803e+01   2.9993596e+01   2.9993388e+01   2.9993160e+01   2.9992932e+01   2.9992680e+01   2.9992428e+01   2.9992146e+01   2.9991864e+01   2.9991546e+01   2.9991228e+01   2.9990869e+01   2.9990509e+01   2.9990101e+01   2.9989694e+01   2.9989232e+01   2.9988769e+01   2.9988246e+01   2.9987722e+01   2.9987130e+01   2.9986537e+01   2.9985867e+01   2.9985197e+01   2.9984439e+01   2.9983682e+01   2.9982825e+01   2.9981968e+01   2.9981001e+01   2.9980035e+01   2.9978951e+01   2.9977867e+01   2.9976672e+01   2.9975476e+01   2.9974190e+01   2.9972904e+01   2.9971556e+01   2.9970208e+01
   3.0017208e+01   3.0016678e+01   3.0016163e+01   3.0015667e+01   3.0015193e+01   3.0014744e+01   3.0014319e+01   3.0013920e+01   3.0013545e+01   3.0013194e+01   3.0012865e+01   3.0012557e+01   3.0012268e+01   3.0011997e+01   3.0011742e+01   3.0011502e+01   3.0011276e+01   3.0011062e+01   3.0010859e+01   3.0010667e+01   3.0010485e+01   3.0010310e+01   3.0010143e+01   3.0009983e+01   3.0009829e+01   3.0009681e+01   3.0009537e+01   3.0009398e+01   3.0009263e+01   3.0009132e+01   3.0009004e+01   3.0008879e+01   3.0008758e+01   3.0008639e+01   3.0008522e+01   3.0008407e+01   3.0008294e+01   3.0008183e+01   3.0008073e+01   3.0007965e+01   3.0007858e+01   3.0007751e+01   3.0007646e+01   3.0007541e+01   3.0007437e+01   3.0007335e+01   3.0007232e+01   3.0007131e+01   3.0007030e+01   3.0006930e+01   3.0006831e+01   3.0006732e+01   3.0006633e+01   3.0006535e+01   3.0006437e+01   3.0006340e+01   3.0006242e+01   3.0006145e+01   3.0006048e+01   3.0005952e+01   3.0005855e+01   3.0005760e+01   3.0005664e+01   3.0005569e+01   3.0005474e+01   3.0005379e+01   3.0005283e+01   3.0005188e+01   3.0005093e+01   3.0004998e+01   3.0004903e+01   3.0004808e+01   3.0004712e+01   3.0004617e+01   3.0004522e+01   3.0004427e+01   3.0004332e+01   3.0004237e+01   3.0004142e+01   3.0004047e+01   3.0003952e+01   3.0003857e+01   3.0003761e+01   3.0003666e+01   3.0003571e+01   3.0003476e+01   3.0003381e+01   3.0003286e+01   3.0003191e+01   3.0003096e+01   3.0003001e+01   3.0002905e+01   3.0002810e+01   3.0002715e+01   3.0002620e+01   3.0002524e+01   3.0002429e+01   3.0002334e+01   3.0002238e+01   3.0002143e+01   3.0002047e+01   3.0001951e+01   3.0001856e+01   3.0001760e+01   3.0001664e+01   3.0001567e+01   3.0001471e+01   3.0001374e+01   3.0001278e+01   3.0001181e+01   3.0001084e+01   3.0000986e+01   3.0000889e+01   3.0000791e+01   3.0000693e+01   3.0000594e+01   3.0000495e+01   3.0000396e+01   3.0000296e+01   3.0000196e+01   3.0000096e+01   2.9999995e+01   2.9999894e+01   2.9999792e+01   2.9999690e+01   2.9999586e+01   2.9999483e+01   2.9999379e+01   2.9999274e+01   2.9999169e+01   2.9999063e+01   2.9998956e+01   2.9998849e+01   2.9998740e+01   2.9998631e+01   2.9998520e+01   2.9998410e+01   2.9998297e+01   2.9998185e+01   2.9998070e+01   2.9997956e+01   2.9997839e+01   2.9997722e+01   2.9997603e+01   2.9997484e+01   2.9997362e+01   2.9997240e+01   2.9997115e+01   2.9996991e+01   2.9996863e+01   2.9996735e+01   2.9996604e+01   2.9996473e+01   2.9996338e+01   2.9996204e+01   2.9996065e+01   2.9995927e+01   2.9995784e+01   2.9995642e+01   2.9995495e+01   2.9995348e+01   2.9995197e+01   2.9995045e+01   2.9994889e+01   2.9994733e+01   2.9994571e+01   2.9994409e+01   2.9994242e+01   2.9994075e+01   2.9993896e+01   2.9993718e+01   2.9993527e+01   2.9993336e+01   2.9993128e+01   2.9992920e+01   2.9992692e+01   2.9992464e+01   2.9992212e+01   2.9991959e+01   2.9991677e+01   2.9991395e+01   2.9991077e+01   2.9990759e+01   2.9990399e+01   2.9990040e+01   2.9989632e+01   2.9989225e+01   2.9988762e+01   2.9988300e+01   2.9987777e+01   2.9987253e+01   2.9986661e+01   2.9986069e+01   2.9985399e+01   2.9984729e+01   2.9983972e+01   2.9983214e+01   2.9982358e+01   2.9981501e+01   2.9980533e+01   2.9979566e+01   2.9978481e+01   2.9977396e+01   2.9976199e+01   2.9975001e+01   2.9973719e+01   2.9972437e+01   2.9971113e+01   2.9969789e+01
   3.0016804e+01   3.0016272e+01   3.0015754e+01   3.0015256e+01   3.0014780e+01   3.0014328e+01   3.0013901e+01   3.0013500e+01   3.0013123e+01   3.0012770e+01   3.0012439e+01   3.0012129e+01   3.0011838e+01   3.0011565e+01   3.0011309e+01   3.0011067e+01   3.0010840e+01   3.0010624e+01   3.0010420e+01   3.0010227e+01   3.0010043e+01   3.0009868e+01   3.0009700e+01   3.0009539e+01   3.0009384e+01   3.0009234e+01   3.0009090e+01   3.0008950e+01   3.0008814e+01   3.0008682e+01   3.0008554e+01   3.0008428e+01   3.0008306e+01   3.0008186e+01   3.0008069e+01   3.0007954e+01   3.0007841e+01   3.0007729e+01   3.0007619e+01   3.0007511e+01   3.0007403e+01   3.0007297e+01   3.0007192e+01   3.0007087e+01   3.0006983e+01   3.0006881e+01   3.0006778e+01   3.0006677e+01   3.0006576e+01   3.0006476e+01   3.0006376e+01   3.0006277e+01   3.0006178e+01   3.0006080e+01   3.0005981e+01   3.0005884e+01   3.0005786e+01   3.0005689e+01   3.0005591e+01   3.0005494e+01   3.0005397e+01   3.0005301e+01   3.0005206e+01   3.0005111e+01   3.0005015e+01   3.0004920e+01   3.0004824e+01   3.0004729e+01   3.0004634e+01   3.0004538e+01   3.0004443e+01   3.0004348e+01   3.0004252e+01   3.0004157e+01   3.0004062e+01   3.0003967e+01   3.0003871e+01   3.0003776e+01   3.0003681e+01   3.0003586e+01   3.0003491e+01   3.0003395e+01   3.0003300e+01   3.0003205e+01   3.0003110e+01   3.0003014e+01   3.0002919e+01   3.0002824e+01   3.0002729e+01   3.0002634e+01   3.0002538e+01   3.0002443e+01   3.0002348e+01   3.0002252e+01   3.0002157e+01   3.0002062e+01   3.0001966e+01   3.0001871e+01   3.0001775e+01   3.0001680e+01   3.0001584e+01   3.0001488e+01   3.0001392e+01   3.0001296e+01   3.0001200e+01   3.0001104e+01   3.0001007e+01   3.0000911e+01   3.0000814e+01   3.0000717e+01   3.0000619e+01   3.0000522e+01   3.0000424e+01   3.0000326e+01   3.0000228e+01   3.0000129e+01   3.0000030e+01   2.9999931e+01   2.9999831e+01   2.9999731e+01   2.9999631e+01   2.9999529e+01   2.9999428e+01   2.9999326e+01   2.9999224e+01   2.9999120e+01   2.9999017e+01   2.9998913e+01   2.9998808e+01   2.9998702e+01   2.9998596e+01   2.9998489e+01   2.9998382e+01   2.9998273e+01   2.9998164e+01   2.9998053e+01   2.9997943e+01   2.9997830e+01   2.9997718e+01   2.9997603e+01   2.9997488e+01   2.9997372e+01   2.9997255e+01   2.9997135e+01   2.9997016e+01   2.9996894e+01   2.9996772e+01   2.9996647e+01   2.9996522e+01   2.9996394e+01   2.9996266e+01   2.9996135e+01   2.9996004e+01   2.9995869e+01   2.9995734e+01   2.9995596e+01   2.9995457e+01   2.9995315e+01   2.9995172e+01   2.9995025e+01   2.9994878e+01   2.9994726e+01   2.9994575e+01   2.9994418e+01   2.9994262e+01   2.9994100e+01   2.9993938e+01   2.9993771e+01   2.9993603e+01   2.9993425e+01   2.9993247e+01   2.9993055e+01   2.9992864e+01   2.9992656e+01   2.9992448e+01   2.9992219e+01   2.9991991e+01   2.9991739e+01   2.9991486e+01   2.9991204e+01   2.9990921e+01   2.9990603e+01   2.9990285e+01   2.9989926e+01   2.9989566e+01   2.9989158e+01   2.9988751e+01   2.9988289e+01   2.9987827e+01   2.9987303e+01   2.9986780e+01   2.9986188e+01   2.9985596e+01   2.9984927e+01   2.9984257e+01   2.9983500e+01   2.9982743e+01   2.9981887e+01   2.9981030e+01   2.9980062e+01   2.9979095e+01   2.9978009e+01   2.9976922e+01   2.9975723e+01   2.9974523e+01   2.9973237e+01   2.9971951e+01   2.9970624e+01   2.9969296e+01
   3.0016401e+01   3.0015866e+01   3.0015346e+01   3.0014845e+01   3.0014366e+01   3.0013912e+01   3.0013483e+01   3.0013079e+01   3.0012700e+01   3.0012345e+01   3.0012012e+01   3.0011700e+01   3.0011408e+01   3.0011133e+01   3.0010875e+01   3.0010632e+01   3.0010403e+01   3.0010186e+01   3.0009981e+01   3.0009786e+01   3.0009601e+01   3.0009424e+01   3.0009255e+01   3.0009093e+01   3.0008937e+01   3.0008787e+01   3.0008641e+01   3.0008500e+01   3.0008363e+01   3.0008231e+01   3.0008101e+01   3.0007975e+01   3.0007852e+01   3.0007731e+01   3.0007613e+01   3.0007498e+01   3.0007384e+01   3.0007272e+01   3.0007162e+01   3.0007053e+01   3.0006946e+01   3.0006839e+01   3.0006734e+01   3.0006629e+01   3.0006526e+01   3.0006423e+01   3.0006321e+01   3.0006219e+01   3.0006119e+01   3.0006018e+01   3.0005919e+01   3.0005819e+01   3.0005721e+01   3.0005622e+01   3.0005524e+01   3.0005426e+01   3.0005328e+01   3.0005231e+01   3.0005133e+01   3.0005036e+01   3.0004939e+01   3.0004843e+01   3.0004748e+01   3.0004652e+01   3.0004556e+01   3.0004461e+01   3.0004365e+01   3.0004270e+01   3.0004174e+01   3.0004079e+01   3.0003983e+01   3.0003888e+01   3.0003792e+01   3.0003697e+01   3.0003602e+01   3.0003506e+01   3.0003411e+01   3.0003316e+01   3.0003220e+01   3.0003125e+01   3.0003029e+01   3.0002934e+01   3.0002839e+01   3.0002743e+01   3.0002648e+01   3.0002553e+01   3.0002458e+01   3.0002362e+01   3.0002267e+01   3.0002172e+01   3.0002076e+01   3.0001981e+01   3.0001885e+01   3.0001790e+01   3.0001695e+01   3.0001599e+01   3.0001504e+01   3.0001408e+01   3.0001312e+01   3.0001217e+01   3.0001121e+01   3.0001025e+01   3.0000929e+01   3.0000833e+01   3.0000736e+01   3.0000640e+01   3.0000543e+01   3.0000447e+01   3.0000350e+01   3.0000252e+01   3.0000155e+01   3.0000057e+01   2.9999960e+01   2.9999861e+01   2.9999763e+01   2.9999664e+01   2.9999565e+01   2.9999466e+01   2.9999366e+01   2.9999266e+01   2.9999165e+01   2.9999064e+01   2.9998963e+01   2.9998860e+01   2.9998758e+01   2.9998654e+01   2.9998551e+01   2.9998446e+01   2.9998342e+01   2.9998236e+01   2.9998130e+01   2.9998023e+01   2.9997915e+01   2.9997806e+01   2.9997697e+01   2.9997586e+01   2.9997476e+01   2.9997363e+01   2.9997250e+01   2.9997136e+01   2.9997021e+01   2.9996904e+01   2.9996787e+01   2.9996667e+01   2.9996548e+01   2.9996426e+01   2.9996304e+01   2.9996179e+01   2.9996054e+01   2.9995926e+01   2.9995798e+01   2.9995666e+01   2.9995535e+01   2.9995400e+01   2.9995265e+01   2.9995126e+01   2.9994988e+01   2.9994845e+01   2.9994702e+01   2.9994555e+01   2.9994408e+01   2.9994256e+01   2.9994104e+01   2.9993948e+01   2.9993791e+01   2.9993629e+01   2.9993467e+01   2.9993299e+01   2.9993132e+01   2.9992953e+01   2.9992775e+01   2.9992583e+01   2.9992391e+01   2.9992183e+01   2.9991975e+01   2.9991747e+01   2.9991519e+01   2.9991266e+01   2.9991013e+01   2.9990730e+01   2.9990448e+01   2.9990130e+01   2.9989812e+01   2.9989452e+01   2.9989092e+01   2.9988685e+01   2.9988277e+01   2.9987815e+01   2.9987353e+01   2.9986830e+01   2.9986307e+01   2.9985715e+01   2.9985123e+01   2.9984454e+01   2.9983785e+01   2.9983028e+01   2.9982272e+01   2.9981415e+01   2.9980559e+01   2.9979592e+01   2.9978624e+01   2.9977536e+01   2.9976449e+01   2.9975247e+01   2.9974045e+01   2.9972755e+01   2.9971465e+01   2.9970134e+01   2.9968803e+01
   3.0015998e+01   3.0015460e+01   3.0014938e+01   3.0014434e+01   3.0013953e+01   3.0013496e+01   3.0013064e+01   3.0012658e+01   3.0012277e+01   3.0011919e+01   3.0011585e+01   3.0011271e+01   3.0010977e+01   3.0010700e+01   3.0010441e+01   3.0010196e+01   3.0009965e+01   3.0009747e+01   3.0009541e+01   3.0009345e+01   3.0009158e+01   3.0008981e+01   3.0008810e+01   3.0008647e+01   3.0008490e+01   3.0008338e+01   3.0008192e+01   3.0008050e+01   3.0007912e+01   3.0007778e+01   3.0007648e+01   3.0007521e+01   3.0007397e+01   3.0007276e+01   3.0007157e+01   3.0007041e+01   3.0006926e+01   3.0006814e+01   3.0006703e+01   3.0006594e+01   3.0006486e+01   3.0006379e+01   3.0006274e+01   3.0006169e+01   3.0006065e+01   3.0005962e+01   3.0005860e+01   3.0005759e+01   3.0005658e+01   3.0005558e+01   3.0005458e+01   3.0005359e+01   3.0005260e+01   3.0005161e+01   3.0005063e+01   3.0004965e+01   3.0004868e+01   3.0004770e+01   3.0004672e+01   3.0004575e+01   3.0004477e+01   3.0004381e+01   3.0004286e+01   3.0004190e+01   3.0004094e+01   3.0003998e+01   3.0003903e+01   3.0003807e+01   3.0003712e+01   3.0003616e+01   3.0003520e+01   3.0003425e+01   3.0003329e+01   3.0003234e+01   3.0003138e+01   3.0003043e+01   3.0002947e+01   3.0002852e+01   3.0002756e+01   3.0002661e+01   3.0002565e+01   3.0002470e+01   3.0002374e+01   3.0002279e+01   3.0002183e+01   3.0002088e+01   3.0001992e+01   3.0001897e+01   3.0001801e+01   3.0001706e+01   3.0001610e+01   3.0001515e+01   3.0001419e+01   3.0001324e+01   3.0001228e+01   3.0001133e+01   3.0001037e+01   3.0000941e+01   3.0000846e+01   3.0000750e+01   3.0000654e+01   3.0000558e+01   3.0000462e+01   3.0000365e+01   3.0000269e+01   3.0000172e+01   3.0000076e+01   2.9999979e+01   2.9999882e+01   2.9999784e+01   2.9999687e+01   2.9999589e+01   2.9999491e+01   2.9999393e+01   2.9999294e+01   2.9999195e+01   2.9999096e+01   2.9998997e+01   2.9998897e+01   2.9998796e+01   2.9998696e+01   2.9998594e+01   2.9998493e+01   2.9998390e+01   2.9998288e+01   2.9998184e+01   2.9998081e+01   2.9997976e+01   2.9997871e+01   2.9997765e+01   2.9997659e+01   2.9997552e+01   2.9997444e+01   2.9997335e+01   2.9997226e+01   2.9997115e+01   2.9997004e+01   2.9996891e+01   2.9996779e+01   2.9996664e+01   2.9996549e+01   2.9996432e+01   2.9996315e+01   2.9996195e+01   2.9996076e+01   2.9995953e+01   2.9995831e+01   2.9995706e+01   2.9995581e+01   2.9995453e+01   2.9995325e+01   2.9995193e+01   2.9995062e+01   2.9994927e+01   2.9994791e+01   2.9994653e+01   2.9994514e+01   2.9994371e+01   2.9994228e+01   2.9994081e+01   2.9993933e+01   2.9993782e+01   2.9993630e+01   2.9993473e+01   2.9993316e+01   2.9993154e+01   2.9992992e+01   2.9992824e+01   2.9992656e+01   2.9992478e+01   2.9992299e+01   2.9992107e+01   2.9991915e+01   2.9991707e+01   2.9991499e+01   2.9991270e+01   2.9991042e+01   2.9990789e+01   2.9990536e+01   2.9990253e+01   2.9989971e+01   2.9989652e+01   2.9989334e+01   2.9988975e+01   2.9988615e+01   2.9988207e+01   2.9987799e+01   2.9987337e+01   2.9986875e+01   2.9986352e+01   2.9985829e+01   2.9985238e+01   2.9984646e+01   2.9983977e+01   2.9983309e+01   2.9982552e+01   2.9981796e+01   2.9980940e+01   2.9980085e+01   2.9979117e+01   2.9978150e+01   2.9977062e+01   2.9975974e+01   2.9974770e+01   2.9973566e+01   2.9972272e+01   2.9970978e+01   2.9969644e+01   2.9968311e+01
   3.0015594e+01   3.0015055e+01   3.0014530e+01   3.0014024e+01   3.0013540e+01   3.0013080e+01   3.0012646e+01   3.0012238e+01   3.0011854e+01   3.0011494e+01   3.0011158e+01   3.0010842e+01   3.0010546e+01   3.0010268e+01   3.0010006e+01   3.0009760e+01   3.0009528e+01   3.0009308e+01   3.0009100e+01   3.0008903e+01   3.0008716e+01   3.0008537e+01   3.0008365e+01   3.0008201e+01   3.0008043e+01   3.0007890e+01   3.0007743e+01   3.0007600e+01   3.0007461e+01   3.0007326e+01   3.0007195e+01   3.0007067e+01   3.0006942e+01   3.0006820e+01   3.0006701e+01   3.0006584e+01   3.0006469e+01   3.0006355e+01   3.0006244e+01   3.0006134e+01   3.0006026e+01   3.0005919e+01   3.0005813e+01   3.0005708e+01   3.0005604e+01   3.0005501e+01   3.0005398e+01   3.0005297e+01   3.0005196e+01   3.0005096e+01   3.0004996e+01   3.0004897e+01   3.0004798e+01   3.0004699e+01   3.0004601e+01   3.0004503e+01   3.0004406e+01   3.0004308e+01   3.0004210e+01   3.0004113e+01   3.0004015e+01   3.0003919e+01   3.0003824e+01   3.0003728e+01   3.0003632e+01   3.0003536e+01   3.0003440e+01   3.0003345e+01   3.0003249e+01   3.0003153e+01   3.0003057e+01   3.0002962e+01   3.0002866e+01   3.0002770e+01   3.0002675e+01   3.0002579e+01   3.0002483e+01   3.0002388e+01   3.0002292e+01   3.0002196e+01   3.0002101e+01   3.0002005e+01   3.0001910e+01   3.0001814e+01   3.0001718e+01   3.0001623e+01   3.0001527e+01   3.0001432e+01   3.0001336e+01   3.0001240e+01   3.0001145e+01   3.0001049e+01   3.0000953e+01   3.0000858e+01   3.0000762e+01   3.0000666e+01   3.0000571e+01   3.0000475e+01   3.0000379e+01   3.0000283e+01   3.0000187e+01   3.0000090e+01   2.9999994e+01   2.9999898e+01   2.9999801e+01   2.9999705e+01   2.9999608e+01   2.9999511e+01   2.9999414e+01   2.9999316e+01   2.9999219e+01   2.9999121e+01   2.9999023e+01   2.9998924e+01   2.9998826e+01   2.9998726e+01   2.9998627e+01   2.9998527e+01   2.9998428e+01   2.9998327e+01   2.9998226e+01   2.9998125e+01   2.9998023e+01   2.9997921e+01   2.9997818e+01   2.9997714e+01   2.9997611e+01   2.9997506e+01   2.9997401e+01   2.9997295e+01   2.9997188e+01   2.9997081e+01   2.9996973e+01   2.9996864e+01   2.9996755e+01   2.9996644e+01   2.9996533e+01   2.9996420e+01   2.9996307e+01   2.9996192e+01   2.9996077e+01   2.9995960e+01   2.9995843e+01   2.9995723e+01   2.9995603e+01   2.9995481e+01   2.9995358e+01   2.9995233e+01   2.9995108e+01   2.9994980e+01   2.9994851e+01   2.9994720e+01   2.9994588e+01   2.9994453e+01   2.9994318e+01   2.9994179e+01   2.9994040e+01   2.9993897e+01   2.9993754e+01   2.9993606e+01   2.9993459e+01   2.9993307e+01   2.9993155e+01   2.9992998e+01   2.9992841e+01   2.9992679e+01   2.9992516e+01   2.9992349e+01   2.9992181e+01   2.9992002e+01   2.9991823e+01   2.9991631e+01   2.9991439e+01   2.9991231e+01   2.9991022e+01   2.9990794e+01   2.9990565e+01   2.9990312e+01   2.9990059e+01   2.9989776e+01   2.9989493e+01   2.9989175e+01   2.9988857e+01   2.9988497e+01   2.9988137e+01   2.9987729e+01   2.9987322e+01   2.9986860e+01   2.9986398e+01   2.9985875e+01   2.9985352e+01   2.9984761e+01   2.9984169e+01   2.9983501e+01   2.9982832e+01   2.9982076e+01   2.9981321e+01   2.9980465e+01   2.9979610e+01   2.9978643e+01   2.9977676e+01   2.9976587e+01   2.9975499e+01   2.9974293e+01   2.9973086e+01   2.9971789e+01   2.9970492e+01   2.9969155e+01   2.9967818e+01
   3.0015191e+01   3.0014649e+01   3.0014121e+01   3.0013613e+01   3.0013126e+01   3.0012664e+01   3.0012228e+01   3.0011817e+01   3.0011431e+01   3.0011069e+01   3.0010730e+01   3.0010413e+01   3.0010115e+01   3.0009835e+01   3.0009572e+01   3.0009324e+01   3.0009090e+01   3.0008869e+01   3.0008660e+01   3.0008461e+01   3.0008272e+01   3.0008092e+01   3.0007920e+01   3.0007754e+01   3.0007595e+01   3.0007441e+01   3.0007293e+01   3.0007149e+01   3.0007009e+01   3.0006874e+01   3.0006741e+01   3.0006613e+01   3.0006487e+01   3.0006364e+01   3.0006244e+01   3.0006126e+01   3.0006010e+01   3.0005897e+01   3.0005785e+01   3.0005674e+01   3.0005565e+01   3.0005458e+01   3.0005351e+01   3.0005246e+01   3.0005142e+01   3.0005038e+01   3.0004936e+01   3.0004834e+01   3.0004733e+01   3.0004633e+01   3.0004533e+01   3.0004433e+01   3.0004334e+01   3.0004236e+01   3.0004138e+01   3.0004040e+01   3.0003942e+01   3.0003844e+01   3.0003746e+01   3.0003649e+01   3.0003551e+01   3.0003455e+01   3.0003359e+01   3.0003263e+01   3.0003167e+01   3.0003071e+01   3.0002975e+01   3.0002880e+01   3.0002784e+01   3.0002688e+01   3.0002592e+01   3.0002496e+01   3.0002400e+01   3.0002305e+01   3.0002209e+01   3.0002113e+01   3.0002017e+01   3.0001922e+01   3.0001826e+01   3.0001730e+01   3.0001634e+01   3.0001539e+01   3.0001443e+01   3.0001347e+01   3.0001251e+01   3.0001156e+01   3.0001060e+01   3.0000964e+01   3.0000868e+01   3.0000773e+01   3.0000677e+01   3.0000581e+01   3.0000485e+01   3.0000389e+01   3.0000294e+01   3.0000198e+01   3.0000102e+01   3.0000006e+01   2.9999910e+01   2.9999814e+01   2.9999717e+01   2.9999621e+01   2.9999525e+01   2.9999428e+01   2.9999332e+01   2.9999235e+01   2.9999138e+01   2.9999040e+01   2.9998943e+01   2.9998846e+01   2.9998748e+01   2.9998650e+01   2.9998552e+01   2.9998453e+01   2.9998354e+01   2.9998255e+01   2.9998156e+01   2.9998056e+01   2.9997956e+01   2.9997855e+01   2.9997754e+01   2.9997652e+01   2.9997551e+01   2.9997448e+01   2.9997345e+01   2.9997242e+01   2.9997138e+01   2.9997033e+01   2.9996928e+01   2.9996821e+01   2.9996715e+01   2.9996607e+01   2.9996500e+01   2.9996390e+01   2.9996281e+01   2.9996170e+01   2.9996059e+01   2.9995946e+01   2.9995832e+01   2.9995717e+01   2.9995602e+01   2.9995485e+01   2.9995368e+01   2.9995248e+01   2.9995128e+01   2.9995005e+01   2.9994883e+01   2.9994758e+01   2.9994632e+01   2.9994504e+01   2.9994375e+01   2.9994244e+01   2.9994112e+01   2.9993977e+01   2.9993841e+01   2.9993702e+01   2.9993563e+01   2.9993420e+01   2.9993277e+01   2.9993129e+01   2.9992982e+01   2.9992830e+01   2.9992677e+01   2.9992520e+01   2.9992363e+01   2.9992201e+01   2.9992038e+01   2.9991870e+01   2.9991702e+01   2.9991523e+01   2.9991344e+01   2.9991152e+01   2.9990960e+01   2.9990751e+01   2.9990543e+01   2.9990314e+01   2.9990085e+01   2.9989832e+01   2.9989579e+01   2.9989296e+01   2.9989013e+01   2.9988695e+01   2.9988376e+01   2.9988016e+01   2.9987656e+01   2.9987249e+01   2.9986841e+01   2.9986379e+01   2.9985917e+01   2.9985394e+01   2.9984871e+01   2.9984280e+01   2.9983689e+01   2.9983020e+01   2.9982352e+01   2.9981597e+01   2.9980841e+01   2.9979987e+01   2.9979132e+01   2.9978165e+01   2.9977198e+01   2.9976110e+01   2.9975021e+01   2.9973814e+01   2.9972606e+01   2.9971305e+01   2.9970004e+01   2.9968665e+01   2.9967325e+01
   3.0014788e+01   3.0014243e+01   3.0013713e+01   3.0013202e+01   3.0012713e+01   3.0012249e+01   3.0011810e+01   3.0011396e+01   3.0011008e+01   3.0010644e+01   3.0010303e+01   3.0009984e+01   3.0009684e+01   3.0009402e+01   3.0009137e+01   3.0008888e+01   3.0008652e+01   3.0008430e+01   3.0008219e+01   3.0008019e+01   3.0007829e+01   3.0007647e+01   3.0007474e+01   3.0007307e+01   3.0007147e+01   3.0006992e+01   3.0006843e+01   3.0006698e+01   3.0006557e+01   3.0006421e+01   3.0006288e+01   3.0006158e+01   3.0006031e+01   3.0005908e+01   3.0005787e+01   3.0005668e+01   3.0005552e+01   3.0005438e+01   3.0005325e+01   3.0005214e+01   3.0005105e+01   3.0004997e+01   3.0004890e+01   3.0004785e+01   3.0004680e+01   3.0004576e+01   3.0004473e+01   3.0004372e+01   3.0004270e+01   3.0004170e+01   3.0004070e+01   3.0003970e+01   3.0003871e+01   3.0003772e+01   3.0003674e+01   3.0003575e+01   3.0003477e+01   3.0003380e+01   3.0003282e+01   3.0003184e+01   3.0003086e+01   3.0002990e+01   3.0002894e+01   3.0002798e+01   3.0002702e+01   3.0002607e+01   3.0002511e+01   3.0002415e+01   3.0002319e+01   3.0002223e+01   3.0002127e+01   3.0002031e+01   3.0001935e+01   3.0001839e+01   3.0001743e+01   3.0001647e+01   3.0001551e+01   3.0001455e+01   3.0001360e+01   3.0001264e+01   3.0001168e+01   3.0001072e+01   3.0000976e+01   3.0000880e+01   3.0000784e+01   3.0000688e+01   3.0000593e+01   3.0000497e+01   3.0000401e+01   3.0000305e+01   3.0000209e+01   3.0000113e+01   3.0000017e+01   2.9999921e+01   2.9999825e+01   2.9999729e+01   2.9999633e+01   2.9999537e+01   2.9999441e+01   2.9999344e+01   2.9999248e+01   2.9999152e+01   2.9999055e+01   2.9998958e+01   2.9998862e+01   2.9998765e+01   2.9998668e+01   2.9998570e+01   2.9998473e+01   2.9998375e+01   2.9998277e+01   2.9998179e+01   2.9998081e+01   2.9997982e+01   2.9997883e+01   2.9997784e+01   2.9997684e+01   2.9997584e+01   2.9997484e+01   2.9997383e+01   2.9997282e+01   2.9997180e+01   2.9997078e+01   2.9996975e+01   2.9996873e+01   2.9996769e+01   2.9996665e+01   2.9996560e+01   2.9996455e+01   2.9996348e+01   2.9996242e+01   2.9996134e+01   2.9996026e+01   2.9995916e+01   2.9995807e+01   2.9995696e+01   2.9995584e+01   2.9995471e+01   2.9995358e+01   2.9995243e+01   2.9995128e+01   2.9995010e+01   2.9994893e+01   2.9994773e+01   2.9994653e+01   2.9994530e+01   2.9994407e+01   2.9994282e+01   2.9994157e+01   2.9994028e+01   2.9993899e+01   2.9993768e+01   2.9993636e+01   2.9993500e+01   2.9993365e+01   2.9993226e+01   2.9993086e+01   2.9992943e+01   2.9992800e+01   2.9992652e+01   2.9992504e+01   2.9992352e+01   2.9992200e+01   2.9992042e+01   2.9991885e+01   2.9991723e+01   2.9991560e+01   2.9991392e+01   2.9991224e+01   2.9991045e+01   2.9990866e+01   2.9990673e+01   2.9990481e+01   2.9990272e+01   2.9990063e+01   2.9989834e+01   2.9989605e+01   2.9989352e+01   2.9989099e+01   2.9988815e+01   2.9988532e+01   2.9988214e+01   2.9987896e+01   2.9987535e+01   2.9987175e+01   2.9986768e+01   2.9986360e+01   2.9985898e+01   2.9985436e+01   2.9984913e+01   2.9984390e+01   2.9983799e+01   2.9983208e+01   2.9982540e+01   2.9981872e+01   2.9981117e+01   2.9980362e+01   2.9979508e+01   2.9978654e+01   2.9977687e+01   2.9976721e+01   2.9975632e+01   2.9974544e+01   2.9973335e+01   2.9972125e+01   2.9970821e+01   2.9969517e+01   2.9968175e+01   2.9966832e+01
   3.0014385e+01   3.0013837e+01   3.0013305e+01   3.0012791e+01   3.0012300e+01   3.0011833e+01   3.0011392e+01   3.0010976e+01   3.0010586e+01   3.0010219e+01   3.0009876e+01   3.0009554e+01   3.0009252e+01   3.0008969e+01   3.0008702e+01   3.0008451e+01   3.0008214e+01   3.0007990e+01   3.0007778e+01   3.0007577e+01   3.0007385e+01   3.0007203e+01   3.0007028e+01   3.0006860e+01   3.0006699e+01   3.0006543e+01   3.0006392e+01   3.0006247e+01   3.0006105e+01   3.0005968e+01   3.0005834e+01   3.0005703e+01   3.0005576e+01   3.0005451e+01   3.0005330e+01   3.0005211e+01   3.0005094e+01   3.0004979e+01   3.0004866e+01   3.0004754e+01   3.0004644e+01   3.0004536e+01   3.0004429e+01   3.0004323e+01   3.0004218e+01   3.0004114e+01   3.0004011e+01   3.0003909e+01   3.0003807e+01   3.0003706e+01   3.0003606e+01   3.0003506e+01   3.0003407e+01   3.0003308e+01   3.0003210e+01   3.0003111e+01   3.0003013e+01   3.0002915e+01   3.0002817e+01   3.0002719e+01   3.0002621e+01   3.0002525e+01   3.0002429e+01   3.0002333e+01   3.0002237e+01   3.0002141e+01   3.0002045e+01   3.0001949e+01   3.0001852e+01   3.0001756e+01   3.0001660e+01   3.0001564e+01   3.0001468e+01   3.0001372e+01   3.0001276e+01   3.0001180e+01   3.0001084e+01   3.0000988e+01   3.0000892e+01   3.0000796e+01   3.0000700e+01   3.0000604e+01   3.0000508e+01   3.0000412e+01   3.0000316e+01   3.0000220e+01   3.0000124e+01   3.0000028e+01   2.9999932e+01   2.9999836e+01   2.9999740e+01   2.9999644e+01   2.9999548e+01   2.9999452e+01   2.9999356e+01   2.9999259e+01   2.9999163e+01   2.9999067e+01   2.9998971e+01   2.9998874e+01   2.9998778e+01   2.9998681e+01   2.9998584e+01   2.9998487e+01   2.9998391e+01   2.9998293e+01   2.9998196e+01   2.9998099e+01   2.9998001e+01   2.9997903e+01   2.9997805e+01   2.9997707e+01   2.9997609e+01   2.9997510e+01   2.9997411e+01   2.9997311e+01   2.9997211e+01   2.9997111e+01   2.9997011e+01   2.9996910e+01   2.9996809e+01   2.9996707e+01   2.9996605e+01   2.9996502e+01   2.9996399e+01   2.9996295e+01   2.9996191e+01   2.9996085e+01   2.9995980e+01   2.9995873e+01   2.9995767e+01   2.9995659e+01   2.9995551e+01   2.9995441e+01   2.9995331e+01   2.9995220e+01   2.9995109e+01   2.9994995e+01   2.9994882e+01   2.9994767e+01   2.9994651e+01   2.9994534e+01   2.9994416e+01   2.9994296e+01   2.9994176e+01   2.9994053e+01   2.9993930e+01   2.9993805e+01   2.9993679e+01   2.9993550e+01   2.9993422e+01   2.9993290e+01   2.9993158e+01   2.9993022e+01   2.9992886e+01   2.9992747e+01   2.9992608e+01   2.9992464e+01   2.9992321e+01   2.9992173e+01   2.9992025e+01   2.9991873e+01   2.9991720e+01   2.9991563e+01   2.9991405e+01   2.9991242e+01   2.9991080e+01   2.9990911e+01   2.9990743e+01   2.9990564e+01   2.9990385e+01   2.9990192e+01   2.9990000e+01   2.9989791e+01   2.9989582e+01   2.9989352e+01   2.9989123e+01   2.9988870e+01   2.9988616e+01   2.9988333e+01   2.9988050e+01   2.9987731e+01   2.9987413e+01   2.9987052e+01   2.9986692e+01   2.9986284e+01   2.9985876e+01   2.9985414e+01   2.9984952e+01   2.9984429e+01   2.9983906e+01   2.9983315e+01   2.9982724e+01   2.9982057e+01   2.9981389e+01   2.9980634e+01   2.9979880e+01   2.9979026e+01   2.9978172e+01   2.9977206e+01   2.9976240e+01   2.9975152e+01   2.9974064e+01   2.9972853e+01   2.9971643e+01   2.9970337e+01   2.9969030e+01   2.9967685e+01   2.9966340e+01
   3.0013981e+01   3.0013432e+01   3.0012897e+01   3.0012381e+01   3.0011887e+01   3.0011417e+01   3.0010974e+01   3.0010556e+01   3.0010163e+01   3.0009794e+01   3.0009449e+01   3.0009125e+01   3.0008821e+01   3.0008536e+01   3.0008268e+01   3.0008015e+01   3.0007776e+01   3.0007551e+01   3.0007337e+01   3.0007135e+01   3.0006942e+01   3.0006758e+01   3.0006582e+01   3.0006413e+01   3.0006251e+01   3.0006094e+01   3.0005942e+01   3.0005795e+01   3.0005653e+01   3.0005514e+01   3.0005380e+01   3.0005248e+01   3.0005120e+01   3.0004995e+01   3.0004873e+01   3.0004753e+01   3.0004635e+01   3.0004519e+01   3.0004406e+01   3.0004294e+01   3.0004184e+01   3.0004075e+01   3.0003967e+01   3.0003861e+01   3.0003756e+01   3.0003651e+01   3.0003548e+01   3.0003446e+01   3.0003344e+01   3.0003243e+01   3.0003142e+01   3.0003043e+01   3.0002943e+01   3.0002844e+01   3.0002745e+01   3.0002647e+01   3.0002548e+01   3.0002450e+01   3.0002352e+01   3.0002254e+01   3.0002156e+01   3.0002060e+01   3.0001963e+01   3.0001867e+01   3.0001771e+01   3.0001675e+01   3.0001579e+01   3.0001482e+01   3.0001386e+01   3.0001290e+01   3.0001194e+01   3.0001098e+01   3.0001002e+01   3.0000905e+01   3.0000809e+01   3.0000713e+01   3.0000617e+01   3.0000521e+01   3.0000425e+01   3.0000329e+01   3.0000232e+01   3.0000136e+01   3.0000040e+01   2.9999944e+01   2.9999848e+01   2.9999752e+01   2.9999656e+01   2.9999559e+01   2.9999463e+01   2.9999367e+01   2.9999271e+01   2.9999175e+01   2.9999079e+01   2.9998982e+01   2.9998886e+01   2.9998790e+01   2.9998693e+01   2.9998597e+01   2.9998500e+01   2.9998404e+01   2.9998307e+01   2.9998210e+01   2.9998114e+01   2.9998017e+01   2.9997919e+01   2.9997822e+01   2.9997725e+01   2.9997627e+01   2.9997530e+01   2.9997432e+01   2.9997333e+01   2.9997235e+01   2.9997136e+01   2.9997037e+01   2.9996938e+01   2.9996838e+01   2.9996739e+01   2.9996638e+01   2.9996538e+01   2.9996437e+01   2.9996335e+01   2.9996233e+01   2.9996131e+01   2.9996028e+01   2.9995925e+01   2.9995821e+01   2.9995716e+01   2.9995611e+01   2.9995506e+01   2.9995399e+01   2.9995292e+01   2.9995184e+01   2.9995076e+01   2.9994966e+01   2.9994856e+01   2.9994745e+01   2.9994633e+01   2.9994520e+01   2.9994406e+01   2.9994291e+01   2.9994175e+01   2.9994057e+01   2.9993939e+01   2.9993819e+01   2.9993699e+01   2.9993576e+01   2.9993453e+01   2.9993327e+01   2.9993202e+01   2.9993073e+01   2.9992944e+01   2.9992812e+01   2.9992680e+01   2.9992544e+01   2.9992408e+01   2.9992269e+01   2.9992129e+01   2.9991985e+01   2.9991842e+01   2.9991694e+01   2.9991546e+01   2.9991393e+01   2.9991240e+01   2.9991083e+01   2.9990925e+01   2.9990762e+01   2.9990599e+01   2.9990431e+01   2.9990263e+01   2.9990083e+01   2.9989904e+01   2.9989711e+01   2.9989518e+01   2.9989309e+01   2.9989100e+01   2.9988871e+01   2.9988641e+01   2.9988388e+01   2.9988134e+01   2.9987851e+01   2.9987567e+01   2.9987248e+01   2.9986930e+01   2.9986569e+01   2.9986209e+01   2.9985801e+01   2.9985393e+01   2.9984931e+01   2.9984469e+01   2.9983946e+01   2.9983423e+01   2.9982832e+01   2.9982241e+01   2.9981573e+01   2.9980906e+01   2.9980151e+01   2.9979397e+01   2.9978544e+01   2.9977690e+01   2.9976725e+01   2.9975760e+01   2.9974672e+01   2.9973583e+01   2.9972372e+01   2.9971161e+01   2.9969852e+01   2.9968543e+01   2.9967195e+01   2.9965847e+01
   3.0013578e+01   3.0013026e+01   3.0012488e+01   3.0011970e+01   3.0011474e+01   3.0011002e+01   3.0010556e+01   3.0010135e+01   3.0009740e+01   3.0009369e+01   3.0009022e+01   3.0008696e+01   3.0008390e+01   3.0008103e+01   3.0007833e+01   3.0007579e+01   3.0007338e+01   3.0007112e+01   3.0006897e+01   3.0006693e+01   3.0006499e+01   3.0006313e+01   3.0006136e+01   3.0005966e+01   3.0005803e+01   3.0005645e+01   3.0005492e+01   3.0005344e+01   3.0005201e+01   3.0005062e+01   3.0004926e+01   3.0004794e+01   3.0004665e+01   3.0004539e+01   3.0004415e+01   3.0004295e+01   3.0004177e+01   3.0004060e+01   3.0003946e+01   3.0003834e+01   3.0003723e+01   3.0003614e+01   3.0003506e+01   3.0003399e+01   3.0003293e+01   3.0003189e+01   3.0003085e+01   3.0002983e+01   3.0002881e+01   3.0002779e+01   3.0002679e+01   3.0002579e+01   3.0002479e+01   3.0002380e+01   3.0002281e+01   3.0002182e+01   3.0002083e+01   3.0001985e+01   3.0001887e+01   3.0001788e+01   3.0001690e+01   3.0001594e+01   3.0001498e+01   3.0001401e+01   3.0001305e+01   3.0001209e+01   3.0001112e+01   3.0001016e+01   3.0000920e+01   3.0000823e+01   3.0000727e+01   3.0000631e+01   3.0000534e+01   3.0000438e+01   3.0000342e+01   3.0000246e+01   3.0000149e+01   3.0000053e+01   2.9999957e+01   2.9999860e+01   2.9999764e+01   2.9999668e+01   2.9999572e+01   2.9999475e+01   2.9999379e+01   2.9999283e+01   2.9999186e+01   2.9999090e+01   2.9998994e+01   2.9998898e+01   2.9998801e+01   2.9998705e+01   2.9998609e+01   2.9998512e+01   2.9998416e+01   2.9998319e+01   2.9998223e+01   2.9998126e+01   2.9998030e+01   2.9997933e+01   2.9997836e+01   2.9997739e+01   2.9997642e+01   2.9997545e+01   2.9997448e+01   2.9997350e+01   2.9997253e+01   2.9997155e+01   2.9997057e+01   2.9996959e+01   2.9996861e+01   2.9996762e+01   2.9996664e+01   2.9996564e+01   2.9996465e+01   2.9996365e+01   2.9996265e+01   2.9996165e+01   2.9996064e+01   2.9995963e+01   2.9995861e+01   2.9995759e+01   2.9995657e+01   2.9995554e+01   2.9995450e+01   2.9995346e+01   2.9995242e+01   2.9995136e+01   2.9995030e+01   2.9994924e+01   2.9994817e+01   2.9994708e+01   2.9994600e+01   2.9994490e+01   2.9994380e+01   2.9994268e+01   2.9994157e+01   2.9994043e+01   2.9993929e+01   2.9993814e+01   2.9993698e+01   2.9993580e+01   2.9993462e+01   2.9993342e+01   2.9993221e+01   2.9993098e+01   2.9992975e+01   2.9992849e+01   2.9992723e+01   2.9992594e+01   2.9992465e+01   2.9992333e+01   2.9992201e+01   2.9992065e+01   2.9991929e+01   2.9991789e+01   2.9991649e+01   2.9991506e+01   2.9991362e+01   2.9991214e+01   2.9991065e+01   2.9990913e+01   2.9990760e+01   2.9990602e+01   2.9990444e+01   2.9990281e+01   2.9990118e+01   2.9989949e+01   2.9989781e+01   2.9989601e+01   2.9989422e+01   2.9989229e+01   2.9989036e+01   2.9988827e+01   2.9988617e+01   2.9988388e+01   2.9988158e+01   2.9987904e+01   2.9987650e+01   2.9987367e+01   2.9987083e+01   2.9986764e+01   2.9986445e+01   2.9986085e+01   2.9985724e+01   2.9985316e+01   2.9984908e+01   2.9984445e+01   2.9983983e+01   2.9983460e+01   2.9982937e+01   2.9982346e+01   2.9981755e+01   2.9981088e+01   2.9980420e+01   2.9979666e+01   2.9978912e+01   2.9978059e+01   2.9977206e+01   2.9976241e+01   2.9975276e+01   2.9974188e+01   2.9973100e+01   2.9971889e+01   2.9970677e+01   2.9969366e+01   2.9968055e+01   2.9966705e+01   2.9965354e+01
   3.0013175e+01   3.0012620e+01   3.0012080e+01   3.0011559e+01   3.0011061e+01   3.0010586e+01   3.0010137e+01   3.0009715e+01   3.0009317e+01   3.0008944e+01   3.0008595e+01   3.0008267e+01   3.0007959e+01   3.0007670e+01   3.0007398e+01   3.0007142e+01   3.0006901e+01   3.0006672e+01   3.0006456e+01   3.0006251e+01   3.0006055e+01   3.0005869e+01   3.0005691e+01   3.0005519e+01   3.0005355e+01   3.0005196e+01   3.0005042e+01   3.0004894e+01   3.0004749e+01   3.0004609e+01   3.0004472e+01   3.0004339e+01   3.0004209e+01   3.0004083e+01   3.0003959e+01   3.0003837e+01   3.0003718e+01   3.0003601e+01   3.0003487e+01   3.0003374e+01   3.0003262e+01   3.0003153e+01   3.0003044e+01   3.0002937e+01   3.0002831e+01   3.0002727e+01   3.0002623e+01   3.0002520e+01   3.0002417e+01   3.0002316e+01   3.0002215e+01   3.0002115e+01   3.0002015e+01   3.0001915e+01   3.0001816e+01   3.0001717e+01   3.0001619e+01   3.0001520e+01   3.0001422e+01   3.0001323e+01   3.0001225e+01   3.0001128e+01   3.0001032e+01   3.0000935e+01   3.0000839e+01   3.0000742e+01   3.0000646e+01   3.0000550e+01   3.0000453e+01   3.0000357e+01   3.0000260e+01   3.0000164e+01   3.0000067e+01   2.9999971e+01   2.9999874e+01   2.9999778e+01   2.9999682e+01   2.9999585e+01   2.9999489e+01   2.9999392e+01   2.9999296e+01   2.9999199e+01   2.9999103e+01   2.9999007e+01   2.9998910e+01   2.9998814e+01   2.9998717e+01   2.9998621e+01   2.9998524e+01   2.9998428e+01   2.9998331e+01   2.9998235e+01   2.9998139e+01   2.9998042e+01   2.9997945e+01   2.9997849e+01   2.9997752e+01   2.9997655e+01   2.9997559e+01   2.9997462e+01   2.9997365e+01   2.9997268e+01   2.9997171e+01   2.9997073e+01   2.9996976e+01   2.9996878e+01   2.9996781e+01   2.9996683e+01   2.9996585e+01   2.9996487e+01   2.9996388e+01   2.9996289e+01   2.9996191e+01   2.9996091e+01   2.9995992e+01   2.9995892e+01   2.9995792e+01   2.9995691e+01   2.9995590e+01   2.9995489e+01   2.9995387e+01   2.9995285e+01   2.9995183e+01   2.9995079e+01   2.9994976e+01   2.9994871e+01   2.9994767e+01   2.9994661e+01   2.9994555e+01   2.9994448e+01   2.9994341e+01   2.9994233e+01   2.9994124e+01   2.9994014e+01   2.9993904e+01   2.9993792e+01   2.9993680e+01   2.9993567e+01   2.9993453e+01   2.9993337e+01   2.9993221e+01   2.9993103e+01   2.9992985e+01   2.9992864e+01   2.9992744e+01   2.9992621e+01   2.9992497e+01   2.9992371e+01   2.9992245e+01   2.9992116e+01   2.9991987e+01   2.9991854e+01   2.9991722e+01   2.9991586e+01   2.9991449e+01   2.9991310e+01   2.9991170e+01   2.9991026e+01   2.9990882e+01   2.9990733e+01   2.9990585e+01   2.9990432e+01   2.9990279e+01   2.9990121e+01   2.9989963e+01   2.9989800e+01   2.9989637e+01   2.9989468e+01   2.9989299e+01   2.9989119e+01   2.9988940e+01   2.9988746e+01   2.9988553e+01   2.9988344e+01   2.9988134e+01   2.9987905e+01   2.9987675e+01   2.9987421e+01   2.9987167e+01   2.9986883e+01   2.9986599e+01   2.9986280e+01   2.9985961e+01   2.9985600e+01   2.9985239e+01   2.9984831e+01   2.9984422e+01   2.9983960e+01   2.9983498e+01   2.9982975e+01   2.9982452e+01   2.9981861e+01   2.9981270e+01   2.9980602e+01   2.9979935e+01   2.9979181e+01   2.9978427e+01   2.9977574e+01   2.9976721e+01   2.9975757e+01   2.9974793e+01   2.9973705e+01   2.9972618e+01   2.9971405e+01   2.9970193e+01   2.9968880e+01   2.9967568e+01   2.9966214e+01   2.9964861e+01
   3.0012772e+01   3.0012215e+01   3.0011672e+01   3.0011149e+01   3.0010647e+01   3.0010171e+01   3.0009719e+01   3.0009294e+01   3.0008894e+01   3.0008519e+01   3.0008167e+01   3.0007838e+01   3.0007528e+01   3.0007237e+01   3.0006964e+01   3.0006706e+01   3.0006463e+01   3.0006233e+01   3.0006015e+01   3.0005808e+01   3.0005612e+01   3.0005424e+01   3.0005245e+01   3.0005073e+01   3.0004907e+01   3.0004747e+01   3.0004592e+01   3.0004443e+01   3.0004297e+01   3.0004156e+01   3.0004019e+01   3.0003885e+01   3.0003754e+01   3.0003626e+01   3.0003502e+01   3.0003380e+01   3.0003260e+01   3.0003143e+01   3.0003027e+01   3.0002914e+01   3.0002802e+01   3.0002692e+01   3.0002583e+01   3.0002476e+01   3.0002369e+01   3.0002264e+01   3.0002160e+01   3.0002057e+01   3.0001954e+01   3.0001853e+01   3.0001751e+01   3.0001651e+01   3.0001551e+01   3.0001451e+01   3.0001352e+01   3.0001253e+01   3.0001154e+01   3.0001055e+01   3.0000956e+01   3.0000858e+01   3.0000759e+01   3.0000663e+01   3.0000566e+01   3.0000469e+01   3.0000373e+01   3.0000276e+01   3.0000180e+01   3.0000083e+01   2.9999986e+01   2.9999890e+01   2.9999793e+01   2.9999697e+01   2.9999600e+01   2.9999503e+01   2.9999407e+01   2.9999310e+01   2.9999214e+01   2.9999117e+01   2.9999021e+01   2.9998924e+01   2.9998827e+01   2.9998731e+01   2.9998634e+01   2.9998538e+01   2.9998441e+01   2.9998345e+01   2.9998248e+01   2.9998151e+01   2.9998055e+01   2.9997958e+01   2.9997862e+01   2.9997765e+01   2.9997668e+01   2.9997572e+01   2.9997475e+01   2.9997378e+01   2.9997281e+01   2.9997184e+01   2.9997088e+01   2.9996991e+01   2.9996894e+01   2.9996796e+01   2.9996699e+01   2.9996602e+01   2.9996504e+01   2.9996406e+01   2.9996309e+01   2.9996211e+01   2.9996112e+01   2.9996014e+01   2.9995915e+01   2.9995816e+01   2.9995717e+01   2.9995618e+01   2.9995518e+01   2.9995418e+01   2.9995318e+01   2.9995217e+01   2.9995116e+01   2.9995015e+01   2.9994913e+01   2.9994810e+01   2.9994708e+01   2.9994604e+01   2.9994501e+01   2.9994396e+01   2.9994291e+01   2.9994186e+01   2.9994080e+01   2.9993973e+01   2.9993865e+01   2.9993757e+01   2.9993648e+01   2.9993538e+01   2.9993428e+01   2.9993316e+01   2.9993204e+01   2.9993090e+01   2.9992976e+01   2.9992860e+01   2.9992744e+01   2.9992625e+01   2.9992507e+01   2.9992386e+01   2.9992266e+01   2.9992142e+01   2.9992019e+01   2.9991893e+01   2.9991766e+01   2.9991637e+01   2.9991508e+01   2.9991375e+01   2.9991242e+01   2.9991106e+01   2.9990970e+01   2.9990830e+01   2.9990690e+01   2.9990545e+01   2.9990401e+01   2.9990253e+01   2.9990104e+01   2.9989951e+01   2.9989798e+01   2.9989640e+01   2.9989482e+01   2.9989318e+01   2.9989155e+01   2.9988986e+01   2.9988817e+01   2.9988637e+01   2.9988457e+01   2.9988264e+01   2.9988070e+01   2.9987861e+01   2.9987651e+01   2.9987421e+01   2.9987191e+01   2.9986937e+01   2.9986682e+01   2.9986398e+01   2.9986114e+01   2.9985795e+01   2.9985475e+01   2.9985114e+01   2.9984754e+01   2.9984345e+01   2.9983936e+01   2.9983474e+01   2.9983011e+01   2.9982488e+01   2.9981965e+01   2.9981373e+01   2.9980782e+01   2.9980115e+01   2.9979447e+01   2.9978693e+01   2.9977939e+01   2.9977087e+01   2.9976235e+01   2.9975271e+01   2.9974307e+01   2.9973220e+01   2.9972132e+01   2.9970920e+01   2.9969708e+01   2.9968394e+01   2.9967080e+01   2.9965724e+01   2.9964369e+01
   3.0012368e+01   3.0011809e+01   3.0011264e+01   3.0010738e+01   3.0010234e+01   3.0009755e+01   3.0009301e+01   3.0008874e+01   3.0008471e+01   3.0008094e+01   3.0007740e+01   3.0007408e+01   3.0007097e+01   3.0006804e+01   3.0006529e+01   3.0006269e+01   3.0006025e+01   3.0005793e+01   3.0005574e+01   3.0005366e+01   3.0005168e+01   3.0004980e+01   3.0004799e+01   3.0004626e+01   3.0004459e+01   3.0004298e+01   3.0004142e+01   3.0003992e+01   3.0003845e+01   3.0003703e+01   3.0003565e+01   3.0003430e+01   3.0003299e+01   3.0003170e+01   3.0003045e+01   3.0002922e+01   3.0002802e+01   3.0002684e+01   3.0002568e+01   3.0002454e+01   3.0002342e+01   3.0002231e+01   3.0002122e+01   3.0002014e+01   3.0001907e+01   3.0001802e+01   3.0001697e+01   3.0001594e+01   3.0001491e+01   3.0001389e+01   3.0001288e+01   3.0001187e+01   3.0001087e+01   3.0000987e+01   3.0000887e+01   3.0000788e+01   3.0000689e+01   3.0000590e+01   3.0000492e+01   3.0000393e+01   3.0000294e+01   3.0000197e+01   3.0000100e+01   3.0000003e+01   2.9999907e+01   2.9999810e+01   2.9999713e+01   2.9999616e+01   2.9999520e+01   2.9999423e+01   2.9999326e+01   2.9999229e+01   2.9999133e+01   2.9999036e+01   2.9998939e+01   2.9998842e+01   2.9998746e+01   2.9998649e+01   2.9998552e+01   2.9998456e+01   2.9998359e+01   2.9998262e+01   2.9998166e+01   2.9998069e+01   2.9997972e+01   2.9997875e+01   2.9997779e+01   2.9997682e+01   2.9997585e+01   2.9997488e+01   2.9997392e+01   2.9997295e+01   2.9997198e+01   2.9997101e+01   2.9997004e+01   2.9996908e+01   2.9996811e+01   2.9996714e+01   2.9996617e+01   2.9996519e+01   2.9996422e+01   2.9996325e+01   2.9996227e+01   2.9996130e+01   2.9996032e+01   2.9995934e+01   2.9995836e+01   2.9995738e+01   2.9995640e+01   2.9995541e+01   2.9995443e+01   2.9995343e+01   2.9995244e+01   2.9995145e+01   2.9995045e+01   2.9994945e+01   2.9994844e+01   2.9994743e+01   2.9994642e+01   2.9994541e+01   2.9994439e+01   2.9994336e+01   2.9994233e+01   2.9994130e+01   2.9994026e+01   2.9993921e+01   2.9993816e+01   2.9993710e+01   2.9993604e+01   2.9993497e+01   2.9993390e+01   2.9993281e+01   2.9993172e+01   2.9993062e+01   2.9992951e+01   2.9992839e+01   2.9992727e+01   2.9992613e+01   2.9992499e+01   2.9992383e+01   2.9992266e+01   2.9992148e+01   2.9992030e+01   2.9991909e+01   2.9991788e+01   2.9991664e+01   2.9991541e+01   2.9991414e+01   2.9991288e+01   2.9991158e+01   2.9991029e+01   2.9990896e+01   2.9990763e+01   2.9990627e+01   2.9990490e+01   2.9990350e+01   2.9990210e+01   2.9990065e+01   2.9989921e+01   2.9989772e+01   2.9989624e+01   2.9989470e+01   2.9989317e+01   2.9989158e+01   2.9989000e+01   2.9988836e+01   2.9988673e+01   2.9988504e+01   2.9988334e+01   2.9988154e+01   2.9987974e+01   2.9987781e+01   2.9987587e+01   2.9987377e+01   2.9987167e+01   2.9986937e+01   2.9986707e+01   2.9986452e+01   2.9986198e+01   2.9985914e+01   2.9985629e+01   2.9985310e+01   2.9984990e+01   2.9984629e+01   2.9984268e+01   2.9983859e+01   2.9983450e+01   2.9982987e+01   2.9982524e+01   2.9982001e+01   2.9981477e+01   2.9980886e+01   2.9980295e+01   2.9979627e+01   2.9978960e+01   2.9978206e+01   2.9977452e+01   2.9976600e+01   2.9975748e+01   2.9974784e+01   2.9973821e+01   2.9972734e+01   2.9971647e+01   2.9970435e+01   2.9969222e+01   2.9967907e+01   2.9966591e+01   2.9965234e+01   2.9963876e+01
   3.0011965e+01   3.0011403e+01   3.0010856e+01   3.0010327e+01   3.0009821e+01   3.0009339e+01   3.0008883e+01   3.0008453e+01   3.0008049e+01   3.0007669e+01   3.0007313e+01   3.0006979e+01   3.0006665e+01   3.0006371e+01   3.0006094e+01   3.0005833e+01   3.0005587e+01   3.0005354e+01   3.0005133e+01   3.0004924e+01   3.0004725e+01   3.0004535e+01   3.0004353e+01   3.0004179e+01   3.0004011e+01   3.0003849e+01   3.0003692e+01   3.0003541e+01   3.0003393e+01   3.0003250e+01   3.0003111e+01   3.0002975e+01   3.0002843e+01   3.0002714e+01   3.0002588e+01   3.0002464e+01   3.0002343e+01   3.0002225e+01   3.0002108e+01   3.0001994e+01   3.0001881e+01   3.0001770e+01   3.0001660e+01   3.0001552e+01   3.0001445e+01   3.0001340e+01   3.0001235e+01   3.0001131e+01   3.0001028e+01   3.0000926e+01   3.0000824e+01   3.0000723e+01   3.0000623e+01   3.0000523e+01   3.0000423e+01   3.0000324e+01   3.0000224e+01   3.0000125e+01   3.0000026e+01   2.9999927e+01   2.9999828e+01   2.9999731e+01   2.9999634e+01   2.9999537e+01   2.9999441e+01   2.9999344e+01   2.9999247e+01   2.9999150e+01   2.9999053e+01   2.9998956e+01   2.9998859e+01   2.9998762e+01   2.9998665e+01   2.9998569e+01   2.9998472e+01   2.9998375e+01   2.9998278e+01   2.9998181e+01   2.9998084e+01   2.9997987e+01   2.9997890e+01   2.9997794e+01   2.9997697e+01   2.9997600e+01   2.9997503e+01   2.9997406e+01   2.9997309e+01   2.9997212e+01   2.9997116e+01   2.9997019e+01   2.9996922e+01   2.9996825e+01   2.9996728e+01   2.9996631e+01   2.9996534e+01   2.9996437e+01   2.9996340e+01   2.9996243e+01   2.9996145e+01   2.9996048e+01   2.9995951e+01   2.9995853e+01   2.9995756e+01   2.9995658e+01   2.9995560e+01   2.9995462e+01   2.9995364e+01   2.9995266e+01   2.9995167e+01   2.9995068e+01   2.9994970e+01   2.9994870e+01   2.9994771e+01   2.9994671e+01   2.9994571e+01   2.9994471e+01   2.9994371e+01   2.9994269e+01   2.9994168e+01   2.9994066e+01   2.9993964e+01   2.9993861e+01   2.9993759e+01   2.9993655e+01   2.9993551e+01   2.9993446e+01   2.9993341e+01   2.9993235e+01   2.9993129e+01   2.9993021e+01   2.9992914e+01   2.9992805e+01   2.9992696e+01   2.9992585e+01   2.9992475e+01   2.9992362e+01   2.9992250e+01   2.9992136e+01   2.9992021e+01   2.9991905e+01   2.9991789e+01   2.9991670e+01   2.9991552e+01   2.9991431e+01   2.9991310e+01   2.9991186e+01   2.9991062e+01   2.9990936e+01   2.9990809e+01   2.9990679e+01   2.9990549e+01   2.9990416e+01   2.9990283e+01   2.9990147e+01   2.9990010e+01   2.9989870e+01   2.9989729e+01   2.9989585e+01   2.9989440e+01   2.9989291e+01   2.9989142e+01   2.9988989e+01   2.9988835e+01   2.9988677e+01   2.9988518e+01   2.9988354e+01   2.9988191e+01   2.9988021e+01   2.9987852e+01   2.9987671e+01   2.9987491e+01   2.9987297e+01   2.9987104e+01   2.9986893e+01   2.9986683e+01   2.9986453e+01   2.9986223e+01   2.9985968e+01   2.9985713e+01   2.9985429e+01   2.9985144e+01   2.9984824e+01   2.9984504e+01   2.9984143e+01   2.9983781e+01   2.9983372e+01   2.9982963e+01   2.9982500e+01   2.9982037e+01   2.9981513e+01   2.9980990e+01   2.9980398e+01   2.9979807e+01   2.9979139e+01   2.9978471e+01   2.9977717e+01   2.9976963e+01   2.9976111e+01   2.9975259e+01   2.9974296e+01   2.9973333e+01   2.9972246e+01   2.9971160e+01   2.9969947e+01   2.9968735e+01   2.9967419e+01   2.9966103e+01   2.9964743e+01   2.9963384e+01
   3.0011562e+01   3.0010997e+01   3.0010448e+01   3.0009917e+01   3.0009408e+01   3.0008924e+01   3.0008465e+01   3.0008032e+01   3.0007626e+01   3.0007244e+01   3.0006886e+01   3.0006550e+01   3.0006234e+01   3.0005938e+01   3.0005659e+01   3.0005396e+01   3.0005149e+01   3.0004914e+01   3.0004692e+01   3.0004482e+01   3.0004281e+01   3.0004090e+01   3.0003907e+01   3.0003732e+01   3.0003563e+01   3.0003400e+01   3.0003242e+01   3.0003089e+01   3.0002941e+01   3.0002797e+01   3.0002657e+01   3.0002521e+01   3.0002388e+01   3.0002258e+01   3.0002131e+01   3.0002007e+01   3.0001885e+01   3.0001766e+01   3.0001649e+01   3.0001534e+01   3.0001421e+01   3.0001309e+01   3.0001199e+01   3.0001091e+01   3.0000983e+01   3.0000877e+01   3.0000772e+01   3.0000668e+01   3.0000565e+01   3.0000462e+01   3.0000361e+01   3.0000260e+01   3.0000159e+01   3.0000059e+01   2.9999959e+01   2.9999859e+01   2.9999760e+01   2.9999660e+01   2.9999561e+01   2.9999462e+01   2.9999363e+01   2.9999266e+01   2.9999169e+01   2.9999072e+01   2.9998974e+01   2.9998877e+01   2.9998780e+01   2.9998683e+01   2.9998586e+01   2.9998489e+01   2.9998392e+01   2.9998295e+01   2.9998198e+01   2.9998101e+01   2.9998004e+01   2.9997907e+01   2.9997810e+01   2.9997713e+01   2.9997616e+01   2.9997519e+01   2.9997422e+01   2.9997325e+01   2.9997228e+01   2.9997131e+01   2.9997034e+01   2.9996937e+01   2.9996840e+01   2.9996743e+01   2.9996646e+01   2.9996549e+01   2.9996452e+01   2.9996355e+01   2.9996258e+01   2.9996161e+01   2.9996063e+01   2.9995966e+01   2.9995869e+01   2.9995772e+01   2.9995674e+01   2.9995577e+01   2.9995479e+01   2.9995382e+01   2.9995284e+01   2.9995186e+01   2.9995088e+01   2.9994990e+01   2.9994892e+01   2.9994793e+01   2.9994695e+01   2.9994596e+01   2.9994497e+01   2.9994397e+01   2.9994298e+01   2.9994198e+01   2.9994098e+01   2.9993997e+01   2.9993897e+01   2.9993795e+01   2.9993694e+01   2.9993592e+01   2.9993490e+01   2.9993387e+01   2.9993284e+01   2.9993180e+01   2.9993076e+01   2.9992971e+01   2.9992866e+01   2.9992759e+01   2.9992653e+01   2.9992545e+01   2.9992438e+01   2.9992329e+01   2.9992219e+01   2.9992109e+01   2.9991998e+01   2.9991886e+01   2.9991773e+01   2.9991659e+01   2.9991544e+01   2.9991428e+01   2.9991311e+01   2.9991193e+01   2.9991074e+01   2.9990953e+01   2.9990831e+01   2.9990707e+01   2.9990584e+01   2.9990457e+01   2.9990330e+01   2.9990200e+01   2.9990070e+01   2.9989937e+01   2.9989804e+01   2.9989667e+01   2.9989530e+01   2.9989390e+01   2.9989249e+01   2.9989104e+01   2.9988959e+01   2.9988810e+01   2.9988661e+01   2.9988508e+01   2.9988354e+01   2.9988195e+01   2.9988037e+01   2.9987872e+01   2.9987708e+01   2.9987539e+01   2.9987369e+01   2.9987189e+01   2.9987008e+01   2.9986814e+01   2.9986620e+01   2.9986410e+01   2.9986199e+01   2.9985969e+01   2.9985738e+01   2.9985483e+01   2.9985228e+01   2.9984944e+01   2.9984659e+01   2.9984339e+01   2.9984018e+01   2.9983657e+01   2.9983295e+01   2.9982886e+01   2.9982476e+01   2.9982013e+01   2.9981549e+01   2.9981026e+01   2.9980502e+01   2.9979910e+01   2.9979318e+01   2.9978651e+01   2.9977983e+01   2.9977229e+01   2.9976475e+01   2.9975623e+01   2.9974771e+01   2.9973808e+01   2.9972845e+01   2.9971758e+01   2.9970672e+01   2.9969460e+01   2.9968248e+01   2.9966931e+01   2.9965614e+01   2.9964252e+01   2.9962891e+01
   3.0011158e+01   3.0010591e+01   3.0010039e+01   3.0009506e+01   3.0008995e+01   3.0008508e+01   3.0008047e+01   3.0007612e+01   3.0007203e+01   3.0006819e+01   3.0006458e+01   3.0006120e+01   3.0005803e+01   3.0005505e+01   3.0005224e+01   3.0004960e+01   3.0004710e+01   3.0004475e+01   3.0004251e+01   3.0004039e+01   3.0003838e+01   3.0003645e+01   3.0003461e+01   3.0003285e+01   3.0003115e+01   3.0002951e+01   3.0002792e+01   3.0002638e+01   3.0002489e+01   3.0002344e+01   3.0002203e+01   3.0002066e+01   3.0001932e+01   3.0001802e+01   3.0001674e+01   3.0001549e+01   3.0001427e+01   3.0001307e+01   3.0001189e+01   3.0001074e+01   3.0000960e+01   3.0000848e+01   3.0000738e+01   3.0000629e+01   3.0000521e+01   3.0000415e+01   3.0000310e+01   3.0000205e+01   3.0000102e+01   2.9999999e+01   2.9999897e+01   2.9999796e+01   2.9999695e+01   2.9999594e+01   2.9999494e+01   2.9999394e+01   2.9999295e+01   2.9999195e+01   2.9999096e+01   2.9998996e+01   2.9998897e+01   2.9998800e+01   2.9998703e+01   2.9998606e+01   2.9998508e+01   2.9998411e+01   2.9998314e+01   2.9998217e+01   2.9998120e+01   2.9998022e+01   2.9997925e+01   2.9997828e+01   2.9997731e+01   2.9997634e+01   2.9997536e+01   2.9997439e+01   2.9997342e+01   2.9997245e+01   2.9997148e+01   2.9997051e+01   2.9996953e+01   2.9996856e+01   2.9996759e+01   2.9996662e+01   2.9996565e+01   2.9996468e+01   2.9996371e+01   2.9996273e+01   2.9996176e+01   2.9996079e+01   2.9995982e+01   2.9995885e+01   2.9995787e+01   2.9995690e+01   2.9995593e+01   2.9995495e+01   2.9995398e+01   2.9995300e+01   2.9995203e+01   2.9995105e+01   2.9995008e+01   2.9994910e+01   2.9994812e+01   2.9994714e+01   2.9994616e+01   2.9994518e+01   2.9994419e+01   2.9994321e+01   2.9994222e+01   2.9994123e+01   2.9994024e+01   2.9993924e+01   2.9993825e+01   2.9993725e+01   2.9993624e+01   2.9993524e+01   2.9993423e+01   2.9993321e+01   2.9993220e+01   2.9993118e+01   2.9993015e+01   2.9992912e+01   2.9992809e+01   2.9992705e+01   2.9992601e+01   2.9992495e+01   2.9992390e+01   2.9992284e+01   2.9992177e+01   2.9992069e+01   2.9991962e+01   2.9991852e+01   2.9991743e+01   2.9991632e+01   2.9991521e+01   2.9991409e+01   2.9991296e+01   2.9991181e+01   2.9991067e+01   2.9990950e+01   2.9990834e+01   2.9990715e+01   2.9990596e+01   2.9990474e+01   2.9990353e+01   2.9990229e+01   2.9990105e+01   2.9989978e+01   2.9989851e+01   2.9989721e+01   2.9989591e+01   2.9989458e+01   2.9989324e+01   2.9989187e+01   2.9989050e+01   2.9988909e+01   2.9988769e+01   2.9988624e+01   2.9988479e+01   2.9988330e+01   2.9988180e+01   2.9988026e+01   2.9987872e+01   2.9987713e+01   2.9987555e+01   2.9987390e+01   2.9987226e+01   2.9987056e+01   2.9986886e+01   2.9986706e+01   2.9986525e+01   2.9986331e+01   2.9986137e+01   2.9985926e+01   2.9985715e+01   2.9985485e+01   2.9985254e+01   2.9984999e+01   2.9984743e+01   2.9984458e+01   2.9984173e+01   2.9983853e+01   2.9983532e+01   2.9983170e+01   2.9982808e+01   2.9982399e+01   2.9981989e+01   2.9981525e+01   2.9981062e+01   2.9980537e+01   2.9980013e+01   2.9979421e+01   2.9978829e+01   2.9978161e+01   2.9977493e+01   2.9976739e+01   2.9975985e+01   2.9975133e+01   2.9974281e+01   2.9973318e+01   2.9972355e+01   2.9971269e+01   2.9970183e+01   2.9968971e+01   2.9967759e+01   2.9966442e+01   2.9965124e+01   2.9963761e+01   2.9962398e+01
   3.0010755e+01   3.0010186e+01   3.0009631e+01   3.0009095e+01   3.0008581e+01   3.0008092e+01   3.0007629e+01   3.0007191e+01   3.0006780e+01   3.0006394e+01   3.0006031e+01   3.0005691e+01   3.0005372e+01   3.0005072e+01   3.0004789e+01   3.0004523e+01   3.0004272e+01   3.0004035e+01   3.0003810e+01   3.0003597e+01   3.0003394e+01   3.0003201e+01   3.0003015e+01   3.0002838e+01   3.0002667e+01   3.0002502e+01   3.0002342e+01   3.0002187e+01   3.0002037e+01   3.0001891e+01   3.0001750e+01   3.0001611e+01   3.0001477e+01   3.0001345e+01   3.0001217e+01   3.0001091e+01   3.0000968e+01   3.0000848e+01   3.0000730e+01   3.0000614e+01   3.0000499e+01   3.0000387e+01   3.0000276e+01   3.0000167e+01   3.0000059e+01   2.9999953e+01   2.9999847e+01   2.9999742e+01   2.9999639e+01   2.9999536e+01   2.9999434e+01   2.9999332e+01   2.9999231e+01   2.9999130e+01   2.9999030e+01   2.9998930e+01   2.9998830e+01   2.9998731e+01   2.9998631e+01   2.9998532e+01   2.9998432e+01   2.9998334e+01   2.9998237e+01   2.9998140e+01   2.9998042e+01   2.9997945e+01   2.9997847e+01   2.9997750e+01   2.9997653e+01   2.9997556e+01   2.9997458e+01   2.9997361e+01   2.9997264e+01   2.9997166e+01   2.9997069e+01   2.9996972e+01   2.9996874e+01   2.9996777e+01   2.9996680e+01   2.9996582e+01   2.9996485e+01   2.9996388e+01   2.9996290e+01   2.9996193e+01   2.9996096e+01   2.9995998e+01   2.9995901e+01   2.9995804e+01   2.9995706e+01   2.9995609e+01   2.9995512e+01   2.9995414e+01   2.9995317e+01   2.9995219e+01   2.9995122e+01   2.9995025e+01   2.9994927e+01   2.9994829e+01   2.9994732e+01   2.9994634e+01   2.9994536e+01   2.9994438e+01   2.9994340e+01   2.9994242e+01   2.9994144e+01   2.9994045e+01   2.9993947e+01   2.9993848e+01   2.9993749e+01   2.9993650e+01   2.9993551e+01   2.9993451e+01   2.9993351e+01   2.9993251e+01   2.9993151e+01   2.9993050e+01   2.9992949e+01   2.9992847e+01   2.9992746e+01   2.9992643e+01   2.9992541e+01   2.9992438e+01   2.9992334e+01   2.9992230e+01   2.9992126e+01   2.9992020e+01   2.9991915e+01   2.9991808e+01   2.9991701e+01   2.9991593e+01   2.9991485e+01   2.9991376e+01   2.9991267e+01   2.9991156e+01   2.9991045e+01   2.9990932e+01   2.9990819e+01   2.9990704e+01   2.9990590e+01   2.9990473e+01   2.9990356e+01   2.9990237e+01   2.9990118e+01   2.9989996e+01   2.9989875e+01   2.9989751e+01   2.9989626e+01   2.9989499e+01   2.9989372e+01   2.9989242e+01   2.9989112e+01   2.9988978e+01   2.9988845e+01   2.9988707e+01   2.9988570e+01   2.9988429e+01   2.9988288e+01   2.9988143e+01   2.9987998e+01   2.9987849e+01   2.9987699e+01   2.9987545e+01   2.9987391e+01   2.9987232e+01   2.9987073e+01   2.9986908e+01   2.9986744e+01   2.9986574e+01   2.9986404e+01   2.9986223e+01   2.9986042e+01   2.9985847e+01   2.9985653e+01   2.9985442e+01   2.9985231e+01   2.9985000e+01   2.9984769e+01   2.9984514e+01   2.9984258e+01   2.9983973e+01   2.9983688e+01   2.9983367e+01   2.9983046e+01   2.9982684e+01   2.9982322e+01   2.9981912e+01   2.9981502e+01   2.9981038e+01   2.9980574e+01   2.9980049e+01   2.9979525e+01   2.9978933e+01   2.9978341e+01   2.9977672e+01   2.9977004e+01   2.9976250e+01   2.9975495e+01   2.9974643e+01   2.9973791e+01   2.9972828e+01   2.9971865e+01   2.9970780e+01   2.9969694e+01   2.9968482e+01   2.9967270e+01   2.9965953e+01   2.9964635e+01   2.9963270e+01   2.9961905e+01
   3.0010352e+01   3.0009780e+01   3.0009223e+01   3.0008684e+01   3.0008168e+01   3.0007676e+01   3.0007211e+01   3.0006771e+01   3.0006357e+01   3.0005969e+01   3.0005604e+01   3.0005262e+01   3.0004940e+01   3.0004639e+01   3.0004354e+01   3.0004087e+01   3.0003834e+01   3.0003596e+01   3.0003369e+01   3.0003155e+01   3.0002951e+01   3.0002756e+01   3.0002570e+01   3.0002391e+01   3.0002218e+01   3.0002052e+01   3.0001892e+01   3.0001736e+01   3.0001585e+01   3.0001438e+01   3.0001296e+01   3.0001157e+01   3.0001021e+01   3.0000889e+01   3.0000760e+01   3.0000633e+01   3.0000510e+01   3.0000389e+01   3.0000270e+01   3.0000153e+01   3.0000039e+01   2.9999926e+01   2.9999815e+01   2.9999705e+01   2.9999597e+01   2.9999490e+01   2.9999384e+01   2.9999279e+01   2.9999175e+01   2.9999072e+01   2.9998970e+01   2.9998868e+01   2.9998767e+01   2.9998666e+01   2.9998565e+01   2.9998465e+01   2.9998365e+01   2.9998265e+01   2.9998166e+01   2.9998066e+01   2.9997966e+01   2.9997869e+01   2.9997771e+01   2.9997674e+01   2.9997576e+01   2.9997479e+01   2.9997381e+01   2.9997284e+01   2.9997186e+01   2.9997089e+01   2.9996991e+01   2.9996894e+01   2.9996796e+01   2.9996699e+01   2.9996601e+01   2.9996504e+01   2.9996406e+01   2.9996309e+01   2.9996211e+01   2.9996114e+01   2.9996016e+01   2.9995919e+01   2.9995821e+01   2.9995724e+01   2.9995627e+01   2.9995529e+01   2.9995432e+01   2.9995334e+01   2.9995237e+01   2.9995139e+01   2.9995042e+01   2.9994944e+01   2.9994847e+01   2.9994749e+01   2.9994651e+01   2.9994554e+01   2.9994456e+01   2.9994358e+01   2.9994261e+01   2.9994163e+01   2.9994065e+01   2.9993967e+01   2.9993868e+01   2.9993770e+01   2.9993672e+01   2.9993573e+01   2.9993474e+01   2.9993376e+01   2.9993277e+01   2.9993177e+01   2.9993078e+01   2.9992978e+01   2.9992878e+01   2.9992778e+01   2.9992677e+01   2.9992576e+01   2.9992475e+01   2.9992373e+01   2.9992272e+01   2.9992169e+01   2.9992067e+01   2.9991963e+01   2.9991859e+01   2.9991755e+01   2.9991651e+01   2.9991545e+01   2.9991439e+01   2.9991333e+01   2.9991226e+01   2.9991118e+01   2.9991009e+01   2.9990900e+01   2.9990790e+01   2.9990679e+01   2.9990568e+01   2.9990455e+01   2.9990342e+01   2.9990227e+01   2.9990112e+01   2.9989995e+01   2.9989878e+01   2.9989759e+01   2.9989640e+01   2.9989518e+01   2.9989396e+01   2.9989272e+01   2.9989148e+01   2.9989020e+01   2.9988893e+01   2.9988763e+01   2.9988632e+01   2.9988498e+01   2.9988365e+01   2.9988227e+01   2.9988090e+01   2.9987949e+01   2.9987808e+01   2.9987662e+01   2.9987517e+01   2.9987367e+01   2.9987218e+01   2.9987063e+01   2.9986909e+01   2.9986750e+01   2.9986591e+01   2.9986426e+01   2.9986261e+01   2.9986091e+01   2.9985921e+01   2.9985739e+01   2.9985558e+01   2.9985364e+01   2.9985169e+01   2.9984958e+01   2.9984747e+01   2.9984516e+01   2.9984285e+01   2.9984029e+01   2.9983773e+01   2.9983488e+01   2.9983202e+01   2.9982881e+01   2.9982560e+01   2.9982198e+01   2.9981835e+01   2.9981425e+01   2.9981014e+01   2.9980550e+01   2.9980086e+01   2.9979561e+01   2.9979036e+01   2.9978444e+01   2.9977851e+01   2.9977183e+01   2.9976514e+01   2.9975760e+01   2.9975005e+01   2.9974153e+01   2.9973301e+01   2.9972338e+01   2.9971375e+01   2.9970289e+01   2.9969204e+01   2.9967992e+01   2.9966781e+01   2.9965463e+01   2.9964145e+01   2.9962779e+01   2.9961413e+01
   3.0009949e+01   3.0009375e+01   3.0008815e+01   3.0008274e+01   3.0007755e+01   3.0007261e+01   3.0006792e+01   3.0006350e+01   3.0005934e+01   3.0005543e+01   3.0005177e+01   3.0004832e+01   3.0004509e+01   3.0004205e+01   3.0003920e+01   3.0003650e+01   3.0003396e+01   3.0003156e+01   3.0002928e+01   3.0002713e+01   3.0002507e+01   3.0002311e+01   3.0002124e+01   3.0001944e+01   3.0001770e+01   3.0001603e+01   3.0001442e+01   3.0001285e+01   3.0001133e+01   3.0000985e+01   3.0000842e+01   3.0000702e+01   3.0000566e+01   3.0000433e+01   3.0000303e+01   3.0000176e+01   3.0000051e+01   2.9999930e+01   2.9999811e+01   2.9999693e+01   2.9999578e+01   2.9999465e+01   2.9999354e+01   2.9999244e+01   2.9999135e+01   2.9999028e+01   2.9998922e+01   2.9998817e+01   2.9998712e+01   2.9998609e+01   2.9998506e+01   2.9998404e+01   2.9998303e+01   2.9998202e+01   2.9998101e+01   2.9998001e+01   2.9997901e+01   2.9997801e+01   2.9997701e+01   2.9997601e+01   2.9997501e+01   2.9997403e+01   2.9997305e+01   2.9997208e+01   2.9997110e+01   2.9997012e+01   2.9996915e+01   2.9996817e+01   2.9996719e+01   2.9996622e+01   2.9996524e+01   2.9996427e+01   2.9996329e+01   2.9996231e+01   2.9996134e+01   2.9996036e+01   2.9995938e+01   2.9995841e+01   2.9995743e+01   2.9995646e+01   2.9995548e+01   2.9995450e+01   2.9995353e+01   2.9995255e+01   2.9995157e+01   2.9995060e+01   2.9994962e+01   2.9994865e+01   2.9994767e+01   2.9994669e+01   2.9994572e+01   2.9994474e+01   2.9994376e+01   2.9994279e+01   2.9994181e+01   2.9994083e+01   2.9993985e+01   2.9993887e+01   2.9993789e+01   2.9993691e+01   2.9993593e+01   2.9993495e+01   2.9993397e+01   2.9993298e+01   2.9993200e+01   2.9993101e+01   2.9993002e+01   2.9992903e+01   2.9992804e+01   2.9992704e+01   2.9992605e+01   2.9992505e+01   2.9992405e+01   2.9992304e+01   2.9992204e+01   2.9992102e+01   2.9992001e+01   2.9991899e+01   2.9991797e+01   2.9991695e+01   2.9991592e+01   2.9991488e+01   2.9991385e+01   2.9991280e+01   2.9991176e+01   2.9991070e+01   2.9990964e+01   2.9990857e+01   2.9990750e+01   2.9990642e+01   2.9990533e+01   2.9990424e+01   2.9990314e+01   2.9990203e+01   2.9990091e+01   2.9989978e+01   2.9989865e+01   2.9989750e+01   2.9989635e+01   2.9989518e+01   2.9989401e+01   2.9989281e+01   2.9989162e+01   2.9989040e+01   2.9988918e+01   2.9988793e+01   2.9988669e+01   2.9988541e+01   2.9988414e+01   2.9988283e+01   2.9988153e+01   2.9988019e+01   2.9987885e+01   2.9987747e+01   2.9987610e+01   2.9987469e+01   2.9987327e+01   2.9987182e+01   2.9987036e+01   2.9986886e+01   2.9986737e+01   2.9986582e+01   2.9986427e+01   2.9986268e+01   2.9986109e+01   2.9985944e+01   2.9985779e+01   2.9985608e+01   2.9985438e+01   2.9985256e+01   2.9985075e+01   2.9984880e+01   2.9984686e+01   2.9984474e+01   2.9984263e+01   2.9984032e+01   2.9983800e+01   2.9983544e+01   2.9983288e+01   2.9983003e+01   2.9982717e+01   2.9982396e+01   2.9982074e+01   2.9981711e+01   2.9981348e+01   2.9980938e+01   2.9980527e+01   2.9980063e+01   2.9979598e+01   2.9979073e+01   2.9978548e+01   2.9977955e+01   2.9977362e+01   2.9976693e+01   2.9976024e+01   2.9975269e+01   2.9974515e+01   2.9973662e+01   2.9972810e+01   2.9971847e+01   2.9970884e+01   2.9969799e+01   2.9968713e+01   2.9967502e+01   2.9966291e+01   2.9964973e+01   2.9963655e+01   2.9962287e+01   2.9960920e+01
   3.0009545e+01   3.0008969e+01   3.0008407e+01   3.0007863e+01   3.0007342e+01   3.0006845e+01   3.0006374e+01   3.0005930e+01   3.0005511e+01   3.0005118e+01   3.0004749e+01   3.0004403e+01   3.0004078e+01   3.0003772e+01   3.0003485e+01   3.0003214e+01   3.0002958e+01   3.0002716e+01   3.0002488e+01   3.0002270e+01   3.0002064e+01   3.0001866e+01   3.0001678e+01   3.0001497e+01   3.0001322e+01   3.0001154e+01   3.0000991e+01   3.0000834e+01   3.0000681e+01   3.0000532e+01   3.0000388e+01   3.0000247e+01   3.0000110e+01   2.9999976e+01   2.9999846e+01   2.9999718e+01   2.9999593e+01   2.9999471e+01   2.9999351e+01   2.9999233e+01   2.9999118e+01   2.9999004e+01   2.9998892e+01   2.9998782e+01   2.9998673e+01   2.9998565e+01   2.9998459e+01   2.9998354e+01   2.9998249e+01   2.9998146e+01   2.9998043e+01   2.9997941e+01   2.9997839e+01   2.9997738e+01   2.9997637e+01   2.9997536e+01   2.9997436e+01   2.9997336e+01   2.9997235e+01   2.9997135e+01   2.9997035e+01   2.9996937e+01   2.9996840e+01   2.9996742e+01   2.9996644e+01   2.9996546e+01   2.9996448e+01   2.9996351e+01   2.9996253e+01   2.9996155e+01   2.9996057e+01   2.9995959e+01   2.9995862e+01   2.9995764e+01   2.9995666e+01   2.9995568e+01   2.9995471e+01   2.9995373e+01   2.9995275e+01   2.9995177e+01   2.9995079e+01   2.9994982e+01   2.9994884e+01   2.9994786e+01   2.9994688e+01   2.9994591e+01   2.9994493e+01   2.9994395e+01   2.9994297e+01   2.9994199e+01   2.9994102e+01   2.9994004e+01   2.9993906e+01   2.9993808e+01   2.9993710e+01   2.9993612e+01   2.9993514e+01   2.9993416e+01   2.9993318e+01   2.9993220e+01   2.9993122e+01   2.9993023e+01   2.9992925e+01   2.9992826e+01   2.9992728e+01   2.9992629e+01   2.9992530e+01   2.9992430e+01   2.9992331e+01   2.9992231e+01   2.9992132e+01   2.9992032e+01   2.9991931e+01   2.9991831e+01   2.9991730e+01   2.9991629e+01   2.9991527e+01   2.9991425e+01   2.9991323e+01   2.9991220e+01   2.9991118e+01   2.9991014e+01   2.9990910e+01   2.9990805e+01   2.9990700e+01   2.9990595e+01   2.9990489e+01   2.9990382e+01   2.9990274e+01   2.9990166e+01   2.9990058e+01   2.9989948e+01   2.9989838e+01   2.9989726e+01   2.9989615e+01   2.9989501e+01   2.9989388e+01   2.9989273e+01   2.9989158e+01   2.9989040e+01   2.9988923e+01   2.9988803e+01   2.9988684e+01   2.9988562e+01   2.9988440e+01   2.9988315e+01   2.9988190e+01   2.9988063e+01   2.9987935e+01   2.9987804e+01   2.9987673e+01   2.9987539e+01   2.9987405e+01   2.9987268e+01   2.9987130e+01   2.9986988e+01   2.9986847e+01   2.9986701e+01   2.9986555e+01   2.9986405e+01   2.9986255e+01   2.9986101e+01   2.9985946e+01   2.9985786e+01   2.9985626e+01   2.9985461e+01   2.9985296e+01   2.9985126e+01   2.9984955e+01   2.9984773e+01   2.9984592e+01   2.9984397e+01   2.9984202e+01   2.9983990e+01   2.9983779e+01   2.9983547e+01   2.9983316e+01   2.9983059e+01   2.9982803e+01   2.9982517e+01   2.9982231e+01   2.9981910e+01   2.9981588e+01   2.9981225e+01   2.9980862e+01   2.9980451e+01   2.9980040e+01   2.9979575e+01   2.9979110e+01   2.9978584e+01   2.9978059e+01   2.9977466e+01   2.9976873e+01   2.9976203e+01   2.9975534e+01   2.9974779e+01   2.9974024e+01   2.9973171e+01   2.9972319e+01   2.9971356e+01   2.9970393e+01   2.9969307e+01   2.9968222e+01   2.9967011e+01   2.9965800e+01   2.9964482e+01   2.9963164e+01   2.9961796e+01   2.9960427e+01
   3.0009142e+01   3.0008563e+01   3.0007998e+01   3.0007453e+01   3.0006929e+01   3.0006429e+01   3.0005956e+01   3.0005509e+01   3.0005088e+01   3.0004693e+01   3.0004322e+01   3.0003974e+01   3.0003647e+01   3.0003339e+01   3.0003050e+01   3.0002777e+01   3.0002520e+01   3.0002277e+01   3.0002047e+01   3.0001828e+01   3.0001620e+01   3.0001422e+01   3.0001232e+01   3.0001049e+01   3.0000874e+01   3.0000705e+01   3.0000541e+01   3.0000383e+01   3.0000229e+01   3.0000080e+01   2.9999934e+01   2.9999793e+01   2.9999655e+01   2.9999520e+01   2.9999389e+01   2.9999260e+01   2.9999135e+01   2.9999012e+01   2.9998891e+01   2.9998773e+01   2.9998657e+01   2.9998543e+01   2.9998431e+01   2.9998320e+01   2.9998211e+01   2.9998103e+01   2.9997996e+01   2.9997891e+01   2.9997786e+01   2.9997682e+01   2.9997579e+01   2.9997477e+01   2.9997375e+01   2.9997273e+01   2.9997172e+01   2.9997072e+01   2.9996971e+01   2.9996871e+01   2.9996771e+01   2.9996670e+01   2.9996570e+01   2.9996472e+01   2.9996374e+01   2.9996276e+01   2.9996178e+01   2.9996080e+01   2.9995982e+01   2.9995884e+01   2.9995786e+01   2.9995688e+01   2.9995590e+01   2.9995492e+01   2.9995394e+01   2.9995296e+01   2.9995199e+01   2.9995101e+01   2.9995003e+01   2.9994905e+01   2.9994807e+01   2.9994709e+01   2.9994611e+01   2.9994513e+01   2.9994415e+01   2.9994317e+01   2.9994219e+01   2.9994121e+01   2.9994023e+01   2.9993926e+01   2.9993828e+01   2.9993730e+01   2.9993632e+01   2.9993534e+01   2.9993436e+01   2.9993338e+01   2.9993240e+01   2.9993142e+01   2.9993043e+01   2.9992945e+01   2.9992847e+01   2.9992749e+01   2.9992650e+01   2.9992552e+01   2.9992453e+01   2.9992354e+01   2.9992256e+01   2.9992156e+01   2.9992057e+01   2.9991958e+01   2.9991858e+01   2.9991759e+01   2.9991659e+01   2.9991558e+01   2.9991458e+01   2.9991357e+01   2.9991256e+01   2.9991155e+01   2.9991053e+01   2.9990951e+01   2.9990849e+01   2.9990746e+01   2.9990643e+01   2.9990539e+01   2.9990435e+01   2.9990330e+01   2.9990225e+01   2.9990119e+01   2.9990013e+01   2.9989906e+01   2.9989799e+01   2.9989690e+01   2.9989582e+01   2.9989471e+01   2.9989361e+01   2.9989250e+01   2.9989138e+01   2.9989025e+01   2.9988911e+01   2.9988796e+01   2.9988680e+01   2.9988563e+01   2.9988445e+01   2.9988326e+01   2.9988206e+01   2.9988084e+01   2.9987961e+01   2.9987836e+01   2.9987712e+01   2.9987584e+01   2.9987456e+01   2.9987325e+01   2.9987194e+01   2.9987060e+01   2.9986926e+01   2.9986788e+01   2.9986650e+01   2.9986508e+01   2.9986366e+01   2.9986220e+01   2.9986075e+01   2.9985924e+01   2.9985774e+01   2.9985619e+01   2.9985464e+01   2.9985304e+01   2.9985144e+01   2.9984979e+01   2.9984814e+01   2.9984643e+01   2.9984472e+01   2.9984290e+01   2.9984108e+01   2.9983913e+01   2.9983718e+01   2.9983506e+01   2.9983295e+01   2.9983063e+01   2.9982831e+01   2.9982574e+01   2.9982318e+01   2.9982032e+01   2.9981745e+01   2.9981424e+01   2.9981102e+01   2.9980738e+01   2.9980375e+01   2.9979964e+01   2.9979552e+01   2.9979087e+01   2.9978622e+01   2.9978096e+01   2.9977570e+01   2.9976977e+01   2.9976383e+01   2.9975714e+01   2.9975044e+01   2.9974289e+01   2.9973533e+01   2.9972680e+01   2.9971828e+01   2.9970864e+01   2.9969901e+01   2.9968816e+01   2.9967731e+01   2.9966520e+01   2.9965309e+01   2.9963991e+01   2.9962673e+01   2.9961304e+01   2.9959934e+01
   3.0008739e+01   3.0008157e+01   3.0007590e+01   3.0007042e+01   3.0006516e+01   3.0006014e+01   3.0005538e+01   3.0005089e+01   3.0004666e+01   3.0004268e+01   3.0003895e+01   3.0003544e+01   3.0003215e+01   3.0002906e+01   3.0002615e+01   3.0002341e+01   3.0002082e+01   3.0001837e+01   3.0001606e+01   3.0001386e+01   3.0001176e+01   3.0000977e+01   3.0000786e+01   3.0000602e+01   3.0000426e+01   3.0000256e+01   3.0000091e+01   2.9999932e+01   2.9999777e+01   2.9999627e+01   2.9999480e+01   2.9999338e+01   2.9999199e+01   2.9999064e+01   2.9998931e+01   2.9998802e+01   2.9998676e+01   2.9998553e+01   2.9998432e+01   2.9998313e+01   2.9998197e+01   2.9998082e+01   2.9997969e+01   2.9997858e+01   2.9997749e+01   2.9997641e+01   2.9997534e+01   2.9997428e+01   2.9997323e+01   2.9997219e+01   2.9997116e+01   2.9997013e+01   2.9996911e+01   2.9996809e+01   2.9996708e+01   2.9996607e+01   2.9996506e+01   2.9996406e+01   2.9996305e+01   2.9996205e+01   2.9996104e+01   2.9996006e+01   2.9995908e+01   2.9995810e+01   2.9995712e+01   2.9995614e+01   2.9995516e+01   2.9995417e+01   2.9995319e+01   2.9995221e+01   2.9995123e+01   2.9995025e+01   2.9994927e+01   2.9994829e+01   2.9994731e+01   2.9994633e+01   2.9994535e+01   2.9994437e+01   2.9994339e+01   2.9994241e+01   2.9994143e+01   2.9994044e+01   2.9993946e+01   2.9993848e+01   2.9993750e+01   2.9993652e+01   2.9993554e+01   2.9993456e+01   2.9993358e+01   2.9993260e+01   2.9993162e+01   2.9993064e+01   2.9992965e+01   2.9992867e+01   2.9992769e+01   2.9992671e+01   2.9992573e+01   2.9992474e+01   2.9992376e+01   2.9992277e+01   2.9992179e+01   2.9992080e+01   2.9991981e+01   2.9991882e+01   2.9991783e+01   2.9991684e+01   2.9991585e+01   2.9991485e+01   2.9991386e+01   2.9991286e+01   2.9991186e+01   2.9991085e+01   2.9990985e+01   2.9990884e+01   2.9990783e+01   2.9990681e+01   2.9990579e+01   2.9990477e+01   2.9990375e+01   2.9990272e+01   2.9990168e+01   2.9990064e+01   2.9989960e+01   2.9989855e+01   2.9989750e+01   2.9989644e+01   2.9989538e+01   2.9989430e+01   2.9989323e+01   2.9989214e+01   2.9989106e+01   2.9988995e+01   2.9988885e+01   2.9988773e+01   2.9988661e+01   2.9988548e+01   2.9988434e+01   2.9988319e+01   2.9988203e+01   2.9988085e+01   2.9987968e+01   2.9987848e+01   2.9987728e+01   2.9987605e+01   2.9987483e+01   2.9987358e+01   2.9987233e+01   2.9987105e+01   2.9986977e+01   2.9986846e+01   2.9986715e+01   2.9986580e+01   2.9986446e+01   2.9986308e+01   2.9986170e+01   2.9986028e+01   2.9985886e+01   2.9985740e+01   2.9985594e+01   2.9985443e+01   2.9985293e+01   2.9985138e+01   2.9984983e+01   2.9984822e+01   2.9984662e+01   2.9984497e+01   2.9984331e+01   2.9984160e+01   2.9983989e+01   2.9983807e+01   2.9983625e+01   2.9983429e+01   2.9983234e+01   2.9983022e+01   2.9982810e+01   2.9982578e+01   2.9982346e+01   2.9982089e+01   2.9981833e+01   2.9981546e+01   2.9981260e+01   2.9980938e+01   2.9980616e+01   2.9980252e+01   2.9979888e+01   2.9979476e+01   2.9979065e+01   2.9978599e+01   2.9978134e+01   2.9977608e+01   2.9977081e+01   2.9976488e+01   2.9975894e+01   2.9975224e+01   2.9974554e+01   2.9973798e+01   2.9973043e+01   2.9972189e+01   2.9971336e+01   2.9970373e+01   2.9969409e+01   2.9968324e+01   2.9967239e+01   2.9966028e+01   2.9964818e+01   2.9963500e+01   2.9962182e+01   2.9960812e+01   2.9959442e+01
   3.0008336e+01   3.0007752e+01   3.0007182e+01   3.0006631e+01   3.0006102e+01   3.0005598e+01   3.0005120e+01   3.0004668e+01   3.0004243e+01   3.0003843e+01   3.0003467e+01   3.0003115e+01   3.0002784e+01   3.0002473e+01   3.0002180e+01   3.0001904e+01   3.0001644e+01   3.0001398e+01   3.0001165e+01   3.0000943e+01   3.0000733e+01   3.0000532e+01   3.0000340e+01   3.0000155e+01   2.9999978e+01   2.9999807e+01   2.9999641e+01   2.9999481e+01   2.9999325e+01   2.9999174e+01   2.9999026e+01   2.9998883e+01   2.9998743e+01   2.9998607e+01   2.9998474e+01   2.9998345e+01   2.9998218e+01   2.9998094e+01   2.9997972e+01   2.9997853e+01   2.9997736e+01   2.9997621e+01   2.9997508e+01   2.9997397e+01   2.9997287e+01   2.9997178e+01   2.9997071e+01   2.9996965e+01   2.9996860e+01   2.9996755e+01   2.9996652e+01   2.9996549e+01   2.9996447e+01   2.9996345e+01   2.9996244e+01   2.9996143e+01   2.9996042e+01   2.9995941e+01   2.9995840e+01   2.9995740e+01   2.9995639e+01   2.9995541e+01   2.9995442e+01   2.9995344e+01   2.9995246e+01   2.9995147e+01   2.9995049e+01   2.9994951e+01   2.9994853e+01   2.9994754e+01   2.9994656e+01   2.9994558e+01   2.9994460e+01   2.9994361e+01   2.9994263e+01   2.9994165e+01   2.9994067e+01   2.9993969e+01   2.9993870e+01   2.9993772e+01   2.9993674e+01   2.9993576e+01   2.9993478e+01   2.9993379e+01   2.9993281e+01   2.9993183e+01   2.9993085e+01   2.9992987e+01   2.9992888e+01   2.9992790e+01   2.9992692e+01   2.9992593e+01   2.9992495e+01   2.9992397e+01   2.9992298e+01   2.9992200e+01   2.9992102e+01   2.9992003e+01   2.9991905e+01   2.9991806e+01   2.9991707e+01   2.9991608e+01   2.9991509e+01   2.9991410e+01   2.9991311e+01   2.9991212e+01   2.9991112e+01   2.9991013e+01   2.9990913e+01   2.9990813e+01   2.9990713e+01   2.9990612e+01   2.9990512e+01   2.9990410e+01   2.9990309e+01   2.9990207e+01   2.9990106e+01   2.9990003e+01   2.9989901e+01   2.9989797e+01   2.9989694e+01   2.9989590e+01   2.9989485e+01   2.9989380e+01   2.9989275e+01   2.9989169e+01   2.9989062e+01   2.9988955e+01   2.9988847e+01   2.9988738e+01   2.9988629e+01   2.9988519e+01   2.9988409e+01   2.9988297e+01   2.9988185e+01   2.9988071e+01   2.9987957e+01   2.9987841e+01   2.9987726e+01   2.9987608e+01   2.9987490e+01   2.9987370e+01   2.9987250e+01   2.9987127e+01   2.9987005e+01   2.9986880e+01   2.9986754e+01   2.9986626e+01   2.9986498e+01   2.9986367e+01   2.9986235e+01   2.9986101e+01   2.9985966e+01   2.9985828e+01   2.9985690e+01   2.9985547e+01   2.9985405e+01   2.9985259e+01   2.9985113e+01   2.9984962e+01   2.9984812e+01   2.9984656e+01   2.9984501e+01   2.9984341e+01   2.9984180e+01   2.9984015e+01   2.9983849e+01   2.9983677e+01   2.9983506e+01   2.9983324e+01   2.9983142e+01   2.9982946e+01   2.9982750e+01   2.9982538e+01   2.9982326e+01   2.9982094e+01   2.9981861e+01   2.9981604e+01   2.9981347e+01   2.9981061e+01   2.9980774e+01   2.9980452e+01   2.9980129e+01   2.9979765e+01   2.9979401e+01   2.9978989e+01   2.9978577e+01   2.9978112e+01   2.9977646e+01   2.9977119e+01   2.9976593e+01   2.9975998e+01   2.9975404e+01   2.9974734e+01   2.9974064e+01   2.9973308e+01   2.9972552e+01   2.9971698e+01   2.9970845e+01   2.9969881e+01   2.9968918e+01   2.9967832e+01   2.9966747e+01   2.9965537e+01   2.9964326e+01   2.9963009e+01   2.9961691e+01   2.9960320e+01   2.9958949e+01
   3.0007932e+01   3.0007346e+01   3.0006774e+01   3.0006221e+01   3.0005689e+01   3.0005182e+01   3.0004702e+01   3.0004248e+01   3.0003820e+01   3.0003418e+01   3.0003040e+01   3.0002686e+01   3.0002353e+01   3.0002040e+01   3.0001745e+01   3.0001468e+01   3.0001206e+01   3.0000958e+01   3.0000724e+01   3.0000501e+01   3.0000289e+01   3.0000087e+01   2.9999894e+01   2.9999708e+01   2.9999530e+01   2.9999358e+01   2.9999191e+01   2.9999030e+01   2.9998873e+01   2.9998721e+01   2.9998573e+01   2.9998428e+01   2.9998288e+01   2.9998151e+01   2.9998017e+01   2.9997887e+01   2.9997759e+01   2.9997635e+01   2.9997512e+01   2.9997393e+01   2.9997275e+01   2.9997160e+01   2.9997046e+01   2.9996935e+01   2.9996825e+01   2.9996716e+01   2.9996608e+01   2.9996502e+01   2.9996397e+01   2.9996292e+01   2.9996188e+01   2.9996085e+01   2.9995983e+01   2.9995881e+01   2.9995779e+01   2.9995678e+01   2.9995577e+01   2.9995476e+01   2.9995375e+01   2.9995274e+01   2.9995173e+01   2.9995075e+01   2.9994976e+01   2.9994878e+01   2.9994780e+01   2.9994681e+01   2.9994583e+01   2.9994484e+01   2.9994386e+01   2.9994288e+01   2.9994189e+01   2.9994091e+01   2.9993992e+01   2.9993894e+01   2.9993796e+01   2.9993697e+01   2.9993599e+01   2.9993501e+01   2.9993402e+01   2.9993304e+01   2.9993206e+01   2.9993107e+01   2.9993009e+01   2.9992910e+01   2.9992812e+01   2.9992714e+01   2.9992615e+01   2.9992517e+01   2.9992419e+01   2.9992320e+01   2.9992222e+01   2.9992123e+01   2.9992025e+01   2.9991926e+01   2.9991828e+01   2.9991729e+01   2.9991631e+01   2.9991532e+01   2.9991433e+01   2.9991335e+01   2.9991236e+01   2.9991137e+01   2.9991038e+01   2.9990938e+01   2.9990839e+01   2.9990740e+01   2.9990640e+01   2.9990540e+01   2.9990440e+01   2.9990340e+01   2.9990240e+01   2.9990139e+01   2.9990038e+01   2.9989937e+01   2.9989836e+01   2.9989734e+01   2.9989632e+01   2.9989529e+01   2.9989426e+01   2.9989323e+01   2.9989219e+01   2.9989115e+01   2.9989011e+01   2.9988905e+01   2.9988800e+01   2.9988693e+01   2.9988587e+01   2.9988479e+01   2.9988372e+01   2.9988262e+01   2.9988153e+01   2.9988043e+01   2.9987932e+01   2.9987820e+01   2.9987708e+01   2.9987594e+01   2.9987480e+01   2.9987364e+01   2.9987248e+01   2.9987130e+01   2.9987012e+01   2.9986892e+01   2.9986772e+01   2.9986649e+01   2.9986526e+01   2.9986401e+01   2.9986276e+01   2.9986147e+01   2.9986019e+01   2.9985887e+01   2.9985756e+01   2.9985621e+01   2.9985486e+01   2.9985348e+01   2.9985209e+01   2.9985067e+01   2.9984925e+01   2.9984778e+01   2.9984632e+01   2.9984481e+01   2.9984330e+01   2.9984175e+01   2.9984019e+01   2.9983859e+01   2.9983698e+01   2.9983532e+01   2.9983366e+01   2.9983195e+01   2.9983023e+01   2.9982841e+01   2.9982658e+01   2.9982462e+01   2.9982267e+01   2.9982054e+01   2.9981842e+01   2.9981609e+01   2.9981377e+01   2.9981119e+01   2.9980862e+01   2.9980575e+01   2.9980288e+01   2.9979966e+01   2.9979643e+01   2.9979279e+01   2.9978914e+01   2.9978502e+01   2.9978090e+01   2.9977624e+01   2.9977157e+01   2.9976631e+01   2.9976104e+01   2.9975509e+01   2.9974915e+01   2.9974244e+01   2.9973574e+01   2.9972817e+01   2.9972061e+01   2.9971207e+01   2.9970353e+01   2.9969389e+01   2.9968425e+01   2.9967340e+01   2.9966255e+01   2.9965045e+01   2.9963834e+01   2.9962517e+01   2.9961199e+01   2.9959828e+01   2.9958456e+01
   3.0007529e+01   3.0006940e+01   3.0006366e+01   3.0005810e+01   3.0005276e+01   3.0004767e+01   3.0004284e+01   3.0003827e+01   3.0003397e+01   3.0002993e+01   3.0002613e+01   3.0002256e+01   3.0001921e+01   3.0001607e+01   3.0001310e+01   3.0001031e+01   3.0000768e+01   3.0000519e+01   3.0000283e+01   3.0000059e+01   2.9999846e+01   2.9999643e+01   2.9999448e+01   2.9999261e+01   2.9999082e+01   2.9998908e+01   2.9998741e+01   2.9998578e+01   2.9998421e+01   2.9998268e+01   2.9998119e+01   2.9997974e+01   2.9997833e+01   2.9997695e+01   2.9997560e+01   2.9997429e+01   2.9997301e+01   2.9997176e+01   2.9997053e+01   2.9996933e+01   2.9996815e+01   2.9996699e+01   2.9996585e+01   2.9996473e+01   2.9996363e+01   2.9996253e+01   2.9996146e+01   2.9996039e+01   2.9995933e+01   2.9995829e+01   2.9995725e+01   2.9995622e+01   2.9995519e+01   2.9995417e+01   2.9995315e+01   2.9995213e+01   2.9995112e+01   2.9995011e+01   2.9994910e+01   2.9994809e+01   2.9994708e+01   2.9994609e+01   2.9994511e+01   2.9994412e+01   2.9994314e+01   2.9994215e+01   2.9994116e+01   2.9994018e+01   2.9993919e+01   2.9993821e+01   2.9993722e+01   2.9993624e+01   2.9993525e+01   2.9993427e+01   2.9993328e+01   2.9993230e+01   2.9993131e+01   2.9993032e+01   2.9992934e+01   2.9992835e+01   2.9992737e+01   2.9992638e+01   2.9992540e+01   2.9992442e+01   2.9992343e+01   2.9992245e+01   2.9992146e+01   2.9992047e+01   2.9991949e+01   2.9991850e+01   2.9991752e+01   2.9991653e+01   2.9991555e+01   2.9991456e+01   2.9991357e+01   2.9991259e+01   2.9991160e+01   2.9991061e+01   2.9990962e+01   2.9990863e+01   2.9990764e+01   2.9990665e+01   2.9990566e+01   2.9990467e+01   2.9990367e+01   2.9990267e+01   2.9990168e+01   2.9990068e+01   2.9989968e+01   2.9989867e+01   2.9989767e+01   2.9989666e+01   2.9989565e+01   2.9989463e+01   2.9989362e+01   2.9989260e+01   2.9989158e+01   2.9989055e+01   2.9988952e+01   2.9988848e+01   2.9988745e+01   2.9988640e+01   2.9988536e+01   2.9988430e+01   2.9988325e+01   2.9988218e+01   2.9988111e+01   2.9988004e+01   2.9987896e+01   2.9987786e+01   2.9987677e+01   2.9987567e+01   2.9987456e+01   2.9987344e+01   2.9987231e+01   2.9987117e+01   2.9987003e+01   2.9986887e+01   2.9986771e+01   2.9986653e+01   2.9986535e+01   2.9986414e+01   2.9986294e+01   2.9986171e+01   2.9986048e+01   2.9985922e+01   2.9985797e+01   2.9985668e+01   2.9985540e+01   2.9985408e+01   2.9985276e+01   2.9985142e+01   2.9985007e+01   2.9984868e+01   2.9984729e+01   2.9984587e+01   2.9984444e+01   2.9984298e+01   2.9984151e+01   2.9984000e+01   2.9983849e+01   2.9983693e+01   2.9983538e+01   2.9983377e+01   2.9983216e+01   2.9983050e+01   2.9982884e+01   2.9982712e+01   2.9982540e+01   2.9982358e+01   2.9982175e+01   2.9981979e+01   2.9981783e+01   2.9981570e+01   2.9981358e+01   2.9981125e+01   2.9980892e+01   2.9980634e+01   2.9980377e+01   2.9980090e+01   2.9979802e+01   2.9979480e+01   2.9979157e+01   2.9978792e+01   2.9978427e+01   2.9978015e+01   2.9977602e+01   2.9977136e+01   2.9976669e+01   2.9976142e+01   2.9975615e+01   2.9975020e+01   2.9974425e+01   2.9973754e+01   2.9973083e+01   2.9972327e+01   2.9971570e+01   2.9970716e+01   2.9969861e+01   2.9968897e+01   2.9967933e+01   2.9966848e+01   2.9965763e+01   2.9964553e+01   2.9963342e+01   2.9962025e+01   2.9960708e+01   2.9959335e+01   2.9957963e+01
   3.0007126e+01   3.0006535e+01   3.0005958e+01   3.0005399e+01   3.0004863e+01   3.0004351e+01   3.0003866e+01   3.0003406e+01   3.0002974e+01   3.0002567e+01   3.0002185e+01   3.0001827e+01   3.0001490e+01   3.0001173e+01   3.0000875e+01   3.0000595e+01   3.0000330e+01   3.0000079e+01   2.9999842e+01   2.9999617e+01   2.9999402e+01   2.9999198e+01   2.9999002e+01   2.9998814e+01   2.9998634e+01   2.9998459e+01   2.9998291e+01   2.9998127e+01   2.9997969e+01   2.9997815e+01   2.9997665e+01   2.9997519e+01   2.9997377e+01   2.9997239e+01   2.9997104e+01   2.9996972e+01   2.9996843e+01   2.9996717e+01   2.9996594e+01   2.9996473e+01   2.9996354e+01   2.9996238e+01   2.9996124e+01   2.9996011e+01   2.9995901e+01   2.9995791e+01   2.9995683e+01   2.9995576e+01   2.9995470e+01   2.9995365e+01   2.9995261e+01   2.9995158e+01   2.9995055e+01   2.9994952e+01   2.9994851e+01   2.9994749e+01   2.9994648e+01   2.9994546e+01   2.9994445e+01   2.9994344e+01   2.9994243e+01   2.9994144e+01   2.9994045e+01   2.9993946e+01   2.9993848e+01   2.9993749e+01   2.9993650e+01   2.9993551e+01   2.9993453e+01   2.9993354e+01   2.9993255e+01   2.9993157e+01   2.9993058e+01   2.9992959e+01   2.9992860e+01   2.9992762e+01   2.9992663e+01   2.9992564e+01   2.9992466e+01   2.9992367e+01   2.9992268e+01   2.9992170e+01   2.9992071e+01   2.9991972e+01   2.9991874e+01   2.9991775e+01   2.9991677e+01   2.9991578e+01   2.9991479e+01   2.9991380e+01   2.9991282e+01   2.9991183e+01   2.9991084e+01   2.9990986e+01   2.9990887e+01   2.9990788e+01   2.9990689e+01   2.9990590e+01   2.9990491e+01   2.9990392e+01   2.9990293e+01   2.9990193e+01   2.9990094e+01   2.9989995e+01   2.9989895e+01   2.9989795e+01   2.9989695e+01   2.9989595e+01   2.9989495e+01   2.9989394e+01   2.9989294e+01   2.9989193e+01   2.9989092e+01   2.9988990e+01   2.9988888e+01   2.9988786e+01   2.9988684e+01   2.9988581e+01   2.9988478e+01   2.9988374e+01   2.9988270e+01   2.9988166e+01   2.9988061e+01   2.9987955e+01   2.9987850e+01   2.9987743e+01   2.9987636e+01   2.9987528e+01   2.9987420e+01   2.9987311e+01   2.9987201e+01   2.9987090e+01   2.9986979e+01   2.9986867e+01   2.9986754e+01   2.9986640e+01   2.9986526e+01   2.9986410e+01   2.9986294e+01   2.9986175e+01   2.9986057e+01   2.9985936e+01   2.9985816e+01   2.9985693e+01   2.9985570e+01   2.9985444e+01   2.9985318e+01   2.9985189e+01   2.9985061e+01   2.9984929e+01   2.9984797e+01   2.9984662e+01   2.9984527e+01   2.9984388e+01   2.9984249e+01   2.9984106e+01   2.9983964e+01   2.9983817e+01   2.9983670e+01   2.9983519e+01   2.9983368e+01   2.9983212e+01   2.9983056e+01   2.9982895e+01   2.9982734e+01   2.9982568e+01   2.9982401e+01   2.9982229e+01   2.9982057e+01   2.9981875e+01   2.9981692e+01   2.9981495e+01   2.9981299e+01   2.9981086e+01   2.9980873e+01   2.9980640e+01   2.9980407e+01   2.9980150e+01   2.9979892e+01   2.9979604e+01   2.9979317e+01   2.9978994e+01   2.9978670e+01   2.9978305e+01   2.9977941e+01   2.9977528e+01   2.9977115e+01   2.9976648e+01   2.9976181e+01   2.9975654e+01   2.9975126e+01   2.9974531e+01   2.9973936e+01   2.9973264e+01   2.9972593e+01   2.9971836e+01   2.9971079e+01   2.9970224e+01   2.9969370e+01   2.9968405e+01   2.9967441e+01   2.9966356e+01   2.9965270e+01   2.9964060e+01   2.9962850e+01   2.9961533e+01   2.9960216e+01   2.9958843e+01   2.9957470e+01
   3.0006722e+01   3.0006129e+01   3.0005550e+01   3.0004989e+01   3.0004450e+01   3.0003936e+01   3.0003447e+01   3.0002986e+01   3.0002551e+01   3.0002142e+01   3.0001758e+01   3.0001398e+01   3.0001059e+01   3.0000740e+01   3.0000441e+01   3.0000158e+01   2.9999891e+01   2.9999639e+01   2.9999401e+01   2.9999174e+01   2.9998959e+01   2.9998753e+01   2.9998556e+01   2.9998367e+01   2.9998185e+01   2.9998010e+01   2.9997840e+01   2.9997676e+01   2.9997517e+01   2.9997362e+01   2.9997211e+01   2.9997064e+01   2.9996921e+01   2.9996782e+01   2.9996646e+01   2.9996514e+01   2.9996384e+01   2.9996258e+01   2.9996134e+01   2.9996013e+01   2.9995894e+01   2.9995777e+01   2.9995663e+01   2.9995550e+01   2.9995439e+01   2.9995329e+01   2.9995221e+01   2.9995113e+01   2.9995007e+01   2.9994902e+01   2.9994798e+01   2.9994694e+01   2.9994591e+01   2.9994488e+01   2.9994386e+01   2.9994284e+01   2.9994183e+01   2.9994081e+01   2.9993980e+01   2.9993878e+01   2.9993777e+01   2.9993678e+01   2.9993579e+01   2.9993480e+01   2.9993381e+01   2.9993283e+01   2.9993184e+01   2.9993085e+01   2.9992986e+01   2.9992887e+01   2.9992788e+01   2.9992689e+01   2.9992591e+01   2.9992492e+01   2.9992393e+01   2.9992294e+01   2.9992195e+01   2.9992096e+01   2.9991998e+01   2.9991899e+01   2.9991800e+01   2.9991701e+01   2.9991602e+01   2.9991503e+01   2.9991405e+01   2.9991306e+01   2.9991207e+01   2.9991108e+01   2.9991009e+01   2.9990911e+01   2.9990812e+01   2.9990713e+01   2.9990614e+01   2.9990515e+01   2.9990416e+01   2.9990317e+01   2.9990218e+01   2.9990119e+01   2.9990020e+01   2.9989920e+01   2.9989821e+01   2.9989722e+01   2.9989622e+01   2.9989523e+01   2.9989423e+01   2.9989323e+01   2.9989223e+01   2.9989123e+01   2.9989022e+01   2.9988922e+01   2.9988821e+01   2.9988720e+01   2.9988618e+01   2.9988517e+01   2.9988415e+01   2.9988312e+01   2.9988210e+01   2.9988107e+01   2.9988004e+01   2.9987900e+01   2.9987796e+01   2.9987691e+01   2.9987586e+01   2.9987480e+01   2.9987375e+01   2.9987268e+01   2.9987161e+01   2.9987052e+01   2.9986944e+01   2.9986835e+01   2.9986725e+01   2.9986614e+01   2.9986503e+01   2.9986390e+01   2.9986278e+01   2.9986163e+01   2.9986049e+01   2.9985933e+01   2.9985816e+01   2.9985698e+01   2.9985579e+01   2.9985459e+01   2.9985338e+01   2.9985215e+01   2.9985091e+01   2.9984965e+01   2.9984839e+01   2.9984711e+01   2.9984582e+01   2.9984450e+01   2.9984318e+01   2.9984182e+01   2.9984047e+01   2.9983908e+01   2.9983769e+01   2.9983626e+01   2.9983483e+01   2.9983336e+01   2.9983189e+01   2.9983038e+01   2.9982886e+01   2.9982730e+01   2.9982574e+01   2.9982413e+01   2.9982252e+01   2.9982085e+01   2.9981919e+01   2.9981747e+01   2.9981574e+01   2.9981391e+01   2.9981208e+01   2.9981012e+01   2.9980815e+01   2.9980602e+01   2.9980389e+01   2.9980156e+01   2.9979923e+01   2.9979665e+01   2.9979407e+01   2.9979119e+01   2.9978831e+01   2.9978508e+01   2.9978184e+01   2.9977819e+01   2.9977454e+01   2.9977041e+01   2.9976627e+01   2.9976160e+01   2.9975693e+01   2.9975165e+01   2.9974637e+01   2.9974042e+01   2.9973446e+01   2.9972774e+01   2.9972103e+01   2.9971345e+01   2.9970588e+01   2.9969733e+01   2.9968878e+01   2.9967913e+01   2.9966949e+01   2.9965863e+01   2.9964777e+01   2.9963568e+01   2.9962358e+01   2.9961041e+01   2.9959724e+01   2.9958351e+01   2.9956978e+01
   3.0006319e+01   3.0005723e+01   3.0005141e+01   3.0004578e+01   3.0004037e+01   3.0003520e+01   3.0003029e+01   3.0002566e+01   3.0002128e+01   3.0001717e+01   3.0001331e+01   3.0000968e+01   3.0000627e+01   3.0000307e+01   3.0000006e+01   2.9999721e+01   2.9999453e+01   2.9999200e+01   2.9998960e+01   2.9998732e+01   2.9998515e+01   2.9998308e+01   2.9998110e+01   2.9997920e+01   2.9997737e+01   2.9997561e+01   2.9997390e+01   2.9997225e+01   2.9997064e+01   2.9996909e+01   2.9996757e+01   2.9996609e+01   2.9996466e+01   2.9996326e+01   2.9996189e+01   2.9996056e+01   2.9995926e+01   2.9995798e+01   2.9995674e+01   2.9995552e+01   2.9995433e+01   2.9995316e+01   2.9995201e+01   2.9995088e+01   2.9994977e+01   2.9994867e+01   2.9994758e+01   2.9994651e+01   2.9994544e+01   2.9994439e+01   2.9994334e+01   2.9994230e+01   2.9994127e+01   2.9994024e+01   2.9993922e+01   2.9993820e+01   2.9993718e+01   2.9993616e+01   2.9993515e+01   2.9993414e+01   2.9993312e+01   2.9993213e+01   2.9993114e+01   2.9993014e+01   2.9992915e+01   2.9992816e+01   2.9992717e+01   2.9992618e+01   2.9992519e+01   2.9992420e+01   2.9992321e+01   2.9992222e+01   2.9992123e+01   2.9992024e+01   2.9991925e+01   2.9991826e+01   2.9991727e+01   2.9991628e+01   2.9991529e+01   2.9991430e+01   2.9991331e+01   2.9991232e+01   2.9991134e+01   2.9991035e+01   2.9990936e+01   2.9990837e+01   2.9990738e+01   2.9990639e+01   2.9990540e+01   2.9990441e+01   2.9990342e+01   2.9990243e+01   2.9990144e+01   2.9990045e+01   2.9989945e+01   2.9989846e+01   2.9989747e+01   2.9989648e+01   2.9989549e+01   2.9989449e+01   2.9989350e+01   2.9989250e+01   2.9989150e+01   2.9989051e+01   2.9988951e+01   2.9988851e+01   2.9988750e+01   2.9988650e+01   2.9988550e+01   2.9988449e+01   2.9988348e+01   2.9988246e+01   2.9988145e+01   2.9988043e+01   2.9987941e+01   2.9987839e+01   2.9987736e+01   2.9987633e+01   2.9987530e+01   2.9987425e+01   2.9987321e+01   2.9987216e+01   2.9987111e+01   2.9987005e+01   2.9986899e+01   2.9986792e+01   2.9986685e+01   2.9986577e+01   2.9986469e+01   2.9986359e+01   2.9986249e+01   2.9986138e+01   2.9986027e+01   2.9985914e+01   2.9985801e+01   2.9985687e+01   2.9985572e+01   2.9985455e+01   2.9985339e+01   2.9985220e+01   2.9985102e+01   2.9984981e+01   2.9984860e+01   2.9984736e+01   2.9984613e+01   2.9984487e+01   2.9984361e+01   2.9984232e+01   2.9984103e+01   2.9983970e+01   2.9983838e+01   2.9983703e+01   2.9983567e+01   2.9983428e+01   2.9983289e+01   2.9983146e+01   2.9983003e+01   2.9982855e+01   2.9982708e+01   2.9982557e+01   2.9982405e+01   2.9982249e+01   2.9982092e+01   2.9981931e+01   2.9981770e+01   2.9981603e+01   2.9981436e+01   2.9981264e+01   2.9981091e+01   2.9980908e+01   2.9980725e+01   2.9980528e+01   2.9980331e+01   2.9980118e+01   2.9979905e+01   2.9979671e+01   2.9979438e+01   2.9979180e+01   2.9978922e+01   2.9978633e+01   2.9978345e+01   2.9978022e+01   2.9977698e+01   2.9977332e+01   2.9976967e+01   2.9976553e+01   2.9976140e+01   2.9975672e+01   2.9975205e+01   2.9974677e+01   2.9974148e+01   2.9973553e+01   2.9972957e+01   2.9972285e+01   2.9971613e+01   2.9970855e+01   2.9970097e+01   2.9969241e+01   2.9968386e+01   2.9967421e+01   2.9966456e+01   2.9965370e+01   2.9964285e+01   2.9963075e+01   2.9961865e+01   2.9960548e+01   2.9959231e+01   2.9957858e+01   2.9956485e+01
   3.0005916e+01   3.0005317e+01   3.0004733e+01   3.0004167e+01   3.0003624e+01   3.0003104e+01   3.0002611e+01   3.0002145e+01   3.0001705e+01   3.0001292e+01   3.0000904e+01   3.0000539e+01   3.0000196e+01   2.9999874e+01   2.9999571e+01   2.9999285e+01   2.9999015e+01   2.9998760e+01   2.9998519e+01   2.9998289e+01   2.9998071e+01   2.9997863e+01   2.9997664e+01   2.9997473e+01   2.9997289e+01   2.9997112e+01   2.9996940e+01   2.9996774e+01   2.9996612e+01   2.9996456e+01   2.9996303e+01   2.9996155e+01   2.9996010e+01   2.9995869e+01   2.9995732e+01   2.9995598e+01   2.9995467e+01   2.9995339e+01   2.9995214e+01   2.9995092e+01   2.9994972e+01   2.9994855e+01   2.9994740e+01   2.9994626e+01   2.9994514e+01   2.9994404e+01   2.9994295e+01   2.9994188e+01   2.9994081e+01   2.9993975e+01   2.9993870e+01   2.9993766e+01   2.9993663e+01   2.9993560e+01   2.9993457e+01   2.9993355e+01   2.9993253e+01   2.9993151e+01   2.9993050e+01   2.9992948e+01   2.9992846e+01   2.9992747e+01   2.9992648e+01   2.9992549e+01   2.9992449e+01   2.9992350e+01   2.9992251e+01   2.9992152e+01   2.9992053e+01   2.9991954e+01   2.9991854e+01   2.9991755e+01   2.9991656e+01   2.9991557e+01   2.9991458e+01   2.9991359e+01   2.9991260e+01   2.9991160e+01   2.9991061e+01   2.9990962e+01   2.9990863e+01   2.9990764e+01   2.9990665e+01   2.9990566e+01   2.9990466e+01   2.9990367e+01   2.9990268e+01   2.9990169e+01   2.9990070e+01   2.9989971e+01   2.9989872e+01   2.9989772e+01   2.9989673e+01   2.9989574e+01   2.9989475e+01   2.9989375e+01   2.9989276e+01   2.9989177e+01   2.9989077e+01   2.9988978e+01   2.9988878e+01   2.9988778e+01   2.9988679e+01   2.9988579e+01   2.9988479e+01   2.9988378e+01   2.9988278e+01   2.9988177e+01   2.9988077e+01   2.9987976e+01   2.9987875e+01   2.9987773e+01   2.9987672e+01   2.9987570e+01   2.9987468e+01   2.9987365e+01   2.9987262e+01   2.9987159e+01   2.9987055e+01   2.9986951e+01   2.9986847e+01   2.9986742e+01   2.9986637e+01   2.9986530e+01   2.9986424e+01   2.9986317e+01   2.9986210e+01   2.9986101e+01   2.9985993e+01   2.9985883e+01   2.9985773e+01   2.9985662e+01   2.9985550e+01   2.9985437e+01   2.9985324e+01   2.9985210e+01   2.9985095e+01   2.9984978e+01   2.9984862e+01   2.9984743e+01   2.9984624e+01   2.9984503e+01   2.9984382e+01   2.9984258e+01   2.9984135e+01   2.9984008e+01   2.9983882e+01   2.9983753e+01   2.9983624e+01   2.9983491e+01   2.9983359e+01   2.9983223e+01   2.9983087e+01   2.9982948e+01   2.9982809e+01   2.9982665e+01   2.9982522e+01   2.9982375e+01   2.9982227e+01   2.9982076e+01   2.9981924e+01   2.9981767e+01   2.9981611e+01   2.9981449e+01   2.9981288e+01   2.9981121e+01   2.9980954e+01   2.9980781e+01   2.9980608e+01   2.9980425e+01   2.9980241e+01   2.9980044e+01   2.9979848e+01   2.9979634e+01   2.9979421e+01   2.9979187e+01   2.9978953e+01   2.9978695e+01   2.9978436e+01   2.9978148e+01   2.9977860e+01   2.9977536e+01   2.9977212e+01   2.9976846e+01   2.9976480e+01   2.9976066e+01   2.9975652e+01   2.9975185e+01   2.9974717e+01   2.9974188e+01   2.9973660e+01   2.9973063e+01   2.9972467e+01   2.9971795e+01   2.9971122e+01   2.9970364e+01   2.9969606e+01   2.9968750e+01   2.9967895e+01   2.9966929e+01   2.9965964e+01   2.9964878e+01   2.9963792e+01   2.9962582e+01   2.9961372e+01   2.9960056e+01   2.9958739e+01   2.9957366e+01   2.9955993e+01
   3.0005513e+01   3.0004912e+01   3.0004325e+01   3.0003757e+01   3.0003211e+01   3.0002689e+01   3.0002193e+01   3.0001724e+01   3.0001283e+01   3.0000867e+01   3.0000476e+01   3.0000110e+01   2.9999765e+01   2.9999441e+01   2.9999136e+01   2.9998848e+01   2.9998577e+01   2.9998321e+01   2.9998078e+01   2.9997847e+01   2.9997628e+01   2.9997419e+01   2.9997218e+01   2.9997026e+01   2.9996841e+01   2.9996663e+01   2.9996490e+01   2.9996323e+01   2.9996160e+01   2.9996003e+01   2.9995849e+01   2.9995700e+01   2.9995555e+01   2.9995413e+01   2.9995275e+01   2.9995140e+01   2.9995009e+01   2.9994880e+01   2.9994755e+01   2.9994632e+01   2.9994512e+01   2.9994394e+01   2.9994278e+01   2.9994164e+01   2.9994052e+01   2.9993942e+01   2.9993832e+01   2.9993725e+01   2.9993618e+01   2.9993512e+01   2.9993407e+01   2.9993303e+01   2.9993199e+01   2.9993096e+01   2.9992993e+01   2.9992891e+01   2.9992789e+01   2.9992687e+01   2.9992585e+01   2.9992483e+01   2.9992381e+01   2.9992281e+01   2.9992182e+01   2.9992083e+01   2.9991983e+01   2.9991884e+01   2.9991785e+01   2.9991685e+01   2.9991586e+01   2.9991487e+01   2.9991387e+01   2.9991288e+01   2.9991189e+01   2.9991090e+01   2.9990990e+01   2.9990891e+01   2.9990792e+01   2.9990692e+01   2.9990593e+01   2.9990494e+01   2.9990395e+01   2.9990295e+01   2.9990196e+01   2.9990097e+01   2.9989997e+01   2.9989898e+01   2.9989799e+01   2.9989700e+01   2.9989600e+01   2.9989501e+01   2.9989402e+01   2.9989302e+01   2.9989203e+01   2.9989104e+01   2.9989004e+01   2.9988905e+01   2.9988805e+01   2.9988706e+01   2.9988606e+01   2.9988506e+01   2.9988407e+01   2.9988307e+01   2.9988207e+01   2.9988107e+01   2.9988007e+01   2.9987906e+01   2.9987806e+01   2.9987705e+01   2.9987604e+01   2.9987503e+01   2.9987402e+01   2.9987300e+01   2.9987198e+01   2.9987096e+01   2.9986994e+01   2.9986891e+01   2.9986788e+01   2.9986685e+01   2.9986581e+01   2.9986477e+01   2.9986372e+01   2.9986267e+01   2.9986162e+01   2.9986055e+01   2.9985949e+01   2.9985842e+01   2.9985734e+01   2.9985626e+01   2.9985517e+01   2.9985407e+01   2.9985297e+01   2.9985185e+01   2.9985074e+01   2.9984961e+01   2.9984848e+01   2.9984733e+01   2.9984618e+01   2.9984501e+01   2.9984384e+01   2.9984265e+01   2.9984146e+01   2.9984025e+01   2.9983904e+01   2.9983780e+01   2.9983656e+01   2.9983530e+01   2.9983403e+01   2.9983274e+01   2.9983145e+01   2.9983012e+01   2.9982879e+01   2.9982744e+01   2.9982608e+01   2.9982468e+01   2.9982328e+01   2.9982185e+01   2.9982042e+01   2.9981894e+01   2.9981746e+01   2.9981594e+01   2.9981442e+01   2.9981286e+01   2.9981129e+01   2.9980967e+01   2.9980805e+01   2.9980638e+01   2.9980471e+01   2.9980298e+01   2.9980125e+01   2.9979942e+01   2.9979758e+01   2.9979561e+01   2.9979364e+01   2.9979150e+01   2.9978936e+01   2.9978702e+01   2.9978468e+01   2.9978210e+01   2.9977951e+01   2.9977662e+01   2.9977374e+01   2.9977050e+01   2.9976725e+01   2.9976359e+01   2.9975993e+01   2.9975579e+01   2.9975165e+01   2.9974697e+01   2.9974229e+01   2.9973700e+01   2.9973171e+01   2.9972574e+01   2.9971978e+01   2.9971305e+01   2.9970632e+01   2.9969873e+01   2.9969115e+01   2.9968259e+01   2.9967403e+01   2.9966437e+01   2.9965471e+01   2.9964385e+01   2.9963299e+01   2.9962089e+01   2.9960879e+01   2.9959563e+01   2.9958246e+01   2.9956873e+01   2.9955500e+01
   3.0005109e+01   3.0004506e+01   3.0003917e+01   3.0003346e+01   3.0002797e+01   3.0002273e+01   3.0001775e+01   3.0001304e+01   3.0000860e+01   3.0000442e+01   3.0000049e+01   2.9999680e+01   2.9999334e+01   2.9999008e+01   2.9998701e+01   2.9998412e+01   2.9998139e+01   2.9997881e+01   2.9997637e+01   2.9997405e+01   2.9997184e+01   2.9996974e+01   2.9996772e+01   2.9996579e+01   2.9996393e+01   2.9996214e+01   2.9996040e+01   2.9995872e+01   2.9995708e+01   2.9995550e+01   2.9995396e+01   2.9995246e+01   2.9995099e+01   2.9994957e+01   2.9994818e+01   2.9994683e+01   2.9994550e+01   2.9994421e+01   2.9994295e+01   2.9994172e+01   2.9994051e+01   2.9993933e+01   2.9993817e+01   2.9993703e+01   2.9993590e+01   2.9993479e+01   2.9993370e+01   2.9993262e+01   2.9993155e+01   2.9993048e+01   2.9992943e+01   2.9992839e+01   2.9992735e+01   2.9992631e+01   2.9992529e+01   2.9992426e+01   2.9992324e+01   2.9992221e+01   2.9992119e+01   2.9992017e+01   2.9991915e+01   2.9991816e+01   2.9991716e+01   2.9991617e+01   2.9991517e+01   2.9991418e+01   2.9991318e+01   2.9991219e+01   2.9991119e+01   2.9991020e+01   2.9990920e+01   2.9990821e+01   2.9990722e+01   2.9990622e+01   2.9990523e+01   2.9990423e+01   2.9990324e+01   2.9990224e+01   2.9990125e+01   2.9990026e+01   2.9989926e+01   2.9989827e+01   2.9989727e+01   2.9989628e+01   2.9989528e+01   2.9989429e+01   2.9989330e+01   2.9989230e+01   2.9989131e+01   2.9989031e+01   2.9988932e+01   2.9988832e+01   2.9988733e+01   2.9988633e+01   2.9988534e+01   2.9988434e+01   2.9988334e+01   2.9988235e+01   2.9988135e+01   2.9988035e+01   2.9987935e+01   2.9987835e+01   2.9987735e+01   2.9987635e+01   2.9987535e+01   2.9987434e+01   2.9987333e+01   2.9987232e+01   2.9987131e+01   2.9987030e+01   2.9986929e+01   2.9986827e+01   2.9986725e+01   2.9986623e+01   2.9986520e+01   2.9986417e+01   2.9986314e+01   2.9986211e+01   2.9986107e+01   2.9986002e+01   2.9985898e+01   2.9985792e+01   2.9985687e+01   2.9985580e+01   2.9985474e+01   2.9985366e+01   2.9985259e+01   2.9985150e+01   2.9985041e+01   2.9984931e+01   2.9984821e+01   2.9984709e+01   2.9984598e+01   2.9984484e+01   2.9984371e+01   2.9984256e+01   2.9984141e+01   2.9984024e+01   2.9983907e+01   2.9983788e+01   2.9983669e+01   2.9983547e+01   2.9983426e+01   2.9983302e+01   2.9983178e+01   2.9983051e+01   2.9982925e+01   2.9982795e+01   2.9982666e+01   2.9982533e+01   2.9982400e+01   2.9982264e+01   2.9982128e+01   2.9981988e+01   2.9981848e+01   2.9981705e+01   2.9981561e+01   2.9981413e+01   2.9981265e+01   2.9981113e+01   2.9980961e+01   2.9980804e+01   2.9980647e+01   2.9980485e+01   2.9980323e+01   2.9980156e+01   2.9979989e+01   2.9979815e+01   2.9979642e+01   2.9979458e+01   2.9979274e+01   2.9979077e+01   2.9978880e+01   2.9978666e+01   2.9978452e+01   2.9978218e+01   2.9977984e+01   2.9977725e+01   2.9977466e+01   2.9977177e+01   2.9976888e+01   2.9976564e+01   2.9976239e+01   2.9975873e+01   2.9975506e+01   2.9975092e+01   2.9974677e+01   2.9974209e+01   2.9973740e+01   2.9973211e+01   2.9972682e+01   2.9972085e+01   2.9971488e+01   2.9970815e+01   2.9970142e+01   2.9969383e+01   2.9968624e+01   2.9967767e+01   2.9966911e+01   2.9965945e+01   2.9964979e+01   2.9963892e+01   2.9962806e+01   2.9961596e+01   2.9960386e+01   2.9959070e+01   2.9957753e+01   2.9956380e+01   2.9955007e+01
   3.0004706e+01   3.0004100e+01   3.0003509e+01   3.0002936e+01   3.0002384e+01   3.0001858e+01   3.0001357e+01   3.0000883e+01   3.0000437e+01   3.0000017e+01   2.9999622e+01   2.9999251e+01   2.9998902e+01   2.9998574e+01   2.9998266e+01   2.9997975e+01   2.9997701e+01   2.9997441e+01   2.9997196e+01   2.9996962e+01   2.9996741e+01   2.9996529e+01   2.9996326e+01   2.9996132e+01   2.9995945e+01   2.9995764e+01   2.9995590e+01   2.9995421e+01   2.9995256e+01   2.9995097e+01   2.9994942e+01   2.9994791e+01   2.9994644e+01   2.9994501e+01   2.9994361e+01   2.9994225e+01   2.9994092e+01   2.9993963e+01   2.9993836e+01   2.9993712e+01   2.9993591e+01   2.9993472e+01   2.9993356e+01   2.9993241e+01   2.9993128e+01   2.9993017e+01   2.9992907e+01   2.9992799e+01   2.9992691e+01   2.9992585e+01   2.9992480e+01   2.9992375e+01   2.9992271e+01   2.9992167e+01   2.9992064e+01   2.9991961e+01   2.9991859e+01   2.9991757e+01   2.9991654e+01   2.9991552e+01   2.9991450e+01   2.9991350e+01   2.9991250e+01   2.9991151e+01   2.9991051e+01   2.9990951e+01   2.9990852e+01   2.9990752e+01   2.9990653e+01   2.9990553e+01   2.9990453e+01   2.9990354e+01   2.9990254e+01   2.9990155e+01   2.9990055e+01   2.9989956e+01   2.9989856e+01   2.9989756e+01   2.9989657e+01   2.9989557e+01   2.9989458e+01   2.9989358e+01   2.9989259e+01   2.9989159e+01   2.9989059e+01   2.9988960e+01   2.9988860e+01   2.9988761e+01   2.9988661e+01   2.9988561e+01   2.9988462e+01   2.9988362e+01   2.9988263e+01   2.9988163e+01   2.9988063e+01   2.9987963e+01   2.9987864e+01   2.9987764e+01   2.9987664e+01   2.9987564e+01   2.9987464e+01   2.9987364e+01   2.9987263e+01   2.9987163e+01   2.9987062e+01   2.9986962e+01   2.9986861e+01   2.9986760e+01   2.9986659e+01   2.9986557e+01   2.9986456e+01   2.9986354e+01   2.9986252e+01   2.9986149e+01   2.9986047e+01   2.9985944e+01   2.9985840e+01   2.9985737e+01   2.9985633e+01   2.9985528e+01   2.9985423e+01   2.9985318e+01   2.9985212e+01   2.9985106e+01   2.9984999e+01   2.9984891e+01   2.9984783e+01   2.9984674e+01   2.9984566e+01   2.9984455e+01   2.9984345e+01   2.9984233e+01   2.9984121e+01   2.9984008e+01   2.9983894e+01   2.9983779e+01   2.9983664e+01   2.9983547e+01   2.9983430e+01   2.9983310e+01   2.9983191e+01   2.9983069e+01   2.9982948e+01   2.9982824e+01   2.9982700e+01   2.9982573e+01   2.9982446e+01   2.9982316e+01   2.9982187e+01   2.9982054e+01   2.9981921e+01   2.9981784e+01   2.9981648e+01   2.9981508e+01   2.9981368e+01   2.9981224e+01   2.9981081e+01   2.9980933e+01   2.9980785e+01   2.9980632e+01   2.9980480e+01   2.9980323e+01   2.9980166e+01   2.9980003e+01   2.9979841e+01   2.9979674e+01   2.9979506e+01   2.9979333e+01   2.9979159e+01   2.9978975e+01   2.9978791e+01   2.9978594e+01   2.9978396e+01   2.9978182e+01   2.9977968e+01   2.9977733e+01   2.9977499e+01   2.9977240e+01   2.9976981e+01   2.9976691e+01   2.9976402e+01   2.9976077e+01   2.9975753e+01   2.9975386e+01   2.9975019e+01   2.9974605e+01   2.9974190e+01   2.9973721e+01   2.9973252e+01   2.9972723e+01   2.9972193e+01   2.9971596e+01   2.9970998e+01   2.9970325e+01   2.9969651e+01   2.9968892e+01   2.9968133e+01   2.9967276e+01   2.9966419e+01   2.9965453e+01   2.9964487e+01   2.9963400e+01   2.9962313e+01   2.9961103e+01   2.9959893e+01   2.9958577e+01   2.9957261e+01   2.9955888e+01   2.9954514e+01
   3.0004303e+01   3.0003695e+01   3.0003101e+01   3.0002525e+01   3.0001971e+01   3.0001442e+01   3.0000939e+01   3.0000463e+01   3.0000014e+01   2.9999592e+01   2.9999194e+01   2.9998821e+01   2.9998471e+01   2.9998141e+01   2.9997831e+01   2.9997539e+01   2.9997263e+01   2.9997002e+01   2.9996755e+01   2.9996520e+01   2.9996297e+01   2.9996084e+01   2.9995880e+01   2.9995685e+01   2.9995497e+01   2.9995315e+01   2.9995139e+01   2.9994969e+01   2.9994804e+01   2.9994644e+01   2.9994488e+01   2.9994336e+01   2.9994188e+01   2.9994044e+01   2.9993904e+01   2.9993767e+01   2.9993634e+01   2.9993503e+01   2.9993376e+01   2.9993252e+01   2.9993130e+01   2.9993011e+01   2.9992894e+01   2.9992779e+01   2.9992666e+01   2.9992555e+01   2.9992445e+01   2.9992336e+01   2.9992228e+01   2.9992122e+01   2.9992016e+01   2.9991911e+01   2.9991807e+01   2.9991703e+01   2.9991600e+01   2.9991497e+01   2.9991394e+01   2.9991291e+01   2.9991189e+01   2.9991087e+01   2.9990984e+01   2.9990884e+01   2.9990784e+01   2.9990685e+01   2.9990585e+01   2.9990485e+01   2.9990385e+01   2.9990285e+01   2.9990186e+01   2.9990086e+01   2.9989986e+01   2.9989887e+01   2.9989787e+01   2.9989687e+01   2.9989587e+01   2.9989488e+01   2.9989388e+01   2.9989288e+01   2.9989189e+01   2.9989089e+01   2.9988989e+01   2.9988889e+01   2.9988790e+01   2.9988690e+01   2.9988590e+01   2.9988491e+01   2.9988391e+01   2.9988291e+01   2.9988191e+01   2.9988092e+01   2.9987992e+01   2.9987892e+01   2.9987792e+01   2.9987692e+01   2.9987593e+01   2.9987493e+01   2.9987393e+01   2.9987293e+01   2.9987193e+01   2.9987092e+01   2.9986992e+01   2.9986892e+01   2.9986791e+01   2.9986691e+01   2.9986590e+01   2.9986489e+01   2.9986389e+01   2.9986287e+01   2.9986186e+01   2.9986084e+01   2.9985983e+01   2.9985881e+01   2.9985779e+01   2.9985676e+01   2.9985573e+01   2.9985470e+01   2.9985367e+01   2.9985263e+01   2.9985158e+01   2.9985054e+01   2.9984949e+01   2.9984843e+01   2.9984737e+01   2.9984631e+01   2.9984524e+01   2.9984416e+01   2.9984308e+01   2.9984199e+01   2.9984090e+01   2.9983979e+01   2.9983869e+01   2.9983757e+01   2.9983645e+01   2.9983531e+01   2.9983418e+01   2.9983302e+01   2.9983187e+01   2.9983070e+01   2.9982952e+01   2.9982833e+01   2.9982713e+01   2.9982592e+01   2.9982470e+01   2.9982346e+01   2.9982221e+01   2.9982094e+01   2.9981967e+01   2.9981837e+01   2.9981708e+01   2.9981574e+01   2.9981441e+01   2.9981305e+01   2.9981169e+01   2.9981028e+01   2.9980888e+01   2.9980744e+01   2.9980600e+01   2.9980452e+01   2.9980304e+01   2.9980151e+01   2.9979999e+01   2.9979841e+01   2.9979684e+01   2.9979522e+01   2.9979359e+01   2.9979191e+01   2.9979024e+01   2.9978850e+01   2.9978677e+01   2.9978492e+01   2.9978308e+01   2.9978110e+01   2.9977912e+01   2.9977698e+01   2.9977483e+01   2.9977249e+01   2.9977014e+01   2.9976755e+01   2.9976495e+01   2.9976206e+01   2.9975917e+01   2.9975591e+01   2.9975266e+01   2.9974899e+01   2.9974532e+01   2.9974117e+01   2.9973702e+01   2.9973233e+01   2.9972764e+01   2.9972234e+01   2.9971704e+01   2.9971106e+01   2.9970509e+01   2.9969835e+01   2.9969161e+01   2.9968401e+01   2.9967642e+01   2.9966785e+01   2.9965928e+01   2.9964961e+01   2.9963994e+01   2.9962907e+01   2.9961820e+01   2.9960610e+01   2.9959400e+01   2.9958084e+01   2.9956768e+01   2.9955395e+01   2.9954022e+01
   3.0003899e+01   3.0003289e+01   3.0002693e+01   3.0002115e+01   3.0001558e+01   3.0001026e+01   3.0000521e+01   3.0000042e+01   2.9999591e+01   2.9999166e+01   2.9998767e+01   2.9998392e+01   2.9998040e+01   2.9997708e+01   2.9997396e+01   2.9997102e+01   2.9996824e+01   2.9996562e+01   2.9996313e+01   2.9996078e+01   2.9995853e+01   2.9995639e+01   2.9995434e+01   2.9995238e+01   2.9995048e+01   2.9994866e+01   2.9994689e+01   2.9994518e+01   2.9994352e+01   2.9994191e+01   2.9994034e+01   2.9993881e+01   2.9993733e+01   2.9993588e+01   2.9993447e+01   2.9993309e+01   2.9993175e+01   2.9993044e+01   2.9992917e+01   2.9992792e+01   2.9992670e+01   2.9992550e+01   2.9992433e+01   2.9992317e+01   2.9992204e+01   2.9992092e+01   2.9991982e+01   2.9991873e+01   2.9991765e+01   2.9991658e+01   2.9991553e+01   2.9991447e+01   2.9991343e+01   2.9991239e+01   2.9991135e+01   2.9991032e+01   2.9990929e+01   2.9990827e+01   2.9990724e+01   2.9990622e+01   2.9990519e+01   2.9990419e+01   2.9990319e+01   2.9990219e+01   2.9990119e+01   2.9990019e+01   2.9989919e+01   2.9989819e+01   2.9989719e+01   2.9989619e+01   2.9989519e+01   2.9989419e+01   2.9989320e+01   2.9989220e+01   2.9989120e+01   2.9989020e+01   2.9988920e+01   2.9988820e+01   2.9988720e+01   2.9988620e+01   2.9988521e+01   2.9988421e+01   2.9988321e+01   2.9988221e+01   2.9988121e+01   2.9988021e+01   2.9987921e+01   2.9987822e+01   2.9987722e+01   2.9987622e+01   2.9987522e+01   2.9987422e+01   2.9987322e+01   2.9987222e+01   2.9987122e+01   2.9987022e+01   2.9986922e+01   2.9986822e+01   2.9986721e+01   2.9986621e+01   2.9986521e+01   2.9986420e+01   2.9986320e+01   2.9986219e+01   2.9986118e+01   2.9986017e+01   2.9985916e+01   2.9985815e+01   2.9985713e+01   2.9985612e+01   2.9985510e+01   2.9985408e+01   2.9985305e+01   2.9985202e+01   2.9985100e+01   2.9984996e+01   2.9984893e+01   2.9984788e+01   2.9984684e+01   2.9984579e+01   2.9984474e+01   2.9984368e+01   2.9984262e+01   2.9984156e+01   2.9984049e+01   2.9983941e+01   2.9983833e+01   2.9983723e+01   2.9983614e+01   2.9983503e+01   2.9983393e+01   2.9983281e+01   2.9983169e+01   2.9983055e+01   2.9982941e+01   2.9982825e+01   2.9982710e+01   2.9982592e+01   2.9982475e+01   2.9982355e+01   2.9982236e+01   2.9982114e+01   2.9981992e+01   2.9981867e+01   2.9981743e+01   2.9981616e+01   2.9981489e+01   2.9981359e+01   2.9981228e+01   2.9981095e+01   2.9980962e+01   2.9980825e+01   2.9980689e+01   2.9980548e+01   2.9980408e+01   2.9980264e+01   2.9980120e+01   2.9979971e+01   2.9979823e+01   2.9979670e+01   2.9979517e+01   2.9979360e+01   2.9979202e+01   2.9979040e+01   2.9978877e+01   2.9978709e+01   2.9978541e+01   2.9978367e+01   2.9978194e+01   2.9978009e+01   2.9977824e+01   2.9977626e+01   2.9977428e+01   2.9977214e+01   2.9976999e+01   2.9976764e+01   2.9976529e+01   2.9976270e+01   2.9976010e+01   2.9975720e+01   2.9975431e+01   2.9975105e+01   2.9974780e+01   2.9974413e+01   2.9974045e+01   2.9973630e+01   2.9973214e+01   2.9972745e+01   2.9972275e+01   2.9971745e+01   2.9971215e+01   2.9970617e+01   2.9970019e+01   2.9969345e+01   2.9968670e+01   2.9967910e+01   2.9967150e+01   2.9966293e+01   2.9965436e+01   2.9964469e+01   2.9963502e+01   2.9962414e+01   2.9961327e+01   2.9960116e+01   2.9958906e+01   2.9957590e+01   2.9956274e+01   2.9954902e+01   2.9953529e+01
   3.0003496e+01   3.0002883e+01   3.0002285e+01   3.0001704e+01   3.0001145e+01   3.0000611e+01   3.0000103e+01   2.9999622e+01   2.9999168e+01   2.9998741e+01   2.9998340e+01   2.9997963e+01   2.9997608e+01   2.9997275e+01   2.9996961e+01   2.9996665e+01   2.9996386e+01   2.9996122e+01   2.9995872e+01   2.9995635e+01   2.9995410e+01   2.9995194e+01   2.9994988e+01   2.9994790e+01   2.9994600e+01   2.9994416e+01   2.9994239e+01   2.9994067e+01   2.9993900e+01   2.9993738e+01   2.9993580e+01   2.9993426e+01   2.9993277e+01   2.9993131e+01   2.9992990e+01   2.9992851e+01   2.9992717e+01   2.9992585e+01   2.9992457e+01   2.9992331e+01   2.9992209e+01   2.9992089e+01   2.9991971e+01   2.9991856e+01   2.9991742e+01   2.9991630e+01   2.9991519e+01   2.9991410e+01   2.9991302e+01   2.9991195e+01   2.9991089e+01   2.9990984e+01   2.9990879e+01   2.9990775e+01   2.9990671e+01   2.9990568e+01   2.9990465e+01   2.9990362e+01   2.9990259e+01   2.9990156e+01   2.9990053e+01   2.9989953e+01   2.9989853e+01   2.9989753e+01   2.9989653e+01   2.9989553e+01   2.9989453e+01   2.9989353e+01   2.9989252e+01   2.9989152e+01   2.9989052e+01   2.9988952e+01   2.9988852e+01   2.9988752e+01   2.9988652e+01   2.9988552e+01   2.9988452e+01   2.9988352e+01   2.9988252e+01   2.9988152e+01   2.9988052e+01   2.9987952e+01   2.9987852e+01   2.9987752e+01   2.9987652e+01   2.9987552e+01   2.9987452e+01   2.9987352e+01   2.9987252e+01   2.9987152e+01   2.9987052e+01   2.9986952e+01   2.9986852e+01   2.9986752e+01   2.9986651e+01   2.9986551e+01   2.9986451e+01   2.9986351e+01   2.9986250e+01   2.9986150e+01   2.9986049e+01   2.9985949e+01   2.9985848e+01   2.9985747e+01   2.9985646e+01   2.9985545e+01   2.9985444e+01   2.9985342e+01   2.9985241e+01   2.9985139e+01   2.9985037e+01   2.9984934e+01   2.9984832e+01   2.9984729e+01   2.9984626e+01   2.9984522e+01   2.9984419e+01   2.9984314e+01   2.9984210e+01   2.9984105e+01   2.9984000e+01   2.9983894e+01   2.9983788e+01   2.9983681e+01   2.9983574e+01   2.9983465e+01   2.9983357e+01   2.9983248e+01   2.9983138e+01   2.9983028e+01   2.9982917e+01   2.9982804e+01   2.9982692e+01   2.9982578e+01   2.9982464e+01   2.9982349e+01   2.9982233e+01   2.9982115e+01   2.9981998e+01   2.9981878e+01   2.9981758e+01   2.9981636e+01   2.9981514e+01   2.9981389e+01   2.9981265e+01   2.9981137e+01   2.9981010e+01   2.9980880e+01   2.9980749e+01   2.9980616e+01   2.9980482e+01   2.9980346e+01   2.9980209e+01   2.9980068e+01   2.9979928e+01   2.9979784e+01   2.9979639e+01   2.9979491e+01   2.9979342e+01   2.9979189e+01   2.9979036e+01   2.9978878e+01   2.9978721e+01   2.9978558e+01   2.9978395e+01   2.9978227e+01   2.9978059e+01   2.9977885e+01   2.9977711e+01   2.9977526e+01   2.9977341e+01   2.9977143e+01   2.9976945e+01   2.9976730e+01   2.9976515e+01   2.9976280e+01   2.9976045e+01   2.9975785e+01   2.9975525e+01   2.9975235e+01   2.9974945e+01   2.9974619e+01   2.9974293e+01   2.9973926e+01   2.9973558e+01   2.9973142e+01   2.9972727e+01   2.9972257e+01   2.9971787e+01   2.9971256e+01   2.9970725e+01   2.9970127e+01   2.9969529e+01   2.9968854e+01   2.9968180e+01   2.9967419e+01   2.9966659e+01   2.9965801e+01   2.9964944e+01   2.9963976e+01   2.9963009e+01   2.9961921e+01   2.9960834e+01   2.9959623e+01   2.9958413e+01   2.9957097e+01   2.9955781e+01   2.9954409e+01   2.9953036e+01
   3.0003093e+01   3.0002478e+01   3.0001877e+01   3.0001293e+01   3.0000732e+01   3.0000195e+01   2.9999685e+01   2.9999201e+01   2.9998745e+01   2.9998316e+01   2.9997913e+01   2.9997533e+01   2.9997177e+01   2.9996842e+01   2.9996526e+01   2.9996229e+01   2.9995948e+01   2.9995683e+01   2.9995431e+01   2.9995193e+01   2.9994966e+01   2.9994750e+01   2.9994542e+01   2.9994344e+01   2.9994152e+01   2.9993967e+01   2.9993789e+01   2.9993616e+01   2.9993448e+01   2.9993285e+01   2.9993126e+01   2.9992972e+01   2.9992821e+01   2.9992675e+01   2.9992532e+01   2.9992394e+01   2.9992258e+01   2.9992126e+01   2.9991997e+01   2.9991871e+01   2.9991748e+01   2.9991628e+01   2.9991510e+01   2.9991394e+01   2.9991280e+01   2.9991167e+01   2.9991057e+01   2.9990947e+01   2.9990839e+01   2.9990732e+01   2.9990625e+01   2.9990520e+01   2.9990415e+01   2.9990311e+01   2.9990207e+01   2.9990103e+01   2.9990000e+01   2.9989897e+01   2.9989794e+01   2.9989691e+01   2.9989588e+01   2.9989487e+01   2.9989387e+01   2.9989287e+01   2.9989187e+01   2.9989086e+01   2.9988986e+01   2.9988886e+01   2.9988786e+01   2.9988686e+01   2.9988585e+01   2.9988485e+01   2.9988385e+01   2.9988285e+01   2.9988185e+01   2.9988084e+01   2.9987984e+01   2.9987884e+01   2.9987784e+01   2.9987684e+01   2.9987584e+01   2.9987483e+01   2.9987383e+01   2.9987283e+01   2.9987183e+01   2.9987083e+01   2.9986983e+01   2.9986882e+01   2.9986782e+01   2.9986682e+01   2.9986582e+01   2.9986482e+01   2.9986381e+01   2.9986281e+01   2.9986181e+01   2.9986080e+01   2.9985980e+01   2.9985879e+01   2.9985779e+01   2.9985678e+01   2.9985578e+01   2.9985477e+01   2.9985376e+01   2.9985275e+01   2.9985174e+01   2.9985073e+01   2.9984971e+01   2.9984870e+01   2.9984768e+01   2.9984666e+01   2.9984564e+01   2.9984461e+01   2.9984359e+01   2.9984256e+01   2.9984152e+01   2.9984049e+01   2.9983945e+01   2.9983840e+01   2.9983736e+01   2.9983631e+01   2.9983525e+01   2.9983419e+01   2.9983313e+01   2.9983206e+01   2.9983098e+01   2.9982990e+01   2.9982882e+01   2.9982772e+01   2.9982663e+01   2.9982552e+01   2.9982441e+01   2.9982328e+01   2.9982216e+01   2.9982102e+01   2.9981988e+01   2.9981872e+01   2.9981756e+01   2.9981638e+01   2.9981520e+01   2.9981400e+01   2.9981280e+01   2.9981158e+01   2.9981036e+01   2.9980911e+01   2.9980786e+01   2.9980659e+01   2.9980531e+01   2.9980401e+01   2.9980270e+01   2.9980137e+01   2.9980003e+01   2.9979866e+01   2.9979729e+01   2.9979588e+01   2.9979448e+01   2.9979303e+01   2.9979159e+01   2.9979010e+01   2.9978861e+01   2.9978708e+01   2.9978555e+01   2.9978397e+01   2.9978239e+01   2.9978076e+01   2.9977913e+01   2.9977745e+01   2.9977576e+01   2.9977402e+01   2.9977228e+01   2.9977043e+01   2.9976858e+01   2.9976659e+01   2.9976461e+01   2.9976246e+01   2.9976031e+01   2.9975795e+01   2.9975560e+01   2.9975300e+01   2.9975040e+01   2.9974749e+01   2.9974459e+01   2.9974133e+01   2.9973807e+01   2.9973439e+01   2.9973071e+01   2.9972655e+01   2.9972239e+01   2.9971768e+01   2.9971298e+01   2.9970766e+01   2.9970235e+01   2.9969636e+01   2.9969038e+01   2.9968363e+01   2.9967688e+01   2.9966927e+01   2.9966167e+01   2.9965309e+01   2.9964451e+01   2.9963484e+01   2.9962516e+01   2.9961428e+01   2.9960340e+01   2.9959130e+01   2.9957919e+01   2.9956603e+01   2.9955288e+01   2.9953916e+01   2.9952544e+01
   3.0002690e+01   3.0002072e+01   3.0001469e+01   3.0000883e+01   3.0000319e+01   2.9999780e+01   2.9999267e+01   2.9998781e+01   2.9998323e+01   2.9997891e+01   2.9997485e+01   2.9997104e+01   2.9996746e+01   2.9996409e+01   2.9996091e+01   2.9995792e+01   2.9995510e+01   2.9995243e+01   2.9994990e+01   2.9994751e+01   2.9994523e+01   2.9994305e+01   2.9994097e+01   2.9993897e+01   2.9993704e+01   2.9993518e+01   2.9993339e+01   2.9993165e+01   2.9992996e+01   2.9992832e+01   2.9992672e+01   2.9992517e+01   2.9992366e+01   2.9992219e+01   2.9992076e+01   2.9991936e+01   2.9991800e+01   2.9991667e+01   2.9991538e+01   2.9991411e+01   2.9991288e+01   2.9991167e+01   2.9991048e+01   2.9990932e+01   2.9990818e+01   2.9990705e+01   2.9990594e+01   2.9990484e+01   2.9990376e+01   2.9990268e+01   2.9990162e+01   2.9990056e+01   2.9989951e+01   2.9989846e+01   2.9989742e+01   2.9989639e+01   2.9989535e+01   2.9989432e+01   2.9989329e+01   2.9989225e+01   2.9989122e+01   2.9989022e+01   2.9988921e+01   2.9988821e+01   2.9988721e+01   2.9988620e+01   2.9988520e+01   2.9988420e+01   2.9988319e+01   2.9988219e+01   2.9988118e+01   2.9988018e+01   2.9987918e+01   2.9987817e+01   2.9987717e+01   2.9987617e+01   2.9987516e+01   2.9987416e+01   2.9987316e+01   2.9987215e+01   2.9987115e+01   2.9987015e+01   2.9986914e+01   2.9986814e+01   2.9986714e+01   2.9986613e+01   2.9986513e+01   2.9986413e+01   2.9986312e+01   2.9986212e+01   2.9986112e+01   2.9986011e+01   2.9985911e+01   2.9985810e+01   2.9985710e+01   2.9985610e+01   2.9985509e+01   2.9985408e+01   2.9985308e+01   2.9985207e+01   2.9985106e+01   2.9985005e+01   2.9984904e+01   2.9984803e+01   2.9984702e+01   2.9984600e+01   2.9984499e+01   2.9984397e+01   2.9984295e+01   2.9984193e+01   2.9984091e+01   2.9983988e+01   2.9983885e+01   2.9983782e+01   2.9983679e+01   2.9983575e+01   2.9983471e+01   2.9983366e+01   2.9983262e+01   2.9983156e+01   2.9983051e+01   2.9982944e+01   2.9982838e+01   2.9982731e+01   2.9982623e+01   2.9982515e+01   2.9982406e+01   2.9982297e+01   2.9982187e+01   2.9982076e+01   2.9981965e+01   2.9981852e+01   2.9981740e+01   2.9981625e+01   2.9981511e+01   2.9981395e+01   2.9981279e+01   2.9981161e+01   2.9981043e+01   2.9980923e+01   2.9980803e+01   2.9980680e+01   2.9980558e+01   2.9980433e+01   2.9980308e+01   2.9980180e+01   2.9980053e+01   2.9979922e+01   2.9979791e+01   2.9979658e+01   2.9979524e+01   2.9979387e+01   2.9979249e+01   2.9979109e+01   2.9978968e+01   2.9978823e+01   2.9978678e+01   2.9978529e+01   2.9978380e+01   2.9978227e+01   2.9978074e+01   2.9977915e+01   2.9977757e+01   2.9977594e+01   2.9977431e+01   2.9977262e+01   2.9977094e+01   2.9976919e+01   2.9976745e+01   2.9976560e+01   2.9976374e+01   2.9976176e+01   2.9975977e+01   2.9975762e+01   2.9975546e+01   2.9975311e+01   2.9975075e+01   2.9974815e+01   2.9974554e+01   2.9974264e+01   2.9973973e+01   2.9973647e+01   2.9973321e+01   2.9972952e+01   2.9972584e+01   2.9972167e+01   2.9971750e+01   2.9971280e+01   2.9970809e+01   2.9970277e+01   2.9969745e+01   2.9969146e+01   2.9968547e+01   2.9967871e+01   2.9967196e+01   2.9966435e+01   2.9965675e+01   2.9964817e+01   2.9963959e+01   2.9962991e+01   2.9962023e+01   2.9960935e+01   2.9959847e+01   2.9958636e+01   2.9957425e+01   2.9956110e+01   2.9954794e+01   2.9953423e+01   2.9952051e+01
   3.0002286e+01   3.0001667e+01   3.0001061e+01   3.0000472e+01   2.9999906e+01   2.9999364e+01   2.9998849e+01   2.9998360e+01   2.9997900e+01   2.9997466e+01   2.9997058e+01   2.9996675e+01   2.9996314e+01   2.9995975e+01   2.9995656e+01   2.9995356e+01   2.9995072e+01   2.9994803e+01   2.9994549e+01   2.9994308e+01   2.9994079e+01   2.9993860e+01   2.9993651e+01   2.9993449e+01   2.9993256e+01   2.9993069e+01   2.9992889e+01   2.9992714e+01   2.9992544e+01   2.9992379e+01   2.9992218e+01   2.9992062e+01   2.9991911e+01   2.9991763e+01   2.9991619e+01   2.9991478e+01   2.9991342e+01   2.9991208e+01   2.9991078e+01   2.9990951e+01   2.9990827e+01   2.9990706e+01   2.9990587e+01   2.9990470e+01   2.9990356e+01   2.9990243e+01   2.9990131e+01   2.9990021e+01   2.9989913e+01   2.9989805e+01   2.9989698e+01   2.9989592e+01   2.9989487e+01   2.9989382e+01   2.9989278e+01   2.9989174e+01   2.9989070e+01   2.9988967e+01   2.9988864e+01   2.9988760e+01   2.9988657e+01   2.9988556e+01   2.9988456e+01   2.9988355e+01   2.9988255e+01   2.9988154e+01   2.9988053e+01   2.9987953e+01   2.9987852e+01   2.9987752e+01   2.9987651e+01   2.9987551e+01   2.9987450e+01   2.9987350e+01   2.9987249e+01   2.9987149e+01   2.9987048e+01   2.9986948e+01   2.9986848e+01   2.9986747e+01   2.9986647e+01   2.9986546e+01   2.9986446e+01   2.9986345e+01   2.9986245e+01   2.9986144e+01   2.9986044e+01   2.9985943e+01   2.9985843e+01   2.9985742e+01   2.9985642e+01   2.9985541e+01   2.9985441e+01   2.9985340e+01   2.9985239e+01   2.9985139e+01   2.9985038e+01   2.9984937e+01   2.9984837e+01   2.9984736e+01   2.9984635e+01   2.9984534e+01   2.9984432e+01   2.9984331e+01   2.9984230e+01   2.9984128e+01   2.9984026e+01   2.9983925e+01   2.9983823e+01   2.9983720e+01   2.9983618e+01   2.9983515e+01   2.9983412e+01   2.9983309e+01   2.9983205e+01   2.9983101e+01   2.9982997e+01   2.9982892e+01   2.9982788e+01   2.9982682e+01   2.9982576e+01   2.9982470e+01   2.9982363e+01   2.9982256e+01   2.9982148e+01   2.9982040e+01   2.9981931e+01   2.9981821e+01   2.9981711e+01   2.9981600e+01   2.9981489e+01   2.9981376e+01   2.9981263e+01   2.9981149e+01   2.9981034e+01   2.9980918e+01   2.9980802e+01   2.9980684e+01   2.9980566e+01   2.9980445e+01   2.9980325e+01   2.9980203e+01   2.9980080e+01   2.9979955e+01   2.9979830e+01   2.9979702e+01   2.9979574e+01   2.9979443e+01   2.9979312e+01   2.9979178e+01   2.9979044e+01   2.9978907e+01   2.9978770e+01   2.9978629e+01   2.9978487e+01   2.9978343e+01   2.9978198e+01   2.9978049e+01   2.9977899e+01   2.9977746e+01   2.9977592e+01   2.9977434e+01   2.9977276e+01   2.9977112e+01   2.9976949e+01   2.9976780e+01   2.9976611e+01   2.9976437e+01   2.9976262e+01   2.9976077e+01   2.9975891e+01   2.9975692e+01   2.9975493e+01   2.9975278e+01   2.9975062e+01   2.9974826e+01   2.9974591e+01   2.9974330e+01   2.9974069e+01   2.9973778e+01   2.9973488e+01   2.9973161e+01   2.9972834e+01   2.9972465e+01   2.9972096e+01   2.9971679e+01   2.9971262e+01   2.9970791e+01   2.9970319e+01   2.9969787e+01   2.9969254e+01   2.9968654e+01   2.9968054e+01   2.9967378e+01   2.9966702e+01   2.9965941e+01   2.9965180e+01   2.9964322e+01   2.9963464e+01   2.9962497e+01   2.9961529e+01   2.9960441e+01   2.9959353e+01   2.9958142e+01   2.9956932e+01   2.9955616e+01   2.9954301e+01   2.9952929e+01   2.9951558e+01
   3.0001883e+01   3.0001261e+01   3.0000652e+01   3.0000062e+01   2.9999493e+01   2.9998949e+01   2.9998431e+01   2.9997940e+01   2.9997477e+01   2.9997041e+01   2.9996631e+01   2.9996245e+01   2.9995883e+01   2.9995542e+01   2.9995221e+01   2.9994919e+01   2.9994633e+01   2.9994364e+01   2.9994108e+01   2.9993866e+01   2.9993635e+01   2.9993415e+01   2.9993204e+01   2.9993002e+01   2.9992808e+01   2.9992620e+01   2.9992438e+01   2.9992262e+01   2.9992092e+01   2.9991926e+01   2.9991764e+01   2.9991608e+01   2.9991455e+01   2.9991306e+01   2.9991161e+01   2.9991020e+01   2.9990883e+01   2.9990749e+01   2.9990619e+01   2.9990491e+01   2.9990367e+01   2.9990245e+01   2.9990126e+01   2.9990009e+01   2.9989894e+01   2.9989780e+01   2.9989669e+01   2.9989559e+01   2.9989449e+01   2.9989342e+01   2.9989235e+01   2.9989128e+01   2.9989023e+01   2.9988918e+01   2.9988813e+01   2.9988709e+01   2.9988605e+01   2.9988502e+01   2.9988398e+01   2.9988295e+01   2.9988191e+01   2.9988091e+01   2.9987990e+01   2.9987889e+01   2.9987789e+01   2.9987688e+01   2.9987587e+01   2.9987486e+01   2.9987386e+01   2.9987285e+01   2.9987184e+01   2.9987084e+01   2.9986983e+01   2.9986882e+01   2.9986782e+01   2.9986681e+01   2.9986581e+01   2.9986480e+01   2.9986379e+01   2.9986279e+01   2.9986178e+01   2.9986077e+01   2.9985977e+01   2.9985876e+01   2.9985776e+01   2.9985675e+01   2.9985574e+01   2.9985474e+01   2.9985373e+01   2.9985272e+01   2.9985172e+01   2.9985071e+01   2.9984970e+01   2.9984870e+01   2.9984769e+01   2.9984668e+01   2.9984567e+01   2.9984466e+01   2.9984365e+01   2.9984264e+01   2.9984163e+01   2.9984062e+01   2.9983961e+01   2.9983859e+01   2.9983758e+01   2.9983656e+01   2.9983554e+01   2.9983452e+01   2.9983350e+01   2.9983247e+01   2.9983145e+01   2.9983042e+01   2.9982939e+01   2.9982835e+01   2.9982732e+01   2.9982627e+01   2.9982523e+01   2.9982418e+01   2.9982313e+01   2.9982208e+01   2.9982102e+01   2.9981995e+01   2.9981888e+01   2.9981781e+01   2.9981673e+01   2.9981564e+01   2.9981455e+01   2.9981345e+01   2.9981235e+01   2.9981124e+01   2.9981013e+01   2.9980900e+01   2.9980787e+01   2.9980672e+01   2.9980558e+01   2.9980441e+01   2.9980325e+01   2.9980207e+01   2.9980088e+01   2.9979968e+01   2.9979848e+01   2.9979725e+01   2.9979602e+01   2.9979477e+01   2.9979351e+01   2.9979223e+01   2.9979095e+01   2.9978964e+01   2.9978833e+01   2.9978699e+01   2.9978565e+01   2.9978427e+01   2.9978290e+01   2.9978149e+01   2.9978007e+01   2.9977862e+01   2.9977717e+01   2.9977568e+01   2.9977418e+01   2.9977265e+01   2.9977111e+01   2.9976952e+01   2.9976794e+01   2.9976630e+01   2.9976467e+01   2.9976298e+01   2.9976129e+01   2.9975954e+01   2.9975779e+01   2.9975593e+01   2.9975408e+01   2.9975209e+01   2.9975009e+01   2.9974794e+01   2.9974578e+01   2.9974342e+01   2.9974106e+01   2.9973845e+01   2.9973584e+01   2.9973293e+01   2.9973002e+01   2.9972675e+01   2.9972348e+01   2.9971978e+01   2.9971609e+01   2.9971192e+01   2.9970774e+01   2.9970302e+01   2.9969830e+01   2.9969296e+01   2.9968763e+01   2.9968162e+01   2.9967562e+01   2.9966885e+01   2.9966209e+01   2.9965447e+01   2.9964686e+01   2.9963828e+01   2.9962970e+01   2.9962003e+01   2.9961035e+01   2.9959947e+01   2.9958860e+01   2.9957649e+01   2.9956438e+01   2.9955122e+01   2.9953807e+01   2.9952436e+01   2.9951065e+01
   3.0001480e+01   3.0000855e+01   3.0000244e+01   2.9999651e+01   2.9999080e+01   2.9998533e+01   2.9998013e+01   2.9997519e+01   2.9997054e+01   2.9996616e+01   2.9996203e+01   2.9995816e+01   2.9995451e+01   2.9995109e+01   2.9994786e+01   2.9994482e+01   2.9994195e+01   2.9993924e+01   2.9993667e+01   2.9993423e+01   2.9993191e+01   2.9992970e+01   2.9992758e+01   2.9992555e+01   2.9992359e+01   2.9992171e+01   2.9991988e+01   2.9991811e+01   2.9991639e+01   2.9991472e+01   2.9991310e+01   2.9991153e+01   2.9990999e+01   2.9990850e+01   2.9990704e+01   2.9990562e+01   2.9990424e+01   2.9990290e+01   2.9990159e+01   2.9990031e+01   2.9989906e+01   2.9989784e+01   2.9989664e+01   2.9989547e+01   2.9989432e+01   2.9989318e+01   2.9989206e+01   2.9989096e+01   2.9988986e+01   2.9988878e+01   2.9988771e+01   2.9988665e+01   2.9988559e+01   2.9988454e+01   2.9988349e+01   2.9988245e+01   2.9988141e+01   2.9988037e+01   2.9987933e+01   2.9987830e+01   2.9987726e+01   2.9987625e+01   2.9987524e+01   2.9987423e+01   2.9987322e+01   2.9987222e+01   2.9987121e+01   2.9987020e+01   2.9986919e+01   2.9986818e+01   2.9986718e+01   2.9986617e+01   2.9986516e+01   2.9986415e+01   2.9986314e+01   2.9986214e+01   2.9986113e+01   2.9986012e+01   2.9985911e+01   2.9985810e+01   2.9985710e+01   2.9985609e+01   2.9985508e+01   2.9985407e+01   2.9985306e+01   2.9985206e+01   2.9985105e+01   2.9985004e+01   2.9984903e+01   2.9984803e+01   2.9984702e+01   2.9984601e+01   2.9984500e+01   2.9984399e+01   2.9984298e+01   2.9984197e+01   2.9984096e+01   2.9983995e+01   2.9983894e+01   2.9983793e+01   2.9983692e+01   2.9983590e+01   2.9983489e+01   2.9983387e+01   2.9983286e+01   2.9983184e+01   2.9983082e+01   2.9982979e+01   2.9982877e+01   2.9982774e+01   2.9982672e+01   2.9982569e+01   2.9982465e+01   2.9982362e+01   2.9982258e+01   2.9982154e+01   2.9982049e+01   2.9981944e+01   2.9981839e+01   2.9981733e+01   2.9981627e+01   2.9981520e+01   2.9981414e+01   2.9981306e+01   2.9981198e+01   2.9981089e+01   2.9980980e+01   2.9980870e+01   2.9980760e+01   2.9980648e+01   2.9980537e+01   2.9980423e+01   2.9980310e+01   2.9980196e+01   2.9980081e+01   2.9979965e+01   2.9979848e+01   2.9979730e+01   2.9979611e+01   2.9979490e+01   2.9979370e+01   2.9979247e+01   2.9979124e+01   2.9978998e+01   2.9978873e+01   2.9978745e+01   2.9978616e+01   2.9978485e+01   2.9978354e+01   2.9978220e+01   2.9978085e+01   2.9977948e+01   2.9977810e+01   2.9977669e+01   2.9977527e+01   2.9977382e+01   2.9977237e+01   2.9977087e+01   2.9976937e+01   2.9976784e+01   2.9976630e+01   2.9976471e+01   2.9976312e+01   2.9976148e+01   2.9975985e+01   2.9975815e+01   2.9975646e+01   2.9975471e+01   2.9975296e+01   2.9975110e+01   2.9974924e+01   2.9974725e+01   2.9974526e+01   2.9974310e+01   2.9974094e+01   2.9973857e+01   2.9973621e+01   2.9973360e+01   2.9973099e+01   2.9972807e+01   2.9972516e+01   2.9972189e+01   2.9971861e+01   2.9971492e+01   2.9971122e+01   2.9970704e+01   2.9970286e+01   2.9969813e+01   2.9969340e+01   2.9968806e+01   2.9968272e+01   2.9967670e+01   2.9967068e+01   2.9966390e+01   2.9965713e+01   2.9964950e+01   2.9964188e+01   2.9963330e+01   2.9962472e+01   2.9961505e+01   2.9960538e+01   2.9959451e+01   2.9958364e+01   2.9957154e+01   2.9955944e+01   2.9954629e+01   2.9953314e+01   2.9951943e+01   2.9950572e+01
   3.0001077e+01   3.0000450e+01   2.9999836e+01   2.9999241e+01   2.9998667e+01   2.9998117e+01   2.9997595e+01   2.9997099e+01   2.9996631e+01   2.9996190e+01   2.9995776e+01   2.9995386e+01   2.9995020e+01   2.9994676e+01   2.9994351e+01   2.9994046e+01   2.9993757e+01   2.9993484e+01   2.9993226e+01   2.9992981e+01   2.9992748e+01   2.9992525e+01   2.9992312e+01   2.9992108e+01   2.9991911e+01   2.9991721e+01   2.9991538e+01   2.9991360e+01   2.9991187e+01   2.9991019e+01   2.9990856e+01   2.9990698e+01   2.9990543e+01   2.9990393e+01   2.9990247e+01   2.9990104e+01   2.9989966e+01   2.9989831e+01   2.9989699e+01   2.9989571e+01   2.9989445e+01   2.9989323e+01   2.9989203e+01   2.9989085e+01   2.9988969e+01   2.9988855e+01   2.9988743e+01   2.9988633e+01   2.9988523e+01   2.9988415e+01   2.9988307e+01   2.9988201e+01   2.9988095e+01   2.9987989e+01   2.9987885e+01   2.9987780e+01   2.9987676e+01   2.9987572e+01   2.9987468e+01   2.9987364e+01   2.9987260e+01   2.9987159e+01   2.9987058e+01   2.9986957e+01   2.9986856e+01   2.9986755e+01   2.9986654e+01   2.9986554e+01   2.9986453e+01   2.9986352e+01   2.9986251e+01   2.9986150e+01   2.9986049e+01   2.9985948e+01   2.9985847e+01   2.9985746e+01   2.9985645e+01   2.9985544e+01   2.9985443e+01   2.9985342e+01   2.9985241e+01   2.9985140e+01   2.9985039e+01   2.9984938e+01   2.9984837e+01   2.9984737e+01   2.9984636e+01   2.9984535e+01   2.9984434e+01   2.9984333e+01   2.9984232e+01   2.9984131e+01   2.9984030e+01   2.9983929e+01   2.9983828e+01   2.9983727e+01   2.9983626e+01   2.9983524e+01   2.9983423e+01   2.9983322e+01   2.9983220e+01   2.9983119e+01   2.9983017e+01   2.9982915e+01   2.9982814e+01   2.9982711e+01   2.9982609e+01   2.9982507e+01   2.9982405e+01   2.9982302e+01   2.9982199e+01   2.9982095e+01   2.9981992e+01   2.9981888e+01   2.9981784e+01   2.9981680e+01   2.9981575e+01   2.9981470e+01   2.9981365e+01   2.9981259e+01   2.9981153e+01   2.9981046e+01   2.9980939e+01   2.9980831e+01   2.9980723e+01   2.9980614e+01   2.9980505e+01   2.9980394e+01   2.9980284e+01   2.9980172e+01   2.9980061e+01   2.9979947e+01   2.9979834e+01   2.9979719e+01   2.9979604e+01   2.9979488e+01   2.9979371e+01   2.9979252e+01   2.9979134e+01   2.9979013e+01   2.9978892e+01   2.9978769e+01   2.9978646e+01   2.9978520e+01   2.9978395e+01   2.9978266e+01   2.9978138e+01   2.9978006e+01   2.9977875e+01   2.9977741e+01   2.9977606e+01   2.9977468e+01   2.9977330e+01   2.9977189e+01   2.9977047e+01   2.9976902e+01   2.9976756e+01   2.9976606e+01   2.9976457e+01   2.9976302e+01   2.9976148e+01   2.9975989e+01   2.9975830e+01   2.9975666e+01   2.9975502e+01   2.9975333e+01   2.9975163e+01   2.9974988e+01   2.9974813e+01   2.9974627e+01   2.9974441e+01   2.9974241e+01   2.9974042e+01   2.9973826e+01   2.9973609e+01   2.9973373e+01   2.9973136e+01   2.9972875e+01   2.9972613e+01   2.9972322e+01   2.9972030e+01   2.9971703e+01   2.9971375e+01   2.9971005e+01   2.9970635e+01   2.9970216e+01   2.9969798e+01   2.9969324e+01   2.9968850e+01   2.9968315e+01   2.9967780e+01   2.9967177e+01   2.9966574e+01   2.9965895e+01   2.9965217e+01   2.9964454e+01   2.9963690e+01   2.9962832e+01   2.9961974e+01   2.9961007e+01   2.9960041e+01   2.9958955e+01   2.9957868e+01   2.9956659e+01   2.9955449e+01   2.9954135e+01   2.9952820e+01   2.9951450e+01   2.9950080e+01
   3.0000673e+01   3.0000044e+01   2.9999428e+01   2.9998830e+01   2.9998254e+01   2.9997702e+01   2.9997177e+01   2.9996679e+01   2.9996208e+01   2.9995765e+01   2.9995349e+01   2.9994957e+01   2.9994589e+01   2.9994242e+01   2.9993916e+01   2.9993609e+01   2.9993319e+01   2.9993045e+01   2.9992785e+01   2.9992538e+01   2.9992304e+01   2.9992080e+01   2.9991866e+01   2.9991661e+01   2.9991463e+01   2.9991272e+01   2.9991088e+01   2.9990909e+01   2.9990735e+01   2.9990566e+01   2.9990403e+01   2.9990243e+01   2.9990088e+01   2.9989937e+01   2.9989790e+01   2.9989647e+01   2.9989507e+01   2.9989372e+01   2.9989239e+01   2.9989110e+01   2.9988984e+01   2.9988861e+01   2.9988741e+01   2.9988623e+01   2.9988507e+01   2.9988393e+01   2.9988280e+01   2.9988170e+01   2.9988060e+01   2.9987951e+01   2.9987844e+01   2.9987737e+01   2.9987631e+01   2.9987525e+01   2.9987420e+01   2.9987316e+01   2.9987211e+01   2.9987107e+01   2.9987003e+01   2.9986899e+01   2.9986795e+01   2.9986694e+01   2.9986593e+01   2.9986492e+01   2.9986390e+01   2.9986289e+01   2.9986188e+01   2.9986087e+01   2.9985986e+01   2.9985885e+01   2.9985784e+01   2.9985683e+01   2.9985581e+01   2.9985480e+01   2.9985379e+01   2.9985278e+01   2.9985177e+01   2.9985076e+01   2.9984975e+01   2.9984874e+01   2.9984773e+01   2.9984672e+01   2.9984571e+01   2.9984469e+01   2.9984368e+01   2.9984267e+01   2.9984166e+01   2.9984065e+01   2.9983964e+01   2.9983863e+01   2.9983762e+01   2.9983661e+01   2.9983560e+01   2.9983458e+01   2.9983357e+01   2.9983256e+01   2.9983155e+01   2.9983053e+01   2.9982952e+01   2.9982850e+01   2.9982749e+01   2.9982647e+01   2.9982545e+01   2.9982443e+01   2.9982341e+01   2.9982239e+01   2.9982137e+01   2.9982034e+01   2.9981932e+01   2.9981829e+01   2.9981726e+01   2.9981622e+01   2.9981519e+01   2.9981415e+01   2.9981311e+01   2.9981206e+01   2.9981101e+01   2.9980996e+01   2.9980891e+01   2.9980784e+01   2.9980678e+01   2.9980571e+01   2.9980464e+01   2.9980356e+01   2.9980248e+01   2.9980139e+01   2.9980029e+01   2.9979919e+01   2.9979808e+01   2.9979696e+01   2.9979584e+01   2.9979471e+01   2.9979358e+01   2.9979243e+01   2.9979128e+01   2.9979011e+01   2.9978894e+01   2.9978775e+01   2.9978656e+01   2.9978535e+01   2.9978415e+01   2.9978291e+01   2.9978168e+01   2.9978042e+01   2.9977916e+01   2.9977788e+01   2.9977659e+01   2.9977528e+01   2.9977396e+01   2.9977261e+01   2.9977127e+01   2.9976989e+01   2.9976851e+01   2.9976709e+01   2.9976567e+01   2.9976421e+01   2.9976276e+01   2.9976126e+01   2.9975976e+01   2.9975821e+01   2.9975667e+01   2.9975508e+01   2.9975349e+01   2.9975184e+01   2.9975020e+01   2.9974850e+01   2.9974681e+01   2.9974505e+01   2.9974330e+01   2.9974144e+01   2.9973957e+01   2.9973758e+01   2.9973558e+01   2.9973341e+01   2.9973125e+01   2.9972888e+01   2.9972652e+01   2.9972390e+01   2.9972128e+01   2.9971836e+01   2.9971545e+01   2.9971217e+01   2.9970889e+01   2.9970519e+01   2.9970148e+01   2.9969729e+01   2.9969310e+01   2.9968836e+01   2.9968362e+01   2.9967826e+01   2.9967290e+01   2.9966685e+01   2.9966080e+01   2.9965400e+01   2.9964720e+01   2.9963955e+01   2.9963190e+01   2.9962331e+01   2.9961472e+01   2.9960505e+01   2.9959539e+01   2.9958454e+01   2.9957369e+01   2.9956161e+01   2.9954953e+01   2.9953640e+01   2.9952327e+01   2.9950957e+01   2.9949587e+01
   3.0000270e+01   2.9999638e+01   2.9999020e+01   2.9998420e+01   2.9997841e+01   2.9997286e+01   2.9996758e+01   2.9996258e+01   2.9995785e+01   2.9995340e+01   2.9994921e+01   2.9994528e+01   2.9994157e+01   2.9993809e+01   2.9993481e+01   2.9993172e+01   2.9992881e+01   2.9992605e+01   2.9992344e+01   2.9992096e+01   2.9991860e+01   2.9991636e+01   2.9991420e+01   2.9991214e+01   2.9991015e+01   2.9990823e+01   2.9990637e+01   2.9990458e+01   2.9990283e+01   2.9990114e+01   2.9989949e+01   2.9989788e+01   2.9989632e+01   2.9989481e+01   2.9989333e+01   2.9989189e+01   2.9989049e+01   2.9988913e+01   2.9988780e+01   2.9988650e+01   2.9988524e+01   2.9988401e+01   2.9988280e+01   2.9988161e+01   2.9988045e+01   2.9987931e+01   2.9987818e+01   2.9987707e+01   2.9987597e+01   2.9987488e+01   2.9987380e+01   2.9987273e+01   2.9987167e+01   2.9987061e+01   2.9986956e+01   2.9986851e+01   2.9986747e+01   2.9986643e+01   2.9986538e+01   2.9986434e+01   2.9986330e+01   2.9986228e+01   2.9986127e+01   2.9986026e+01   2.9985924e+01   2.9985823e+01   2.9985722e+01   2.9985621e+01   2.9985519e+01   2.9985418e+01   2.9985317e+01   2.9985215e+01   2.9985114e+01   2.9985013e+01   2.9984912e+01   2.9984810e+01   2.9984709e+01   2.9984608e+01   2.9984507e+01   2.9984406e+01   2.9984304e+01   2.9984203e+01   2.9984102e+01   2.9984001e+01   2.9983899e+01   2.9983798e+01   2.9983697e+01   2.9983596e+01   2.9983494e+01   2.9983393e+01   2.9983292e+01   2.9983191e+01   2.9983089e+01   2.9982988e+01   2.9982887e+01   2.9982785e+01   2.9982684e+01   2.9982582e+01   2.9982481e+01   2.9982379e+01   2.9982277e+01   2.9982175e+01   2.9982074e+01   2.9981972e+01   2.9981869e+01   2.9981767e+01   2.9981665e+01   2.9981562e+01   2.9981459e+01   2.9981356e+01   2.9981253e+01   2.9981149e+01   2.9981046e+01   2.9980941e+01   2.9980837e+01   2.9980732e+01   2.9980628e+01   2.9980522e+01   2.9980416e+01   2.9980310e+01   2.9980204e+01   2.9980096e+01   2.9979989e+01   2.9979881e+01   2.9979773e+01   2.9979663e+01   2.9979554e+01   2.9979443e+01   2.9979333e+01   2.9979220e+01   2.9979108e+01   2.9978995e+01   2.9978881e+01   2.9978766e+01   2.9978651e+01   2.9978534e+01   2.9978417e+01   2.9978298e+01   2.9978179e+01   2.9978058e+01   2.9977937e+01   2.9977813e+01   2.9977690e+01   2.9977564e+01   2.9977438e+01   2.9977309e+01   2.9977180e+01   2.9977049e+01   2.9976917e+01   2.9976782e+01   2.9976647e+01   2.9976509e+01   2.9976371e+01   2.9976229e+01   2.9976087e+01   2.9975941e+01   2.9975795e+01   2.9975645e+01   2.9975495e+01   2.9975340e+01   2.9975186e+01   2.9975026e+01   2.9974867e+01   2.9974702e+01   2.9974538e+01   2.9974368e+01   2.9974198e+01   2.9974023e+01   2.9973847e+01   2.9973660e+01   2.9973474e+01   2.9973274e+01   2.9973074e+01   2.9972857e+01   2.9972641e+01   2.9972404e+01   2.9972167e+01   2.9971905e+01   2.9971643e+01   2.9971351e+01   2.9971059e+01   2.9970731e+01   2.9970403e+01   2.9970032e+01   2.9969662e+01   2.9969242e+01   2.9968823e+01   2.9968348e+01   2.9967873e+01   2.9967336e+01   2.9966799e+01   2.9966193e+01   2.9965587e+01   2.9964905e+01   2.9964223e+01   2.9963456e+01   2.9962690e+01   2.9961830e+01   2.9960969e+01   2.9960003e+01   2.9959037e+01   2.9957954e+01   2.9956870e+01   2.9955664e+01   2.9954458e+01   2.9953145e+01   2.9951833e+01   2.9950464e+01   2.9949095e+01
   2.9999867e+01   2.9999233e+01   2.9998612e+01   2.9998009e+01   2.9997428e+01   2.9996871e+01   2.9996340e+01   2.9995838e+01   2.9995363e+01   2.9994915e+01   2.9994494e+01   2.9994098e+01   2.9993726e+01   2.9993376e+01   2.9993046e+01   2.9992736e+01   2.9992442e+01   2.9992165e+01   2.9991903e+01   2.9991654e+01   2.9991417e+01   2.9991191e+01   2.9990974e+01   2.9990767e+01   2.9990567e+01   2.9990374e+01   2.9990187e+01   2.9990007e+01   2.9989831e+01   2.9989661e+01   2.9989495e+01   2.9989334e+01   2.9989177e+01   2.9989024e+01   2.9988876e+01   2.9988731e+01   2.9988591e+01   2.9988454e+01   2.9988320e+01   2.9988190e+01   2.9988064e+01   2.9987940e+01   2.9987818e+01   2.9987700e+01   2.9987583e+01   2.9987468e+01   2.9987355e+01   2.9987244e+01   2.9987133e+01   2.9987024e+01   2.9986916e+01   2.9986809e+01   2.9986703e+01   2.9986597e+01   2.9986492e+01   2.9986387e+01   2.9986282e+01   2.9986177e+01   2.9986073e+01   2.9985969e+01   2.9985864e+01   2.9985763e+01   2.9985661e+01   2.9985560e+01   2.9985458e+01   2.9985357e+01   2.9985255e+01   2.9985154e+01   2.9985053e+01   2.9984951e+01   2.9984850e+01   2.9984748e+01   2.9984647e+01   2.9984545e+01   2.9984444e+01   2.9984343e+01   2.9984241e+01   2.9984140e+01   2.9984039e+01   2.9983937e+01   2.9983836e+01   2.9983734e+01   2.9983633e+01   2.9983532e+01   2.9983430e+01   2.9983329e+01   2.9983227e+01   2.9983126e+01   2.9983025e+01   2.9982923e+01   2.9982822e+01   2.9982720e+01   2.9982619e+01   2.9982517e+01   2.9982416e+01   2.9982314e+01   2.9982213e+01   2.9982111e+01   2.9982009e+01   2.9981908e+01   2.9981806e+01   2.9981704e+01   2.9981602e+01   2.9981500e+01   2.9981397e+01   2.9981295e+01   2.9981192e+01   2.9981089e+01   2.9980987e+01   2.9980883e+01   2.9980780e+01   2.9980676e+01   2.9980572e+01   2.9980468e+01   2.9980364e+01   2.9980259e+01   2.9980154e+01   2.9980048e+01   2.9979942e+01   2.9979836e+01   2.9979729e+01   2.9979622e+01   2.9979514e+01   2.9979406e+01   2.9979298e+01   2.9979188e+01   2.9979078e+01   2.9978968e+01   2.9978857e+01   2.9978745e+01   2.9978632e+01   2.9978519e+01   2.9978405e+01   2.9978290e+01   2.9978174e+01   2.9978057e+01   2.9977940e+01   2.9977821e+01   2.9977702e+01   2.9977580e+01   2.9977459e+01   2.9977336e+01   2.9977212e+01   2.9977086e+01   2.9976960e+01   2.9976831e+01   2.9976702e+01   2.9976570e+01   2.9976438e+01   2.9976303e+01   2.9976168e+01   2.9976030e+01   2.9975891e+01   2.9975749e+01   2.9975607e+01   2.9975461e+01   2.9975315e+01   2.9975164e+01   2.9975014e+01   2.9974859e+01   2.9974704e+01   2.9974545e+01   2.9974385e+01   2.9974220e+01   2.9974056e+01   2.9973886e+01   2.9973715e+01   2.9973540e+01   2.9973364e+01   2.9973177e+01   2.9972990e+01   2.9972790e+01   2.9972590e+01   2.9972373e+01   2.9972156e+01   2.9971919e+01   2.9971682e+01   2.9971420e+01   2.9971158e+01   2.9970866e+01   2.9970573e+01   2.9970245e+01   2.9969917e+01   2.9969546e+01   2.9969176e+01   2.9968756e+01   2.9968337e+01   2.9967862e+01   2.9967386e+01   2.9966849e+01   2.9966311e+01   2.9965704e+01   2.9965096e+01   2.9964412e+01   2.9963728e+01   2.9962959e+01   2.9962190e+01   2.9961328e+01   2.9960465e+01   2.9959498e+01   2.9958531e+01   2.9957449e+01   2.9956366e+01   2.9955163e+01   2.9953959e+01   2.9952649e+01   2.9951339e+01   2.9949971e+01   2.9948602e+01
   2.9999463e+01   2.9998827e+01   2.9998204e+01   2.9997599e+01   2.9997015e+01   2.9996455e+01   2.9995922e+01   2.9995417e+01   2.9994940e+01   2.9994490e+01   2.9994067e+01   2.9993669e+01   2.9993295e+01   2.9992943e+01   2.9992611e+01   2.9992299e+01   2.9992004e+01   2.9991725e+01   2.9991462e+01   2.9991211e+01   2.9990973e+01   2.9990746e+01   2.9990528e+01   2.9990320e+01   2.9990119e+01   2.9989925e+01   2.9989737e+01   2.9989555e+01   2.9989379e+01   2.9989208e+01   2.9989041e+01   2.9988879e+01   2.9988721e+01   2.9988568e+01   2.9988419e+01   2.9988274e+01   2.9988132e+01   2.9987995e+01   2.9987861e+01   2.9987730e+01   2.9987603e+01   2.9987479e+01   2.9987357e+01   2.9987238e+01   2.9987121e+01   2.9987006e+01   2.9986893e+01   2.9986781e+01   2.9986670e+01   2.9986561e+01   2.9986453e+01   2.9986345e+01   2.9986239e+01   2.9986133e+01   2.9986027e+01   2.9985922e+01   2.9985817e+01   2.9985713e+01   2.9985608e+01   2.9985504e+01   2.9985399e+01   2.9985297e+01   2.9985195e+01   2.9985094e+01   2.9984992e+01   2.9984891e+01   2.9984789e+01   2.9984687e+01   2.9984586e+01   2.9984484e+01   2.9984383e+01   2.9984281e+01   2.9984180e+01   2.9984078e+01   2.9983976e+01   2.9983875e+01   2.9983773e+01   2.9983672e+01   2.9983570e+01   2.9983469e+01   2.9983367e+01   2.9983266e+01   2.9983164e+01   2.9983063e+01   2.9982961e+01   2.9982860e+01   2.9982758e+01   2.9982657e+01   2.9982555e+01   2.9982453e+01   2.9982352e+01   2.9982250e+01   2.9982149e+01   2.9982047e+01   2.9981945e+01   2.9981844e+01   2.9981742e+01   2.9981640e+01   2.9981538e+01   2.9981436e+01   2.9981334e+01   2.9981232e+01   2.9981130e+01   2.9981028e+01   2.9980925e+01   2.9980823e+01   2.9980720e+01   2.9980617e+01   2.9980514e+01   2.9980410e+01   2.9980307e+01   2.9980203e+01   2.9980099e+01   2.9979994e+01   2.9979890e+01   2.9979785e+01   2.9979680e+01   2.9979574e+01   2.9979468e+01   2.9979361e+01   2.9979255e+01   2.9979147e+01   2.9979039e+01   2.9978931e+01   2.9978822e+01   2.9978713e+01   2.9978603e+01   2.9978492e+01   2.9978381e+01   2.9978269e+01   2.9978156e+01   2.9978042e+01   2.9977929e+01   2.9977813e+01   2.9977698e+01   2.9977580e+01   2.9977463e+01   2.9977344e+01   2.9977224e+01   2.9977103e+01   2.9976981e+01   2.9976858e+01   2.9976734e+01   2.9976608e+01   2.9976481e+01   2.9976352e+01   2.9976223e+01   2.9976091e+01   2.9975959e+01   2.9975824e+01   2.9975689e+01   2.9975550e+01   2.9975411e+01   2.9975269e+01   2.9975127e+01   2.9974980e+01   2.9974834e+01   2.9974684e+01   2.9974533e+01   2.9974378e+01   2.9974223e+01   2.9974063e+01   2.9973903e+01   2.9973738e+01   2.9973574e+01   2.9973403e+01   2.9973233e+01   2.9973057e+01   2.9972881e+01   2.9972694e+01   2.9972507e+01   2.9972306e+01   2.9972106e+01   2.9971889e+01   2.9971672e+01   2.9971434e+01   2.9971197e+01   2.9970935e+01   2.9970672e+01   2.9970380e+01   2.9970088e+01   2.9969760e+01   2.9969431e+01   2.9969061e+01   2.9968690e+01   2.9968270e+01   2.9967851e+01   2.9967375e+01   2.9966900e+01   2.9966361e+01   2.9965823e+01   2.9965214e+01   2.9964606e+01   2.9963919e+01   2.9963233e+01   2.9962462e+01   2.9961690e+01   2.9960826e+01   2.9959961e+01   2.9958993e+01   2.9958025e+01   2.9956944e+01   2.9955862e+01   2.9954661e+01   2.9953461e+01   2.9952153e+01   2.9950845e+01   2.9949477e+01   2.9948109e+01
   2.9999060e+01   2.9998421e+01   2.9997796e+01   2.9997188e+01   2.9996602e+01   2.9996040e+01   2.9995504e+01   2.9994997e+01   2.9994517e+01   2.9994065e+01   2.9993639e+01   2.9993239e+01   2.9992863e+01   2.9992509e+01   2.9992176e+01   2.9991862e+01   2.9991566e+01   2.9991286e+01   2.9991020e+01   2.9990769e+01   2.9990529e+01   2.9990301e+01   2.9990082e+01   2.9989872e+01   2.9989670e+01   2.9989475e+01   2.9989287e+01   2.9989104e+01   2.9988927e+01   2.9988755e+01   2.9988587e+01   2.9988424e+01   2.9988266e+01   2.9988112e+01   2.9987962e+01   2.9987816e+01   2.9987674e+01   2.9987536e+01   2.9987401e+01   2.9987270e+01   2.9987142e+01   2.9987018e+01   2.9986896e+01   2.9986776e+01   2.9986659e+01   2.9986543e+01   2.9986430e+01   2.9986318e+01   2.9986207e+01   2.9986098e+01   2.9985989e+01   2.9985881e+01   2.9985775e+01   2.9985668e+01   2.9985562e+01   2.9985457e+01   2.9985352e+01   2.9985247e+01   2.9985142e+01   2.9985038e+01   2.9984933e+01   2.9984831e+01   2.9984729e+01   2.9984628e+01   2.9984526e+01   2.9984424e+01   2.9984323e+01   2.9984221e+01   2.9984119e+01   2.9984017e+01   2.9983916e+01   2.9983814e+01   2.9983712e+01   2.9983611e+01   2.9983509e+01   2.9983407e+01   2.9983305e+01   2.9983204e+01   2.9983102e+01   2.9983000e+01   2.9982899e+01   2.9982797e+01   2.9982695e+01   2.9982594e+01   2.9982492e+01   2.9982390e+01   2.9982289e+01   2.9982187e+01   2.9982085e+01   2.9981983e+01   2.9981882e+01   2.9981780e+01   2.9981678e+01   2.9981576e+01   2.9981475e+01   2.9981373e+01   2.9981271e+01   2.9981169e+01   2.9981067e+01   2.9980965e+01   2.9980863e+01   2.9980760e+01   2.9980658e+01   2.9980556e+01   2.9980453e+01   2.9980350e+01   2.9980247e+01   2.9980144e+01   2.9980041e+01   2.9979938e+01   2.9979834e+01   2.9979730e+01   2.9979626e+01   2.9979521e+01   2.9979416e+01   2.9979311e+01   2.9979206e+01   2.9979100e+01   2.9978994e+01   2.9978887e+01   2.9978780e+01   2.9978672e+01   2.9978565e+01   2.9978456e+01   2.9978347e+01   2.9978237e+01   2.9978127e+01   2.9978016e+01   2.9977905e+01   2.9977793e+01   2.9977680e+01   2.9977566e+01   2.9977452e+01   2.9977336e+01   2.9977221e+01   2.9977103e+01   2.9976986e+01   2.9976866e+01   2.9976747e+01   2.9976625e+01   2.9976504e+01   2.9976380e+01   2.9976256e+01   2.9976129e+01   2.9976003e+01   2.9975874e+01   2.9975744e+01   2.9975612e+01   2.9975480e+01   2.9975345e+01   2.9975209e+01   2.9975071e+01   2.9974932e+01   2.9974789e+01   2.9974647e+01   2.9974500e+01   2.9974354e+01   2.9974203e+01   2.9974052e+01   2.9973897e+01   2.9973742e+01   2.9973582e+01   2.9973422e+01   2.9973257e+01   2.9973092e+01   2.9972921e+01   2.9972750e+01   2.9972574e+01   2.9972398e+01   2.9972210e+01   2.9972023e+01   2.9971823e+01   2.9971622e+01   2.9971405e+01   2.9971187e+01   2.9970950e+01   2.9970712e+01   2.9970450e+01   2.9970188e+01   2.9969895e+01   2.9969603e+01   2.9969275e+01   2.9968947e+01   2.9968576e+01   2.9968206e+01   2.9967786e+01   2.9967367e+01   2.9966892e+01   2.9966416e+01   2.9965878e+01   2.9965339e+01   2.9964730e+01   2.9964121e+01   2.9963433e+01   2.9962745e+01   2.9961971e+01   2.9961196e+01   2.9960328e+01   2.9959460e+01   2.9958489e+01   2.9957518e+01   2.9956437e+01   2.9955355e+01   2.9954157e+01   2.9952959e+01   2.9951654e+01   2.9950350e+01   2.9948983e+01   2.9947616e+01
   2.9998657e+01   2.9998016e+01   2.9997388e+01   2.9996778e+01   2.9996189e+01   2.9995624e+01   2.9995086e+01   2.9994576e+01   2.9994094e+01   2.9993640e+01   2.9993212e+01   2.9992810e+01   2.9992432e+01   2.9992076e+01   2.9991741e+01   2.9991426e+01   2.9991128e+01   2.9990846e+01   2.9990579e+01   2.9990326e+01   2.9990085e+01   2.9989856e+01   2.9989636e+01   2.9989425e+01   2.9989222e+01   2.9989026e+01   2.9988836e+01   2.9988653e+01   2.9988474e+01   2.9988301e+01   2.9988133e+01   2.9987969e+01   2.9987810e+01   2.9987655e+01   2.9987505e+01   2.9987358e+01   2.9987215e+01   2.9987077e+01   2.9986941e+01   2.9986810e+01   2.9986682e+01   2.9986557e+01   2.9986434e+01   2.9986314e+01   2.9986197e+01   2.9986081e+01   2.9985967e+01   2.9985855e+01   2.9985744e+01   2.9985634e+01   2.9985525e+01   2.9985418e+01   2.9985310e+01   2.9985204e+01   2.9985098e+01   2.9984992e+01   2.9984887e+01   2.9984782e+01   2.9984677e+01   2.9984572e+01   2.9984467e+01   2.9984366e+01   2.9984264e+01   2.9984162e+01   2.9984060e+01   2.9983958e+01   2.9983856e+01   2.9983754e+01   2.9983653e+01   2.9983551e+01   2.9983449e+01   2.9983347e+01   2.9983245e+01   2.9983143e+01   2.9983041e+01   2.9982940e+01   2.9982838e+01   2.9982736e+01   2.9982634e+01   2.9982532e+01   2.9982430e+01   2.9982328e+01   2.9982227e+01   2.9982125e+01   2.9982023e+01   2.9981921e+01   2.9981819e+01   2.9981717e+01   2.9981615e+01   2.9981514e+01   2.9981412e+01   2.9981310e+01   2.9981208e+01   2.9981106e+01   2.9981004e+01   2.9980902e+01   2.9980800e+01   2.9980698e+01   2.9980596e+01   2.9980493e+01   2.9980391e+01   2.9980289e+01   2.9980186e+01   2.9980084e+01   2.9979981e+01   2.9979878e+01   2.9979775e+01   2.9979672e+01   2.9979568e+01   2.9979465e+01   2.9979361e+01   2.9979257e+01   2.9979153e+01   2.9979048e+01   2.9978943e+01   2.9978837e+01   2.9978732e+01   2.9978626e+01   2.9978520e+01   2.9978413e+01   2.9978306e+01   2.9978198e+01   2.9978090e+01   2.9977981e+01   2.9977872e+01   2.9977762e+01   2.9977652e+01   2.9977541e+01   2.9977429e+01   2.9977317e+01   2.9977204e+01   2.9977090e+01   2.9976976e+01   2.9976860e+01   2.9976744e+01   2.9976626e+01   2.9976509e+01   2.9976389e+01   2.9976269e+01   2.9976148e+01   2.9976026e+01   2.9975902e+01   2.9975778e+01   2.9975651e+01   2.9975525e+01   2.9975395e+01   2.9975266e+01   2.9975134e+01   2.9975001e+01   2.9974866e+01   2.9974730e+01   2.9974591e+01   2.9974452e+01   2.9974309e+01   2.9974167e+01   2.9974020e+01   2.9973873e+01   2.9973723e+01   2.9973572e+01   2.9973416e+01   2.9973261e+01   2.9973101e+01   2.9972940e+01   2.9972775e+01   2.9972610e+01   2.9972439e+01   2.9972268e+01   2.9972091e+01   2.9971915e+01   2.9971727e+01   2.9971540e+01   2.9971339e+01   2.9971138e+01   2.9970921e+01   2.9970703e+01   2.9970465e+01   2.9970228e+01   2.9969965e+01   2.9969703e+01   2.9969410e+01   2.9969118e+01   2.9968790e+01   2.9968462e+01   2.9968092e+01   2.9967721e+01   2.9967302e+01   2.9966883e+01   2.9966408e+01   2.9965933e+01   2.9965394e+01   2.9964856e+01   2.9964246e+01   2.9963636e+01   2.9962946e+01   2.9962256e+01   2.9961479e+01   2.9960702e+01   2.9959830e+01   2.9958958e+01   2.9957985e+01   2.9957011e+01   2.9955929e+01   2.9954848e+01   2.9953652e+01   2.9952457e+01   2.9951156e+01   2.9949855e+01   2.9948489e+01   2.9947124e+01
   2.9998254e+01   2.9997611e+01   2.9996980e+01   2.9996367e+01   2.9995776e+01   2.9995209e+01   2.9994668e+01   2.9994156e+01   2.9993671e+01   2.9993215e+01   2.9992785e+01   2.9992381e+01   2.9992001e+01   2.9991643e+01   2.9991306e+01   2.9990989e+01   2.9990689e+01   2.9990406e+01   2.9990138e+01   2.9989884e+01   2.9989642e+01   2.9989411e+01   2.9989190e+01   2.9988978e+01   2.9988774e+01   2.9988577e+01   2.9988386e+01   2.9988201e+01   2.9988022e+01   2.9987848e+01   2.9987679e+01   2.9987515e+01   2.9987355e+01   2.9987199e+01   2.9987047e+01   2.9986900e+01   2.9986757e+01   2.9986617e+01   2.9986482e+01   2.9986350e+01   2.9986221e+01   2.9986095e+01   2.9985973e+01   2.9985852e+01   2.9985735e+01   2.9985619e+01   2.9985505e+01   2.9985392e+01   2.9985281e+01   2.9985171e+01   2.9985062e+01   2.9984954e+01   2.9984846e+01   2.9984740e+01   2.9984634e+01   2.9984528e+01   2.9984423e+01   2.9984317e+01   2.9984212e+01   2.9984107e+01   2.9984002e+01   2.9983900e+01   2.9983798e+01   2.9983696e+01   2.9983594e+01   2.9983492e+01   2.9983390e+01   2.9983288e+01   2.9983186e+01   2.9983084e+01   2.9982982e+01   2.9982880e+01   2.9982778e+01   2.9982676e+01   2.9982574e+01   2.9982472e+01   2.9982370e+01   2.9982268e+01   2.9982166e+01   2.9982064e+01   2.9981962e+01   2.9981860e+01   2.9981758e+01   2.9981656e+01   2.9981554e+01   2.9981452e+01   2.9981350e+01   2.9981248e+01   2.9981146e+01   2.9981044e+01   2.9980942e+01   2.9980840e+01   2.9980738e+01   2.9980636e+01   2.9980533e+01   2.9980431e+01   2.9980329e+01   2.9980227e+01   2.9980125e+01   2.9980022e+01   2.9979920e+01   2.9979817e+01   2.9979714e+01   2.9979612e+01   2.9979509e+01   2.9979406e+01   2.9979303e+01   2.9979199e+01   2.9979096e+01   2.9978992e+01   2.9978888e+01   2.9978784e+01   2.9978679e+01   2.9978574e+01   2.9978469e+01   2.9978364e+01   2.9978258e+01   2.9978152e+01   2.9978046e+01   2.9977938e+01   2.9977831e+01   2.9977723e+01   2.9977615e+01   2.9977506e+01   2.9977397e+01   2.9977287e+01   2.9977177e+01   2.9977065e+01   2.9976954e+01   2.9976841e+01   2.9976728e+01   2.9976614e+01   2.9976499e+01   2.9976383e+01   2.9976267e+01   2.9976149e+01   2.9976032e+01   2.9975912e+01   2.9975792e+01   2.9975670e+01   2.9975548e+01   2.9975424e+01   2.9975300e+01   2.9975173e+01   2.9975046e+01   2.9974917e+01   2.9974787e+01   2.9974655e+01   2.9974522e+01   2.9974386e+01   2.9974251e+01   2.9974112e+01   2.9973973e+01   2.9973830e+01   2.9973687e+01   2.9973540e+01   2.9973393e+01   2.9973242e+01   2.9973091e+01   2.9972936e+01   2.9972780e+01   2.9972620e+01   2.9972460e+01   2.9972294e+01   2.9972129e+01   2.9971958e+01   2.9971787e+01   2.9971610e+01   2.9971433e+01   2.9971245e+01   2.9971058e+01   2.9970857e+01   2.9970656e+01   2.9970438e+01   2.9970220e+01   2.9969983e+01   2.9969745e+01   2.9969482e+01   2.9969220e+01   2.9968928e+01   2.9968636e+01   2.9968308e+01   2.9967980e+01   2.9967610e+01   2.9967240e+01   2.9966822e+01   2.9966403e+01   2.9965929e+01   2.9965454e+01   2.9964916e+01   2.9964378e+01   2.9963769e+01   2.9963159e+01   2.9962468e+01   2.9961778e+01   2.9960998e+01   2.9960218e+01   2.9959343e+01   2.9958467e+01   2.9957489e+01   2.9956511e+01   2.9955426e+01   2.9954342e+01   2.9953147e+01   2.9951953e+01   2.9950655e+01   2.9949358e+01   2.9947994e+01   2.9946631e+01
   2.9997850e+01   2.9997205e+01   2.9996572e+01   2.9995957e+01   2.9995363e+01   2.9994793e+01   2.9994250e+01   2.9993735e+01   2.9993248e+01   2.9992789e+01   2.9992357e+01   2.9991951e+01   2.9991569e+01   2.9991210e+01   2.9990871e+01   2.9990552e+01   2.9990251e+01   2.9989967e+01   2.9989697e+01   2.9989441e+01   2.9989198e+01   2.9988966e+01   2.9988744e+01   2.9988531e+01   2.9988326e+01   2.9988127e+01   2.9987936e+01   2.9987750e+01   2.9987570e+01   2.9987395e+01   2.9987225e+01   2.9987060e+01   2.9986899e+01   2.9986742e+01   2.9986590e+01   2.9986442e+01   2.9986298e+01   2.9986158e+01   2.9986022e+01   2.9985890e+01   2.9985760e+01   2.9985634e+01   2.9985511e+01   2.9985391e+01   2.9985272e+01   2.9985156e+01   2.9985042e+01   2.9984929e+01   2.9984818e+01   2.9984707e+01   2.9984598e+01   2.9984490e+01   2.9984382e+01   2.9984276e+01   2.9984169e+01   2.9984063e+01   2.9983958e+01   2.9983852e+01   2.9983747e+01   2.9983641e+01   2.9983536e+01   2.9983434e+01   2.9983332e+01   2.9983230e+01   2.9983128e+01   2.9983025e+01   2.9982923e+01   2.9982821e+01   2.9982719e+01   2.9982617e+01   2.9982515e+01   2.9982413e+01   2.9982310e+01   2.9982208e+01   2.9982106e+01   2.9982004e+01   2.9981902e+01   2.9981800e+01   2.9981698e+01   2.9981595e+01   2.9981493e+01   2.9981391e+01   2.9981289e+01   2.9981187e+01   2.9981085e+01   2.9980983e+01   2.9980881e+01   2.9980778e+01   2.9980676e+01   2.9980574e+01   2.9980472e+01   2.9980370e+01   2.9980267e+01   2.9980165e+01   2.9980063e+01   2.9979961e+01   2.9979858e+01   2.9979756e+01   2.9979653e+01   2.9979551e+01   2.9979448e+01   2.9979345e+01   2.9979243e+01   2.9979140e+01   2.9979037e+01   2.9978933e+01   2.9978830e+01   2.9978727e+01   2.9978623e+01   2.9978519e+01   2.9978415e+01   2.9978310e+01   2.9978206e+01   2.9978101e+01   2.9977996e+01   2.9977890e+01   2.9977784e+01   2.9977678e+01   2.9977571e+01   2.9977464e+01   2.9977357e+01   2.9977249e+01   2.9977140e+01   2.9977031e+01   2.9976922e+01   2.9976812e+01   2.9976701e+01   2.9976590e+01   2.9976478e+01   2.9976365e+01   2.9976252e+01   2.9976137e+01   2.9976023e+01   2.9975907e+01   2.9975791e+01   2.9975673e+01   2.9975555e+01   2.9975435e+01   2.9975315e+01   2.9975193e+01   2.9975071e+01   2.9974946e+01   2.9974822e+01   2.9974695e+01   2.9974568e+01   2.9974438e+01   2.9974308e+01   2.9974176e+01   2.9974043e+01   2.9973907e+01   2.9973771e+01   2.9973632e+01   2.9973493e+01   2.9973350e+01   2.9973207e+01   2.9973060e+01   2.9972913e+01   2.9972762e+01   2.9972611e+01   2.9972455e+01   2.9972300e+01   2.9972139e+01   2.9971979e+01   2.9971813e+01   2.9971648e+01   2.9971476e+01   2.9971305e+01   2.9971128e+01   2.9970951e+01   2.9970763e+01   2.9970575e+01   2.9970374e+01   2.9970173e+01   2.9969955e+01   2.9969738e+01   2.9969500e+01   2.9969262e+01   2.9969000e+01   2.9968737e+01   2.9968445e+01   2.9968153e+01   2.9967826e+01   2.9967498e+01   2.9967129e+01   2.9966760e+01   2.9966342e+01   2.9965924e+01   2.9965450e+01   2.9964976e+01   2.9964439e+01   2.9963901e+01   2.9963291e+01   2.9962682e+01   2.9961990e+01   2.9961299e+01   2.9960517e+01   2.9959735e+01   2.9958855e+01   2.9957975e+01   2.9956992e+01   2.9956010e+01   2.9954923e+01   2.9953836e+01   2.9952643e+01   2.9951449e+01   2.9950155e+01   2.9948860e+01   2.9947499e+01   2.9946138e+01
   2.9997447e+01   2.9996799e+01   2.9996164e+01   2.9995546e+01   2.9994950e+01   2.9994378e+01   2.9993832e+01   2.9993315e+01   2.9992826e+01   2.9992364e+01   2.9991930e+01   2.9991522e+01   2.9991138e+01   2.9990777e+01   2.9990436e+01   2.9990116e+01   2.9989813e+01   2.9989527e+01   2.9989256e+01   2.9988999e+01   2.9988755e+01   2.9988521e+01   2.9988298e+01   2.9988084e+01   2.9987878e+01   2.9987678e+01   2.9987486e+01   2.9987299e+01   2.9987118e+01   2.9986942e+01   2.9986771e+01   2.9986605e+01   2.9986443e+01   2.9986286e+01   2.9986133e+01   2.9985985e+01   2.9985840e+01   2.9985699e+01   2.9985563e+01   2.9985430e+01   2.9985300e+01   2.9985173e+01   2.9985050e+01   2.9984929e+01   2.9984810e+01   2.9984694e+01   2.9984579e+01   2.9984466e+01   2.9984355e+01   2.9984244e+01   2.9984135e+01   2.9984026e+01   2.9983919e+01   2.9983812e+01   2.9983705e+01   2.9983599e+01   2.9983493e+01   2.9983387e+01   2.9983282e+01   2.9983177e+01   2.9983071e+01   2.9982969e+01   2.9982866e+01   2.9982764e+01   2.9982662e+01   2.9982559e+01   2.9982457e+01   2.9982355e+01   2.9982252e+01   2.9982150e+01   2.9982048e+01   2.9981945e+01   2.9981843e+01   2.9981741e+01   2.9981639e+01   2.9981536e+01   2.9981434e+01   2.9981332e+01   2.9981229e+01   2.9981127e+01   2.9981025e+01   2.9980923e+01   2.9980820e+01   2.9980718e+01   2.9980616e+01   2.9980513e+01   2.9980411e+01   2.9980309e+01   2.9980207e+01   2.9980104e+01   2.9980002e+01   2.9979900e+01   2.9979797e+01   2.9979695e+01   2.9979592e+01   2.9979490e+01   2.9979387e+01   2.9979285e+01   2.9979182e+01   2.9979079e+01   2.9978977e+01   2.9978874e+01   2.9978771e+01   2.9978668e+01   2.9978565e+01   2.9978461e+01   2.9978358e+01   2.9978254e+01   2.9978150e+01   2.9978046e+01   2.9977942e+01   2.9977837e+01   2.9977733e+01   2.9977627e+01   2.9977522e+01   2.9977416e+01   2.9977310e+01   2.9977204e+01   2.9977097e+01   2.9976990e+01   2.9976882e+01   2.9976774e+01   2.9976666e+01   2.9976556e+01   2.9976447e+01   2.9976336e+01   2.9976226e+01   2.9976114e+01   2.9976002e+01   2.9975889e+01   2.9975776e+01   2.9975661e+01   2.9975547e+01   2.9975430e+01   2.9975314e+01   2.9975196e+01   2.9975078e+01   2.9974957e+01   2.9974837e+01   2.9974715e+01   2.9974593e+01   2.9974468e+01   2.9974343e+01   2.9974216e+01   2.9974089e+01   2.9973959e+01   2.9973829e+01   2.9973696e+01   2.9973564e+01   2.9973428e+01   2.9973292e+01   2.9973152e+01   2.9973013e+01   2.9972870e+01   2.9972727e+01   2.9972580e+01   2.9972433e+01   2.9972282e+01   2.9972131e+01   2.9971975e+01   2.9971820e+01   2.9971659e+01   2.9971499e+01   2.9971333e+01   2.9971168e+01   2.9970997e+01   2.9970825e+01   2.9970649e+01   2.9970472e+01   2.9970284e+01   2.9970096e+01   2.9969895e+01   2.9969694e+01   2.9969476e+01   2.9969259e+01   2.9969021e+01   2.9968784e+01   2.9968522e+01   2.9968260e+01   2.9967969e+01   2.9967677e+01   2.9967350e+01   2.9967024e+01   2.9966655e+01   2.9966287e+01   2.9965870e+01   2.9965452e+01   2.9964980e+01   2.9964507e+01   2.9963970e+01   2.9963434e+01   2.9962824e+01   2.9962215e+01   2.9961523e+01   2.9960832e+01   2.9960049e+01   2.9959265e+01   2.9958382e+01   2.9957499e+01   2.9956512e+01   2.9955524e+01   2.9954432e+01   2.9953339e+01   2.9952143e+01   2.9950947e+01   2.9949654e+01   2.9948361e+01   2.9947003e+01   2.9945646e+01
   2.9997044e+01   2.9996394e+01   2.9995756e+01   2.9995136e+01   2.9994537e+01   2.9993962e+01   2.9993415e+01   2.9992894e+01   2.9992403e+01   2.9991939e+01   2.9991503e+01   2.9991092e+01   2.9990706e+01   2.9990343e+01   2.9990001e+01   2.9989679e+01   2.9989375e+01   2.9989087e+01   2.9988815e+01   2.9988557e+01   2.9988311e+01   2.9988076e+01   2.9987852e+01   2.9987637e+01   2.9987429e+01   2.9987229e+01   2.9987036e+01   2.9986848e+01   2.9986666e+01   2.9986489e+01   2.9986318e+01   2.9986151e+01   2.9985988e+01   2.9985830e+01   2.9985676e+01   2.9985527e+01   2.9985382e+01   2.9985240e+01   2.9985103e+01   2.9984969e+01   2.9984839e+01   2.9984713e+01   2.9984589e+01   2.9984467e+01   2.9984348e+01   2.9984232e+01   2.9984117e+01   2.9984003e+01   2.9983891e+01   2.9983781e+01   2.9983671e+01   2.9983562e+01   2.9983455e+01   2.9983347e+01   2.9983241e+01   2.9983134e+01   2.9983028e+01   2.9982922e+01   2.9982817e+01   2.9982711e+01   2.9982605e+01   2.9982503e+01   2.9982400e+01   2.9982298e+01   2.9982195e+01   2.9982093e+01   2.9981990e+01   2.9981888e+01   2.9981786e+01   2.9981683e+01   2.9981581e+01   2.9981478e+01   2.9981376e+01   2.9981273e+01   2.9981171e+01   2.9981068e+01   2.9980966e+01   2.9980864e+01   2.9980761e+01   2.9980659e+01   2.9980556e+01   2.9980454e+01   2.9980351e+01   2.9980249e+01   2.9980147e+01   2.9980044e+01   2.9979942e+01   2.9979839e+01   2.9979737e+01   2.9979634e+01   2.9979532e+01   2.9979429e+01   2.9979327e+01   2.9979224e+01   2.9979122e+01   2.9979019e+01   2.9978917e+01   2.9978814e+01   2.9978711e+01   2.9978608e+01   2.9978505e+01   2.9978402e+01   2.9978299e+01   2.9978196e+01   2.9978093e+01   2.9977989e+01   2.9977885e+01   2.9977781e+01   2.9977678e+01   2.9977573e+01   2.9977469e+01   2.9977364e+01   2.9977259e+01   2.9977154e+01   2.9977048e+01   2.9976942e+01   2.9976836e+01   2.9976730e+01   2.9976623e+01   2.9976515e+01   2.9976408e+01   2.9976299e+01   2.9976191e+01   2.9976081e+01   2.9975972e+01   2.9975861e+01   2.9975750e+01   2.9975639e+01   2.9975527e+01   2.9975413e+01   2.9975300e+01   2.9975185e+01   2.9975070e+01   2.9974954e+01   2.9974837e+01   2.9974719e+01   2.9974600e+01   2.9974480e+01   2.9974360e+01   2.9974237e+01   2.9974115e+01   2.9973990e+01   2.9973865e+01   2.9973738e+01   2.9973610e+01   2.9973480e+01   2.9973350e+01   2.9973217e+01   2.9973084e+01   2.9972948e+01   2.9972812e+01   2.9972673e+01   2.9972533e+01   2.9972390e+01   2.9972247e+01   2.9972100e+01   2.9971953e+01   2.9971802e+01   2.9971651e+01   2.9971495e+01   2.9971340e+01   2.9971179e+01   2.9971019e+01   2.9970853e+01   2.9970688e+01   2.9970517e+01   2.9970346e+01   2.9970169e+01   2.9969992e+01   2.9969804e+01   2.9969617e+01   2.9969416e+01   2.9969215e+01   2.9968997e+01   2.9968780e+01   2.9968543e+01   2.9968305e+01   2.9968044e+01   2.9967783e+01   2.9967492e+01   2.9967201e+01   2.9966875e+01   2.9966549e+01   2.9966181e+01   2.9965813e+01   2.9965397e+01   2.9964981e+01   2.9964509e+01   2.9964038e+01   2.9963502e+01   2.9962966e+01   2.9962357e+01   2.9961748e+01   2.9961057e+01   2.9960365e+01   2.9959580e+01   2.9958796e+01   2.9957910e+01   2.9957024e+01   2.9956031e+01   2.9955039e+01   2.9953941e+01   2.9952843e+01   2.9951644e+01   2.9950445e+01   2.9949154e+01   2.9947862e+01   2.9946508e+01   2.9945153e+01
   2.9996640e+01   2.9995988e+01   2.9995348e+01   2.9994726e+01   2.9994124e+01   2.9993547e+01   2.9992997e+01   2.9992474e+01   2.9991980e+01   2.9991514e+01   2.9991075e+01   2.9990663e+01   2.9990275e+01   2.9989910e+01   2.9989566e+01   2.9989242e+01   2.9988936e+01   2.9988647e+01   2.9988374e+01   2.9988114e+01   2.9987867e+01   2.9987631e+01   2.9987406e+01   2.9987190e+01   2.9986981e+01   2.9986780e+01   2.9986585e+01   2.9986397e+01   2.9986214e+01   2.9986036e+01   2.9985864e+01   2.9985696e+01   2.9985532e+01   2.9985374e+01   2.9985219e+01   2.9985069e+01   2.9984923e+01   2.9984781e+01   2.9984644e+01   2.9984509e+01   2.9984379e+01   2.9984252e+01   2.9984127e+01   2.9984006e+01   2.9983886e+01   2.9983769e+01   2.9983654e+01   2.9983541e+01   2.9983428e+01   2.9983317e+01   2.9983208e+01   2.9983099e+01   2.9982991e+01   2.9982883e+01   2.9982776e+01   2.9982670e+01   2.9982564e+01   2.9982458e+01   2.9982352e+01   2.9982246e+01   2.9982140e+01   2.9982037e+01   2.9981935e+01   2.9981832e+01   2.9981729e+01   2.9981627e+01   2.9981524e+01   2.9981422e+01   2.9981319e+01   2.9981216e+01   2.9981114e+01   2.9981011e+01   2.9980908e+01   2.9980806e+01   2.9980703e+01   2.9980601e+01   2.9980498e+01   2.9980396e+01   2.9980293e+01   2.9980190e+01   2.9980088e+01   2.9979985e+01   2.9979883e+01   2.9979780e+01   2.9979677e+01   2.9979575e+01   2.9979472e+01   2.9979370e+01   2.9979267e+01   2.9979164e+01   2.9979062e+01   2.9978959e+01   2.9978857e+01   2.9978754e+01   2.9978651e+01   2.9978548e+01   2.9978446e+01   2.9978343e+01   2.9978240e+01   2.9978137e+01   2.9978034e+01   2.9977931e+01   2.9977827e+01   2.9977724e+01   2.9977621e+01   2.9977517e+01   2.9977413e+01   2.9977309e+01   2.9977205e+01   2.9977100e+01   2.9976996e+01   2.9976891e+01   2.9976786e+01   2.9976681e+01   2.9976575e+01   2.9976469e+01   2.9976363e+01   2.9976256e+01   2.9976149e+01   2.9976041e+01   2.9975933e+01   2.9975825e+01   2.9975716e+01   2.9975607e+01   2.9975497e+01   2.9975386e+01   2.9975275e+01   2.9975163e+01   2.9975051e+01   2.9974938e+01   2.9974824e+01   2.9974709e+01   2.9974594e+01   2.9974477e+01   2.9974361e+01   2.9974242e+01   2.9974124e+01   2.9974003e+01   2.9973882e+01   2.9973760e+01   2.9973637e+01   2.9973512e+01   2.9973387e+01   2.9973259e+01   2.9973132e+01   2.9973001e+01   2.9972871e+01   2.9972738e+01   2.9972605e+01   2.9972468e+01   2.9972332e+01   2.9972192e+01   2.9972052e+01   2.9971909e+01   2.9971766e+01   2.9971619e+01   2.9971472e+01   2.9971321e+01   2.9971170e+01   2.9971014e+01   2.9970859e+01   2.9970699e+01   2.9970539e+01   2.9970373e+01   2.9970208e+01   2.9970038e+01   2.9969867e+01   2.9969691e+01   2.9969515e+01   2.9969327e+01   2.9969140e+01   2.9968940e+01   2.9968740e+01   2.9968523e+01   2.9968307e+01   2.9968071e+01   2.9967834e+01   2.9967574e+01   2.9967313e+01   2.9967024e+01   2.9966734e+01   2.9966410e+01   2.9966085e+01   2.9965719e+01   2.9965353e+01   2.9964938e+01   2.9964524e+01   2.9964054e+01   2.9963583e+01   2.9963049e+01   2.9962514e+01   2.9961906e+01   2.9961298e+01   2.9960606e+01   2.9959915e+01   2.9959130e+01   2.9958346e+01   2.9957458e+01   2.9956571e+01   2.9955575e+01   2.9954578e+01   2.9953472e+01   2.9952365e+01   2.9951158e+01   2.9949950e+01   2.9948657e+01   2.9947363e+01   2.9946012e+01   2.9944660e+01
   2.9996237e+01   2.9995582e+01   2.9994940e+01   2.9994315e+01   2.9993711e+01   2.9993131e+01   2.9992579e+01   2.9992054e+01   2.9991557e+01   2.9991089e+01   2.9990648e+01   2.9990233e+01   2.9989844e+01   2.9989477e+01   2.9989131e+01   2.9988806e+01   2.9988498e+01   2.9988208e+01   2.9987933e+01   2.9987672e+01   2.9987423e+01   2.9987186e+01   2.9986960e+01   2.9986742e+01   2.9986533e+01   2.9986331e+01   2.9986135e+01   2.9985946e+01   2.9985762e+01   2.9985583e+01   2.9985410e+01   2.9985241e+01   2.9985077e+01   2.9984917e+01   2.9984762e+01   2.9984611e+01   2.9984465e+01   2.9984322e+01   2.9984184e+01   2.9984049e+01   2.9983918e+01   2.9983790e+01   2.9983666e+01   2.9983544e+01   2.9983424e+01   2.9983307e+01   2.9983191e+01   2.9983078e+01   2.9982965e+01   2.9982854e+01   2.9982744e+01   2.9982635e+01   2.9982527e+01   2.9982419e+01   2.9982312e+01   2.9982205e+01   2.9982099e+01   2.9981993e+01   2.9981887e+01   2.9981781e+01   2.9981675e+01   2.9981572e+01   2.9981469e+01   2.9981366e+01   2.9981263e+01   2.9981161e+01   2.9981058e+01   2.9980955e+01   2.9980852e+01   2.9980750e+01   2.9980647e+01   2.9980544e+01   2.9980441e+01   2.9980339e+01   2.9980236e+01   2.9980133e+01   2.9980030e+01   2.9979928e+01   2.9979825e+01   2.9979722e+01   2.9979619e+01   2.9979517e+01   2.9979414e+01   2.9979311e+01   2.9979208e+01   2.9979106e+01   2.9979003e+01   2.9978900e+01   2.9978797e+01   2.9978695e+01   2.9978592e+01   2.9978489e+01   2.9978386e+01   2.9978283e+01   2.9978181e+01   2.9978078e+01   2.9977975e+01   2.9977872e+01   2.9977769e+01   2.9977665e+01   2.9977562e+01   2.9977459e+01   2.9977356e+01   2.9977252e+01   2.9977148e+01   2.9977045e+01   2.9976941e+01   2.9976836e+01   2.9976732e+01   2.9976628e+01   2.9976523e+01   2.9976418e+01   2.9976313e+01   2.9976207e+01   2.9976101e+01   2.9975995e+01   2.9975889e+01   2.9975782e+01   2.9975675e+01   2.9975567e+01   2.9975459e+01   2.9975350e+01   2.9975242e+01   2.9975132e+01   2.9975022e+01   2.9974911e+01   2.9974800e+01   2.9974688e+01   2.9974576e+01   2.9974462e+01   2.9974348e+01   2.9974233e+01   2.9974118e+01   2.9974001e+01   2.9973884e+01   2.9973766e+01   2.9973647e+01   2.9973526e+01   2.9973405e+01   2.9973282e+01   2.9973159e+01   2.9973034e+01   2.9972909e+01   2.9972781e+01   2.9972653e+01   2.9972522e+01   2.9972392e+01   2.9972258e+01   2.9972125e+01   2.9971988e+01   2.9971852e+01   2.9971712e+01   2.9971572e+01   2.9971428e+01   2.9971285e+01   2.9971138e+01   2.9970991e+01   2.9970840e+01   2.9970689e+01   2.9970534e+01   2.9970378e+01   2.9970218e+01   2.9970058e+01   2.9969894e+01   2.9969729e+01   2.9969559e+01   2.9969389e+01   2.9969213e+01   2.9969037e+01   2.9968851e+01   2.9968664e+01   2.9968465e+01   2.9968265e+01   2.9968049e+01   2.9967834e+01   2.9967598e+01   2.9967363e+01   2.9967104e+01   2.9966844e+01   2.9966556e+01   2.9966268e+01   2.9965945e+01   2.9965621e+01   2.9965257e+01   2.9964892e+01   2.9964479e+01   2.9964067e+01   2.9963598e+01   2.9963129e+01   2.9962595e+01   2.9962062e+01   2.9961454e+01   2.9960847e+01   2.9960156e+01   2.9959465e+01   2.9958680e+01   2.9957895e+01   2.9957007e+01   2.9956118e+01   2.9955118e+01   2.9954117e+01   2.9953003e+01   2.9951888e+01   2.9950672e+01   2.9949456e+01   2.9948160e+01   2.9946864e+01   2.9945515e+01   2.9944167e+01
   2.9995834e+01   2.9995177e+01   2.9994532e+01   2.9993905e+01   2.9993298e+01   2.9992716e+01   2.9992160e+01   2.9991633e+01   2.9991134e+01   2.9990664e+01   2.9990221e+01   2.9989804e+01   2.9989412e+01   2.9989043e+01   2.9988696e+01   2.9988369e+01   2.9988060e+01   2.9987768e+01   2.9987492e+01   2.9987229e+01   2.9986980e+01   2.9986741e+01   2.9986514e+01   2.9986295e+01   2.9986084e+01   2.9985881e+01   2.9985685e+01   2.9985494e+01   2.9985309e+01   2.9985130e+01   2.9984956e+01   2.9984786e+01   2.9984621e+01   2.9984461e+01   2.9984305e+01   2.9984153e+01   2.9984006e+01   2.9983863e+01   2.9983724e+01   2.9983589e+01   2.9983457e+01   2.9983329e+01   2.9983204e+01   2.9983082e+01   2.9982962e+01   2.9982844e+01   2.9982729e+01   2.9982615e+01   2.9982502e+01   2.9982391e+01   2.9982280e+01   2.9982171e+01   2.9982063e+01   2.9981955e+01   2.9981847e+01   2.9981741e+01   2.9981634e+01   2.9981528e+01   2.9981422e+01   2.9981315e+01   2.9981209e+01   2.9981106e+01   2.9981003e+01   2.9980900e+01   2.9980797e+01   2.9980694e+01   2.9980591e+01   2.9980489e+01   2.9980386e+01   2.9980283e+01   2.9980180e+01   2.9980077e+01   2.9979974e+01   2.9979871e+01   2.9979768e+01   2.9979665e+01   2.9979562e+01   2.9979459e+01   2.9979357e+01   2.9979254e+01   2.9979151e+01   2.9979048e+01   2.9978945e+01   2.9978842e+01   2.9978739e+01   2.9978636e+01   2.9978533e+01   2.9978431e+01   2.9978328e+01   2.9978225e+01   2.9978122e+01   2.9978019e+01   2.9977916e+01   2.9977813e+01   2.9977710e+01   2.9977607e+01   2.9977504e+01   2.9977401e+01   2.9977297e+01   2.9977194e+01   2.9977091e+01   2.9976987e+01   2.9976884e+01   2.9976780e+01   2.9976676e+01   2.9976572e+01   2.9976468e+01   2.9976364e+01   2.9976260e+01   2.9976155e+01   2.9976050e+01   2.9975945e+01   2.9975840e+01   2.9975734e+01   2.9975628e+01   2.9975522e+01   2.9975415e+01   2.9975308e+01   2.9975201e+01   2.9975093e+01   2.9974985e+01   2.9974876e+01   2.9974768e+01   2.9974658e+01   2.9974548e+01   2.9974437e+01   2.9974326e+01   2.9974214e+01   2.9974101e+01   2.9973988e+01   2.9973874e+01   2.9973759e+01   2.9973644e+01   2.9973527e+01   2.9973410e+01   2.9973291e+01   2.9973172e+01   2.9973051e+01   2.9972931e+01   2.9972807e+01   2.9972684e+01   2.9972559e+01   2.9972433e+01   2.9972305e+01   2.9972177e+01   2.9972046e+01   2.9971915e+01   2.9971781e+01   2.9971648e+01   2.9971510e+01   2.9971373e+01   2.9971233e+01   2.9971093e+01   2.9970949e+01   2.9970805e+01   2.9970658e+01   2.9970511e+01   2.9970359e+01   2.9970208e+01   2.9970053e+01   2.9969897e+01   2.9969738e+01   2.9969578e+01   2.9969414e+01   2.9969249e+01   2.9969080e+01   2.9968910e+01   2.9968735e+01   2.9968561e+01   2.9968375e+01   2.9968190e+01   2.9967992e+01   2.9967794e+01   2.9967580e+01   2.9967366e+01   2.9967132e+01   2.9966899e+01   2.9966641e+01   2.9966384e+01   2.9966098e+01   2.9965812e+01   2.9965491e+01   2.9965170e+01   2.9964808e+01   2.9964446e+01   2.9964036e+01   2.9963626e+01   2.9963160e+01   2.9962693e+01   2.9962162e+01   2.9961631e+01   2.9961025e+01   2.9960420e+01   2.9959730e+01   2.9959040e+01   2.9958257e+01   2.9957473e+01   2.9956585e+01   2.9955696e+01   2.9954693e+01   2.9953690e+01   2.9952565e+01   2.9951440e+01   2.9950209e+01   2.9948978e+01   2.9947673e+01   2.9946367e+01   2.9945021e+01   2.9943675e+01
   2.9995431e+01   2.9994771e+01   2.9994124e+01   2.9993495e+01   2.9992886e+01   2.9992301e+01   2.9991742e+01   2.9991212e+01   2.9990711e+01   2.9990239e+01   2.9989794e+01   2.9989375e+01   2.9988981e+01   2.9988610e+01   2.9988261e+01   2.9987932e+01   2.9987622e+01   2.9987328e+01   2.9987050e+01   2.9986787e+01   2.9986536e+01   2.9986297e+01   2.9986067e+01   2.9985848e+01   2.9985636e+01   2.9985432e+01   2.9985234e+01   2.9985043e+01   2.9984857e+01   2.9984677e+01   2.9984501e+01   2.9984331e+01   2.9984165e+01   2.9984004e+01   2.9983848e+01   2.9983695e+01   2.9983547e+01   2.9983404e+01   2.9983264e+01   2.9983129e+01   2.9982997e+01   2.9982868e+01   2.9982743e+01   2.9982620e+01   2.9982500e+01   2.9982382e+01   2.9982266e+01   2.9982152e+01   2.9982039e+01   2.9981927e+01   2.9981817e+01   2.9981707e+01   2.9981599e+01   2.9981491e+01   2.9981383e+01   2.9981276e+01   2.9981169e+01   2.9981063e+01   2.9980957e+01   2.9980850e+01   2.9980744e+01   2.9980641e+01   2.9980537e+01   2.9980434e+01   2.9980331e+01   2.9980228e+01   2.9980125e+01   2.9980022e+01   2.9979919e+01   2.9979816e+01   2.9979713e+01   2.9979610e+01   2.9979507e+01   2.9979404e+01   2.9979301e+01   2.9979197e+01   2.9979094e+01   2.9978991e+01   2.9978888e+01   2.9978785e+01   2.9978682e+01   2.9978579e+01   2.9978476e+01   2.9978373e+01   2.9978270e+01   2.9978167e+01   2.9978064e+01   2.9977961e+01   2.9977858e+01   2.9977755e+01   2.9977652e+01   2.9977549e+01   2.9977446e+01   2.9977343e+01   2.9977239e+01   2.9977136e+01   2.9977033e+01   2.9976930e+01   2.9976826e+01   2.9976723e+01   2.9976619e+01   2.9976516e+01   2.9976412e+01   2.9976308e+01   2.9976204e+01   2.9976100e+01   2.9975996e+01   2.9975892e+01   2.9975787e+01   2.9975682e+01   2.9975577e+01   2.9975472e+01   2.9975367e+01   2.9975261e+01   2.9975155e+01   2.9975048e+01   2.9974942e+01   2.9974835e+01   2.9974727e+01   2.9974619e+01   2.9974511e+01   2.9974403e+01   2.9974294e+01   2.9974184e+01   2.9974074e+01   2.9973963e+01   2.9973852e+01   2.9973740e+01   2.9973627e+01   2.9973514e+01   2.9973400e+01   2.9973285e+01   2.9973169e+01   2.9973052e+01   2.9972935e+01   2.9972817e+01   2.9972698e+01   2.9972577e+01   2.9972456e+01   2.9972333e+01   2.9972209e+01   2.9972084e+01   2.9971958e+01   2.9971829e+01   2.9971701e+01   2.9971570e+01   2.9971439e+01   2.9971304e+01   2.9971170e+01   2.9971033e+01   2.9970895e+01   2.9970755e+01   2.9970614e+01   2.9970470e+01   2.9970325e+01   2.9970178e+01   2.9970030e+01   2.9969879e+01   2.9969727e+01   2.9969572e+01   2.9969416e+01   2.9969257e+01   2.9969097e+01   2.9968933e+01   2.9968770e+01   2.9968601e+01   2.9968432e+01   2.9968258e+01   2.9968084e+01   2.9967900e+01   2.9967716e+01   2.9967519e+01   2.9967322e+01   2.9967110e+01   2.9966897e+01   2.9966666e+01   2.9966434e+01   2.9966179e+01   2.9965924e+01   2.9965640e+01   2.9965356e+01   2.9965037e+01   2.9964719e+01   2.9964360e+01   2.9964001e+01   2.9963593e+01   2.9963186e+01   2.9962722e+01   2.9962258e+01   2.9961729e+01   2.9961200e+01   2.9960596e+01   2.9959993e+01   2.9959304e+01   2.9958616e+01   2.9957833e+01   2.9957050e+01   2.9956162e+01   2.9955274e+01   2.9954268e+01   2.9953262e+01   2.9952127e+01   2.9950991e+01   2.9949746e+01   2.9948500e+01   2.9947185e+01   2.9945871e+01   2.9944527e+01   2.9943182e+01
   2.9995027e+01   2.9994365e+01   2.9993716e+01   2.9993084e+01   2.9992474e+01   2.9991887e+01   2.9991326e+01   2.9990792e+01   2.9990288e+01   2.9989813e+01   2.9989366e+01   2.9988946e+01   2.9988550e+01   2.9988178e+01   2.9987827e+01   2.9987496e+01   2.9987184e+01   2.9986889e+01   2.9986609e+01   2.9986344e+01   2.9986092e+01   2.9985851e+01   2.9985621e+01   2.9985400e+01   2.9985188e+01   2.9984982e+01   2.9984784e+01   2.9984591e+01   2.9984405e+01   2.9984224e+01   2.9984047e+01   2.9983876e+01   2.9983710e+01   2.9983548e+01   2.9983390e+01   2.9983237e+01   2.9983089e+01   2.9982945e+01   2.9982805e+01   2.9982668e+01   2.9982536e+01   2.9982407e+01   2.9982281e+01   2.9982158e+01   2.9982038e+01   2.9981919e+01   2.9981803e+01   2.9981688e+01   2.9981575e+01   2.9981464e+01   2.9981353e+01   2.9981243e+01   2.9981134e+01   2.9981026e+01   2.9980919e+01   2.9980811e+01   2.9980704e+01   2.9980598e+01   2.9980491e+01   2.9980385e+01   2.9980278e+01   2.9980175e+01   2.9980072e+01   2.9979968e+01   2.9979865e+01   2.9979762e+01   2.9979659e+01   2.9979555e+01   2.9979452e+01   2.9979349e+01   2.9979246e+01   2.9979143e+01   2.9979039e+01   2.9978936e+01   2.9978833e+01   2.9978730e+01   2.9978627e+01   2.9978523e+01   2.9978420e+01   2.9978317e+01   2.9978214e+01   2.9978111e+01   2.9978007e+01   2.9977904e+01   2.9977801e+01   2.9977698e+01   2.9977595e+01   2.9977491e+01   2.9977388e+01   2.9977285e+01   2.9977182e+01   2.9977079e+01   2.9976975e+01   2.9976872e+01   2.9976769e+01   2.9976665e+01   2.9976562e+01   2.9976458e+01   2.9976355e+01   2.9976251e+01   2.9976148e+01   2.9976044e+01   2.9975940e+01   2.9975836e+01   2.9975732e+01   2.9975628e+01   2.9975524e+01   2.9975419e+01   2.9975315e+01   2.9975210e+01   2.9975105e+01   2.9974999e+01   2.9974894e+01   2.9974788e+01   2.9974682e+01   2.9974575e+01   2.9974469e+01   2.9974362e+01   2.9974254e+01   2.9974146e+01   2.9974038e+01   2.9973930e+01   2.9973821e+01   2.9973711e+01   2.9973601e+01   2.9973490e+01   2.9973379e+01   2.9973267e+01   2.9973155e+01   2.9973042e+01   2.9972928e+01   2.9972814e+01   2.9972699e+01   2.9972582e+01   2.9972465e+01   2.9972347e+01   2.9972228e+01   2.9972108e+01   2.9971987e+01   2.9971864e+01   2.9971741e+01   2.9971616e+01   2.9971490e+01   2.9971362e+01   2.9971234e+01   2.9971103e+01   2.9970971e+01   2.9970837e+01   2.9970703e+01   2.9970565e+01   2.9970427e+01   2.9970286e+01   2.9970145e+01   2.9970001e+01   2.9969856e+01   2.9969708e+01   2.9969559e+01   2.9969407e+01   2.9969255e+01   2.9969099e+01   2.9968944e+01   2.9968784e+01   2.9968624e+01   2.9968460e+01   2.9968296e+01   2.9968127e+01   2.9967959e+01   2.9967785e+01   2.9967612e+01   2.9967429e+01   2.9967246e+01   2.9967051e+01   2.9966856e+01   2.9966645e+01   2.9966435e+01   2.9966206e+01   2.9965977e+01   2.9965725e+01   2.9965472e+01   2.9965192e+01   2.9964911e+01   2.9964596e+01   2.9964281e+01   2.9963925e+01   2.9963570e+01   2.9963166e+01   2.9962763e+01   2.9962304e+01   2.9961845e+01   2.9961321e+01   2.9960798e+01   2.9960200e+01   2.9959601e+01   2.9958917e+01   2.9958233e+01   2.9957453e+01   2.9956673e+01   2.9955786e+01   2.9954899e+01   2.9953888e+01   2.9952877e+01   2.9951729e+01   2.9950581e+01   2.9949315e+01   2.9948049e+01   2.9946716e+01   2.9945383e+01   2.9944036e+01   2.9942690e+01
   2.9994624e+01   2.9993957e+01   2.9993306e+01   2.9992672e+01   2.9992061e+01   2.9991474e+01   2.9990911e+01   2.9990374e+01   2.9989866e+01   2.9989387e+01   2.9988938e+01   2.9988516e+01   2.9988119e+01   2.9987745e+01   2.9987392e+01   2.9987059e+01   2.9986745e+01   2.9986448e+01   2.9986167e+01   2.9985901e+01   2.9985647e+01   2.9985406e+01   2.9985174e+01   2.9984952e+01   2.9984739e+01   2.9984533e+01   2.9984333e+01   2.9984140e+01   2.9983952e+01   2.9983770e+01   2.9983593e+01   2.9983421e+01   2.9983254e+01   2.9983091e+01   2.9982933e+01   2.9982780e+01   2.9982630e+01   2.9982486e+01   2.9982345e+01   2.9982208e+01   2.9982075e+01   2.9981946e+01   2.9981820e+01   2.9981696e+01   2.9981576e+01   2.9981457e+01   2.9981340e+01   2.9981226e+01   2.9981112e+01   2.9981000e+01   2.9980889e+01   2.9980779e+01   2.9980670e+01   2.9980562e+01   2.9980454e+01   2.9980347e+01   2.9980240e+01   2.9980133e+01   2.9980026e+01   2.9979920e+01   2.9979813e+01   2.9979709e+01   2.9979606e+01   2.9979502e+01   2.9979399e+01   2.9979296e+01   2.9979192e+01   2.9979089e+01   2.9978986e+01   2.9978882e+01   2.9978779e+01   2.9978675e+01   2.9978572e+01   2.9978469e+01   2.9978365e+01   2.9978262e+01   2.9978159e+01   2.9978055e+01   2.9977952e+01   2.9977849e+01   2.9977745e+01   2.9977642e+01   2.9977539e+01   2.9977435e+01   2.9977332e+01   2.9977229e+01   2.9977125e+01   2.9977022e+01   2.9976919e+01   2.9976815e+01   2.9976712e+01   2.9976608e+01   2.9976505e+01   2.9976402e+01   2.9976298e+01   2.9976195e+01   2.9976091e+01   2.9975987e+01   2.9975884e+01   2.9975780e+01   2.9975676e+01   2.9975572e+01   2.9975468e+01   2.9975364e+01   2.9975260e+01   2.9975156e+01   2.9975051e+01   2.9974947e+01   2.9974842e+01   2.9974737e+01   2.9974632e+01   2.9974526e+01   2.9974421e+01   2.9974315e+01   2.9974209e+01   2.9974102e+01   2.9973996e+01   2.9973888e+01   2.9973781e+01   2.9973673e+01   2.9973565e+01   2.9973457e+01   2.9973348e+01   2.9973238e+01   2.9973129e+01   2.9973018e+01   2.9972907e+01   2.9972795e+01   2.9972683e+01   2.9972570e+01   2.9972457e+01   2.9972342e+01   2.9972228e+01   2.9972111e+01   2.9971995e+01   2.9971877e+01   2.9971759e+01   2.9971638e+01   2.9971518e+01   2.9971395e+01   2.9971273e+01   2.9971148e+01   2.9971022e+01   2.9970894e+01   2.9970766e+01   2.9970635e+01   2.9970504e+01   2.9970370e+01   2.9970235e+01   2.9970097e+01   2.9969959e+01   2.9969818e+01   2.9969677e+01   2.9969531e+01   2.9969386e+01   2.9969237e+01   2.9969089e+01   2.9968936e+01   2.9968783e+01   2.9968627e+01   2.9968471e+01   2.9968310e+01   2.9968150e+01   2.9967986e+01   2.9967822e+01   2.9967654e+01   2.9967485e+01   2.9967313e+01   2.9967140e+01   2.9966958e+01   2.9966776e+01   2.9966582e+01   2.9966389e+01   2.9966181e+01   2.9965972e+01   2.9965746e+01   2.9965520e+01   2.9965270e+01   2.9965021e+01   2.9964744e+01   2.9964466e+01   2.9964155e+01   2.9963843e+01   2.9963491e+01   2.9963139e+01   2.9962739e+01   2.9962340e+01   2.9961886e+01   2.9961432e+01   2.9960914e+01   2.9960396e+01   2.9959803e+01   2.9959210e+01   2.9958530e+01   2.9957850e+01   2.9957074e+01   2.9956297e+01   2.9955411e+01   2.9954524e+01   2.9953508e+01   2.9952492e+01   2.9951332e+01   2.9950171e+01   2.9948885e+01   2.9947598e+01   2.9946246e+01   2.9944895e+01   2.9943546e+01   2.9942197e+01
   2.9994221e+01   2.9993550e+01   2.9992893e+01   2.9992256e+01   2.9991644e+01   2.9991057e+01   2.9990497e+01   2.9989960e+01   2.9989448e+01   2.9988965e+01   2.9988510e+01   2.9988085e+01   2.9987687e+01   2.9987312e+01   2.9986957e+01   2.9986623e+01   2.9986306e+01   2.9986007e+01   2.9985724e+01   2.9985456e+01   2.9985202e+01   2.9984959e+01   2.9984727e+01   2.9984504e+01   2.9984290e+01   2.9984083e+01   2.9983882e+01   2.9983688e+01   2.9983500e+01   2.9983317e+01   2.9983139e+01   2.9982966e+01   2.9982798e+01   2.9982634e+01   2.9982476e+01   2.9982321e+01   2.9982172e+01   2.9982026e+01   2.9981885e+01   2.9981748e+01   2.9981615e+01   2.9981485e+01   2.9981358e+01   2.9981235e+01   2.9981114e+01   2.9980995e+01   2.9980878e+01   2.9980763e+01   2.9980649e+01   2.9980537e+01   2.9980426e+01   2.9980316e+01   2.9980207e+01   2.9980098e+01   2.9979990e+01   2.9979882e+01   2.9979775e+01   2.9979668e+01   2.9979561e+01   2.9979454e+01   2.9979347e+01   2.9979244e+01   2.9979140e+01   2.9979036e+01   2.9978933e+01   2.9978829e+01   2.9978726e+01   2.9978622e+01   2.9978519e+01   2.9978415e+01   2.9978312e+01   2.9978208e+01   2.9978105e+01   2.9978001e+01   2.9977898e+01   2.9977794e+01   2.9977691e+01   2.9977587e+01   2.9977484e+01   2.9977380e+01   2.9977277e+01   2.9977173e+01   2.9977070e+01   2.9976966e+01   2.9976863e+01   2.9976759e+01   2.9976656e+01   2.9976552e+01   2.9976449e+01   2.9976345e+01   2.9976242e+01   2.9976138e+01   2.9976035e+01   2.9975931e+01   2.9975827e+01   2.9975724e+01   2.9975620e+01   2.9975516e+01   2.9975413e+01   2.9975309e+01   2.9975205e+01   2.9975101e+01   2.9974997e+01   2.9974892e+01   2.9974788e+01   2.9974684e+01   2.9974579e+01   2.9974474e+01   2.9974370e+01   2.9974264e+01   2.9974159e+01   2.9974054e+01   2.9973948e+01   2.9973842e+01   2.9973736e+01   2.9973630e+01   2.9973523e+01   2.9973416e+01   2.9973309e+01   2.9973201e+01   2.9973093e+01   2.9972984e+01   2.9972876e+01   2.9972766e+01   2.9972657e+01   2.9972546e+01   2.9972436e+01   2.9972324e+01   2.9972213e+01   2.9972100e+01   2.9971988e+01   2.9971874e+01   2.9971760e+01   2.9971644e+01   2.9971529e+01   2.9971411e+01   2.9971294e+01   2.9971175e+01   2.9971055e+01   2.9970934e+01   2.9970812e+01   2.9970688e+01   2.9970564e+01   2.9970438e+01   2.9970311e+01   2.9970181e+01   2.9970051e+01   2.9969918e+01   2.9969785e+01   2.9969648e+01   2.9969511e+01   2.9969370e+01   2.9969230e+01   2.9969085e+01   2.9968940e+01   2.9968792e+01   2.9968643e+01   2.9968490e+01   2.9968338e+01   2.9968181e+01   2.9968024e+01   2.9967863e+01   2.9967702e+01   2.9967537e+01   2.9967373e+01   2.9967204e+01   2.9967035e+01   2.9966862e+01   2.9966689e+01   2.9966507e+01   2.9966325e+01   2.9966133e+01   2.9965940e+01   2.9965734e+01   2.9965528e+01   2.9965304e+01   2.9965081e+01   2.9964835e+01   2.9964589e+01   2.9964315e+01   2.9964041e+01   2.9963734e+01   2.9963426e+01   2.9963079e+01   2.9962732e+01   2.9962339e+01   2.9961947e+01   2.9961501e+01   2.9961055e+01   2.9960546e+01   2.9960038e+01   2.9959453e+01   2.9958867e+01   2.9958194e+01   2.9957521e+01   2.9956752e+01   2.9955982e+01   2.9955096e+01   2.9954211e+01   2.9953185e+01   2.9952160e+01   2.9950984e+01   2.9949809e+01   2.9948498e+01   2.9947186e+01   2.9945805e+01   2.9944424e+01   2.9943064e+01   2.9941704e+01
   2.9993818e+01   2.9993142e+01   2.9992479e+01   2.9991835e+01   2.9991218e+01   2.9990632e+01   2.9990076e+01   2.9989546e+01   2.9989036e+01   2.9988548e+01   2.9988087e+01   2.9987655e+01   2.9987252e+01   2.9986875e+01   2.9986520e+01   2.9986185e+01   2.9985867e+01   2.9985566e+01   2.9985281e+01   2.9985011e+01   2.9984755e+01   2.9984511e+01   2.9984278e+01   2.9984055e+01   2.9983840e+01   2.9983632e+01   2.9983431e+01   2.9983236e+01   2.9983046e+01   2.9982863e+01   2.9982684e+01   2.9982510e+01   2.9982341e+01   2.9982177e+01   2.9982018e+01   2.9981863e+01   2.9981713e+01   2.9981567e+01   2.9981425e+01   2.9981288e+01   2.9981154e+01   2.9981024e+01   2.9980897e+01   2.9980773e+01   2.9980652e+01   2.9980532e+01   2.9980415e+01   2.9980300e+01   2.9980186e+01   2.9980074e+01   2.9979963e+01   2.9979852e+01   2.9979743e+01   2.9979634e+01   2.9979526e+01   2.9979418e+01   2.9979311e+01   2.9979203e+01   2.9979096e+01   2.9978989e+01   2.9978882e+01   2.9978778e+01   2.9978674e+01   2.9978571e+01   2.9978467e+01   2.9978363e+01   2.9978260e+01   2.9978156e+01   2.9978052e+01   2.9977949e+01   2.9977845e+01   2.9977741e+01   2.9977638e+01   2.9977534e+01   2.9977430e+01   2.9977327e+01   2.9977223e+01   2.9977119e+01   2.9977016e+01   2.9976912e+01   2.9976808e+01   2.9976705e+01   2.9976601e+01   2.9976497e+01   2.9976394e+01   2.9976290e+01   2.9976186e+01   2.9976083e+01   2.9975979e+01   2.9975875e+01   2.9975772e+01   2.9975668e+01   2.9975564e+01   2.9975461e+01   2.9975357e+01   2.9975253e+01   2.9975149e+01   2.9975045e+01   2.9974941e+01   2.9974837e+01   2.9974733e+01   2.9974629e+01   2.9974525e+01   2.9974421e+01   2.9974316e+01   2.9974212e+01   2.9974107e+01   2.9974002e+01   2.9973897e+01   2.9973792e+01   2.9973687e+01   2.9973581e+01   2.9973476e+01   2.9973370e+01   2.9973264e+01   2.9973157e+01   2.9973051e+01   2.9972943e+01   2.9972836e+01   2.9972729e+01   2.9972621e+01   2.9972512e+01   2.9972404e+01   2.9972294e+01   2.9972185e+01   2.9972075e+01   2.9971965e+01   2.9971854e+01   2.9971743e+01   2.9971630e+01   2.9971518e+01   2.9971405e+01   2.9971292e+01   2.9971177e+01   2.9971062e+01   2.9970946e+01   2.9970829e+01   2.9970711e+01   2.9970593e+01   2.9970472e+01   2.9970352e+01   2.9970229e+01   2.9970106e+01   2.9969981e+01   2.9969855e+01   2.9969727e+01   2.9969598e+01   2.9969466e+01   2.9969334e+01   2.9969198e+01   2.9969062e+01   2.9968922e+01   2.9968783e+01   2.9968639e+01   2.9968494e+01   2.9968346e+01   2.9968198e+01   2.9968045e+01   2.9967892e+01   2.9967735e+01   2.9967577e+01   2.9967416e+01   2.9967254e+01   2.9967089e+01   2.9966923e+01   2.9966754e+01   2.9966584e+01   2.9966411e+01   2.9966237e+01   2.9966056e+01   2.9965874e+01   2.9965683e+01   2.9965492e+01   2.9965287e+01   2.9965083e+01   2.9964863e+01   2.9964642e+01   2.9964399e+01   2.9964157e+01   2.9963887e+01   2.9963616e+01   2.9963313e+01   2.9963009e+01   2.9962667e+01   2.9962325e+01   2.9961939e+01   2.9961553e+01   2.9961116e+01   2.9960679e+01   2.9960179e+01   2.9959679e+01   2.9959102e+01   2.9958525e+01   2.9957858e+01   2.9957192e+01   2.9956430e+01   2.9955667e+01   2.9954782e+01   2.9953897e+01   2.9952862e+01   2.9951828e+01   2.9950637e+01   2.9949447e+01   2.9948111e+01   2.9946774e+01   2.9945364e+01   2.9943953e+01   2.9942582e+01   2.9941211e+01
   2.9993414e+01   2.9992734e+01   2.9992064e+01   2.9991410e+01   2.9990782e+01   2.9990191e+01   2.9989638e+01   2.9989118e+01   2.9988619e+01   2.9988135e+01   2.9987668e+01   2.9987226e+01   2.9986814e+01   2.9986432e+01   2.9986076e+01   2.9985743e+01   2.9985427e+01   2.9985127e+01   2.9984840e+01   2.9984568e+01   2.9984309e+01   2.9984063e+01   2.9983828e+01   2.9983603e+01   2.9983387e+01   2.9983179e+01   2.9982977e+01   2.9982782e+01   2.9982592e+01   2.9982407e+01   2.9982228e+01   2.9982053e+01   2.9981884e+01   2.9981719e+01   2.9981559e+01   2.9981404e+01   2.9981253e+01   2.9981106e+01   2.9980964e+01   2.9980826e+01   2.9980692e+01   2.9980562e+01   2.9980435e+01   2.9980311e+01   2.9980189e+01   2.9980070e+01   2.9979953e+01   2.9979837e+01   2.9979724e+01   2.9979611e+01   2.9979499e+01   2.9979389e+01   2.9979279e+01   2.9979170e+01   2.9979062e+01   2.9978954e+01   2.9978846e+01   2.9978739e+01   2.9978632e+01   2.9978524e+01   2.9978417e+01   2.9978313e+01   2.9978209e+01   2.9978105e+01   2.9978001e+01   2.9977897e+01   2.9977794e+01   2.9977690e+01   2.9977586e+01   2.9977482e+01   2.9977378e+01   2.9977274e+01   2.9977171e+01   2.9977067e+01   2.9976963e+01   2.9976859e+01   2.9976755e+01   2.9976652e+01   2.9976548e+01   2.9976444e+01   2.9976340e+01   2.9976236e+01   2.9976133e+01   2.9976029e+01   2.9975925e+01   2.9975821e+01   2.9975717e+01   2.9975614e+01   2.9975510e+01   2.9975406e+01   2.9975302e+01   2.9975198e+01   2.9975094e+01   2.9974990e+01   2.9974887e+01   2.9974783e+01   2.9974679e+01   2.9974575e+01   2.9974471e+01   2.9974366e+01   2.9974262e+01   2.9974158e+01   2.9974054e+01   2.9973949e+01   2.9973845e+01   2.9973740e+01   2.9973635e+01   2.9973530e+01   2.9973425e+01   2.9973320e+01   2.9973215e+01   2.9973109e+01   2.9973004e+01   2.9972898e+01   2.9972792e+01   2.9972685e+01   2.9972579e+01   2.9972471e+01   2.9972364e+01   2.9972257e+01   2.9972149e+01   2.9972040e+01   2.9971932e+01   2.9971823e+01   2.9971713e+01   2.9971603e+01   2.9971493e+01   2.9971382e+01   2.9971271e+01   2.9971159e+01   2.9971047e+01   2.9970935e+01   2.9970822e+01   2.9970708e+01   2.9970594e+01   2.9970479e+01   2.9970363e+01   2.9970246e+01   2.9970130e+01   2.9970011e+01   2.9969892e+01   2.9969772e+01   2.9969651e+01   2.9969528e+01   2.9969405e+01   2.9969279e+01   2.9969152e+01   2.9969023e+01   2.9968894e+01   2.9968761e+01   2.9968629e+01   2.9968492e+01   2.9968355e+01   2.9968214e+01   2.9968073e+01   2.9967927e+01   2.9967782e+01   2.9967631e+01   2.9967481e+01   2.9967326e+01   2.9967170e+01   2.9967010e+01   2.9966850e+01   2.9966685e+01   2.9966520e+01   2.9966351e+01   2.9966182e+01   2.9966008e+01   2.9965835e+01   2.9965655e+01   2.9965474e+01   2.9965284e+01   2.9965093e+01   2.9964891e+01   2.9964688e+01   2.9964469e+01   2.9964250e+01   2.9964010e+01   2.9963769e+01   2.9963502e+01   2.9963234e+01   2.9962936e+01   2.9962638e+01   2.9962304e+01   2.9961971e+01   2.9961594e+01   2.9961217e+01   2.9960788e+01   2.9960359e+01   2.9959867e+01   2.9959375e+01   2.9958805e+01   2.9958235e+01   2.9957578e+01   2.9956921e+01   2.9956164e+01   2.9955408e+01   2.9954522e+01   2.9953635e+01   2.9952593e+01   2.9951551e+01   2.9950346e+01   2.9949142e+01   2.9947777e+01   2.9946413e+01   2.9944962e+01   2.9943511e+01   2.9942115e+01   2.9940719e+01
   2.9993011e+01   2.9992329e+01   2.9991652e+01   2.9990986e+01   2.9990341e+01   2.9989730e+01   2.9989168e+01   2.9988655e+01   2.9988175e+01   2.9987708e+01   2.9987246e+01   2.9986798e+01   2.9986374e+01   2.9985982e+01   2.9985621e+01   2.9985289e+01   2.9984978e+01   2.9984684e+01   2.9984402e+01   2.9984130e+01   2.9983869e+01   2.9983619e+01   2.9983380e+01   2.9983152e+01   2.9982933e+01   2.9982723e+01   2.9982520e+01   2.9982324e+01   2.9982133e+01   2.9981948e+01   2.9981768e+01   2.9981594e+01   2.9981424e+01   2.9981259e+01   2.9981099e+01   2.9980944e+01   2.9980793e+01   2.9980646e+01   2.9980504e+01   2.9980366e+01   2.9980231e+01   2.9980100e+01   2.9979973e+01   2.9979849e+01   2.9979727e+01   2.9979608e+01   2.9979490e+01   2.9979375e+01   2.9979261e+01   2.9979148e+01   2.9979036e+01   2.9978925e+01   2.9978816e+01   2.9978707e+01   2.9978598e+01   2.9978490e+01   2.9978382e+01   2.9978275e+01   2.9978167e+01   2.9978060e+01   2.9977952e+01   2.9977848e+01   2.9977744e+01   2.9977640e+01   2.9977536e+01   2.9977432e+01   2.9977328e+01   2.9977224e+01   2.9977120e+01   2.9977016e+01   2.9976912e+01   2.9976808e+01   2.9976704e+01   2.9976600e+01   2.9976496e+01   2.9976392e+01   2.9976288e+01   2.9976184e+01   2.9976080e+01   2.9975976e+01   2.9975872e+01   2.9975768e+01   2.9975664e+01   2.9975560e+01   2.9975456e+01   2.9975352e+01   2.9975248e+01   2.9975144e+01   2.9975040e+01   2.9974936e+01   2.9974832e+01   2.9974728e+01   2.9974624e+01   2.9974520e+01   2.9974416e+01   2.9974312e+01   2.9974208e+01   2.9974104e+01   2.9974000e+01   2.9973895e+01   2.9973791e+01   2.9973687e+01   2.9973582e+01   2.9973478e+01   2.9973373e+01   2.9973268e+01   2.9973164e+01   2.9973059e+01   2.9972954e+01   2.9972848e+01   2.9972743e+01   2.9972637e+01   2.9972532e+01   2.9972426e+01   2.9972320e+01   2.9972213e+01   2.9972107e+01   2.9972000e+01   2.9971892e+01   2.9971785e+01   2.9971677e+01   2.9971569e+01   2.9971460e+01   2.9971351e+01   2.9971242e+01   2.9971132e+01   2.9971022e+01   2.9970911e+01   2.9970800e+01   2.9970688e+01   2.9970577e+01   2.9970464e+01   2.9970352e+01   2.9970239e+01   2.9970125e+01   2.9970011e+01   2.9969897e+01   2.9969782e+01   2.9969666e+01   2.9969550e+01   2.9969433e+01   2.9969314e+01   2.9969195e+01   2.9969075e+01   2.9968954e+01   2.9968830e+01   2.9968707e+01   2.9968581e+01   2.9968455e+01   2.9968325e+01   2.9968195e+01   2.9968061e+01   2.9967928e+01   2.9967790e+01   2.9967652e+01   2.9967509e+01   2.9967366e+01   2.9967218e+01   2.9967070e+01   2.9966917e+01   2.9966764e+01   2.9966605e+01   2.9966446e+01   2.9966282e+01   2.9966117e+01   2.9965948e+01   2.9965779e+01   2.9965606e+01   2.9965433e+01   2.9965253e+01   2.9965073e+01   2.9964884e+01   2.9964695e+01   2.9964494e+01   2.9964292e+01   2.9964075e+01   2.9963858e+01   2.9963620e+01   2.9963382e+01   2.9963117e+01   2.9962852e+01   2.9962559e+01   2.9962267e+01   2.9961942e+01   2.9961617e+01   2.9961248e+01   2.9960880e+01   2.9960460e+01   2.9960039e+01   2.9959555e+01   2.9959070e+01   2.9958508e+01   2.9957946e+01   2.9957298e+01   2.9956650e+01   2.9955899e+01   2.9955148e+01   2.9954261e+01   2.9953373e+01   2.9952323e+01   2.9951274e+01   2.9950055e+01   2.9948837e+01   2.9947444e+01   2.9946052e+01   2.9944560e+01   2.9943069e+01   2.9941647e+01   2.9940226e+01
   2.9992608e+01   2.9991924e+01   2.9991244e+01   2.9990569e+01   2.9989905e+01   2.9989262e+01   2.9988664e+01   2.9988133e+01   2.9987668e+01   2.9987234e+01   2.9986798e+01   2.9986356e+01   2.9985927e+01   2.9985523e+01   2.9985150e+01   2.9984810e+01   2.9984501e+01   2.9984216e+01   2.9983948e+01   2.9983687e+01   2.9983431e+01   2.9983180e+01   2.9982937e+01   2.9982704e+01   2.9982481e+01   2.9982267e+01   2.9982061e+01   2.9981863e+01   2.9981671e+01   2.9981485e+01   2.9981305e+01   2.9981130e+01   2.9980960e+01   2.9980795e+01   2.9980636e+01   2.9980481e+01   2.9980331e+01   2.9980186e+01   2.9980045e+01   2.9979907e+01   2.9979772e+01   2.9979640e+01   2.9979512e+01   2.9979387e+01   2.9979264e+01   2.9979144e+01   2.9979026e+01   2.9978911e+01   2.9978796e+01   2.9978683e+01   2.9978572e+01   2.9978461e+01   2.9978351e+01   2.9978242e+01   2.9978134e+01   2.9978026e+01   2.9977918e+01   2.9977810e+01   2.9977703e+01   2.9977596e+01   2.9977488e+01   2.9977384e+01   2.9977279e+01   2.9977175e+01   2.9977071e+01   2.9976967e+01   2.9976863e+01   2.9976758e+01   2.9976654e+01   2.9976550e+01   2.9976446e+01   2.9976342e+01   2.9976238e+01   2.9976133e+01   2.9976029e+01   2.9975925e+01   2.9975821e+01   2.9975717e+01   2.9975613e+01   2.9975509e+01   2.9975405e+01   2.9975301e+01   2.9975196e+01   2.9975092e+01   2.9974988e+01   2.9974884e+01   2.9974780e+01   2.9974676e+01   2.9974572e+01   2.9974468e+01   2.9974364e+01   2.9974259e+01   2.9974155e+01   2.9974051e+01   2.9973947e+01   2.9973843e+01   2.9973738e+01   2.9973634e+01   2.9973530e+01   2.9973425e+01   2.9973321e+01   2.9973216e+01   2.9973112e+01   2.9973007e+01   2.9972903e+01   2.9972798e+01   2.9972693e+01   2.9972588e+01   2.9972483e+01   2.9972378e+01   2.9972272e+01   2.9972167e+01   2.9972061e+01   2.9971955e+01   2.9971849e+01   2.9971743e+01   2.9971637e+01   2.9971530e+01   2.9971423e+01   2.9971316e+01   2.9971209e+01   2.9971100e+01   2.9970992e+01   2.9970884e+01   2.9970775e+01   2.9970665e+01   2.9970555e+01   2.9970444e+01   2.9970334e+01   2.9970222e+01   2.9970110e+01   2.9969997e+01   2.9969884e+01   2.9969771e+01   2.9969658e+01   2.9969544e+01   2.9969430e+01   2.9969315e+01   2.9969201e+01   2.9969085e+01   2.9968969e+01   2.9968852e+01   2.9968735e+01   2.9968617e+01   2.9968498e+01   2.9968377e+01   2.9968257e+01   2.9968134e+01   2.9968011e+01   2.9967886e+01   2.9967760e+01   2.9967631e+01   2.9967503e+01   2.9967370e+01   2.9967238e+01   2.9967101e+01   2.9966965e+01   2.9966824e+01   2.9966683e+01   2.9966537e+01   2.9966391e+01   2.9966239e+01   2.9966087e+01   2.9965930e+01   2.9965772e+01   2.9965609e+01   2.9965445e+01   2.9965276e+01   2.9965106e+01   2.9964930e+01   2.9964753e+01   2.9964567e+01   2.9964380e+01   2.9964181e+01   2.9963982e+01   2.9963768e+01   2.9963554e+01   2.9963320e+01   2.9963087e+01   2.9962827e+01   2.9962567e+01   2.9962276e+01   2.9961985e+01   2.9961661e+01   2.9961337e+01   2.9960974e+01   2.9960610e+01   2.9960196e+01   2.9959781e+01   2.9959305e+01   2.9958828e+01   2.9958279e+01   2.9957730e+01   2.9957087e+01   2.9956445e+01   2.9955688e+01   2.9954932e+01   2.9954052e+01   2.9953171e+01   2.9952114e+01   2.9951056e+01   2.9949824e+01   2.9948592e+01   2.9947170e+01   2.9945748e+01   2.9944209e+01   2.9942671e+01   2.9941202e+01   2.9939733e+01
   2.9992204e+01   2.9991520e+01   2.9990838e+01   2.9990157e+01   2.9989480e+01   2.9988808e+01   2.9988157e+01   2.9987562e+01   2.9987068e+01   2.9986664e+01   2.9986278e+01   2.9985867e+01   2.9985450e+01   2.9985044e+01   2.9984657e+01   2.9984297e+01   2.9983972e+01   2.9983683e+01   2.9983428e+01   2.9983193e+01   2.9982960e+01   2.9982723e+01   2.9982487e+01   2.9982255e+01   2.9982031e+01   2.9981815e+01   2.9981607e+01   2.9981406e+01   2.9981212e+01   2.9981024e+01   2.9980841e+01   2.9980664e+01   2.9980492e+01   2.9980324e+01   2.9980163e+01   2.9980007e+01   2.9979858e+01   2.9979715e+01   2.9979578e+01   2.9979444e+01   2.9979312e+01   2.9979182e+01   2.9979053e+01   2.9978927e+01   2.9978803e+01   2.9978682e+01   2.9978563e+01   2.9978446e+01   2.9978331e+01   2.9978218e+01   2.9978106e+01   2.9977995e+01   2.9977886e+01   2.9977777e+01   2.9977668e+01   2.9977560e+01   2.9977453e+01   2.9977346e+01   2.9977238e+01   2.9977131e+01   2.9977024e+01   2.9976919e+01   2.9976815e+01   2.9976711e+01   2.9976606e+01   2.9976502e+01   2.9976398e+01   2.9976293e+01   2.9976189e+01   2.9976085e+01   2.9975980e+01   2.9975876e+01   2.9975772e+01   2.9975667e+01   2.9975563e+01   2.9975459e+01   2.9975354e+01   2.9975250e+01   2.9975146e+01   2.9975042e+01   2.9974937e+01   2.9974833e+01   2.9974729e+01   2.9974625e+01   2.9974520e+01   2.9974416e+01   2.9974312e+01   2.9974208e+01   2.9974103e+01   2.9973999e+01   2.9973895e+01   2.9973790e+01   2.9973686e+01   2.9973582e+01   2.9973477e+01   2.9973373e+01   2.9973268e+01   2.9973164e+01   2.9973060e+01   2.9972955e+01   2.9972851e+01   2.9972746e+01   2.9972641e+01   2.9972537e+01   2.9972432e+01   2.9972327e+01   2.9972222e+01   2.9972117e+01   2.9972012e+01   2.9971907e+01   2.9971802e+01   2.9971696e+01   2.9971591e+01   2.9971485e+01   2.9971379e+01   2.9971273e+01   2.9971167e+01   2.9971061e+01   2.9970954e+01   2.9970847e+01   2.9970740e+01   2.9970632e+01   2.9970525e+01   2.9970416e+01   2.9970308e+01   2.9970198e+01   2.9970089e+01   2.9969978e+01   2.9969867e+01   2.9969755e+01   2.9969643e+01   2.9969529e+01   2.9969416e+01   2.9969303e+01   2.9969190e+01   2.9969076e+01   2.9968963e+01   2.9968849e+01   2.9968735e+01   2.9968620e+01   2.9968506e+01   2.9968390e+01   2.9968275e+01   2.9968158e+01   2.9968042e+01   2.9967924e+01   2.9967807e+01   2.9967687e+01   2.9967568e+01   2.9967447e+01   2.9967325e+01   2.9967201e+01   2.9967077e+01   2.9966951e+01   2.9966824e+01   2.9966694e+01   2.9966564e+01   2.9966430e+01   2.9966295e+01   2.9966157e+01   2.9966018e+01   2.9965874e+01   2.9965729e+01   2.9965578e+01   2.9965427e+01   2.9965269e+01   2.9965110e+01   2.9964945e+01   2.9964780e+01   2.9964606e+01   2.9964433e+01   2.9964250e+01   2.9964066e+01   2.9963869e+01   2.9963672e+01   2.9963461e+01   2.9963249e+01   2.9963021e+01   2.9962792e+01   2.9962536e+01   2.9962281e+01   2.9961992e+01   2.9961702e+01   2.9961380e+01   2.9961058e+01   2.9960699e+01   2.9960339e+01   2.9959931e+01   2.9959524e+01   2.9959055e+01   2.9958587e+01   2.9958050e+01   2.9957514e+01   2.9956877e+01   2.9956240e+01   2.9955478e+01   2.9954716e+01   2.9953843e+01   2.9952969e+01   2.9951904e+01   2.9950838e+01   2.9949592e+01   2.9948347e+01   2.9946895e+01   2.9945444e+01   2.9943858e+01   2.9942273e+01   2.9940756e+01   2.9939240e+01
   2.9991801e+01   2.9991114e+01   2.9990428e+01   2.9989741e+01   2.9989056e+01   2.9988371e+01   2.9987688e+01   2.9987020e+01   2.9986411e+01   2.9985965e+01   2.9985629e+01   2.9985263e+01   2.9984884e+01   2.9984501e+01   2.9984120e+01   2.9983749e+01   2.9983394e+01   2.9983067e+01   2.9982784e+01   2.9982564e+01   2.9982374e+01   2.9982172e+01   2.9981963e+01   2.9981753e+01   2.9981544e+01   2.9981339e+01   2.9981137e+01   2.9980940e+01   2.9980748e+01   2.9980560e+01   2.9980376e+01   2.9980196e+01   2.9980019e+01   2.9979846e+01   2.9979676e+01   2.9979511e+01   2.9979352e+01   2.9979201e+01   2.9979060e+01   2.9978934e+01   2.9978815e+01   2.9978694e+01   2.9978573e+01   2.9978452e+01   2.9978332e+01   2.9978213e+01   2.9978096e+01   2.9977980e+01   2.9977866e+01   2.9977753e+01   2.9977641e+01   2.9977531e+01   2.9977421e+01   2.9977312e+01   2.9977204e+01   2.9977096e+01   2.9976989e+01   2.9976882e+01   2.9976775e+01   2.9976668e+01   2.9976560e+01   2.9976456e+01   2.9976352e+01   2.9976247e+01   2.9976143e+01   2.9976038e+01   2.9975934e+01   2.9975829e+01   2.9975725e+01   2.9975620e+01   2.9975516e+01   2.9975411e+01   2.9975307e+01   2.9975202e+01   2.9975098e+01   2.9974994e+01   2.9974889e+01   2.9974785e+01   2.9974680e+01   2.9974576e+01   2.9974472e+01   2.9974367e+01   2.9974263e+01   2.9974159e+01   2.9974054e+01   2.9973950e+01   2.9973845e+01   2.9973741e+01   2.9973637e+01   2.9973532e+01   2.9973428e+01   2.9973323e+01   2.9973219e+01   2.9973115e+01   2.9973010e+01   2.9972906e+01   2.9972801e+01   2.9972696e+01   2.9972592e+01   2.9972487e+01   2.9972383e+01   2.9972278e+01   2.9972174e+01   2.9972069e+01   2.9971964e+01   2.9971860e+01   2.9971755e+01   2.9971650e+01   2.9971546e+01   2.9971441e+01   2.9971336e+01   2.9971231e+01   2.9971126e+01   2.9971021e+01   2.9970916e+01   2.9970810e+01   2.9970705e+01   2.9970600e+01   2.9970494e+01   2.9970388e+01   2.9970282e+01   2.9970176e+01   2.9970070e+01   2.9969964e+01   2.9969857e+01   2.9969750e+01   2.9969643e+01   2.9969535e+01   2.9969428e+01   2.9969319e+01   2.9969211e+01   2.9969097e+01   2.9968983e+01   2.9968868e+01   2.9968754e+01   2.9968640e+01   2.9968526e+01   2.9968411e+01   2.9968297e+01   2.9968182e+01   2.9968067e+01   2.9967952e+01   2.9967837e+01   2.9967721e+01   2.9967606e+01   2.9967489e+01   2.9967373e+01   2.9967256e+01   2.9967139e+01   2.9967021e+01   2.9966903e+01   2.9966783e+01   2.9966664e+01   2.9966543e+01   2.9966422e+01   2.9966299e+01   2.9966177e+01   2.9966052e+01   2.9965928e+01   2.9965801e+01   2.9965674e+01   2.9965544e+01   2.9965415e+01   2.9965282e+01   2.9965149e+01   2.9965012e+01   2.9964875e+01   2.9964711e+01   2.9964548e+01   2.9964380e+01   2.9964213e+01   2.9964040e+01   2.9963867e+01   2.9963687e+01   2.9963507e+01   2.9963297e+01   2.9963087e+01   2.9962868e+01   2.9962649e+01   2.9962417e+01   2.9962185e+01   2.9961863e+01   2.9961541e+01   2.9961203e+01   2.9960865e+01   2.9960508e+01   2.9960151e+01   2.9959770e+01   2.9959389e+01   2.9958916e+01   2.9958442e+01   2.9957935e+01   2.9957428e+01   2.9956779e+01   2.9956130e+01   2.9955341e+01   2.9954551e+01   2.9953705e+01   2.9952860e+01   2.9951769e+01   2.9950679e+01   2.9949421e+01   2.9948162e+01   2.9946678e+01   2.9945194e+01   2.9943565e+01   2.9941936e+01   2.9940342e+01   2.9938748e+01
   2.9991398e+01   2.9990703e+01   2.9990009e+01   2.9989315e+01   2.9988620e+01   2.9987932e+01   2.9987243e+01   2.9986555e+01   2.9985866e+01   2.9985177e+01   2.9984833e+01   2.9984489e+01   2.9984145e+01   2.9983800e+01   2.9983456e+01   2.9983112e+01   2.9982768e+01   2.9982423e+01   2.9982079e+01   2.9981735e+01   2.9981563e+01   2.9981390e+01   2.9981218e+01   2.9981046e+01   2.9980874e+01   2.9980702e+01   2.9980530e+01   2.9980358e+01   2.9980185e+01   2.9980013e+01   2.9979841e+01   2.9979669e+01   2.9979497e+01   2.9979325e+01   2.9979153e+01   2.9978981e+01   2.9978808e+01   2.9978636e+01   2.9978464e+01   2.9978292e+01   2.9978188e+01   2.9978083e+01   2.9977978e+01   2.9977874e+01   2.9977769e+01   2.9977665e+01   2.9977560e+01   2.9977456e+01   2.9977351e+01   2.9977246e+01   2.9977142e+01   2.9977038e+01   2.9976933e+01   2.9976829e+01   2.9976724e+01   2.9976619e+01   2.9976515e+01   2.9976411e+01   2.9976306e+01   2.9976202e+01   2.9976097e+01   2.9975993e+01   2.9975888e+01   2.9975783e+01   2.9975679e+01   2.9975575e+01   2.9975470e+01   2.9975365e+01   2.9975261e+01   2.9975156e+01   2.9975051e+01   2.9974947e+01   2.9974842e+01   2.9974738e+01   2.9974633e+01   2.9974529e+01   2.9974424e+01   2.9974320e+01   2.9974215e+01   2.9974111e+01   2.9974006e+01   2.9973902e+01   2.9973797e+01   2.9973692e+01   2.9973588e+01   2.9973484e+01   2.9973379e+01   2.9973275e+01   2.9973170e+01   2.9973066e+01   2.9972961e+01   2.9972857e+01   2.9972752e+01   2.9972648e+01   2.9972543e+01   2.9972438e+01   2.9972334e+01   2.9972229e+01   2.9972124e+01   2.9972020e+01   2.9971915e+01   2.9971811e+01   2.9971706e+01   2.9971601e+01   2.9971497e+01   2.9971393e+01   2.9971288e+01   2.9971184e+01   2.9971079e+01   2.9970975e+01   2.9970870e+01   2.9970765e+01   2.9970661e+01   2.9970557e+01   2.9970452e+01   2.9970347e+01   2.9970243e+01   2.9970138e+01   2.9970034e+01   2.9969929e+01   2.9969825e+01   2.9969720e+01   2.9969616e+01   2.9969511e+01   2.9969406e+01   2.9969302e+01   2.9969197e+01   2.9969093e+01   2.9968988e+01   2.9968884e+01   2.9968779e+01   2.9968664e+01   2.9968549e+01   2.9968434e+01   2.9968319e+01   2.9968204e+01   2.9968089e+01   2.9967974e+01   2.9967859e+01   2.9967744e+01   2.9967629e+01   2.9967514e+01   2.9967399e+01   2.9967284e+01   2.9967169e+01   2.9967054e+01   2.9966939e+01   2.9966824e+01   2.9966710e+01   2.9966595e+01   2.9966480e+01   2.9966365e+01   2.9966250e+01   2.9966135e+01   2.9966020e+01   2.9965905e+01   2.9965790e+01   2.9965675e+01   2.9965560e+01   2.9965445e+01   2.9965330e+01   2.9965215e+01   2.9965100e+01   2.9964985e+01   2.9964870e+01   2.9964755e+01   2.9964640e+01   2.9964478e+01   2.9964316e+01   2.9964154e+01   2.9963992e+01   2.9963830e+01   2.9963667e+01   2.9963505e+01   2.9963343e+01   2.9963134e+01   2.9962925e+01   2.9962716e+01   2.9962507e+01   2.9962298e+01   2.9962089e+01   2.9961735e+01   2.9961380e+01   2.9961026e+01   2.9960672e+01   2.9960318e+01   2.9959963e+01   2.9959609e+01   2.9959255e+01   2.9958776e+01   2.9958298e+01   2.9957819e+01   2.9957341e+01   2.9956681e+01   2.9956021e+01   2.9955204e+01   2.9954386e+01   2.9953568e+01   2.9952750e+01   2.9951635e+01   2.9950520e+01   2.9949249e+01   2.9947978e+01   2.9946461e+01   2.9944945e+01   2.9943272e+01   2.9941600e+01   2.9939928e+01   2.9938255e+01
